Pbar,mNL,n_points,E_roots,x_roots,tau_roots
224.0,0.059,3,23.8576149156; 32.3388566329; 39.1896827375,0.1171393503; 0.1242542596; 0.1280366366,0.0694403883; 0.0466917393; 0.0364301610
231.0,0.0585,3,20.2519748288; 38.6424960403; 40.6400765587,0.1125741862; 0.1277268567; 0.1286488132,0.0864065260; 0.0372227822; 0.0348888940
232.0,0.0585,3,20.6211507707; 33.9177747582; 45.7049178483,0.1130933418; 0.1251850233; 0.1306751459,0.0843837619; 0.0440486165; 0.0300248512
233.0,0.0585,3,21.0607711016; 31.5714112197; 48.3215674481,0.1136919278; 0.1236862575; 0.1315789795,0.0820812526; 0.0483425505; 0.0279729798
234.0,0.0585,3,21.6149406830; 29.6337630607; 50.4155590003,0.1144177107; 0.1222986465; 0.1322444604,0.0793321904; 0.0524960360; 0.0265086293
235.0,0.0585,3,22.4023711589; 27.7326853292; 52.2403219937,0.1153975604; 0.1207796834; 0.1327872251,0.0756950724; 0.0572389141; 0.0253434546
239.0,0.058,3,18.4898126670; 37.6589043886; 48.2354696521,0.1097735639; 0.1271913592; 0.1315085275,0.0977316929; 0.0386130557; 0.0281303096
240.0,0.058,3,18.6745691826; 35.4796128783; 50.9420833263,0.1100778737; 0.1260350681; 0.1323641723,0.0964673615; 0.0417019924; 0.0262493882
241.0,0.058,3,18.8732727945; 33.8614517377; 53.0742039434,0.1103997311; 0.1250953920; 0.1329856521,0.0951390812; 0.0442997947; 0.0249240200
242.0,0.058,3,19.0887692851; 32.5108782262; 54.9225248888,0.1107426012; 0.1242507536; 0.1334910792,0.0937342127; 0.0467018410; 0.0238714602
243.0,0.058,3,19.3249514005; 31.3169196067; 56.5941226171,0.1111111958; 0.1234529518; 0.1339239425,0.0922355965; 0.0490289270; 0.0229880667
244.0,0.058,3,19.5873778718; 30.2204409133; 58.1425698629,0.1115122014; 0.1226735411; 0.1343060011,0.0906189215; 0.0513570039; 0.0222221940
245.0,0.058,3,19.8844542017; 29.1817178864; 59.5991819178,0.1119556623; 0.1218897539; 0.1346499779,0.0888477294; 0.0537526072; 0.0215437592
246.0,0.0575,3,17.0464009892; 40.9079708834; 50.5580655055,0.1071162171; 0.1286706068; 0.1322067964,0.1091220910; 0.0348346385; 0.0265904556
246.0,0.058,3,20.2299552996; 28.1668122700; 60.9841186986,0.1124579240; 0.1210770493; 0.1349640686,0.0868627970; 0.0562942607; 0.0209334562
247.0,0.0575,3,17.1522479359; 38.6817904879; 53.3924939789,0.1073161377; 0.1276453736; 0.1330357733,0.1082433206; 0.0374326866; 0.0248186275
247.0,0.058,3,20.6493950095; 27.1363387953; 62.3112482344,0.1130490310; 0.1201997403; 0.1352539151,0.0845554728; 0.0591038543; 0.0203780414
248.0,0.0575,3,17.2619578782; 37.0998013086; 55.5794320336,0.1075212719; 0.1268536891; 0.1336259845,0.1073453256; 0.0395028280; 0.0235943571
248.0,0.058,3,21.2013063182; 26.0217468035; 63.5905848350,0.1137973256; 0.1191854065; 0.1355235957,0.0816791289; 0.0624375496; 0.0198679756
249.0,0.0575,3,17.3759087212; 35.8183347163; 57.4621670445,0.1077321261; 0.1261690813; 0.1341033956,0.1064261896; 0.0413378984; 0.0226267201
249.0,0.058,3,22.1138744432; 24.5873425830; 64.8296336663,0.1149664247; 0.1177673710; 0.1357761703,0.0772848970; 0.0672513425; 0.0193961262
250.0,0.0575,3,17.4945394021; 34.7185098110; 59.1591376585,0.1079492858; 0.1255474550; 0.1345115160,0.1054836976; 0.0430402372; 0.0218155868
251.0,0.0575,3,17.6183643302; 33.7421490565; 60.7280037194,0.1081734351; 0.1249669168; 0.1348715551,0.1045152671; 0.0446610728; 0.0211123061
252.0,0.0575,3,17.7479924879; 32.8554525749; 62.2019528718,0.1084053802; 0.1244144350; 0.1351957384,0.1035178564; 0.0462313978; 0.0204889227
253.0,0.057,3,15.9428597447; 44.1405008352; 52.5435998168,0.1048025685; 0.1299556225; 0.1327557643,0.1195504302; 0.0317102168; 0.0254102778
253.0,0.0575,3,17.8841531635; 32.0365345412; 63.6021384332,0.1086460833; 0.1238812425; 0.1354918705,0.1024878411; 0.0477726239; 0.0199276442
254.0,0.057,3,16.0117474845; 41.7183701124; 55.6128076268,0.1049479343; 0.1289729940; 0.1335966843,0.1188812123; 0.0340862001; 0.0236544039
254.0,0.0575,3,18.0277313492; 31.2700561812; 64.9430109979,0.1088967072; 0.1233608358; 0.1357652922,0.1014208458; 0.0493012610; 0.0194163314
255.0,0.057,3,16.0820381667; 40.0866914025; 57.8907050706,0.1050952405; 0.1282544957; 0.1341715296,0.1182049775; 0.0358778427; 0.0224902752
255.0,0.0575,3,18.1798176189; 30.5445418577; 66.2349524722,0.1091586789; 0.1228479434; 0.1360198476,0.1003115067; 0.0508313797; 0.0189462728
256.0,0.057,3,16.1538137549; 38.7945439123; 59.8281278315,0.1052446065; 0.1276492311; 0.1346310771,0.1175212566; 0.0374227363; 0.0215807647
256.0,0.0575,3,18.3417804147; 29.8508694790; 67.4857133799,0.1094337819; 0.1223379066; 0.1362584122,0.0991531290; 0.0523761675; 0.0185109712
257.0,0.057,3,16.2271637097; 37.7028227823; 61.5640881931,0.1053961620; 0.1271104817; 0.1350219157,0.1168295399; 0.0388252476; 0.0208220109
257.0,0.0575,3,18.5153743469; 29.1813176943; 68.7012573649,0.1097242932; 0.1218262314; 0.1364832027,0.0979371747; 0.0539491526; 0.0181054319
258.0,0.057,3,16.3021859669; 36.7466029746; 63.1634101716,0.1055500488; 0.1266163349; 0.1353658158,0.1161292720; 0.0401343306; 0.0201656109
258.0,0.0575,3,18.7029090753; 28.5288714944; 69.8862867102,0.1100331968; 0.1213081817; 0.1366959711,0.0966524672; 0.0555654425; 0.0177257193
259.0,0.057,3,16.3789880853; 35.8893407841; 64.6625268575,0.1057064220; 0.1261543735; 0.1356750398,0.1154198460; 0.0413777792; 0.0195843732
259.0,0.0575,3,18.9075259111; 27.8866032109; 71.0445847361,0.1103645331; 0.1207783048; 0.1368981297,0.0952838920; 0.0572433119; 0.0173686691
260.0,0.0565,3,15.0485099439; 47.7402322818; 53.9374157470,0.1027111184; 0.1312146645; 0.1331086174,0.1293867197; 0.0287913074; 0.0246658526
260.0,0.057,3,16.4576885983; 35.1080447710; 66.0843081296,0.1058654520; 0.1257167126; 0.1359573021,0.1147005960; 0.0425733182; 0.0190612348
260.0,0.0575,3,19.1336797499; 27.2469589302; 72.1792474521,0.1107240051; 0.1202297391; 0.1370908371,0.0938101402; 0.0590066530; 0.0170316934
261.0,0.0565,3,15.0967288384; 44.8211619117; 57.5259637637,0.1028229459; 0.1301702149; 0.1340448835,0.1288509449; 0.0312027535; 0.0227442254
261.0,0.057,3,16.5384186189; 34.3871231965; 67.4442116158,0.1060273267; 0.1252979378; 0.1362178288,0.1139707888; 0.0437332067; 0.0185846654
261.0,0.0575,3,19.3880492105; 26.6006866187; 73.2928452934,0.1111201200; 0.1196530128; 0.1372750576,0.0921994627; 0.0608893586; 0.0167126445
262.0,0.0565,3,15.1455223888; 43.0560399111; 59.9605154219,0.1029355374; 0.1294806221; 0.1346255242,0.1283126334; 0.0328480452; 0.0215916427
262.0,0.057,3,16.6213237546; 33.7154089749; 68.7532558238,0.1061922543; 0.1248941069; 0.1364603541,0.1132296136; 0.0448664692; 0.0181464474
262.0,0.0575,3,19.6814551909; 25.9348015880; 74.3875390989,0.1115665905; 0.1190336011; 0.1374516035,0.0904007498; 0.0629443388; 0.0164097178
263.0,0.0565,3,15.1949131919; 41.7007163481; 61.9851950964,0.1030489286; 0.1289175951; 0.1350787944,0.1277716370; 0.0342227099; 0.0207127213
263.0,0.057,3,16.7065664116; 33.0845603628; 70.0196171490,0.1063604660; 0.1245022105; 0.1366876561,0.1124761701; 0.0459800995; 0.0177404829
263.0,0.0575,3,20.0336111744; 25.2277510917; 75.4651652079,0.1120882591; 0.1183459690; 0.1376211671,0.0883215298; 0.0652655941; 0.0161213801
264.0,0.0565,3,15.2449251397; 40.5746128788; 63.7805543059,0.1031631575; 0.1284255563; 0.1354602339,0.1272277997; 0.0354471251; 0.0199872352
264.0,0.057,3,16.7943285853; 32.4881309438; 71.2495570976,0.1065322203; 0.1241198576; 0.1369018671,0.1117094537; 0.0470797682; 0.0173621023
264.0,0.0575,3,20.4884653016; 24.4340085576; 76.5272991558,0.1127401718; 0.1175344751; 0.1377843438,0.0857571978; 0.0680590408; 0.0158463164
265.0,0.0565,3,15.2955835250; 39.5995962614; 65.4246980936,0.1032782639; 0.1279803771; 0.1357939312,0.1266809579; 0.0365734760; 0.0193631593
265.0,0.057,3,16.8848152723; 31.9209945955; 72.4479939084,0.1067078077; 0.1237450781; 0.1371046668,0.1109283373; 0.0481702663; 0.0170076373
265.0,0.0575,3,21.2035455725; 23.3946798654; 77.5753041933,0.1137182072; 0.1164027242; 0.1379416500,0.0819808966; 0.0720526694; 0.0155833889
266.0,0.0565,3,15.3469151590; 38.7334411500; 66.9598221159,0.1033942899; 0.1275689675; 0.1360929342,0.1261309388; 0.0376300488; 0.0188123763
266.0,0.057,3,16.9782586770; 31.3789716434; 73.6188721909,0.1068875559; 0.1233761938; 0.1372974056,0.1101315499; 0.0492558036; 0.0166741455
267.0,0.0565,3,15.3989485004; 37.9502779674; 68.4117646393,0.1035112803; 0.1271832719; 0.1363652538,0.1255775602; 0.0386342473; 0.0183176606
267.0,0.057,3,17.0749234527; 30.8585750873; 74.7654114580,0.1070718374; 0.1230117267; 0.1374811889,0.1093176484; 0.0503402214; 0.0163592248
268.0,0.056,3,14.3330650685; 48.1989704414; 58.9957247874,0.1008688411; 0.1313260698; 0.1343636238,0.1383732149; 0.0285398155; 0.0221078098
268.0,0.0565,3,15.4517137999; 37.2329058281; 69.7976934731,0.1036292820; 0.1268179061; 0.1366162270,0.1250206297; 0.0395977114; 0.0178675613
268.0,0.057,3,17.1751133032; 30.3568313785; 75.8902787470,0.1072610786; 0.1226503324; 0.1376569347,0.1084849836; 0.0514271554; 0.0160608848
269.0,0.056,3,14.3687238322; 46.1587262777; 61.7201178850,0.1009583358; 0.1306183458; 0.1349854735,0.1379296945; 0.0301562231; 0.0208921839
269.0,0.0565,3,15.5052432605; 36.5692045163; 71.1296938306,0.1037483454; 0.1264690525; 0.1368496212,0.1244599433; 0.0405287066; 0.0174540129
269.0,0.057,3,17.2791794011; 29.8711487636; 76.9957118566,0.1074557709; 0.1222907469; 0.1378254156,0.1076316563; 0.0525201715; 0.0157774552
270.0,0.056,3,14.4046343314; 44.6766964327; 63.8865520503,0.1010481150; 0.1300699612; 0.1354476938,0.1374854795; 0.0314393217; 0.0200108804
270.0,0.0565,3,15.5595712170; 35.9502544141; 72.4166482208,0.1038685236; 0.1261338812; 0.1370682131,0.1238952849; 0.0414333773; 0.0170710836
270.0,0.057,3,17.3875312710; 29.3992163221; 78.0836094264,0.1076564855; 0.1219317415; 0.1379872889,0.1067554604; 0.0536228900; 0.0155075180
271.0,0.056,3,14.4408040215; 43.4754214350; 65.7724765331,0.1011381919; 0.1296022197; 0.1358289680,0.1370405116; 0.0325548574; 0.0192982082
271.0,0.0565,3,15.6147343363; 35.3692650237; 73.6653077262,0.1039898733; 0.1258102189; 0.1372741191,0.1233264248; 0.0423164608; 0.0167142623
271.0,0.057,3,17.5006510759; 28.9389224761; 79.1555981402,0.1078638931; 0.1215720807; 0.1381431193,0.1058538092; 0.0547391094; 0.0152498581
272.0,0.056,3,14.4772406402; 42.4505895501; 67.4821925895,0.1012285801; 0.1291854395; 0.1361589639,0.1365947306; 0.0335652375; 0.0186918165
272.0,0.0565,3,15.6707718432; 34.8209238703; 74.8809428732,0.1041124550; 0.1254963481; 0.1374689963,0.1227531184; 0.0431817225; 0.0163800244
272.0,0.057,3,17.6191126990; 28.4882848654; 80.2130837684,0.1080787895; 0.1212104793; 0.1382933964,0.1049236358; 0.0558729433; 0.0150034250
273.0,0.056,3,14.5139522230; 41.5494939475; 69.0683962982,0.1013192938; 0.1288045739; 0.1364527145,0.1361480746; 0.0345020540; 0.0181601717
273.0,0.0565,3,15.7277257738; 34.3009802643; 76.0677596163,0.1042363332; 0.1251908780; 0.1376541708,0.1221751052; 0.0440322342; 0.0160655555
273.0,0.057,3,17.7436077392; 28.0453849654; 81.2572905548,0.1083021307; 0.1208455535; 0.1384385477,0.1039612594; 0.0570289844; 0.0147673031
274.0,0.056,3,14.5509471203; 40.7411291435; 70.5620821009,0.1014103476; 0.1284507401; 0.1367190874,0.1357004800; 0.0353839338; 0.0176847076
274.0,0.0565,3,15.7856412627; 33.8059680010; 77.2291763512,0.1043615771; 0.1248926583; 0.1378307238,0.1215921064; 0.0448705604; 0.0157685663
274.0,0.057,3,17.8749817347; 27.6083010400; 82.2892920398,0.1085350819; 0.1204757621; 0.1385789494,0.1029621980; 0.0582125144; 0.0145406895
275.0,0.0555,3,13.6788476588; 52.2638328174; 59.6504252223,0.0990439824; 0.1325541390; 0.1344809244,0.1475721664; 0.0258406219; 0.0218758738
275.0,0.056,3,14.5882340150; 40.0054406830; 71.9832931023,0.1015017564; 0.1281181718; 0.1369638342,0.1352518811; 0.0362229581; 0.0172534048
275.0,0.0565,3,15.8445668675; 33.3330141759; 78.3680147744,0.1044882609; 0.1246007196; 0.1379995505,0.1210038237; 0.0456988871; 0.0154871657
275.0,0.057,3,18.0142859875; 27.1750318886; 83.3100354884,0.1087790870; 0.1200993281; 0.1387149344,0.1019209017; 0.0594297888; 0.0143228752
276.0,0.0555,3,13.7058723875; 49.5617306724; 63.0467722969,0.0991170792; 0.1317288547; 0.1352367089,0.1471980008; 0.0276397539; 0.0204108040
276.0,0.056,3,14.6258219425; 39.3285807515; 73.3458654379,0.1015935360; 0.1278028710; 0.1371909370,0.1348022099; 0.0370274977; 0.0168579575
276.0,0.0565,3,15.9045549387; 32.8797034866; 79.4866352111,0.1046164642; 0.1243142312; 0.1381614017,0.1204099368; 0.0465191148; 0.0152197703
276.0,0.057,3,18.1628540401; 26.7434007885; 84.3203614705,0.1090359718; 0.1197141296; 0.1388467988,0.1008303597; 0.0606884444; 0.0141132308
277.0,0.0555,3,13.7329990689; 47.8429835835; 65.4601539532,0.0991902302; 0.1311629112; 0.1357330929,0.1468240333; 0.0289085131; 0.0194762006
277.0,0.056,3,14.6637203110; 38.7005171471; 74.6598192818,0.1016857025; 0.1275019289; 0.1374032886,0.1343513964; 0.0378036414; 0.0164923437
277.0,0.0565,3,15.9656620419; 32.4439794730; 80.5870349525,0.1047462730; 0.1240324696; 0.1383169151,0.1198101012; 0.0473329254; 0.0149650392
277.0,0.057,3,18.3224187856; 26.3109225272; 85.3210197190,0.1093081008; 0.1193175367; 0.1389748078,0.0996815003; 0.0619981115; 0.0139111943
278.0,0.0555,3,13.7602303043; 46.5095685514; 67.4885879757,0.0992634408; 0.1306994471; 0.1361269318,0.1464502372; 0.0299687331; 0.0187502537
278.0,0.056,3,14.7019389241; 38.1137093759; 75.9326827275,0.1017782728; 0.1272131486; 0.1376030689,0.1338993682; 0.0385559878; 0.0161520338
278.0,0.0565,3,16.0279494414; 32.0240710433; 81.6709212463,0.1048777802; 0.1237547953; 0.1384666372,0.1192039451; 0.0481418345; 0.0147218255
278.0,0.057,3,18.4953000653; 25.8746028404; 86.3126820930,0.1095986287; 0.1189061567; 0.1390991997,0.0984622312; 0.0633713828; 0.0137162621
279.0,0.0555,3,13.7875687569; 45.3977969296; 69.2957577575,0.0993367166; 0.1302953774; 0.1364613053,0.1460765853; 0.0309086621; 0.0181447391
279.0,0.056,3,14.7404880047; 37.5623219707; 77.1702784459,0.1018712642; 0.1269348216; 0.1377919690,0.1334460503; 0.0392881162; 0.0158335206
279.0,0.0565,3,16.0914836570; 31.6184367272; 82.7397664856,0.1050110861; 0.1234806350; 0.1386110409,0.1185910669; 0.0489472311; 0.0144891388
279.0,0.057,3,18.6847225231; 25.4306098687; 87.2959532670,0.1099119246; 0.1184754049; 0.1392201896,0.0971558180; 0.0648254432; 0.0135279805
280.0,0.0555,3,13.8150171544; 44.4343180870; 70.9550086347,0.0994100633; 0.1299313321; 0.1367555776,0.1457030500; 0.0317679161; 0.0176200653
280.0,0.056,3,14.7793782210; 37.0417305338; 78.3772176155,0.1019646949; 0.1266655860; 0.1379713325,0.1329913650; 0.0400028819; 0.0155340230
280.0,0.0565,3,16.1563371079; 31.2257216134; 83.7948506280,0.1051462999; 0.1232094670; 0.1387505387,0.1179710307; 0.0497504093; 0.0142661175
280.0,0.057,3,18.8953943929; 24.9736864878; 88.2713796130,0.1102543449; 0.1180187302; 0.1393379727,0.0957379385; 0.0663850219; 0.0133459393
281.0,0.0555,3,13.8425782914; 43.5787674903; 72.5066998013,0.0994834866; 0.1295966167; 0.1370204374,0.1453296035; 0.0325683380; 0.0171544144
281.0,0.056,3,14.8186207149; 36.5481975188; 79.5572241126,0.1020585838; 0.1264043345; 0.1381422480,0.1325352319; 0.0407026111; 0.0152512927
281.0,0.0565,3,16.2225888603; 30.8447235229; 84.8372942741,0.1052835405; 0.1229408103; 0.1388854927,0.1173433626; 0.0505525950; 0.0140520065
281.0,0.057,3,19.1346679604; 24.4959824106; 89.2394566358,0.1106357770; 0.1175260674; 0.1394527263,0.0941707912; 0.0680882895; 0.0131697663
282.0,0.0555,3,13.8702550323; 42.8061387156; 73.9758322944,0.0995569924; 0.1292845833; 0.1372625268,0.1449562176; 0.0333234883; 0.0167342508
282.0,0.056,3,14.8582271317; 36.0786515155; 80.7133551958,0.1021529504; 0.1261501510; 0.1383056119,0.1320775672; 0.0413892325; 0.0149834815
282.0,0.0565,3,16.2903255004; 30.4743660030; 85.8680848004,0.1054229375; 0.1226742148; 0.1390162233,0.1167075456; 0.0513549681; 0.0138461401
282.0,0.057,3,19.4152066010; 23.9843808843; 90.2006352388,0.1110731825; 0.1169802929; 0.1395646126,0.0923895910; 0.0700003672; 0.0129991223
283.0,0.055,3,13.1288100901; 53.5903594104; 63.6418169267,0.0973826036; 0.1328933813; 0.1353271310,0.1562044501; 0.0251186266; 0.0202389236
283.0,0.0555,3,13.8980503140; 42.0996807900; 75.3791516498,0.0996305866; 0.1289907633; 0.1374863084,0.1445828636; 0.0340424722; 0.0163504952
283.0,0.056,3,14.8982096534; 35.6305323309; 81.8481563921,0.1022478152; 0.1259022662; 0.1384621729,0.1316182842; 0.0420643706; 0.0147290486
283.0,0.0565,3,16.3596421589; 30.1136764141; 86.8880972473,0.1055646334; 0.1224092536; 0.1391430151,0.1160630137; 0.0521586822; 0.0136479273
283.0,0.057,3,19.7625672694; 23.4129108871; 91.1553270361,0.1116006448; 0.1163471750; 0.1396737799,0.0902642813; 0.0722516180; 0.0128336978
284.0,0.055,3,13.1498920933; 51.3596861509; 66.5745004214,0.0974434698; 0.1322449885; 0.1359182219,0.1558838686; 0.0265074828; 0.0191332427
284.0,0.0555,3,13.9259671489; 41.4475298496; 76.7285162402,0.0997042753; 0.1287119803; 0.1376949525,0.1442095127; 0.0347317550; 0.0159967084
284.0,0.056,3,14.9385810337; 35.2016793850; 82.9637730649,0.1023431996; 0.1256600255; 0.1386125644,0.1311572924; 0.0427294131; 0.0144866938
284.0,0.0565,3,16.4306437206; 29.7617678474; 87.8981111918,0.1057087844; 0.1221455156; 0.1392661226,0.1154091453; 0.0529648830; 0.0134568416
284.0,0.057,3,20.2474084004; 22.7105346972; 92.1039088831,0.1123119412; 0.1155328000; 0.1397803645,0.0874374076; 0.0751997774; 0.0126732089
285.0,0.055,3,13.1710080978; 49.7899254862; 68.8467118699,0.0975042864; 0.1317592422; 0.1363467098,0.1555638773; 0.0275724354; 0.0183511398
285.0,0.0555,3,13.9540086280; 40.8409242027; 78.0326822092,0.0997780646; 0.1284458797; 0.1378908074,0.1438361353; 0.0353961252; 0.0156681285
285.0,0.056,3,14.9793546371; 34.7902494884; 84.0620325980,0.1024391257; 0.1254228657; 0.1387573273,0.1306944979; 0.0433855600; 0.0142553084
285.0,0.0565,3,16.5034462615; 29.4178239263; 88.8988245089,0.1058555633; 0.1218825996; 0.1393857744,0.1147452546; 0.0537747253; 0.0132724106
286.0,0.055,3,13.1921591353; 48.5337254608; 70.8057997442,0.0975650561; 0.1313513485; 0.1366973857,0.1552444609; 0.0284829038; 0.0177232080
286.0,0.0555,3,13.9821779245; 40.2731784777; 79.2983293198,0.0998519610; 0.1281906579; 0.1380756705,0.1434627016; 0.0360392479; 0.0153611173
286.0,0.056,3,15.0205444805; 34.3946550692; 85.1445061263,0.1025356168; 0.1251902966; 0.1388969284,0.1302298025; 0.0440338610; 0.0140339377
286.0,0.0565,3,16.5781787674; 29.0810857651; 89.8908646938,0.1060051615; 0.1216201079; 0.1395021767,0.1140705824; 0.0545893902; 0.0130942096
287.0,0.055,3,13.2133462512; 47.4700785463; 72.5727680968,0.0976257818; 0.1309916660; 0.1369998883,0.1549256041; 0.0292980294; 0.0171903187
287.0,0.0555,3,14.0104782966; 39.7390561868; 80.5306883865,0.0999259707; 0.1279448963; 0.1382509537,0.1430891812; 0.0366640041; 0.0150728215
287.0,0.056,3,15.0621652790; 34.0135169599; 86.2125557030,0.1026326974; 0.1249618879; 0.1390317737,0.1297631039; 0.0446752443; 0.0138217533
287.0,0.0565,3,16.6549852042; 28.7508405081; 90.8747982527,0.1061577923; 0.1213576404; 0.1396155163,0.1133842841; 0.0554101037; 0.0129218546
288.0,0.055,3,13.2345705044; 46.5398054237; 74.2067927780,0.0976864661; 0.1306656501; 0.1372687592,0.1546072913; 0.0300467938; 0.0167235028
288.0,0.0555,3,14.0389130919; 39.2343665603; 81.7339444374,0.1000001005; 0.1277074551; 0.1384177905,0.1427155432; 0.0372727082; 0.0148009548
288.0,0.056,3,15.1042324952; 33.6456277561; 87.2673708912,0.1027303928; 0.1247372583; 0.1391622191,0.1292942952; 0.0453105385; 0.0136180305
288.0,0.0565,3,16.7340270321; 28.4264109684; 91.8511385485,0.1063136940; 0.1210947888; 0.1397259632,0.1126854158; 0.0562381552; 0.0127549971
289.0,0.055,3,13.2558329684; 45.7087417324; 75.7420346858,0.0977471120; 0.1303648764; 0.1375124202,0.1542895074; 0.0307459632; 0.0163060070
289.0,0.0555,3,14.0674857505; 38.7556948739; 82.9115063832,0.1000743570; 0.1274774011; 0.1385771071,0.1423417563; 0.0378672543; 0.0145436518
289.0,0.056,3,15.1467623943; 33.2899229883; 88.3099975370,0.1028287297; 0.1245160673; 0.1392885783,0.1288232645; 0.0459404907; 0.0134221314
289.0,0.0565,3,16.8154862845; 28.1071459478; 92.8203524030,0.1064731350; 0.1208311298; 0.1398336722,0.1119729165; 0.0570749200; 0.0125933201
290.0,0.055,3,13.2771347314; 44.9550619193; 77.2003159164,0.0978077223; 0.1300839446; 0.1377362686,0.1539722368; 0.0314062716; 0.0159271098
290.0,0.0555,3,14.0961998096; 38.3002159518; 84.0661935090,0.1001487470; 0.1272539590; 0.1387296722,0.1419677885; 0.0384492166; 0.0142993676
290.0,0.056,3,15.1897721027; 32.9454581611; 89.3413606711,0.1029277363; 0.1242980081; 0.1394111298,0.1283498948; 0.0465657802; 0.0132334912
290.0,0.0565,3,16.8995693756; 27.7924108411; 93.7828656840,0.1066364187; 0.1205662181; 0.1399387854,0.1112455872; 0.0579218840; 0.0124365339
291.0,0.0545,3,12.6355762282; 55.5655569171; 66.9090794427,0.0957866040; 0.1333913977; 0.1359490812,0.1647280904; 0.0240772509; 0.0190763710
291.0,0.055,3,13.2984768969; 44.2638279942; 78.5965710080,0.0978682998; 0.1298191462; 0.1379440101,0.1536554643; 0.0320350824; 0.0155794608
291.0,0.0555,3,14.1250589074; 37.8655615078; 85.2003681296,0.1002232776; 0.1270364754; 0.1388761319,0.1415936073; 0.0390199215; 0.0140668057
291.0,0.056,3,15.2332796739; 32.6113902576; 90.3622829388,0.1030274420; 0.1240828029; 0.1395301224,0.1278740633; 0.0471870303; 0.0130516067
291.0,0.0565,3,16.9865118554; 27.4815781204; 94.7390680658,0.1068038905; 0.1202995778; 0.1400414329,0.1105020641; 0.0587806736; 0.0122843733
292.0,0.0545,3,12.6523280756; 53.4914717937; 69.6911869687,0.0958379729; 0.1328254740; 0.1364671639,0.1644502215; 0.0252623319; 0.0181342182
292.0,0.055,3,13.3198605841; 43.6242901633; 79.9415463062,0.0979288473; 0.1295678030; 0.1381383201,0.1533391743; 0.0326377071; 0.0152577612
292.0,0.0555,3,14.1540667877; 37.4497234796; 86.3160322499,0.1002979560; 0.1268243937; 0.1390170357,0.1412191795; 0.0395805002; 0.0138448654
292.0,0.056,3,15.2773041592; 32.2869626892; 91.3734995788,0.1031278777; 0.1238701975; 0.1396457788,0.1273956410; 0.0478048173; 0.0128760277
292.0,0.0565,3,17.0765844204; 27.1740172507; 95.6893171032,0.1069759466; 0.1200306929; 0.1401417347,0.1097407849; 0.0596530923; 0.0121365945
293.0,0.0545,3,12.6690813263; 51.9783159015; 71.9128225324,0.0958892446; 0.1323884940; 0.1368563938,0.1641731125; 0.0261968741; 0.0174420850
293.0,0.055,3,13.3412869286; 43.0284112364; 81.2432755571,0.0979893678; 0.1293279055; 0.1383212051,0.1530233514; 0.0332181271; 0.0149580427
293.0,0.0555,3,14.1832273046; 37.0509821055; 87.4148994836,0.1003727895; 0.1266172346; 0.1391528556,0.1408444713; 0.0401319274; 0.0136326034
293.0,0.056,3,15.3218656873; 31.9714929307; 92.3756707083,0.1032290762; 0.1236599586; 0.1397582999,0.1269144924; 0.0484196791; 0.0127063496
293.0,0.0565,3,17.1701006036; 26.8690834914; 96.6339417391,0.1071530446; 0.1197589949; 0.1402398017,0.1089599454; 0.0605411659; 0.0119929731
294.0,0.0545,3,12.6858364543; 50.7508105837; 73.8492620121,0.0959404208; 0.1320177874; 0.1371794393,0.1638967526; 0.0270029889; 0.0168778680
294.0,0.055,3,13.3627570827; 42.4699983578; 82.5079481739,0.0980498640; 0.1290978998; 0.1384942161,0.1527079801; 0.0337794180; 0.0146772426
294.0,0.0555,3,14.2125444274; 36.6678514220; 88.4984495501,0.1004477856; 0.1264145816; 0.1392840005,0.1404694482; 0.0406750510; 0.0134292036
294.0,0.056,3,15.3669855503; 31.6643622737; 93.3693914835,0.1033310718; 0.1234518699; 0.1398678675,0.1264304747; 0.0490321211; 0.0125422068
294.0,0.0565,3,17.2674267572; 26.5661048807; 97.5732453376,0.1073357179; 0.1194838480; 0.1403357362,0.1081574446; 0.0614472002; 0.0118533018
295.0,0.0545,3,12.7025939352; 49.7039176403; 75.6055408466,0.0959915032; 0.1316893581; 0.1374602947,0.1636211315; 0.0277273752; 0.0163948766
295.0,0.055,3,13.3842722163; 41.9441620313; 83.7404502128,0.0981103390; 0.1288765544; 0.1386585818,0.1523930449; 0.0343240152; 0.0144129387
295.0,0.0555,3,14.2420222460; 36.2990372941; 89.5679702390,0.1005229521; 0.1262160700; 0.1394108275,0.1400940750; 0.0412106151; 0.0132339549
295.0,0.056,3,15.4126862999; 31.3650072637; 94.3552005663,0.1034339009; 0.1232457300; 0.1399746465,0.1259434377; 0.0496426226; 0.0123832683
295.0,0.0565,3,17.3689952183; 26.2643664353; 98.5075083179,0.1075245947; 0.1192045288; 0.1404296334,0.1073308105; 0.0623738565; 0.0117173889
296.0,0.0545,3,12.7193542465; 48.7842026597; 77.2350907036,0.0960424935; 0.1313909582; 0.1377112065,0.1633462387; 0.0283938418; 0.0159693097
296.0,0.055,3,13.4058335171; 41.4469632694; 84.9447172221,0.0981707956; 0.1286628733; 0.1388152950,0.1520785302; 0.0348538862; 0.0141631765
296.0,0.0555,3,14.2716649762; 35.9434046276; 90.6245901917,0.1005982967; 0.1260213776; 0.1395336507,0.1397183158; 0.0417392775; 0.0130462327
296.0,0.056,3,15.4589918533; 31.0729124881; 95.3335872297,0.1035376021; 0.1230413500; 0.1400787875,0.1254532224; 0.0502516409; 0.0122292327
296.0,0.0565,3,17.4753219872; 25.9630901743; 99.4369904529,0.1077204227; 0.1189202012; 0.1405215817,0.1064771020; 0.0633242512; 0.0115850564
297.0,0.0545,3,12.7361178676; 47.9601054290; 78.7694690693,0.0960933934; 0.1311153290; 0.1379394314,0.1630720639; 0.0290164824; 0.0155870817
297.0,0.055,3,13.4274421915; 40.9751746417; 86.1239731932,0.0982312368; 0.1284560377; 0.1389651718,0.1517644204; 0.0353706483; 0.0139263520
297.0,0.0555,3,14.3014769660; 35.5999514255; 91.6693048394,0.1006738278; 0.1258302184; 0.1396527480,0.1393421337; 0.0422616240; 0.0128654858
297.0,0.056,3,15.5059276110; 30.7876044564; 96.3049973599,0.1036422160; 0.1228385515; 0.1401804279,0.1249596610; 0.0508596166; 0.0120798252
297.0,0.0565,3,17.5870309599; 25.6614088733; 100.3619328812,0.1079241040; 0.1186298809; 0.1406116634,0.1055927741; 0.0643020921; 0.0114561391
298.0,0.0545,3,12.7528852798; 47.2111577628; 80.2291414188,0.0961442045; 0.1308577473; 0.1381496911,0.1627985967; 0.0296044586; 0.0152390393
298.0,0.055,3,13.4490994649; 40.5261132964; 87.2808975381,0.0982916656; 0.1282553638; 0.1391088929,0.1514506998; 0.0358756503; 0.0137011298
298.0,0.0555,3,14.3314627013; 35.2677880199; 92.7029971639,0.1007495535; 0.1256423367; 0.1397683668,0.1389654911; 0.0427781799; 0.0126912240
298.0,0.056,3,15.5535205880; 30.5086463683; 97.2698385567,0.1037477858; 0.1226371652; 0.1402796941,0.1244625755; 0.0514669766; 0.0119347942
298.0,0.0565,3,17.7048879417; 25.3583302816; 101.2825598765,0.1081367428; 0.1183323865; 0.1406999555,0.1046734892; 0.0653118684; 0.0113304830
299.0,0.054,3,12.1898677518; 58.0319301783; 69.6171276822,0.0942485435; 0.1339814796; 0.1364208934,0.1731565379; 0.0228718982; 0.0182173927
299.0,0.0545,3,12.7696569666; 46.5231991801; 81.6282655393,0.0961949286; 0.1306149341; 0.1383452628,0.1625258269; 0.0301641230; 0.0149188373
299.0,0.055,3,13.4708065826; 40.0975211288; 88.4177449207,0.0983520850; 0.1280602740; 0.1392470329,0.1511373527; 0.0363700312; 0.0134863841
299.0,0.0555,3,14.3616268129; 34.9461202735; 93.7264544906,0.1008254824; 0.1254575025; 0.1398807286,0.1385883495; 0.0432894189; 0.0125230097
299.0,0.056,3,15.6017995591; 30.2356336088; 98.2284844928,0.1038543576; 0.1224370288; 0.1403767022,0.1239617775; 0.0520741382; 0.0117939086
299.0,0.0565,3,17.8298497301; 25.0526864791; 102.1990804080,0.1083597157; 0.1180262697; 0.1407865297,0.1037138452; 0.0663591234; 0.0112079445
300.0,0.054,3,12.2033884129; 55.9448815852; 72.4169791483,0.0942923907; 0.1334520771; 0.1369099377,0.1729133468; 0.0239518742; 0.0173479262
300.0,0.0545,3,12.7864334138; 45.8859566786; 82.9771117552,0.0962455673; 0.1303845025; 0.1385285318,0.1622537444; 0.0307000957; 0.0146218639
300.0,0.055,3,13.4925648104; 39.6874767912; 89.5364332447,0.0984124979; 0.1278702747; 0.1393800823,0.1508243633; 0.0368547641; 0.0132811555
300.0,0.0555,3,14.3919740833; 34.6342358605; 94.7403821989,0.1009016233; 0.1252755080; 0.1399900323,0.1382106696; 0.0437957708; 0.0123604503
300.0,0.056,3,15.6507952230; 29.9681898402; 99.1812786577,0.1039619800; 0.1222379864; 0.1404715592,0.1234570664; 0.0526815122; 0.0116569558
300.0,0.0565,3,17.9631372980; 24.7430593109; 103.1116895218,0.1085947744; 0.1177097114; 0.1408714535,0.1027069701; 0.0674508607; 0.0110883893
301.0,0.054,3,12.2168952664; 54.4178558368; 74.6572654293,0.0943361217; 0.1330429705; 0.1372787957,0.1726709707; 0.0248035120; 0.0167062018
301.0,0.0545,3,12.8032151093; 45.2917009272; 84.2834067357,0.0962961223; 0.1301646502; 0.1387012986,0.1619823390; 0.0312158612; 0.0143446422
301.0,0.055,3,13.5143754352; 39.2943297870; 90.6386095605,0.0984729075; 0.1276849401; 0.1395084639,0.1505117156; 0.0373306877; 0.0130846187
301.0,0.0555,3,14.4225094542; 34.3314929657; 95.7454150169,0.1009779852; 0.1250961642; 0.1400964579,0.1378324108; 0.0442976277; 0.0122031919
301.0,0.056,3,15.7005403849; 29.7059635856; 100.1285375912,0.1040707053; 0.1220398869; 0.1405643643,0.1229482288; 0.0532895058; 0.0115237396
301.0,0.0565,3,18.1063492862; 24.4276656694; 104.0205695669,0.1088442069; 0.1173803603; 0.1409547900,0.1016438960; 0.0685961719; 0.0109716919
302.0,0.054,3,12.2303885821; 53.1776638104; 76.6111732074,0.0943797376; 0.1326960647; 0.1375855613,0.1724294014; 0.0255373227; 0.0161817148
302.0,0.0545,3,12.8200025435; 44.7344460307; 85.5531337288,0.0963465952; 0.1299539765; 0.1388649622,0.1617116008; 0.0317141250; 0.0140844747
302.0,0.055,3,13.5362397656; 38.9166502337; 91.7257002994,0.0985333168; 0.1275038998; 0.1396325451,0.1501993938; 0.0377985320; 0.0128960577
302.0,0.0555,3,14.4532380342; 34.0373108998; 96.7421263969,0.1010545775; 0.1249192990; 0.1402001683,0.1374535317; 0.0447953491; 0.0120509142
302.0,0.056,3,15.7510701624; 29.4486252201; 101.0705536863,0.1041805891; 0.1218425826; 0.1406552094,0.1224350373; 0.0538985258; 0.0113940784
302.0,0.0565,3,18.2616466916; 24.1041717122; 104.9258912875,0.1091110976; 0.1170350727; 0.1410365986,0.1005125400; 0.0698072551; 0.0108577345
303.0,0.054,3,12.2438686292; 52.1193054047; 78.3837001618,0.0944232398; 0.1323889528; 0.1378526400,0.1721886307; 0.0261958841; 0.0157318933
303.0,0.0545,3,12.8367962093; 44.2094461926; 86.7910358997,0.0963969878; 0.1297513671; 0.1390206355,0.1614415197; 0.0321970379; 0.0138392184
303.0,0.055,3,13.5581591331; 38.5531899765; 92.7989501603,0.0985937290; 0.1273268290; 0.1397526475,0.1498873819; 0.0382589367; 0.0127148464
303.0,0.0555,3,14.4841651073; 33.7511622488; 97.7310363581,0.1011314097; 0.1247447544; 0.1403013117,0.1370739897; 0.0452892660; 0.0119033264
303.0,0.056,3,15.8024222178; 29.1958642957; 102.0075976314,0.1042916908; 0.1216459288; 0.1407441798,0.1219172486; 0.0545089814; 0.0112678040
303.0,0.0565,3,18.4320721748; 23.7693725804; 105.8278147984,0.1093997776; 0.1166694617; 0.1411169353,0.0992959470; 0.0711011737; 0.0107464065
304.0,0.054,3,12.2573356756; 51.1891871700; 80.0284373386,0.0944666294; 0.1321101594; 0.1380915061,0.1719486504; 0.0268009800; 0.0153349595
304.0,0.0545,3,12.8535966023; 43.7128648703; 88.0009471740,0.0964473016; 0.1295559175; 0.1391692210,0.1611720857; 0.0326663430; 0.0136071379
304.0,0.055,3,13.5801348921; 38.2028520678; 93.8594526288,0.0986541471; 0.1271534408; 0.1398690548,0.1495756635; 0.0387124667; 0.0125404340
304.0,0.0555,3,14.5152961419; 33.4725662623; 98.7126180888,0.1012084916; 0.1245723850; 0.1404000237,0.1366937412; 0.0457796852; 0.0117601632
304.0,0.056,3,15.8546370207; 28.9473871434; 102.9399205458,0.1044040744; 0.1214497821; 0.1408313549,0.1213946024; 0.0551212871; 0.0111447599
304.0,0.0565,3,18.6221472648; 23.4185943193; 106.7264904586,0.1097166647; 0.1162770565; 0.1411958527,0.0979690082; 0.0725031383; 0.0106376038
305.0,0.054,3,12.2707899885; 50.3555917961; 81.5770996626,0.0945099078; 0.1318528703; 0.1383089726,0.1717094523; 0.0273655330; 0.0149779970
305.0,0.0545,3,12.8704042208; 43.2415492848; 89.1860177283,0.0964975383; 0.1293668822; 0.1393114629,0.1609032891; 0.0331234771; 0.0133868043
305.0,0.055,3,13.6021684214; 37.8646665167; 94.9081742268,0.0987145743; 0.1269834806; 0.1399820185,0.1492642227; 0.0391596239; 0.0123723326
305.0,0.0555,3,14.5466367999; 33.2010832492; 99.6873035419,0.1012858336; 0.1244020566; 0.1404964284,0.1363127412; 0.0462668918; 0.0116211825
305.0,0.056,3,15.9077581467; 28.7029146999; 103.8677558542,0.1045178082; 0.1212539998; 0.1409168090,0.1208668195; 0.0557358656; 0.0110248007
305.0,0.0565,3,18.8391152633; 23.0444501903; 107.6220596549,0.1100720102; 0.1158475563; 0.1412734005,0.0964916449; 0.0740533233; 0.0105312286
306.0,0.054,3,12.2842318342; 49.5979214135; 83.0502826359,0.0945530760; 0.1316126452; 0.1385094784,0.1714710286; 0.0278979552; 0.0146525993
306.0,0.0545,3,12.8872195657; 42.7928719940; 90.3488724166,0.0965476996; 0.1291836370; 0.1394479833,0.1606351199; 0.0335696408; 0.0131770247
306.0,0.055,3,13.6242611246; 37.5377708047; 95.9459739958,0.0987750139; 0.1268167206; 0.1400917631,0.1489530429; 0.0396008569; 0.0122101079
306.0,0.0555,3,14.5781929472; 32.9363097985; 100.6554882023,0.1013634459; 0.1242336446; 0.1405906398,0.1359309434; 0.0467511521; 0.0114861617
306.0,0.056,3,15.9618326170; 28.4621805154; 104.7913209385,0.1046329662; 0.1210584388; 0.1410006113,0.1203335992; 0.0563531508; 0.0109077907
306.0,0.0565,3,19.0959625106; 22.6338186988; 108.5146555085,0.1104841367; 0.1153625914; 0.1413496257,0.0947922698; 0.0758234060; 0.0104271886
307.0,0.0535,3,11.7843846204; 61.0388723215; 71.7220357639,0.0927621764; 0.1346532015; 0.1367592151,0.1815015054; 0.0215374511; 0.0176136278
307.0,0.054,3,12.2976614783; 48.9019117435; 84.4622481876,0.0945961354; 0.1313863987; 0.1386961079,0.1712333712; 0.0284040866; 0.0143529326
307.0,0.0545,3,12.9040431413; 42.3646166684; 91.4917249936,0.0965977871; 0.1290056540; 0.1395793089,0.1603675683; 0.0340058499; 0.0129767909
307.0,0.055,3,13.6464144312; 37.2213940705; 96.9736193110,0.0988354690; 0.1266529566; 0.1401984897,0.1486421078; 0.0400365686; 0.0120533712
307.0,0.0555,3,14.6099706641; 32.6778746834; 101.6175351733,0.1014413395; 0.1240670331; 0.1406827631,0.1355483004; 0.0472327160; 0.0113548966
307.0,0.056,3,16.0169112876; 28.2249289046; 105.7108185982,0.1047496280; 0.1208629545; 0.1410828268,0.1197946179; 0.0569735913; 0.0107936029
307.0,0.0565,3,19.4208777153; 22.1583836275; 109.4044035109,0.1109926855; 0.1147824761; 0.1414245728,0.0927161136; 0.0779682409; 0.0103253967
308.0,0.0535,3,11.7954447256; 58.7604434185; 74.7171517097,0.0927999662; 0.1341210469; 0.1372570278,0.1812869077; 0.0225913321; 0.0167437369
308.0,0.054,3,12.3110791852; 48.2572066074; 85.8233501643,0.0946390871; 0.1311718830; 0.1388711076,0.1709964724; 0.0288881776; 0.0140747522
308.0,0.0545,3,12.9208754545; 41.9548938825; 92.6164623244,0.0966478025; 0.1288324810; 0.1397058900,0.1601006247; 0.0344329731; 0.0127852420
308.0,0.055,3,13.6686297970; 36.9148441560; 97.9917988344,0.0988959429; 0.1264920039; 0.1403023796,0.1483314008; 0.0404671231; 0.0119017730
308.0,0.0555,3,14.6419762571; 32.4254353305; 102.5737786952,0.1015195256; 0.1239021138; 0.1407728952,0.1351647631; 0.0477118189; 0.0112271987
308.0,0.056,3,16.0730492960; 27.9909132046; 106.6264383447,0.1048678798; 0.1206673999; 0.1411635162,0.1192495253; 0.0575976537; 0.0106821188
308.0,0.0565,3,19.9080029984; 21.5238824164; 110.2914221004,0.1117295498; 0.1139752750; 0.1414982840,0.0897486434; 0.0810024409; 0.0102257704
309.0,0.0535,3,11.8064845648; 57.1438640795; 77.0508683535,0.0928376354; 0.1337217217; 0.1376221249,0.1810731217; 0.0233986888; 0.0161197587
309.0,0.054,3,12.3244852189; 47.6560093489; 87.1413829075,0.0946819323; 0.1309673999; 0.1390361744,0.1707603243; 0.0293534362; 0.0138148558
309.0,0.0545,3,12.9377170158; 41.5620778164; 93.7247076811,0.0966977473; 0.1286637274; 0.1398281155,0.1598342793; 0.0348517602; 0.0126016358
309.0,0.055,3,13.6909087058; 36.6174969050; 99.0011332148,0.0989564391; 0.1263336955; 0.1404035965,0.1480209053; 0.0408928506; 0.0117549978
309.0,0.0555,3,14.6742162708; 32.1786747624; 103.5245271898,0.1015980157; 0.1237387852; 0.1408611262,0.1347802810; 0.0481886835; 0.0111028938
309.0,0.056,3,16.1303065770; 27.7598941072; 107.5383575540,0.1049878151; 0.1204716243; 0.1412427369,0.1186979424; 0.0582258264; 0.0105732271
310.0,0.0535,3,11.8175043301; 55.8463765329; 79.0659412262,0.0928751849; 0.1333870603; 0.1379226712,0.1808601400; 0.0240862255; 0.0156149941
310.0,0.054,3,12.3378798426; 47.0922789052; 88.4223851823,0.0947246722; 0.1307716290; 0.1391926277,0.1705249192; 0.0298023544; 0.0135707573
310.0,0.0545,3,12.9545683388; 41.1847578589; 94.8178691404,0.0967476233; 0.1284990533; 0.1399463239,0.1595685225; 0.0352628640; 0.0124253273
310.0,0.055,3,13.7132526694; 36.3287872544; 100.0021839954,0.0990169607; 0.1261778792; 0.1405022894,0.1477106042; 0.0413140517; 0.0116127597
310.0,0.0555,3,14.7066975013; 31.9372989383; 104.4700659077,0.1016768217; 0.1235769519; 0.1409475395,0.1343948020; 0.0486635211; 0.0109818204
310.0,0.056,3,16.1887484597; 27.5316380335; 108.4467424944,0.1051095355; 0.1202754721; 0.1413205425,0.1181394567; 0.0588586240; 0.0104668234
311.0,0.0535,3,11.8285042122; 54.7461653578; 80.8841835262,0.0929126158; 0.1330927508; 0.1381829773,0.1806479558; 0.0246990893; 0.0151843011
311.0,0.054,3,12.3512633186; 46.5612237158; 89.6711462684,0.0947673079; 0.1305835194; 0.1393415171,0.1702902495; 0.0302369142; 0.0133404804
311.0,0.0545,3,12.9714299403; 40.8217010392; 95.8971771510,0.0967974320; 0.1283381602; 0.1400608119,0.1593033447; 0.0356668569; 0.0122557517
311.0,0.055,3,13.7356632294; 36.0482017659; 100.9954610816,0.0990775113; 0.1260244158; 0.1405985938,0.1474004809; 0.0417310017; 0.0114747985
311.0,0.0555,3,14.7394270100; 31.7010344291; 105.4106592374,0.1017559562; 0.1234165238; 0.1410322127,0.1340082722; 0.0491365335; 0.0108638289
311.0,0.056,3,16.2484463632; 27.3059155184; 109.3517492457,0.1052331520; 0.1200787818; 0.1413969839,0.1175736192; 0.0594965919; 0.0103628094
312.0,0.0535,3,11.8394844004; 53.7831505744; 82.5656730280,0.0929499291; 0.1328267619; 0.1384150736,0.1804365622; 0.0252596027; 0.0148053622
312.0,0.054,3,12.3646359087; 46.0589688363; 90.8915388461,0.0948098407; 0.1304022181; 0.1394836945,0.1700563076; 0.0306587226; 0.0131224237
312.0,0.0545,3,12.9883023411; 40.4718224701; 96.9637140905,0.0968471752; 0.1281807843; 0.1401718416,0.1590387362; 0.0360642443; 0.0120924112
312.0,0.055,3,13.7581419578; 35.7752723214; 101.9814290434,0.0991380942; 0.1258731780; 0.1406926337,0.1470905180; 0.0421439531; 0.0113408768
312.0,0.0555,3,14.7724121389; 31.4696263791; 106.3465527300,0.1018354319; 0.1232574156; 0.1411152183,0.1336206361; 0.0496079136; 0.0107487798
312.0,0.056,3,16.3094786118; 27.0824995709; 110.2535245247,0.1053587860; 0.1198813841; 0.1414721088,0.1169999384; 0.0601403119; 0.0102610929
313.0,0.0535,3,11.8504450825; 52.9224770248; 84.1452627017,0.0929871258; 0.1325820901; 0.1386259626,0.1802259522; 0.0257807480; 0.0144652001
313.0,0.054,3,12.3779978741; 45.5823289230; 92.0867460114,0.0948522716; 0.1302270214; 0.1396198625,0.1698230860; 0.0310691042; 0.0129152681
313.0,0.0545,3,13.0051860654; 40.1341618094; 98.0184378035,0.0968968543; 0.1280266913; 0.1402796458,0.1587746876; 0.0364554751; 0.0119348645
313.0,0.055,3,13.7806904579; 35.5095707706; 102.9605124673,0.0991987129; 0.1257240485; 0.1407845230,0.1467806983; 0.0425531386; 0.0112107772
313.0,0.0555,3,14.8056605265; 31.2428367085; 107.2779748791,0.1019152620; 0.1230995466; 0.1411966239,0.1332318360; 0.0500778468; 0.0106365433
313.0,0.056,3,16.3719313933; 26.8611639731; 111.1522064264,0.1054865710; 0.1196831003; 0.1415459624,0.1164178752; 0.0607904081; 0.0101615866
314.0,0.0535,3,11.8613864451; 52.1418045484; 85.6452905371,0.0930242070; 0.1323542314; 0.1388201474,0.1800161190; 0.0262708672; 0.0141554778
314.0,0.054,3,12.3913494751; 45.1286486547; 93.2594208541,0.0948946019; 0.1300573404; 0.1397506086,0.1695905774; 0.0314691664; 0.0127179120
314.0,0.0545,3,13.0220816413; 39.8078643097; 99.0622005517,0.0969464711; 0.1278756717; 0.1403844323,0.1585111893; 0.0368409507; 0.0117827180
314.0,0.055,3,13.8033103659; 35.2507043600; 103.9331005259,0.0992593710; 0.1255769191; 0.1408743663,0.1464710044; 0.0429587735; 0.0110843001
314.0,0.0555,3,14.8391801251; 31.0204425258; 108.2051386920,0.1019954605; 0.1229428395; 0.1412764927,0.1328418126; 0.0505465120; 0.0105269980
314.0,0.056,3,16.4358998959; 26.6416814751; 112.0479250929,0.1056166538; 0.1194837407; 0.1416185875,0.1158268359; 0.0614475547; 0.0100642083
315.0,0.053,3,11.4133029365; 64.8865817218; 72.9276150833,0.0913222298; 0.1354442188; 0.1369316449,0.1897731300; 0.0200174353; 0.0173098259
315.0,0.0535,3,11.8723086732; 51.4258063955; 87.0810811302,0.0930611735; 0.1321400852; 0.1390007273,0.1798070559; 0.0267356976; 0.0138704629
315.0,0.054,3,12.4046909718; 44.6956876288; 94.4118015615,0.0949368326; 0.1298926767; 0.1398764304,0.1693587742; 0.0318598462; 0.0125294237
315.0,0.0545,3,13.0389896006; 39.4921654087; 100.0957644229,0.0969960272; 0.1277275375; 0.1404863875,0.1582482318; 0.0372210310; 0.0116356192
315.0,0.055,3,13.8260033518; 34.9983118084; 104.8995509010,0.0993200720; 0.1254316897; 0.1409622601,0.1461614186; 0.0433610571; 0.0109612616
315.0,0.0555,3,14.8729792195; 30.8022347169; 109.1282430807,0.1020760416; 0.1227872207; 0.1413548840,0.1324505041; 0.0510140825; 0.0104200306
315.0,0.056,3,16.5014896625; 26.4238218362; 112.9408033177,0.1057491973; 0.1192831022; 0.1416900246,0.1152261639; 0.0621124840; 0.0099688803
316.0,0.053,3,11.4224562835; 62.0473241153; 76.4867707964,0.0913550712; 0.1348417976; 0.1375046299,0.1895824225; 0.0211699960; 0.0163192735
316.0,0.0535,3,11.8832119507; 50.7634327726; 88.4636821374,0.0930980264; 0.1319374088; 0.1391699444,0.1795987564; 0.0271793865; 0.0136060129
316.0,0.054,3,12.4180226236; 44.2815354713; 95.5457963078,0.0949789648; 0.1297326035; 0.1399977534,0.1691276693; 0.0322419449; 0.0123490075
316.0,0.0545,3,13.0559104794; 39.1863780857; 101.1198139745,0.0970455242; 0.1275821188; 0.1405856797,0.1579858058; 0.0375960410; 0.0114932508
316.0,0.055,3,13.8487711202; 34.7520599204; 105.8601931684,0.0993808196; 0.1252882674; 0.1410482937,0.1458519232; 0.0437601751; 0.0108414923
316.0,0.0555,3,14.9070664470; 30.5880166896; 110.0474740984,0.1021570203; 0.1226326198; 0.1414318536,0.1320578466; 0.0514807266; 0.0103155346
316.0,0.056,3,16.5688182171; 26.2073496511; 113.8309570923,0.1058843821; 0.1190809656; 0.1417603121,0.1146151300; 0.0627859968; 0.0098755292
317.0,0.053,3,11.4315873460; 60.2261526250; 79.0282796985,0.0913877949; 0.1344301506; 0.1378869514,0.1893924933; 0.0219761175; 0.0156745647
317.0,0.0535,3,11.8940964600; 50.1464100814; 89.8013650364,0.0931347667; 0.1317445167; 0.1393294830,0.1793912138; 0.0276050470; 0.0133590195
317.0,0.054,3,12.4313446892; 43.8845480059; 96.6630470858,0.0950209998; 0.1295767521; 0.1401149451,0.1688972553; 0.0326161543; 0.0121759772
317.0,0.0545,3,13.0728448180; 38.8898824014; 102.1349666935,0.0970949637; 0.1274392619; 0.1406824609,0.1577239018; 0.0379662751; 0.0113553260
317.0,0.055,3,13.8716154124; 34.5116406525; 106.8153317313,0.0994416175; 0.1251465657; 0.1411325498,0.1455425002; 0.0441563006; 0.0107248350
317.0,0.0555,3,14.9414508190; 30.3776032504; 110.9630060400,0.1022384120; 0.1224789687; 0.1415074537,0.1316637737; 0.0519466085; 0.0102134105
317.0,0.056,3,16.6380170335; 25.9920218849; 114.7184961028,0.1060224102; 0.1188770924; 0.1418294864,0.1139929205; 0.0634689744; 0.0097840853
318.0,0.053,3,11.4406962829; 58.8103206010; 81.1648863443,0.0914204019; 0.1340952257; 0.1381926607,0.1892033362; 0.0226431087; 0.0151683954
318.0,0.0535,3,11.9049623823; 49.5683556171; 91.1005104280,0.0931713953; 0.1315601045; 0.1394806466,0.1791844215; 0.0280150872; 0.0131270793
318.0,0.054,3,12.4446574271; 43.5032984335; 97.7649785258,0.0950629386; 0.1294248015; 0.1402283256,0.1686675252; 0.0329830763; 0.0120097359
318.0,0.0545,3,13.0897931609; 38.6021167768; 103.1417817170,0.0971443475; 0.1272988267; 0.1407768696,0.1574625104; 0.0383320010; 0.0112215845
318.0,0.055,3,13.8945380069; 34.2767685571; 107.7652483737,0.0995024694; 0.1250065040; 0.1412151055,0.1452331313; 0.0445495957; 0.0106111442
318.0,0.0555,3,14.9761417442; 30.1708195975; 111.8750024261,0.1023202328; 0.1223262022; 0.1415817338,0.1312682165; 0.0524118890; 0.0101135645
318.0,0.056,3,16.7092339363; 25.7775850211; 115.6035241812,0.1061635082; 0.1186712215; 0.1418975822,0.1133586231; 0.0641623936; 0.0096944825
319.0,0.053,3,11.4497832518; 57.6289434176; 83.0674732810,0.0914528931; 0.1338050981; 0.1384536817,0.1890149449; 0.0232289475; 0.0147427921
319.0,0.0535,3,11.9158098975; 49.0242248695; 92.3661607344,0.0932079132; 0.1313831375; 0.1396244691,0.1789783732; 0.0284114155; 0.0129082888
319.0,0.054,3,12.4579610953; 43.1365394272; 98.8528358019,0.0951047822; 0.1292764700; 0.1403381754,0.1684384717; 0.0333432389; 0.0118497612
319.0,0.0545,3,13.1067560571; 38.3225706728; 104.1407671523,0.0971936770; 0.1271606855; 0.1408690318,0.1572016223; 0.0386934632; 0.0110917896
319.0,0.055,3,13.9175407212; 34.0471785494; 108.7102044929,0.0995633791; 0.1248680068; 0.1412960322,0.1449237981; 0.0449402121; 0.0105002846
319.0,0.0555,3,15.0111490538; 29.9675004141; 112.7836168845,0.1024024996; 0.1221742568; 0.1416547402,0.1308711033; 0.0528767262; 0.0100159083
319.0,0.056,3,16.7826360580; 25.5637716926; 116.4861397161,0.1063079316; 0.1184630642; 0.1419646324,0.1127112086; 0.0648673440; 0.0096066583
320.0,0.053,3,11.4588484089; 56.6049713684; 84.8130881525,0.0914852694; 0.1335453241; 0.1386844571,0.1888273133; 0.0237598436; 0.0143715494
320.0,0.0535,3,11.9266391842; 48.5099504325; 93.6023812897,0.0932443212; 0.1312127783; 0.1397617867,0.1787730625; 0.0287955749; 0.0127011096
320.0,0.054,3,12.4712559511; 42.7831733005; 99.9277144623,0.0951465319; 0.1291315084; 0.1404447424,0.1682100879; 0.0336971084; 0.0116955923
320.0,0.0545,3,13.1237340603; 38.0507784038; 105.1323862636,0.0972429539; 0.1270247212; 0.1409590631,0.1569412282; 0.0390508858; 0.0109657248
320.0,0.055,3,13.9406254129; 33.8226239470; 109.6504430577,0.0996243504; 0.1247310034; 0.1413753968,0.1446144819; 0.0453282927; 0.0103921304
320.0,0.0555,3,15.0464830288; 29.7674890492; 113.6889939416,0.1024852299; 0.1220230712; 0.1417265169,0.1304723596; 0.0533412758; 0.0099203590
320.0,0.056,3,16.8584135153; 25.3502966304; 117.3664360282,0.1064559710; 0.1182522989; 0.1420306684,0.1120495093; 0.0655850511; 0.0095205531
321.0,0.053,3,11.4678919090; 55.6958589782; 86.4442743875,0.0915175316; 0.1333079016; 0.1388929881,0.1886404354; 0.0242503069; 0.0140401621
321.0,0.0535,3,11.9374504198; 48.0221971327; 94.8125052112,0.0932806203; 0.1310483380; 0.1398932875,0.1785684831; 0.0291688338; 0.0125042777
321.0,0.054,3,12.4845422517; 42.4422282469; 100.9905841902,0.0951881887; 0.1289896958; 0.1405482468,0.1679823667; 0.0340450986; 0.0115468204
321.0,0.0545,3,13.1407277289; 37.7863138789; 106.1170627295,0.0972921800; 0.1268908262; 0.1410470695,0.1566813186; 0.0394044745; 0.0108431919
321.0,0.055,3,13.9637939815; 33.6028747441; 110.5861903334,0.0996853874; 0.1245954276; 0.1414532618,0.1443051640; 0.0457139723; 0.0102865639
321.0,0.0555,3,15.0821544291; 29.5706367755; 114.5912697355,0.1025684419; 0.1218725856; 0.1417971054,0.1300719077; 0.0538056924; 0.0098268379
321.0,0.056,3,16.9367840332; 25.1368516969; 118.2445017128,0.1066079581; 0.1180385638; 0.1420957201,0.1113721915; 0.0663169037; 0.0094361104
322.0,0.053,3,11.4769139055; 54.8751887478; 87.9874474548,0.0915496807; 0.1330878452; 0.1390842595,0.1884543050; 0.0247093700; 0.0137396018
322.0,0.0535,3,11.9482437804; 47.5581907131; 95.9993047153,0.0933168115; 0.1308892416; 0.1400195456,0.1783646286; 0.0295322508; 0.0123167395
322.0,0.054,3,12.4978202539; 42.1128392054; 102.0423079382,0.0952297537; 0.1288508342; 0.1406488852,0.1677553012; 0.0343875793; 0.0114030810
322.0,0.0545,3,13.1577376263; 37.5287861062; 107.0951851392,0.0973413567; 0.1267589012; 0.1411331484,0.1564218844; 0.0397544193; 0.0107240085
322.0,0.055,3,13.9870483697; 33.3877160852; 111.5176574053,0.0997464939; 0.1244612168; 0.1415296856,0.1439958251; 0.0460973779; 0.0101834753
322.0,0.0555,3,15.1181745260; 29.3768021137; 115.4905726590,0.1026521547; 0.1217227415; 0.1418665450,0.1296696667; 0.0542701291; 0.0097352712
322.0,0.056,3,17.0179988286; 24.9230996872; 119.1204209542,0.1067642750; 0.1178214481; 0.1421598160,0.1106777196; 0.0670644891; 0.0093532763
323.0,0.053,3,11.4859145506; 54.1252350167; 89.4603309998,0.0915817174; 0.1328817983; 0.1392616268,0.1882689163; 0.0251431095; 0.0134637961
323.0,0.0535,3,11.9590194410; 47.1155947616; 97.1651141893,0.0933528957; 0.1307350029; 0.1401410464,0.1781614930; 0.0298867194; 0.0121376056
323.0,0.054,3,12.5110902142; 41.7942322989; 103.0836574893,0.0952712279; 0.1287147463; 0.1407468341,0.1675288845; 0.0347248823; 0.0112640475
323.0,0.0545,3,13.1747643208; 37.2778353300; 108.0671108546,0.0973904858; 0.1266288547; 0.1412173899,0.1561629162; 0.0401008955; 0.0106080068
323.0,0.055,3,14.0103905651; 33.1769469122; 112.4450415306,0.0998076741; 0.1243283121; 0.1416047231,0.1436864458; 0.0464786302; 0.0100827619
323.0,0.0555,3,15.1545551363; 29.1858502161; 116.3870239415,0.1027363883; 0.1215734818; 0.1419348730,0.1292655520; 0.0547347388; 0.0096455887
323.0,0.056,3,17.1023502022; 24.7086664499; 119.9942738137,0.1069253658; 0.1176004808; 0.1422229833,0.1099643116; 0.0678296390; 0.0092719995
324.0,0.0525,3,11.0795688663; 66.0890940787; 77.4453239558,0.0899529683; 0.1356513118; 0.1376204842,0.1978096688; 0.0196286729; 0.0161225362
324.0,0.053,3,11.4948939951; 53.4334273472; 90.8754934613,0.0916136427; 0.1326873728; 0.1394274774,0.1880842635; 0.0255558461; 0.0132084288
324.0,0.0535,3,11.9697775754; 46.6924202621; 98.3119206394,0.0933888737; 0.1305852064; 0.1402582042,0.1779590702; 0.0302330030; 0.0119661174
324.0,0.054,3,12.5243523887; 41.4857120637; 104.1153262275,0.0953126124; 0.1285812718; 0.1408422525,0.1673031099; 0.0350573070; 0.0111294259
324.0,0.0545,3,13.1918083861; 37.0331296945; 109.0331693465,0.0974395689; 0.1265006015; 0.1412998774,0.1559044049; 0.0404440660; 0.0104950316
324.0,0.055,3,14.0338226019; 32.9703787615; 113.3685273395,0.0998689321; 0.1241966578; 0.1416784259,0.1433770066; 0.0468578434; 0.0099843272
324.0,0.0555,3,15.1913086606; 28.9976523009; 117.2807381767,0.1028211637; 0.1214247502; 0.1420021247,0.1288594753; 0.0551996745; 0.0095577240
324.0,0.056,3,17.1901814824; 24.4931306777; 120.8661364940,0.1070917508; 0.1173751154; 0.1422852481,0.1092298792; 0.0686144889; 0.0091922311
325.0,0.0525,3,11.0871998897; 63.8027314629; 80.4547025920,0.0899816059; 0.1351839074; 0.1380626053,0.1976398812; 0.0205115087; 0.0153827155
325.0,0.053,3,11.5038523885; 52.7904725011; 92.2422260934,0.0916454573; 0.1325027968; 0.1395835822,0.1879003406; 0.0259507825; 0.0129703012
325.0,0.0535,3,11.9805183561; 46.2869577914; 99.4414314944,0.0934247465; 0.1304394940; 0.1403713764,0.1777573539; 0.0305717593; 0.0118016216
325.0,0.054,3,12.5376070332; 41.1866508819; 105.1379397050,0.0953539083; 0.1284502655; 0.1409352846,0.1670779705; 0.0353851243; 0.0109989503
325.0,0.0545,3,13.2088704011; 36.7943623497; 109.9936650884,0.0974886076; 0.1263740629; 0.1413806882,0.1556463410; 0.0407840819; 0.0103849395
325.0,0.055,3,14.0573465625; 32.7678346900; 114.2882879068,0.0999302721; 0.1240662012; 0.1417508423,0.1430674873; 0.0472351265; 0.0098880807
325.0,0.0555,3,15.2284481241; 28.8120851323; 118.1718238011,0.1029065026; 0.1212764912; 0.1420683338,0.1284513442; 0.0556650897; 0.0094716144
325.0,0.056,3,17.2819002771; 24.2760104127; 121.7360815828,0.1072640467; 0.1171447104; 0.1423466353,0.1084719492; 0.0694215569; 0.0091139244
326.0,0.0525,3,11.0948089742; 62.1609280215; 82.8199470122,0.0900101334; 0.1348303583; 0.1383909743,0.1974708190; 0.0211921939; 0.0148444858
326.0,0.053,3,11.5127898789; 52.1892733520; 93.5676240537,0.0916771622; 0.1323267128; 0.1397312980,0.1877171419; 0.0263303713; 0.0127469650
326.0,0.0535,3,11.9912419547; 45.8977258008; 100.5551263232,0.0934605150; 0.1302975540; 0.1404808739,0.1775563384; 0.0309035602; 0.0116435506
326.0,0.054,3,12.5508544035; 40.8964801705; 106.1520644534,0.0953951167; 0.1283215954; 0.1410260614,0.1668534596; 0.0357085805; 0.0108723793
326.0,0.0545,3,13.2259509505; 36.5612489299; 110.9488800773,0.0975376036; 0.1262491653; 0.1414598941,0.1553887155; 0.0411210841; 0.0102775970
326.0,0.055,3,14.0809645795; 32.5691483147; 115.2044857107,0.0999916984; 0.1239368924; 0.1418220182,0.1427578678; 0.0476105832; 0.0097939372
326.0,0.0555,3,15.2659872217; 28.6290305390; 119.0603835307,0.1029924280; 0.1211286500; 0.1421335321,0.1280410621; 0.0561311391; 0.0093872000
326.0,0.056,3,17.3779964805; 24.0567448143; 122.6041782775,0.1074429934; 0.1169085020; 0.1424071686,0.1076875562; 0.0702538513; 0.0090370349
327.0,0.0525,3,11.1023962597; 60.8369004740; 84.8678385378,0.0900385515; 0.1345334829; 0.1386627721,0.1973024768; 0.0217723477; 0.0144062319
327.0,0.053,3,11.5217066133; 51.6242668102; 94.8572484783,0.0917087581; 0.1321580528; 0.1398716919,0.1875346618; 0.0266965402; 0.0125364968
327.0,0.0535,3,12.0019485414; 45.5234305561; 101.6542968954,0.0934961799; 0.1301591131; 0.1405869689,0.1773560176; 0.0312289064; 0.0114914081
327.0,0.054,3,12.5640947549; 40.6146829833; 107.1582153808,0.0954362385; 0.1281951412; 0.1411147022,0.1666295705; 0.0360279007; 0.0107494932
327.0,0.0545,3,13.2430506246; 36.3335253482; 111.8990760393,0.0975865585; 0.1261258400; 0.1415375620,0.1551315191; 0.0414552041; 0.0101728804
327.0,0.055,3,14.1046788375; 32.3741629516; 116.1172734921,0.1000532154; 0.1238086839; 0.1418919967,0.1424481275; 0.0479843125; 0.0097018166
327.0,0.0555,3,15.3039403667; 28.4483749679; 119.9465147578,0.1030789641; 0.1209811720; 0.1421977500,0.1276285275; 0.0565979792; 0.0093044244
327.0,0.056,3,17.4790672982; 23.8346689273; 123.4704925917,0.1076294909; 0.1166655675; 0.1424668708,0.1068730938; 0.0711150194; 0.0089615201
328.0,0.0525,3,11.1099618847; 59.7111591970; 86.7178648481,0.0900668611; 0.1342722998; 0.1388989793,0.1971348490; 0.0222892297; 0.0140306984
328.0,0.053,3,11.5306027373; 51.0909979442; 96.1155523600,0.0917402458; 0.1319959586; 0.1400056213,0.1873528946; 0.0270508371; 0.0123373525
328.0,0.0535,3,12.0126382855; 45.1629346783; 102.7400786398,0.0935317423; 0.1300239304; 0.1406899016,0.1771563856; 0.0315482398; 0.0113447566
328.0,0.054,3,12.5773283428; 40.3407877590; 108.1568620243,0.0954772748; 0.1280707922; 0.1412013165,0.1664062967; 0.0363432904; 0.0106300914
328.0,0.0545,3,13.2601700196; 36.1109458596; 112.8444963662,0.0976354740; 0.1260040231; 0.1416137544,0.1548747425; 0.0417865650; 0.0100706741
328.0,0.055,3,14.1284915752; 32.1827308402; 117.0267950270,0.1001148274; 0.1236815304; 0.1419608184,0.1421382456; 0.0483564095; 0.0096116432
328.0,0.0555,3,15.3423227453; 28.2700090668; 120.8303099148,0.1031661362; 0.1208340029; 0.1422610166,0.1272136340; 0.0570657685; 0.0092232335
328.0,0.056,3,17.5858529426; 23.6089777951; 124.3350875468,0.1078246528; 0.1164147712; 0.1425257639,0.1060241029; 0.0720095594; 0.0088873391
329.0,0.0525,3,11.1175059867; 58.7240461068; 88.4296820975,0.0900950629; 0.1340362984; 0.1391101056,0.1969679302; 0.0227614919; 0.0136992372
329.0,0.053,3,11.5394783953; 50.5858348564; 97.3461656721,0.0917716262; 0.1318397282; 0.1401337875,0.1871718346; 0.0273945277; 0.0121482708
329.0,0.0535,3,12.0233113549; 44.8152321337; 103.8134756543,0.0935672029; 0.1298917917; 0.1407898852,0.1769574366; 0.0318619523; 0.0112032084
329.0,0.054,3,12.5905554224; 40.0743630054; 109.1484338654,0.0955182267; 0.1279484473; 0.1412860046,0.1661836317; 0.0366549389; 0.0105139896
329.0,0.0545,3,13.2773097376; 35.8932813541; 113.7853678217,0.0976843518; 0.1258836543; 0.1416885299,0.1546183766; 0.0421152822; 0.0099708703
329.0,0.055,3,14.1524050875; 31.9947124454; 117.9331858235,0.1001765391; 0.1235553889; 0.1420285220,0.1418282006; 0.0487269652; 0.0095233457
329.0,0.0555,3,15.3811503748; 28.0938272929; 121.7118568059,0.1032539709; 0.1206870885; 0.1423233593,0.1267962699; 0.0575346686; 0.0091435762
329.0,0.056,3,17.6992891334; 23.3786737821; 125.1980233491,0.1080298842; 0.1161546873; 0.1425838688,0.1051349602; 0.0729431320; 0.0088144532
330.0,0.0525,3,11.1250287015; 57.8407043161; 90.0381452587,0.0901231577; 0.1338193173; 0.1393023118,0.1968017149; 0.0232000611; 0.0134009254
330.0,0.053,3,11.5483337306; 50.1057713465; 98.5520927054,0.0918029000; 0.1316887784; 0.1402567729,0.1869914765; 0.0277286623; 0.0119682051
330.0,0.0535,3,12.0339679168; 44.4794281292; 104.8753808106,0.0936025627; 0.1297625061; 0.1408871100,0.1767591649; 0.0321703936; 0.0110664182
330.0,0.054,3,12.6037762487; 39.8150127552; 110.1333248737,0.0955590951; 0.1278280128; 0.1413688589,0.1659615688; 0.0369630202; 0.0104010187
330.0,0.0545,3,13.2944703873; 35.6803178471; 114.7219020509,0.0977331934; 0.1257646773; 0.1417619430,0.1543624121; 0.0424414642; 0.0098733683
330.0,0.055,3,14.1764217276; 31.8099758260; 118.8365737499,0.1002383551; 0.1234302182; 0.1420951440,0.1415179711; 0.0490960671; 0.0094368566
330.0,0.0555,3,15.4204401688; 27.9197275436; 122.5912389121,0.1033424963; 0.1205403744; 0.1423848047,0.1263763175; 0.0580048443; 0.0090654036
330.0,0.056,3,17.8205871904; 23.1424863166; 126.0593575535,0.1082470003; 0.1158834805; 0.1426412055,0.1041984039; 0.0739230344; 0.0087428249
331.0,0.0525,3,11.1325301642; 57.0386870675; 91.5656991889,0.0901511463; 0.1336173755; 0.1394795780,0.1966361978; 0.0236119922; 0.0131287119
331.0,0.053,3,11.5571688851; 49.6482864447; 99.7358525346,0.0918340681; 0.1315426183; 0.1403750674,0.1868118148; 0.0280541247; 0.0117962758
331.0,0.0535,3,12.0446081371; 44.1547227871; 105.9265920794,0.0936378224; 0.1296359020; 0.1409817465,0.1765615648; 0.0324738773; 0.0109340765
331.0,0.054,3,12.6169910767; 39.5623726598; 111.1118974134,0.0955998812; 0.1277094026; 0.1414499648,0.1657401016; 0.0372676953; 0.0102910229
331.0,0.0545,3,13.3116525836; 35.4718551410; 115.6542969188,0.0977820006; 0.1256470391; 0.1418340452,0.1541068398; 0.0427652131; 0.0097780737
331.0,0.055,3,14.2005439093; 31.6283960633; 119.7370796048,0.1003002800; 0.1233059789; 0.1421607189,0.1412075351; 0.0494637995; 0.0093521120
331.0,0.0555,3,15.4602100088; 27.7476108052; 123.4685356703,0.1034317421; 0.1203938056; 0.1424453778,0.1259536530; 0.0584764645; 0.0089886692
331.0,0.056,3,17.9513617752; 22.8987439970; 126.9191452157,0.1084784159; 0.1155987165; 0.1426977935,0.1032047782; 0.0749589568; 0.0086724185
332.0,0.052,3,10.7628301784; 72.5236129258; 75.9571130674,0.0885896313; 0.1367986693; 0.1373595265,0.2059770111; 0.0175438809; 0.0165673628
332.0,0.0525,3,11.1400105084; 56.3025422301; 93.0277941332,0.0901790294; 0.1334277233; 0.1396446531,0.1964713735; 0.0240021551; 0.0128777309
332.0,0.053,3,11.5659839996; 49.2112419945; 100.8995814353,0.0918651313; 0.1314008302; 0.1404890882,0.1866328440; 0.0283716663; 0.0116317354
332.0,0.0535,3,12.0552321808; 43.8403977668; 106.9678259081,0.0936729830; 0.1295118248; 0.1410739485,0.1763646306; 0.0327726860; 0.0108059049
332.0,0.054,3,12.6302001613; 39.3161066165; 112.0844856157,0.0956405859; 0.1275925365; 0.1415294012,0.1655192238; 0.0375691130; 0.0101838580
332.0,0.0545,3,13.3288569481; 35.2677056329; 116.5827377015,0.0978307751; 0.1255306896; 0.1419048848,0.1538516506; 0.0430866252; 0.0096848979
332.0,0.055,3,14.2247741096; 31.4498547414; 120.6348176332,0.1003623189; 0.1231826334; 0.1422252797,0.1408968702; 0.0498302437; 0.0092690514
332.0,0.0555,3,15.5004788227; 27.5773808167; 124.3438227308,0.1035217396; 0.1202473269; 0.1425051027,0.1255281455; 0.0589497027; 0.0089133286
332.0,0.056,3,18.0938462173; 22.6451591244; 127.7774390336,0.1087274643; 0.1152970436; 0.1427536513,0.1021407612; 0.0760642539; 0.0086031998
333.0,0.052,3,10.7692662108; 68.2127370763; 80.9932708556,0.0886148553; 0.1360274392; 0.1381088420,0.2058244012; 0.0189323427; 0.0153063491
333.0,0.0525,3,11.1474698665; 55.6211009390; 94.4355970851,0.0902068079; 0.1332483666; 0.1397995307,0.1963072370; 0.0243740790; 0.0126444567
333.0,0.053,3,11.5747792137; 48.7928064075; 102.0451091291,0.0918960902; 0.1312630549; 0.1405991935,0.1864545588; 0.0286819329; 0.0114739419
333.0,0.0535,3,12.0658402116; 43.5358052091; 107.9997282765,0.0937080451; 0.1293901347; 0.1411638552,0.1761683567; 0.0330670754; 0.0106816517
333.0,0.054,3,12.6434037574; 39.0759038415; 113.0513983055,0.0956812102; 0.1274773404; 0.1416072413,0.1652989289; 0.0378674118; 0.0100793907
333.0,0.0545,3,13.3460841091; 35.0676932518; 117.5073981490,0.0978795185; 0.1254155818; 0.1419745072,0.1535968352; 0.0434057912; 0.0095937577
333.0,0.055,3,14.2491148712; 31.2742394755; 121.5298959960,0.1004244765; 0.1230601455; 0.1422888577,0.1405859535; 0.0501954785; 0.0091876174
333.0,0.0555,3,15.5412666722; 27.4089437462; 125.2171721938,0.1036125218; 0.1201008821; 0.1425640025,0.1250996570; 0.0594247379; 0.0088393394
333.0,0.056,3,18.2512821277; 22.3784379571; 128.6342894782,0.1089989734; 0.1149736159; 0.1428087968,0.1009870658; 0.0772582437; 0.0085351359
334.0,0.052,3,10.7756815583; 66.0765712689; 83.8551309742,0.0886399774; 0.1356138876; 0.1385005742,0.2056724648; 0.0196986447; 0.0146669741
334.0,0.0525,3,11.1549083698; 54.9859834448; 95.7974859361,0.0902344823; 0.1330778042; 0.1399457110,0.1961437829; 0.0247304193; 0.0124262381
334.0,0.053,3,11.5835546657; 48.3913968590; 103.1740165880,0.0919269458; 0.1311289809; 0.1407056943,0.1862769539; 0.0289854842; 0.0113223396
334.0,0.0535,3,12.0764323924; 43.2403585296; 109.0228839036,0.0937430098; 0.1292707043; 0.1412515929,0.1759727376; 0.0333572779; 0.0105610889
334.0,0.054,3,12.6566021202; 38.8414763203; 114.0129215511,0.0957217551; 0.1273637452; 0.1416835534,0.1650792108; 0.0381627203; 0.0099774971
334.0,0.0545,3,13.3633347022; 34.8716525068; 118.4284414369,0.0979282325; 0.1253016712; 0.1420429553,0.1533423844; 0.0437227974; 0.0095045748
334.0,0.055,3,14.2735688050; 31.1014434814; 122.4224171976,0.1004867579; 0.1229384803; 0.1423514825,0.1402747620; 0.0505595801; 0.0091077554
334.0,0.0555,3,15.5825948495; 27.2422078752; 126.0886528278,0.1037041239; 0.1199544141; 0.1426220993,0.1246680415; 0.0599017552; 0.0087666610
334.0,0.056,3,18.4286942231; 22.0935057649; 129.4897449163,0.1093004109; 0.1146209485; 0.1428632470,0.0997138748; 0.0785707739; 0.0084681953
335.0,0.052,3,10.7820763476; 64.4892129082; 86.1685941665,0.0886649981; 0.1352916001; 0.1388011367,0.2055211969; 0.0203063765; 0.0141856516
335.0,0.0525,3,11.1623261485; 54.3907144587; 97.1199341316,0.0902620536; 0.1329148721; 0.1400843575,0.1959810061; 0.0250732332; 0.0122210212
335.0,0.053,3,11.5923104931; 48.0056347540; 104.2876805678,0.0919576986; 0.1309983358; 0.1408088619,0.1861000241; 0.0292828093; 0.0111764432
335.0,0.0535,3,12.0870088851; 42.9535246967; 110.0378239687,0.0937778777; 0.1291534177; 0.1413372768,0.1757777677; 0.0336435052; 0.0104440086
335.0,0.054,3,12.6697955044; 38.6125565765; 114.9693208952,0.0957622217; 0.1272516864; 0.1417584007,0.1648600629; 0.0384551584; 0.0098780620
335.0,0.0545,3,13.3806093700; 34.6794276336; 119.3460210194,0.0979769188; 0.1251889155; 0.1421102695,0.1530882890; 0.0440377252; 0.0094172755
335.0,0.055,3,14.2981385929; 30.9313651827; 123.3124784763,0.1005491684; 0.1228176046; 0.1424131825,0.1399632718; 0.0509226225; 0.0090294138
335.0,0.0555,3,15.6244859844; 27.0770832901; 126.9583302708,0.1037965830; 0.1198078645; 0.1426794141,0.1242331441; 0.0603809465; 0.0086952549
335.0,0.056,3,18.6346510576; 21.7817459825; 130.3438517242,0.1096444827; 0.1142263192; 0.1429170187,0.0982704793; 0.0800525820; 0.0084023476
336.0,0.052,3,10.7884507048; 63.1911761141; 88.1931444735,0.0886899182; 0.1350178794; 0.1390532261,0.2053705925; 0.0208297773; 0.0137881462
336.0,0.0525,3,11.1697233314; 53.8301692387; 98.4080645836,0.0902895224; 0.1327586458; 0.1402163938,0.1958189017; 0.0254041539; 0.0120271768
336.0,0.053,3,11.6010468318; 47.6343109238; 105.3873084121,0.0919883496; 0.1308708799; 0.1409089355,0.1859237642; 0.0295743384; 0.0110358263
336.0,0.0535,3,12.0975698505; 42.6748177128; 111.0450326310,0.0938126498; 0.1290381686; 0.1414210124,0.1755834418; 0.0339259512; 0.0103302210
336.0,0.054,3,12.6829841654; 38.3888957129; 115.9208433133,0.0958026109; 0.1271411038; 0.1418318426,0.1646414793; 0.0387448385; 0.0097809780
336.0,0.0545,3,13.3979087626; 34.4908718257; 120.2602813975,0.0980255792; 0.1250772749; 0.1421764881,0.1528345397; 0.0443506521; 0.0093317900
336.0,0.055,3,14.3228269912; 30.7639078506; 124.2001721602,0.1006117131; 0.1226974859; 0.1424739846,0.1396514588; 0.0512846775; 0.0089525433
336.0,0.0555,3,15.6669641647; 26.9134815754; 127.8262672174,0.1038899387; 0.1196611737; 0.1427359672,0.1237948007; 0.0608625117; 0.0086250839
336.0,0.056,3,18.8861830896; 21.4260820368; 131.1966543937,0.1100563829; 0.1137645177; 0.1429701276,0.0965563801; 0.0818041948; 0.0083375637
337.0,0.052,3,10.7948047544; 62.0789707677; 90.0322701896,0.0887147384; 0.1347756390; 0.1392739282,0.2052206467; 0.0212985374; 0.0134447712
337.0,0.0525,3,11.1771000465; 53.3002108393; 99.6660124214,0.0903168894; 0.1326083766; 0.1403425679,0.1956574644; 0.0257245031; 0.0118433867
337.0,0.053,3,11.6097638169; 47.2763580760; 106.4739656010,0.0920188995; 0.1307464009; 0.1410061266,0.1857481690; 0.0298604524; 0.0109001117
337.0,0.0535,3,12.1081154486; 42.4037930769; 112.0449525661,0.0938473267; 0.1289248596; 0.1415028965,0.1753897543; 0.0342047938; 0.0102195523
337.0,0.054,3,12.6961683583; 38.1702616848; 116.8677189410,0.0958429237; 0.1270319409; 0.1419039345,0.1644234536; 0.0390318654; 0.0096861450
337.0,0.0545,3,13.4152335379; 34.3058465429; 121.1713588106,0.0980742152; 0.1249667115; 0.1422416472,0.1525811274; 0.0446616515; 0.0092480528
337.0,0.055,3,14.3476368330; 30.5989792747; 125.0855859943,0.1006743974; 0.1225780931; 0.1425339146,0.1393392985; 0.0516458154; 0.0088770969
337.0,0.0555,3,15.7100550693; 26.7513155076; 128.6925235905,0.1039842329; 0.1195142800; 0.1427917781,0.1233528366; 0.0613466593; 0.0085561126
337.0,0.056,3,19.2289273700; 20.9808325595; 132.0481956316,0.1106034516; 0.1131681888; 0.1430225892,0.0943031015; 0.0840941145; 0.0082738155
338.0,0.052,3,10.8011386202; 61.0988527121; 91.7397136599,0.0887394595; 0.1345559763; 0.1394721449,0.2050713545; 0.0217281168; 0.0131400701
338.0,0.0525,3,11.1844564205; 52.7974436243; 100.8971714782,0.0903441553; 0.1324634477; 0.1404634960,0.1954966895; 0.0260353693; 0.0116685662
338.0,0.053,3,11.6184615823; 46.9308287354; 107.5485978115,0.0920493489; 0.1306247094; 0.1411006239,0.1855732336; 0.0301414906; 0.0107689639
338.0,0.0535,3,12.1186458383; 42.1400430548; 113.0379896961,0.0938819094; 0.1288134007; 0.1415830179,0.1751967000; 0.0344801967; 0.0101118426
338.0,0.054,3,12.7093483385; 37.9564377726; 117.8101626001,0.0958831611; 0.1269241450; 0.1419747282,0.1642059798; 0.0393163377; 0.0095934691
338.0,0.0545,3,13.4325843614; 34.1242208848; 122.0793818624,0.0981228287; 0.1248571892; 0.1423057811,0.1523280427; 0.0449707936; 0.0091660015
338.0,0.055,3,14.3725710321; 30.4364914599; 125.9688034398,0.1007372270; 0.1224593962; 0.1425929971,0.1390267656; 0.0520061046; 0.0088030300
338.0,0.0555,3,15.7537861183; 26.5904987453; 129.5571567019,0.1040795106; 0.1193671201; 0.1428468654,0.1229070661; 0.0618336077; 0.0084883070
339.0,0.052,3,10.8074524245; 60.2186836158; 93.3476114181,0.0887640820; 0.1343535501; 0.1396532167,0.2049227111; 0.0221277853; 0.0128647768
339.0,0.0525,3,11.1917925789; 52.3190405292; 102.1043670292,0.0903713209; 0.1323233438; 0.1405796927,0.1953365719; 0.0263376608; 0.0115018103
339.0,0.053,3,11.6271402608; 46.5968773941; 108.6120487664,0.0920796987; 0.1305056360; 0.1411925960,0.1853989528; 0.0304177568; 0.0106420827
339.0,0.0535,3,12.1291611776; 41.8831926174; 114.0245172508,0.0939163985; 0.1287037090; 0.1416614590,0.1750042735; 0.0347523111; 0.0100069448
339.0,0.054,3,12.7225243616; 37.7472212279; 118.7483751535,0.0959233241; 0.1268176662; 0.1420442726,0.1639890518; 0.0395983479; 0.0095028626
339.0,0.0545,3,13.4499619069; 33.9458710242; 122.9844720869,0.0981714214; 0.1247486739; 0.1423689224,0.1520752763; 0.0452781450; 0.0090855774
339.0,0.055,3,14.3976325860; 30.2763603479; 126.8499039490,0.1008002074; 0.1223413660; 0.1426512556,0.1387138343; 0.0523656119; 0.0087302999
339.0,0.0555,3,15.7981866411; 26.4309455123; 130.4202214005,0.1041758194; 0.1192196282; 0.1429012471,0.1224572909; 0.0623235863; 0.0084216344
340.0,0.052,3,10.8137462889; 59.4174449642; 94.8769801940,0.0887886068; 0.1341648560; 0.1398206475,0.2047747117; 0.0225036215; 0.0126128161
340.0,0.0525,3,11.1991086463; 51.8626187872; 103.2899800648,0.0903983869; 0.1321876290; 0.1406915930,0.1951771068; 0.0266321460; 0.0113423546
340.0,0.053,3,11.6357999840; 46.2737459317; 109.6650748137,0.0921099495; 0.1303890280; 0.1412821949,0.1852253217; 0.0306895242; 0.0105191987
340.0,0.0535,3,12.1396616235; 41.6328959355; 115.0048792731,0.0939507949; 0.1285957078; 0.1417382957,0.1748124697; 0.0350212769; 0.0099047227
340.0,0.054,3,12.7356966834; 37.5424220669; 119.6825447109,0.0959634136; 0.1267124579; 0.1421126133,0.1637726634; 0.0398779831; 0.0094142431
340.0,0.0545,3,13.4673668567; 33.7706796928; 123.8867444633,0.0982199950; 0.1246411329; 0.1424311020,0.1518228191; 0.0455837696; 0.0090067246
340.0,0.055,3,14.4228245799; 30.1185055602; 127.7289632186,0.1008633445; 0.1222239741; 0.1427087125,0.1384004786; 0.0527244030; 0.0086588660
340.0,0.0555,3,15.8432880660; 26.2725702700; 131.2817702105,0.1042732107; 0.1190717358; 0.1429549405,0.1220032991; 0.0628168368; 0.0083560638
341.0,0.0515,3,10.4744568135; 75.7080463022; 78.3936507960,0.0872839514; 0.1372886308; 0.1377013608,0.2139538304; 0.0166892567; 0.0159859034
341.0,0.052,3,10.8200203337; 58.6805063517; 96.3424486215,0.0888130344; 0.1339874464; 0.1399768840,0.2046273516; 0.0228598681; 0.0123799487
341.0,0.0525,3,11.2064047461; 51.4261484823; 104.4560387377,0.0904253539; 0.1320559307; 0.1407995690,0.1950182894; 0.0269194811; 0.0111895461
341.0,0.053,3,11.6444408827; 45.9607516023; 110.7083569403,0.0921401020; 0.1302747475; 0.1413695578,0.1850523353; 0.0309570398; 0.0104000684
341.0,0.0535,3,12.1501473323; 41.3888333409; 115.9793936575,0.0939850994; 0.1284893258; 0.1418135984,0.1746212834; 0.0352872239; 0.0098050505
341.0,0.054,3,12.7488655600; 37.3418619955; 120.6128477040,0.0960034307; 0.1266084760; 0.1421797936,0.1635568088; 0.0401553256; 0.0093275329
341.0,0.0545,3,13.4847999013; 33.5985357131; 124.7863078823,0.0982685512; 0.1245345350; 0.1424923491,0.1515706616; 0.0458877282; 0.0089293901
341.0,0.055,3,14.4481501900; 29.9628501614; 128.6060534225,0.1009266442; 0.1221071933; 0.1427653894,0.1380866713; 0.0530825423; 0.0085886894
341.0,0.0555,3,15.8891241347; 26.1152873746; 132.1418534594,0.1043717392; 0.1189233715; 0.1430079621,0.1215448640; 0.0633136147; 0.0082915649
342.0,0.0515,3,10.4799103812; 71.0294684650; 83.7998419780,0.0873062026; 0.1365071190; 0.1384638787,0.2138166214; 0.0180625494; 0.0147262885
342.0,0.052,3,10.8262746781; 57.9972038859; 97.7546788344,0.0888373656; 0.1338195314; 0.1401237155,0.2044806261; 0.0231996263; 0.0121630770
342.0,0.0525,3,11.2136810006; 51.0078839209; 105.6042869912,0.0904522227; 0.1319279273; 0.1409039417,0.1948601148; 0.0272002322; 0.0110428222
342.0,0.053,3,11.6530630862; 45.6572770576; 111.7425107481,0.0921701571; 0.1301626695; 0.1414548092,0.1848799888; 0.0312205274; 0.0102844715
342.0,0.0535,3,12.1606184593; 41.1507086805; 116.9483547963,0.0940193127; 0.1283844967; 0.1418874328,0.1744307094; 0.0355502727; 0.0097078113
342.0,0.054,3,12.7620312477; 37.1453734452; 121.5394498498,0.0960433762; 0.1265056788; 0.1422458541,0.1633414819; 0.0404304527; 0.0092426594
342.0,0.0545,3,13.5022617405; 33.4293335722; 125.6832655731,0.0983170919; 0.1244288507; 0.1425526918,0.1513187946; 0.0461900790; 0.0088535238
342.0,0.055,3,14.4736126883; 29.8093204395; 129.4812434273,0.1009901127; 0.1219909966; 0.1428213068,0.1377723851; 0.0534400930; 0.0085197329
342.0,0.0555,3,15.9357311449; 25.9590107144; 133.0005193977,0.1044714639; 0.1187744604; 0.1430603279,0.1210817421; 0.0638141908; 0.0082281091
343.0,0.0515,3,10.4853450839; 68.8324969971; 86.7248250473,0.0873283609; 0.1361093098; 0.1388427800,0.2136800287; 0.0187824410; 0.0141195971
343.0,0.052,3,10.8325094404; 57.3594840064; 99.1217226472,0.0888616010; 0.1336597548; 0.1402624976,0.2043345304; 0.0235252442; 0.0119598561
343.0,0.0525,3,11.2209375311; 50.6063112328; 106.7362369580,0.0904789940; 0.1318033389; 0.1410049901,0.1947025785; 0.0274748919; 0.0109016939
343.0,0.053,3,11.6616667233; 45.3627620000; 112.7680948010,0.0922001153; 0.1300526797; 0.1415380623,0.1847082774; 0.0314801912; 0.0101722075
343.0,0.0535,3,12.1710751588; 40.9182470027; 117.9120358924,0.0940534356; 0.1282811588; 0.1419598598,0.1742407426; 0.0358105360; 0.0096128963
343.0,0.054,3,12.7751940031; 36.9527987103; 122.4625070142,0.0960832512; 0.1264040271; 0.1423108331,0.1631266767; 0.0407034379; 0.0091595537
343.0,0.0545,3,13.5197530827; 33.2629730330; 126.5777154914,0.0983656187; 0.1243240515; 0.1426121568,0.1510672086; 0.0464908781; 0.0087790777
343.0,0.055,3,14.4992154460; 29.6578457031; 130.3545989906,0.1010537562; 0.1218753582; 0.1428764845,0.1374575918; 0.0537971175; 0.0084519611
343.0,0.0555,3,15.9831482274; 25.8036533217; 133.8578143106,0.1045724481; 0.1186249239; 0.1431120533,0.1206136717; 0.0643188531; 0.0081656686
344.0,0.0515,3,10.4907610363; 67.2070003278; 89.0787298326,0.0873504271; 0.1358008522; 0.1391324150,0.2135440477; 0.0193503206; 0.0136644436
344.0,0.052,3,10.8387247378; 56.7610904891; 100.4498345512,0.0888857412; 0.1335070594; 0.1403942868,0.2041890601; 0.0238385515; 0.0117684598
344.0,0.0525,3,11.2281744578; 50.2201077473; 107.8532095840,0.0905056683; 0.1316819200; 0.1411029592,0.1945456757; 0.0277438919; 0.0107657329
344.0,0.053,3,11.6702519212; 45.0766961523; 113.7856176552,0.0922299774; 0.1299446739; 0.1416194209,0.1845371963; 0.0317362176; 0.0100630936
344.0,0.0535,3,12.1815175843; 40.6911925266; 118.8706909904,0.0940874688; 0.1281792542; 0.1420309365,0.1740513781; 0.0360681187; 0.0095202043
344.0,0.054,3,12.7883540834; 36.7639891695; 123.3821659893,0.0961230566; 0.1263034835; 0.1423747669,0.1629123875; 0.0409743506; 0.0090781510
344.0,0.0545,3,13.5372746462; 33.0993587778; 127.4697506756,0.0984141335; 0.1242201102; 0.1426707692,0.1508158943; 0.0467901788; 0.0087060064
344.0,0.055,3,14.5249619387; 29.5083580928; 131.2261829453,0.1011175811; 0.1217602526; 0.1429309414,0.1371422625; 0.0541536773; 0.0083853399
344.0,0.0555,3,16.0314176616; 25.6491269525; 134.7137826215,0.1046747602; 0.1184746786; 0.1431631531,0.1201403708; 0.0648279090; 0.0081042169
345.0,0.0515,3,10.4961583519; 65.8799640701; 91.1345689920,0.0873724016; 0.1355394945; 0.1393750349,0.2134086740; 0.0198381069; 0.0132889124
345.0,0.052,3,10.8449206865; 56.1970503509; 101.7439858087,0.0889097870; 0.1333606021; 0.1405199256,0.2040442106; 0.0241410066; 0.0115874332
345.0,0.0525,3,11.2353919001; 49.8481100665; 108.9563665547,0.0905322464; 0.1315634539; 0.1411980649,0.1943894017; 0.0280076129; 0.0106345618
345.0,0.053,3,11.6788188066; 44.7986132990; 114.7955438177,0.0922597442; 0.1298385566; 0.1416989797,0.1843667408; 0.0319887773; 0.0099569623
345.0,0.0535,3,12.1919458886; 40.4693068544; 119.8245567642,0.0941214131; 0.1280787290; 0.1421007161,0.1738626108; 0.0363231191; 0.0094296408
345.0,0.054,3,12.8015117458; 36.5788045858; 124.2985651940,0.0961627934; 0.1262040129; 0.1424376900,0.1626986083; 0.0412432567; 0.0089983901
345.0,0.0545,3,13.5548271584; 32.9384000826; 128.3594595715,0.0984626380; 0.1241170010; 0.1427285535,0.1505648423; 0.0470880328; 0.0086342666
345.0,0.055,3,14.5508557507; 29.3607924060; 132.0960553697,0.1011815942; 0.1216456551; 0.1429846958,0.1368263676; 0.0545098333; 0.0083198367
345.0,0.0555,3,16.0805852385; 25.4953416271; 135.5684669894,0.1047784741; 0.1183236364; 0.1432136416,0.1196615345; 0.0653416876; 0.0080437282
346.0,0.0515,3,10.5015371432; 64.7438415012; 92.9998875314,0.0873942853; 0.1353085368; 0.1395873388,0.2132739031; 0.0202742095; 0.0129645973
346.0,0.052,3,10.8510974017; 55.6633344551; 103.0082038486,0.0889337390; 0.1332196973; 0.1406400988,0.2038999772; 0.0244337943; 0.0114155945
346.0,0.0525,3,11.2425899760; 49.4892886651; 110.0467356953,0.0905587290; 0.1314477483; 0.1412904991,0.1942337521; 0.0282663932; 0.0105078458
346.0,0.053,3,11.6873675048; 44.5280862064; 115.7982988257,0.0922894161; 0.1297342397; 0.1417768263,0.1841969061; 0.0322380277; 0.0098536598
346.0,0.0535,3,12.2023602235; 40.2523673896; 120.7738540982,0.0941552693; 0.1279795326; 0.1421692484,0.1736744357; 0.0365756293; 0.0093411172
346.0,0.054,3,12.8146672483; 36.3971124729; 125.2118353073,0.0962024624; 0.1261055817; 0.1424996347,0.1624853333; 0.0415102185; 0.0089202130
346.0,0.0545,3,13.5724113571; 32.7800105180; 129.2469263319,0.0985111341; 0.1240146987; 0.1427855327,0.1503140431; 0.0473844894; 0.0085638168
346.0,0.055,3,14.5769005804; 29.2150859339; 132.9642737453,0.1012458021; 0.1215315414; 0.1430377651,0.1365098769; 0.0548656458; 0.0082554204
346.0,0.0555,3,16.1307006780; 25.3422051212; 136.4219084001,0.1048836701; 0.1181717033; 0.1432635326,0.1191768327; 0.0658605424; 0.0079841779
347.0,0.0515,3,10.5068975217; 63.7431036494; 94.7302127183,0.0874160787; 0.1350993286; 0.1397779767,0.2131397306; 0.0206733365; 0.0126767933
347.0,0.052,3,10.8572549974; 55.1566253447; 104.2458044321,0.0889575978; 0.1330837789; 0.1407553722,0.2037563557; 0.0247178932; 0.0112519685
347.0,0.0525,3,11.2497688027; 49.1427274587; 111.1252314027,0.0905851167; 0.1313346311; 0.1413804329,0.1940787223; 0.0285205344; 0.0103852864
347.0,0.053,3,11.6958981403; 44.2647222688; 116.7942736009,0.0923189940; 0.1296316420; 0.1418530410,0.1840276876; 0.0324841137; 0.0097530447
347.0,0.0535,3,12.2127607400; 40.0401659358; 121.7187894888,0.0941890380; 0.1278816175; 0.1422365803,0.1734868481; 0.0368257359; 0.0092545508
347.0,0.054,3,12.8278208491; 36.2187875212; 126.1220998417,0.0962420647; 0.1260081580; 0.1425606321,0.1622725567; 0.0417752957; 0.0088435649
347.0,0.0545,3,13.5900279898; 32.6241076744; 130.1322310904,0.0985596235; 0.1239131795; 0.1428417290,0.1500634872; 0.0476795964; 0.0084946178
347.0,0.055,3,14.6031002452; 29.0711783092; 133.8308931037,0.1013102119; 0.1214178876; 0.1430901661,0.1361927592; 0.0552211745; 0.0081920608
347.0,0.0555,3,16.1818181120; 25.1896223976; 137.2741462505,0.1049904352; 0.1180187789; 0.1433128394,0.1186859068; 0.0663848545; 0.0079255424
348.0,0.0515,3,10.5122395981; 62.8446584989; 96.3586348768,0.0874377824; 0.1349066981; 0.1399521197,0.2130061521; 0.0210442769; 0.0124167147
348.0,0.052,3,10.8633935870; 54.6741536154; 105.4595552802,0.0889813641; 0.1329523722; 0.1408662195,0.2036133416; 0.0249941227; 0.0110957391
348.0,0.0525,3,11.2569284964; 48.8076072024; 112.1926712462,0.0906114101; 0.1312239482; 0.1414680200,0.1939243077; 0.0287703076; 0.0102666161
348.0,0.053,3,11.7044108365; 44.0081597575; 117.7838281999,0.0923484786; 0.1295306885; 0.1419276982,0.1838590808; 0.0327271693; 0.0096549863
348.0,0.0535,3,12.2231475884; 39.8325074493; 122.6595562914,0.0942227201; 0.1277849388; 0.1423027558,0.1732998430; 0.0370735202; 0.0091698637
348.0,0.054,3,12.8409728071; 36.0437110778; 127.0294756641,0.0962816011; 0.1259117117; 0.1426207115,0.1620602729; 0.0420385446; 0.0087683937
348.0,0.0545,3,13.6076778151; 32.4706129085; 131.0154502147,0.0986081082; 0.1238124205; 0.1428971635,0.1498131651; 0.0479733996; 0.0084266319
348.0,0.055,3,14.6294586877; 28.9290113643; 134.6959661632,0.1013748309; 0.1213046705; 0.1431419149,0.1358749825; 0.0555764789; 0.0081297293
348.0,0.0555,3,16.2339966469; 25.0374949645; 138.1252184290,0.1050988644; 0.1178647555; 0.1433615748,0.1181883660; 0.0669150362; 0.0078677986
349.0,0.0515,3,10.5175634820; 62.0269131195; 97.9067452571,0.0874593970; 0.1347272598; 0.1401131529,0.2128731634; 0.0213927811; 0.0121786142
349.0,0.052,3,10.8695132827; 54.2135796242; 106.6517943645,0.0890050384; 0.1328250752; 0.1409730424,0.2034709304; 0.0252631770; 0.0109462153
349.0,0.0525,3,11.2640691723; 48.4831918795; 113.2497895791,0.0906376099; 0.1311155605; 0.1415533989,0.1937705040; 0.0290159568; 0.0101515939
349.0,0.053,3,11.7129057159; 43.7580645740; 118.7672950611,0.0923778704; 0.1294313096; 0.1420008669,0.1836910811; 0.0329673188; 0.0095593637
349.0,0.0535,3,12.2335209180; 39.6292089275; 123.5963358322,0.0942563161; 0.1276894545; 0.1423678164,0.1731134157; 0.0373190589; 0.0090869831
349.0,0.054,3,12.8541233815; 35.8717706722; 127.9340734686,0.0963210727; 0.1258162140; 0.1426799006,0.1618484760; 0.0423000191; 0.0086946500
349.0,0.0545,3,13.6253616018; 32.3194511107; 131.8966565387,0.0986565899; 0.1237123995; 0.1429518564,0.1495630672; 0.0482659433; 0.0083598231
349.0,0.055,3,14.6559799811; 28.7885289978; 135.5595434549,0.1014396663; 0.1211918670; 0.1431930271,0.1355565140; 0.0559316182; 0.0080683984
349.0,0.0555,3,16.2873010196; 24.8857201442; 138.9751613896,0.1052090615; 0.1177095166; 0.1434097513,0.1176837833; 0.0674515352; 0.0078109247
350.0,0.0515,3,10.5228692821; 61.2748616969; 99.3895480058,0.0874809232; 0.1345586530; 0.1402634361,0.2127407602; 0.0217228563; 0.0119584877
350.0,0.052,3,10.8756141955; 53.7729060760; 107.8245173207,0.0890286215; 0.1327015433; 0.1410761847,0.2033291179; 0.0255256506; 0.0108028057
350.0,0.0525,3,11.2711909446; 48.1688174467; 114.2972487931,0.0906637167; 0.1310093419; 0.1416366949,0.1936173067; 0.0292577029; 0.0100400023
350.0,0.053,3,11.7213829001; 43.5141274276; 119.7449818269,0.0924071702; 0.1293334406; 0.1420726112,0.1835236840; 0.0332046775; 0.0094660647
350.0,0.0535,3,12.2438808774; 39.4300984130; 124.5292984034,0.0942898270; 0.1275951248; 0.1424318010,0.1729275613; 0.0375624243; 0.0090058400
350.0,0.054,3,12.8672728323; 35.7028595853; 128.8359982084,0.0963604804; 0.1257216373; 0.1427382261,0.1616371603; 0.0425597707; 0.0086222869
350.0,0.0545,3,13.6430801302; 32.1705504895; 132.7759195777,0.0987050704; 0.1236130953; 0.1430058272,0.1493131839; 0.0485572703; 0.0082941571
350.0,0.055,3,14.6826683360; 28.6496770503; 136.4216734420,0.1015047260; 0.1210794547; 0.1432435176,0.1352373199; 0.0562866515; 0.0080080413
350.0,0.0555,3,16.3418023699; 24.7341902305; 139.8240102225,0.1053211407; 0.1175529363; 0.1434573809,0.1171716905; 0.0679948400; 0.0077548992
351.0,0.051,3,10.2093312261; 74.6530132817; 85.7513577694,0.0860253385; 0.1370874943; 0.1386901163,0.2217865442; 0.0170375107; 0.0143625050
351.0,0.0515,3,10.5281571060; 60.5775799970; 100.8179657012,0.0875023615; 0.1343991539; 0.1404046927,0.2126089382; 0.0220374278; 0.0117534132
351.0,0.052,3,10.8816964360; 53.3504121807; 108.9794432913,0.0890521139; 0.1325814785; 0.1411759438,0.2031878998; 0.0257820572; 0.0106649998
351.0,0.0525,3,11.2782939266; 47.8638824577; 115.3356486946,0.0906897312; 0.1309051779; 0.1417180220,0.1934647116; 0.0294957469; 0.0099316434
351.0,0.053,3,11.7298425095; 43.2760613709; 120.7171738082,0.0924363785; 0.1292370213; 0.1421429906,0.1833568851; 0.0334393531; 0.0093749852
351.0,0.0535,3,12.2542276147; 39.2350141018; 125.4586041558,0.0943232533; 0.1275019121; 0.1424947466,0.1727422751; 0.0378036848; 0.0089263697
351.0,0.054,3,12.8804214198; 35.5368764555; 129.7353494893,0.0963998250; 0.1256279555; 0.1427957133,0.1614263203; 0.0428178485; 0.0085512599
351.0,0.0545,3,13.6608341919; 32.0238423726; 133.6533057273,0.0987535518; 0.1235144873; 0.1430590946,0.1490635055; 0.0488474220; 0.0082296008
351.0,0.055,3,14.7095281069; 28.5124031870; 137.2824026290,0.1015700177; 0.1209674111; 0.1432934009,0.1349173656; 0.0566416377; 0.0079486327
351.0,0.0555,3,16.3975791527; 24.5827915109; 140.6717987197,0.1054352273; 0.1173948776; 0.1435044751,0.1166515722; 0.0685454850; 0.0076997017
352.0,0.051,3,10.2139674715; 72.1346241737; 88.9997739117,0.0860449799; 0.1366664507; 0.1390947166,0.2216632284; 0.0177781618; 0.0137232635
352.0,0.0515,3,10.5334270606; 59.9268255960; 102.2002391230,0.0875237126; 0.1342474573; 0.1405382274,0.2124776933; 0.0223387089; 0.0115611802
352.0,0.052,3,10.8877601133; 52.9446032162; 110.1180653627,0.0890755162; 0.1324646213; 0.1412725788,0.2030472718; 0.0260328445; 0.0105323530
352.0,0.0525,3,11.2853782304; 47.5678401950; 116.3655343732,0.0907156540; 0.1308029640; 0.1417974840,0.1933127142; 0.0297302719; 0.0098263374
352.0,0.053,3,11.7382846638; 43.0435996399; 121.6841361440,0.0924654961; 0.1291419954; 0.1422120607,0.1831906798; 0.0336714458; 0.0092860281
352.0,0.0535,3,12.2645612768; 39.0438035402; 126.3844039007,0.0943565958; 0.1274097810; 0.1425566879,0.1725575525; 0.0380429049; 0.0088485111
352.0,0.054,3,12.8935694053; 35.3737249181; 130.6322219298,0.0964391075; 0.1255351435; 0.1428523862,0.1612159504; 0.0430742992; 0.0084815264
352.0,0.0545,3,13.6786245904; 31.8792610223; 134.5288784464,0.0988020358; 0.1234165559; 0.1431116762,0.1488140224; 0.0491364384; 0.0081661229
352.0,0.055,3,14.7365637996; 28.3766567875; 138.1417756656,0.1016355496; 0.1208557143; 0.1433426909,0.1345966152; 0.0569966360; 0.0078901480
352.0,0.0555,3,16.4547182241; 24.4314031181; 141.5185594367,0.1055514602; 0.1172351905; 0.1435510451,0.1161228591; 0.0691040583; 0.0076453124
353.0,0.051,3,10.2185868801; 70.3626518159; 91.5021564921,0.0860645380; 0.1363549740; 0.1393898265,0.2215404700; 0.0183362159; 0.0132661869
353.0,0.0515,3,10.5386792517; 59.3162003261; 103.5427648066,0.0875449770; 0.1341025468; 0.1406650558,0.2123470213; 0.0226284226; 0.0113800689
353.0,0.052,3,10.8938053359; 52.5541713121; 111.2416897811,0.0890988291; 0.1323507434; 0.1413663170,0.2029072297; 0.0262784055; 0.0104044755
353.0,0.0525,3,11.2924439675; 47.2801920248; 117.3874028459,0.0907414857; 0.1307026045; 0.1418751761,0.1931613103; 0.0299614456; 0.0097239197
353.0,0.053,3,11.7467094817; 42.8164937539; 122.6461157014,0.0924945236; 0.1290483102; 0.1422798736,0.1830250640; 0.0339010494; 0.0091991029
353.0,0.0535,3,12.2748820101; 38.8563229017; 127.3068398337,0.0943898552; 0.1273186977; 0.1426176580,0.1723733889; 0.0382801460; 0.0087722064
353.0,0.054,3,12.9067170505; 35.2133132761; 131.5267054908,0.0964783289; 0.1254431775; 0.1429082680,0.1610060448; 0.0433291678; 0.0084130460
353.0,0.0545,3,13.6964521412; 31.7367434653; 135.4026984282,0.0988505244; 0.1233192821; 0.1431635894,0.1485647248; 0.0494243582; 0.0081036931
353.0,0.055,3,14.7637800785; 28.2423888420; 138.9998354423,0.1017013301; 0.1207443425; 0.1433914009,0.1342750321; 0.0573517055; 0.0078325636
353.0,0.0555,3,16.5133161425; 24.2798956708; 142.3643237513,0.1056699934; 0.1170737101; 0.1435971019,0.1155849195; 0.0696712094; 0.0075917121
354.0,0.051,3,10.2231895540; 68.9435441860; 93.6520559043,0.0860840132; 0.1360957768; 0.1396327330,0.2214182652; 0.0188071782; 0.0128957732
354.0,0.0515,3,10.5439137844; 58.7406214400; 104.8506238786,0.0875661554; 0.1339636122; 0.1407859876,0.2122169182; 0.0229079415; 0.0112087097
354.0,0.052,3,10.8998322113; 52.1779645489; 112.3514668534,0.0891220532; 0.1322396435; 0.1414573596,0.2027677694; 0.0265190872; 0.0102810232
354.0,0.0525,3,11.2994912483; 47.0004817505; 118.4017087043,0.0907672269; 0.1306040116; 0.1419511855,0.1930104958; 0.0301894218; 0.0096242394
354.0,0.053,3,11.7551170810; 42.5945118381; 123.6033427531,0.0925234617; 0.1289559167; 0.1423464778,0.1828600331; 0.0341282518; 0.0091141249
354.0,0.0535,3,12.2851899603; 38.6724363335; 128.2260461878,0.0944230321; 0.1272286303; 0.1426776881,0.1721897795; 0.0385154661; 0.0086974010
354.0,0.054,3,12.9198646178; 35.0555541964; 132.4188857784,0.0965174900; 0.1253520345; 0.1429633804,0.1607965981; 0.0435824973; 0.0083457802
354.0,0.0545,3,13.7143176722; 31.5962293343; 136.2748237579,0.0988990195; 0.1232226473; 0.1432148505,0.1483156028; 0.0497112192; 0.0080422825
354.0,0.055,3,14.7911817750; 28.1095518526; 139.8566231808,0.1017673679; 0.1206332741; 0.1434395439,0.1339525781; 0.0577069058; 0.0077758567
354.0,0.0555,3,16.5734807386; 24.1281296488; 143.2091219178,0.1057909985; 0.1169102541; 0.1436426560,0.1150370493; 0.0702476596; 0.0075388824
355.0,0.051,3,10.2277755943; 67.7410108845; 95.5857609305,0.0861034062; 0.1358689533; 0.1398433413,0.2212966100; 0.0192242170; 0.0125788568
355.0,0.0515,3,10.5491307627; 58.1959729080; 106.1279307592,0.0875872483; 0.1338299953; 0.1409016805,0.2120873799; 0.0231783805; 0.0110459906
355.0,0.052,3,10.9058408460; 51.8149623165; 113.4484155883,0.0891451890; 0.1321311421; 0.1415458851,0.2026288868; 0.0267551984; 0.0101616904
355.0,0.0525,3,11.3065201823; 46.7282907876; 119.4088689392,0.0907928783; 0.1305071042; 0.1420255925,0.1928602663; 0.0304143425; 0.0095271579
355.0,0.053,3,11.7635075784; 42.3774371377; 124.5560324631,0.0925523109; 0.1288647684; 0.1424119189,0.1826955831; 0.0343531354; 0.0090310148
355.0,0.0535,3,12.2954852723; 38.4920153644; 129.1421498251,0.0944561274; 0.1271395485; 0.1427368077,0.1720067200; 0.0387489205; 0.0086240431
355.0,0.054,3,12.9330123707; 34.9003644328; 133.3088443217,0.0965565917; 0.1252616926; 0.1430177447,0.1605876048; 0.0438343288; 0.0082796921
355.0,0.0545,3,13.7322220245; 31.4576607201; 137.1453100593,0.0989475230; 0.1231266339; 0.1432654755,0.1480666465; 0.0499970577; 0.0079818633
355.0,0.055,3,14.8187738960; 27.9780997410; 140.7121785178,0.1018336719; 0.1205224876; 0.1434871324,0.1336292142; 0.0580622968; 0.0077200055
355.0,0.0555,3,16.6353330270; 23.9759534295; 144.0529831192,0.1059146682; 0.1167446199; 0.1436877175,0.1144784600; 0.0708342143; 0.0074868055
356.0,0.051,3,10.2323451011; 66.6885411353; 97.3697807412,0.0861227175; 0.1356647579; 0.1400313963,0.2211755003; 0.0196035632; 0.0122992098
356.0,0.0515,3,10.5543302898; 57.6788671229; 107.3780714577,0.0876082562; 0.1337011524; 0.1410126775,0.2119584023; 0.0234406598; 0.0108909945
356.0,0.052,3,10.9118313458; 51.4642554499; 114.5334435609,0.0891682371; 0.1320250792; 0.1416320533,0.2024905777; 0.0269870148; 0.0100462044
356.0,0.0525,3,11.3135308779; 46.4632340188; 120.4092670853,0.0908184404; 0.1304118078; 0.1420984713,0.1927106179; 0.0306363384; 0.0094325474
356.0,0.053,3,11.7718810900; 42.1650666976; 125.5043862066,0.0925810718; 0.1287748220; 0.1424762399,0.1825317095; 0.0345757776; 0.0089496983
356.0,0.0535,3,12.3057680902; 38.3149383685; 130.0552707737,0.0944891416; 0.1270514234; 0.1427950452,0.1718242057; 0.0389805615; 0.0085520836
356.0,0.054,3,12.9461605730; 34.7476645689; 134.1966588292,0.0965956351; 0.1251721307; 0.1430713808,0.1603790593; 0.0440847019; 0.0082147466
356.0,0.0545,3,13.7501660520; 31.3209820356; 138.0142106313,0.0989960369; 0.1230312246; 0.1433154795,0.1478178460; 0.0502819094; 0.0079224088
356.0,0.055,3,14.8465616335; 27.8479877595; 141.5665395847,0.1019002513; 0.1204119619; 0.1435341783,0.1333049000; 0.0584179387; 0.0076649889
356.0,0.0555,3,16.6990095528; 23.8232008922; 144.8959355155,0.1060412193; 0.1165765807; 0.1437322962,0.1139082634; 0.0714317776; 0.0074354640
357.0,0.051,3,10.2368981739; 65.7477764518; 99.0424722284,0.0861419478; 0.1354775525; 0.1402025357,0.2210549323; 0.0199546026; 0.0120474493
357.0,0.0515,3,10.5595124680; 57.1864770969; 108.6038713750,0.0876291799; 0.1335766284; 0.1411194334,0.2118299816; 0.0236955497; 0.0107429539
357.0,0.052,3,10.9178038154; 51.1250300585; 115.6073630829,0.0891911981; 0.1319213106; 0.1417160075,0.2023528382; 0.0272147843; 0.0099343204
357.0,0.0525,3,11.3205234430; 46.2049562157; 121.4032567995,0.0908439138; 0.1303180530; 0.1421698905,0.1925615463; 0.0308555307; 0.0093402898
357.0,0.053,3,11.7802377309; 41.9572101861; 126.4485927466,0.0926097452; 0.1286860366; 0.1425394810,0.1823684082; 0.0347962516; 0.0088701056
357.0,0.0535,3,12.3160385577; 38.1410900764; 130.9655227157,0.0945220754; 0.1269642277; 0.1428524272,0.1716422322; 0.0392104391; 0.0084814761
357.0,0.054,3,12.9593094896; 34.5973787826; 135.0824034240,0.0966346209; 0.1250833289; 0.1431243080,0.1601709562; 0.0443336545; 0.0081509101
357.0,0.0545,3,13.7681506225; 31.1861398876; 138.8815765750,0.0990445632; 0.1229364029; 0.1433648772,0.1475691914; 0.0505658086; 0.0078638934
357.0,0.055,3,14.8745503737; 27.7191724072; 142.4197430809,0.1019671158; 0.1203016755; 0.1435806935,0.1329795938; 0.0587738925; 0.0076107864
357.0,0.0555,3,16.7646653015; 23.6696884631; 145.7380062901,0.1061708975; 0.1164058812; 0.1437764018,0.1133254534; 0.0720413711; 0.0073848412
358.0,0.051,3,10.2414349111; 64.8942235972; 100.6283270456,0.0861610974; 0.1353037254; 0.1403603707,0.2209349022; 0.0202833450; 0.0118175684
358.0,0.0515,3,10.5646773988; 56.7164152384; 109.8077165272,0.0876500197; 0.1334560374; 0.1412223333,0.2117021136; 0.0239437027; 0.0106012193
358.0,0.052,3,10.9237583587; 50.7965542435; 116.6709044853,0.0892140726; 0.1318197065; 0.1417978771,0.2022156642; 0.0274387302; 0.0098258179
358.0,0.0525,3,11.3274979843; 45.9531289358; 122.3911649639,0.0908692992; 0.1302257757; 0.1422399137,0.1924130475; 0.0310720318; 0.0092502756
358.0,0.053,3,11.7885776151; 41.7536888433; 127.3888292852,0.0926383316; 0.1285983734; 0.1426016802,0.1822056751; 0.0350146260; 0.0087921709
358.0,0.0535,3,12.3262968176; 37.9703611310; 131.8730134316,0.0945549296; 0.1268779352; 0.1429089792,0.1714607950; 0.0394386010; 0.0084121762
358.0,0.054,3,12.9724593862; 34.4494346282; 135.9661488623,0.0966735502; 0.1249952676; 0.1431765449,0.1599632900; 0.0445812230; 0.0080881505
358.0,0.0545,3,13.7861766178; 31.0530829583; 139.7474569121,0.0990931039; 0.1228421526; 0.1434136828,0.1473206725; 0.0508487889; 0.0078062925
358.0,0.055,3,14.9027457084; 27.5916113500; 143.2718243442,0.1020342754; 0.1201916074; 0.1436266891,0.1326532525; 0.0591302198; 0.0075573784
358.0,0.0555,3,16.8324773453; 23.5152114243; 146.5792216927,0.1063039835; 0.1162322316; 0.1438200435,0.1127288827; 0.0726641573; 0.0073349211
359.0,0.051,3,10.2459554106; 64.1111219565; 102.1441042358,0.0861801670; 0.1351407972; 0.1405073800,0.2208154060; 0.0205939137; 0.0116054465
359.0,0.0515,3,10.5698251827; 56.2666438277; 110.9916430690,0.0876707764; 0.1333390492; 0.1413217070,0.2115747947; 0.0241856772; 0.0104652350
359.0,0.052,3,10.9296950787; 50.4781670980; 117.7247271183,0.0892368612; 0.1317201491; 0.1418777794,0.2020790518; 0.0276590551; 0.0097204972
359.0,0.0525,3,11.3344546076; 45.7074478197; 123.3732943882,0.0908945970; 0.1301349160; 0.1423086002,0.1922651174; 0.0312859463; 0.0091624032
359.0,0.053,3,11.7969008561; 41.5543345389; 128.3252624056,0.0926668316; 0.1285117962; 0.1426628734,0.1820435059; 0.0352309658; 0.0087158323
359.0,0.0535,3,12.3365430121; 37.8026476815; 132.7778452060,0.0945877047; 0.1267925210; 0.1429647255,0.1712798897; 0.0396650924; 0.0083441419
359.0,0.054,3,12.9856105294; 34.3037628349; 136.8479627340,0.0967124237; 0.1249079283; 0.1432281090,0.1597560553; 0.0448274427; 0.0080264370
359.0,0.0545,3,13.8042449341; 30.9217618942; 140.6118986951,0.0991416610; 0.1227484581; 0.1434619098,0.1470722791; 0.0511308832; 0.0077495824
359.0,0.055,3,14.9311534456; 27.4652633437; 144.1228174153,0.1021017401; 0.1200817364; 0.1436721760,0.1323258314; 0.0594869831; 0.0075047461
359.0,0.0555,3,16.9026494676; 23.3595392489; 147.4196070806,0.1064407994; 0.1160553007; 0.1438632304,0.1121172331; 0.0733014687; 0.0072856880
360.0,0.0505,3,9.9556341848; 79.8711053955; 86.0598625112,0.0847706527; 0.1378571223; 0.1387006046,0.2297349699; 0.0157243981; 0.0143457505
360.0,0.051,3,10.2504597691; 63.3864103361; 103.6018634309,0.0861991571; 0.1349869780; 0.1406453530,0.2206964399; 0.0208892844; 0.0114081107
360.0,0.0515,3,10.5749559195; 55.8354076214; 112.1574046903,0.0876914503; 0.1332253781; 0.1414178396,0.2114480208; 0.0244219561; 0.0103345212
360.0,0.052,3,10.9356140777; 50.1692695280; 118.7694285297,0.0892595644; 0.1316225311; 0.1419558210,0.2019429971; 0.0278759433; 0.0096181769
360.0,0.0525,3,11.3413934180; 45.4676302274; 124.3499261738,0.0909198080; 0.1300454183; 0.1423760052,0.1921177522; 0.0314973717; 0.0090765781
360.0,0.053,3,11.8052075663; 41.3589889258; 129.2580489188,0.0926952459; 0.1284262704; 0.1427230944,0.1818818968; 0.0354453325; 0.0086410315
360.0,0.0535,3,12.3467772826; 37.6378510126; 133.6801151988,0.0946204015; 0.1267079613; 0.1430196891,0.1710995121; 0.0398899568; 0.0082773332
360.0,0.054,3,12.9987631868; 34.1602971206; 137.7279096491,0.0967512425; 0.1248212932; 0.1432790173,0.1595492468; 0.0450723471; 0.0079657402
360.0,0.0545,3,13.8223564824; 30.7921292027; 141.4749471106,0.0991902365; 0.1226553042; 0.1435095713,0.1468240011; 0.0514121233; 0.0076937404
360.0,0.055,3,14.9597796218; 27.3400881603; 144.9727550999,0.1021695208; 0.1199720413; 0.1437171649,0.1319972846; 0.0598442457; 0.0074528710
360.0,0.0555,3,16.9754181059; 23.2024096191; 148.2591869576,0.1065817187; 0.1158747063; 0.1439059711,0.1114889783; 0.0739548459; 0.0072371268
361.0,0.0505,3,9.9596147016; 76.1962396208; 90.4665140247,0.0847881421; 0.1373020112; 0.1392413723,0.2296232133; 0.0166662169; 0.0134951505
361.0,0.051,3,10.2549480826; 62.7110702024; 105.0106216142,0.0862180683; 0.1348409253; 0.1407756320,0.2205780003; 0.0211716883; 0.0112233326
361.0,0.0515,3,10.5800697080; 55.4211822497; 113.3065242177,0.0877120422; 0.1331147752; 0.1415109794,0.2113217882; 0.0246529597; 0.0102086603
361.0,0.052,3,10.9415154568; 49.8693165401; 119.8055521779,0.0892821828; 0.1315267548; 0.1420320991,0.2018074961; 0.0280895630; 0.0095186920
361.0,0.0525,3,11.3483145196; 45.2334131628; 125.3213217886,0.0909449326; 0.1299572306; 0.1424421799,0.1919709479; 0.0317063990; 0.0089927121
361.0,0.053,3,11.8134978573; 41.1675026775; 130.1873366253,0.0927235750; 0.1283417634; 0.1427823753,0.1817208434; 0.0356577841; 0.0085677132
361.0,0.0535,3,12.3569997701; 37.4758772045; 134.5799157844,0.0946530206; 0.1266242334; 0.1430738922,0.1709196577; 0.0401132355; 0.0082117118
361.0,0.054,3,13.0119176268; 34.0189740192; 138.6060514105,0.0967900074; 0.1247353451; 0.1433292862,0.1593428590; 0.0453159689; 0.0079060319
361.0,0.0545,3,13.8405121893; 30.6641391546; 142.3366455757,0.0992388326; 0.1225626763; 0.1435566801,0.1465758281; 0.0516925404; 0.0076387443
361.0,0.055,3,14.9886305150; 27.2160465173; 145.8216690262,0.1022376285; 0.1198625009; 0.1437616657,0.1316675642; 0.0602020718; 0.0074017355
361.0,0.0555,3,17.0510601017; 23.0435206396; 149.0979850106,0.1067271781; 0.1156900033; 0.1439482741,0.1108423342; 0.0746260864; 0.0071892227
362.0,0.0505,3,9.9635802376; 74.0775879226; 93.3173221000,0.0848055563; 0.1369609292; 0.1395681792,0.2295119638; 0.0172584929; 0.0129937010
362.0,0.051,3,10.2594204464; 62.0781513507; 106.3773274508,0.0862369011; 0.1347016008; 0.1408992544,0.2204600834; 0.0214428498; 0.0110493907
362.0,0.0515,3,10.5851666464; 55.0226341117; 114.4403337198,0.0877325525; 0.1330070221; 0.1416013444,0.2111960931; 0.0248790570; 0.0100872860
362.0,0.052,3,10.9473993166; 49.5778107193; 120.8335939532,0.0893047170; 0.1314327306; 0.1421067028,0.2016725451; 0.0283000680; 0.0094218910
362.0,0.0525,3,11.3552180159; 45.0045514459; 126.2877248951,0.0909699715; 0.1298703040; 0.1425071727,0.1918247004; 0.0319131134; 0.0089107231
362.0,0.053,3,11.8217718398; 40.9797348000; 131.1132650041,0.0927518194; 0.1282582443; 0.1428407464,0.1815603420; 0.0358683759; 0.0084958254
362.0,0.0535,3,12.3672106148; 37.3166368213; 135.4773348637,0.0946855627; 0.1265413155; 0.1431273559,0.1707403222; 0.0403349682; 0.0081472416
362.0,0.054,3,13.0250741191; 33.8797327200; 139.4824471738,0.0968287193; 0.1246500673; 0.1433789313,0.1591368866; 0.0455583394; 0.0078472849
362.0,0.0545,3,13.8587129969; 30.5377476941; 143.1970358281,0.0992874512; 0.1224705600; 0.1436032483,0.1463277497; 0.0519721649; 0.0075845733
362.0,0.055,3,15.0177126587; 27.0931000092; 146.6695896995,0.1023060746; 0.1197530938; 0.1438056886,0.1313366207; 0.0605605272; 0.0073513225
362.0,0.0555,3,17.1299029769; 22.8825205261; 149.9360241440,0.1068776934; 0.1155006676; 0.1439901476,0.1101751938; 0.0753173102; 0.0071419616
363.0,0.0505,3,9.9675308840; 72.4675787427; 95.6598567589,0.0848228959; 0.1366904913; 0.1398244099,0.2294012177; 0.0177354482; 0.0126071828
363.0,0.051,3,10.2638769548; 61.4821650847; 107.7074681078,0.0862556560; 0.1345681820; 0.1410170422,0.2203426856; 0.0217041344; 0.0108849220
363.0,0.0515,3,10.5902468318; 54.6385887857; 115.5600060967,0.0877529818; 0.1329019256; 0.1416891271,0.2110709318; 0.0251005741; 0.0099700752
363.0,0.052,3,10.9532657567; 49.2942966801; 121.8540077268,0.0893271675; 0.1313403760; 0.1421797140,0.2015381402; 0.0285076000; 0.0093276354
363.0,0.0525,3,11.3621040091; 44.7808160956; 127.2493629673,0.0909949251; 0.1297845931; 0.1425710286,0.1916790061; 0.0321175947; 0.0088305339
363.0,0.053,3,11.8300296239; 40.7955520094; 132.0359658342,0.0927799799; 0.1281756838; 0.1428982365,0.1814003885; 0.0360771602; 0.0084253187
363.0,0.0535,3,12.3774099563; 37.1600446249; 136.3724561497,0.0947180284; 0.1264591868; 0.1431801003,0.1705615015; 0.0405551928; 0.0080838876
363.0,0.054,3,13.0382329342; 33.7425149194; 140.3571535963,0.0968673791; 0.1245654439; 0.1434279678,0.1589313243; 0.0457994889; 0.0077894733
363.0,0.0545,3,13.8769598638; 30.4129123531; 144.0561580108,0.0993360946; 0.1223789414; 0.1436492878,0.1460797554; 0.0522510267; 0.0075312068
363.0,0.055,3,15.0470328561; 26.9712110414; 147.5165465538,0.1023748712; 0.1196437985; 0.1438492430,0.1310044026; 0.0609196785; 0.0073016155
363.0,0.0555,3,17.2123388203; 22.7189936861; 150.7733265132,0.1070338813; 0.1153060746; 0.1440315996,0.1094850395; 0.0760310477; 0.0070953297
364.0,0.0505,3,9.9714667310; 71.1374499397; 97.7228786176,0.0848401614; 0.1364592715; 0.1400414899,0.2292909715; 0.0181483920; 0.0122842890
364.0,0.051,3,10.2683177015; 60.9186885292; 109.0054649417,0.0862743335; 0.1344400041; 0.1411296600,0.2202258030; 0.0219566458; 0.0107288256
364.0,0.0515,3,10.5953103607; 54.2680058469; 116.6665802619,0.0877733306; 0.1327993141; 0.1417744988,0.2109463004; 0.0253178008; 0.0098567406
364.0,0.052,3,10.9591148759; 49.0183563202; 122.8672100976,0.0893495348; 0.1312496151; 0.1422512081,0.2014042776; 0.0287122893; 0.0092357976
364.0,0.0525,3,11.3689726009; 44.5619928968; 128.2064487238,0.0910197941; 0.1297000548; 0.1426337900,0.1915338610; 0.0323199181; 0.0087520724
364.0,0.053,3,11.8382713187; 40.6148281669; 132.9555637598,0.0928080570; 0.1280940539; 0.1429548729,0.1812409789; 0.0362841867; 0.0083561462
364.0,0.0535,3,12.3875979337; 37.0060193112; 137.2653594317,0.0947504184; 0.1263778276; 0.1432321447,0.1703831913; 0.0407739456; 0.0080216169
364.0,0.054,3,13.0513943437; 33.6072646822; 141.2302249748,0.0969059877; 0.1244814597; 0.1434764099,0.1587261668; 0.0460394466; 0.0077325721
364.0,0.0545,3,13.8952537652; 30.2895921718; 144.9140507507,0.0993847648; 0.1222878071; 0.1436948099,0.1458318347; 0.0525291550; 0.0074786253
364.0,0.055,3,15.0765981971; 26.8503427651; 148.3625679995,0.1024440305; 0.1195345934; 0.1438923382,0.1306708568; 0.0612795940; 0.0072525986
364.0,0.0555,3,17.2988434626; 22.5524415122; 151.6099135554,0.1071964890; 0.1151054693; 0.1440726380,0.1087688213; 0.0767703612; 0.0070493137
365.0,0.0505,3,9.9753878681; 69.9907286683; 99.6028590062,0.0848573533; 0.1362539744; 0.1402327141,0.2291812217; 0.0185190224; 0.0120033243
365.0,0.051,3,10.2727427793; 60.3840967192; 110.2749414097,0.0862929342; 0.1343165201; 0.1412376540,0.2201094323; 0.0222012912; 0.0105801969
365.0,0.0515,3,10.6003573288; 53.9099585732; 117.7609814366,0.0877935994; 0.1326990342; 0.1418576123,0.2108221955; 0.0255309959; 0.0097470263
365.0,0.052,3,10.9649467722; 48.7496047378; 123.8735844739,0.0893718195; 0.1311603779; 0.1423212546,0.2012709537; 0.0289142563; 0.0091462598
365.0,0.0525,3,11.3758238922; 44.3478811239; 129.1591814035,0.0910445791; 0.1296166488; 0.1426954966,0.1913892614; 0.0325201540; 0.0086752708
365.0,0.053,3,11.8464970324; 40.4374437662; 133.8721768031,0.0928360513; 0.1280133281; 0.1430106816,0.1810821094; 0.0364895027; 0.0082882635
365.0,0.0535,3,12.3977746855; 36.8544832674; 138.1561208175,0.0947827332; 0.1262972185; 0.1432835076,0.1702053875; 0.0409912615; 0.0079603976
365.0,0.054,3,13.0645586206; 33.4739283125; 142.1017133752,0.0969445460; 0.1243980997; 0.1435242718,0.1585214089; 0.0462782407; 0.0076765574
365.0,0.0545,3,13.9135956937; 30.1677476239; 145.7707512338,0.0994334641; 0.1221971438; 0.1437398256,0.1455839769; 0.0528065782; 0.0074268098
365.0,0.055,3,15.1064160747; 26.7304590150; 149.2076814700,0.1025135654; 0.1194254565; 0.1439349832,0.1303359278; 0.0616403436; 0.0072042562
365.0,0.0555,3,17.3900036261; 22.3822552030; 152.4458060192,0.1073664368; 0.1148979239; 0.1441132701,0.1080227852; 0.0775390165; 0.0070039007
366.0,0.0505,3,9.9792943842; 68.9759359284; 101.3512754200,0.0848744721; 0.1360674834; 0.1404051987,0.2290719647; 0.0188589489; 0.0117526819
366.0,0.051,3,10.2771522803; 59.8753754088; 111.5189102596,0.0863114585; 0.1341972739; 0.1413414800,0.2199935697; 0.0224388272; 0.0104382820
366.0,0.0515,3,10.6053878308; 53.5636174296; 118.8440376652,0.0878137888; 0.1326009479; 0.1419386050,0.2106986132; 0.0257403920; 0.0096407022
366.0,0.052,3,10.9707615428; 48.4876867051; 124.8734846005,0.0893940221; 0.1310725992; 0.1423899181,0.2011381647; 0.0291136128; 0.0090589133
366.0,0.0525,3,11.3826579829; 44.1382924035; 130.1077479039,0.0910692805; 0.1295343372; 0.1427561859,0.1912452035; 0.0327183690; 0.0086000655
366.0,0.053,3,11.8547068726; 40.2632854664; 134.7859168305,0.0928639632; 0.1279334811; 0.1430656873,0.1809237762; 0.0366931534; 0.0082216284
366.0,0.0535,3,12.4079403494; 36.7053623480; 139.0448129573,0.0948149736; 0.1262173413; 0.1433342067,0.1700280858; 0.0412071739; 0.0079001995
366.0,0.054,3,13.0777260387; 33.3424542342; 142.9716687514,0.0969830549; 0.1243153496; 0.1435715669,0.1583170452; 0.0465158985; 0.0076214061
366.0,0.0545,3,13.9319866597; 30.0473405456; 146.6262952740,0.0994821946; 0.1221069387; 0.1437843456,0.1453361712; 0.0530833244; 0.0073757420
366.0,0.055,3,15.1364942040; 26.6115242468; 150.0519134642,0.1025834895; 0.1193163658; 0.1439771867,0.1299995580; 0.0620019987; 0.0071565734
366.0,0.0555,3,17.4865565112; 22.2076761488; 153.2810239931,0.1075448791; 0.1146822767; 0.1441535034,0.1072422230; 0.0783417335; 0.0069590779
367.0,0.0505,3,9.9831863672; 68.0617756868; 102.9994223980,0.0848915182; 0.1358954585; 0.1405632831,0.2289631971; 0.0191752484; 0.0115252871
367.0,0.051,3,10.2815462957; 59.3899867441; 112.7399078581,0.0863299070; 0.1340818801; 0.1414415229,0.2198782117; 0.0226698927; 0.0103024446
367.0,0.0515,3,10.6104019608; 53.2282365050; 119.9164933784,0.0878338992; 0.1325049308; 0.1420176009,0.2105755500; 0.0259461990; 0.0095375613
367.0,0.052,3,10.9765592840; 48.2322736060; 125.8672376205,0.0894161432; 0.1309862189; 0.1424572584,0.2010059070; 0.0293104622; 0.0089736570
367.0,0.0525,3,11.3894749722; 43.9330496950; 131.0523237992,0.0910938989; 0.1294530841; 0.1428158933,0.1911016835; 0.0329146256; 0.0085263966
367.0,0.053,3,11.8629009460; 40.0922456664; 135.6968899789,0.0928917935; 0.1278544890; 0.1431199135,0.1807659753; 0.0368951815; 0.0081562009
367.0,0.0535,3,12.4180950627; 36.5585856677; 139.9315052511,0.0948471402; 0.1261381785; 0.1433842589,0.1698512822; 0.0414217150; 0.0078409937
367.0,0.054,3,13.0908968735; 33.2127928782; 143.8401390583,0.0970215152; 0.1242331956; 0.1436183081,0.1581130706; 0.0467524464; 0.0075670961
367.0,0.0545,3,13.9504276921; 29.9283340702; 147.4807173795,0.0995309585; 0.1220171793; 0.1438283802,0.1450884067; 0.0533594212; 0.0073254044
367.0,0.055,3,15.1668406423; 26.4935034766; 150.8952895876,0.1026538167; 0.1192072988; 0.1440189573,0.1296616874; 0.0623646328; 0.0071095357
367.0,0.0555,3,17.5894495659; 22.0277361346; 154.1155869314,0.1077332974; 0.1144570389; 0.1441933451,0.1064210944; 0.0791845634; 0.0069148334
368.0,0.0505,3,9.9870639045; 67.2275494613; 104.5679969380,0.0849084923; 0.1357350203; 0.1407098464,0.2288549153; 0.0194726143; 0.0113164494
368.0,0.051,3,10.2859249159; 58.9257706329; 113.9400928196,0.0863482801; 0.1339700095; 0.1415381112,0.2197633549; 0.0228950332; 0.0101721418
368.0,0.0515,3,10.6153998121; 52.9031422824; 120.9790206230,0.0878539313; 0.1324108703; 0.1420947120,0.2104530024; 0.0261486069; 0.0094374161
368.0,0.052,3,10.9823400914; 47.9830607670; 126.8551467445,0.0894381833; 0.1309011806; 0.1425233311,0.2008741768; 0.0295049009; 0.0088903974
368.0,0.0525,3,11.3962749584; 43.7319863780; 131.9930742538,0.0911184348; 0.1293728556; 0.1428746521,0.1909586978; 0.0331089833; 0.0084542074
368.0,0.053,3,11.8710793585; 39.9242221158; 136.6051970446,0.0929195427; 0.1277763286; 0.1431733827,0.1806087031; 0.0370956282; 0.0080919427
368.0,0.0535,3,12.4282389622; 36.4140854097; 140.8162640396,0.0948792336; 0.1260597131; 0.1434336805,0.1696749725; 0.0416349157; 0.0077827522
368.0,0.054,3,13.1040714012; 33.0848965782; 144.7071703556,0.0970599280; 0.1241516244; 0.1436645078,0.1579094798; 0.0469879100; 0.0075136060
368.0,0.0545,3,13.9689198385; 29.8106925653; 148.3340508139,0.0995797581; 0.1219278534; 0.1438719394,0.1448406724; 0.0536348956; 0.0072757798
368.0,0.055,3,15.1974638105; 26.3763622206; 151.7378345911,0.1027245615; 0.1190982327; 0.1440603030,0.1293222537; 0.0627283213; 0.0070631291
368.0,0.0555,3,17.6999346235; 21.8411631774; 154.9495136804,0.1079336465; 0.1142202490; 0.1442328019,0.1055514334; 0.0800754832; 0.0068711552
369.0,0.0505,3,9.9909270826; 66.4587314351; 106.0715233828,0.0849253946; 0.1355841418; 0.1408469150,0.2287471161; 0.0197543492; 0.0111228686
369.0,0.051,3,10.2902882309; 58.4808708684; 115.1213198836,0.0863665784; 0.1338613783; 0.1416315284,0.2196489957; 0.0231147190; 0.0100469059
369.0,0.0515,3,10.6203814771; 52.5877242704; 122.0322284298,0.0878738854; 0.1323186638; 0.1421700407,0.2103309668; 0.0263477887; 0.0093400963
369.0,0.052,3,10.9881040600; 47.7397651213; 127.8374935861,0.0894601429; 0.1308174321; 0.1425881880,0.2007429708; 0.0296970190; 0.0088090472
369.0,0.0525,3,11.4030580392; 43.5349454296; 132.9301548442,0.0911428888; 0.1292936196; 0.1429324939,0.1908162428; 0.0333014980; 0.0083834446
369.0,0.053,3,11.8792422153; 39.7591175585; 137.5109338389,0.0929472112; 0.1276989780; 0.1432261163,0.1804519557; 0.0372945326; 0.0080288176
369.0,0.0535,3,12.4383721840; 36.2717966483; 141.6991527823,0.0949112544; 0.1259819290; 0.1434824871,0.1694991529; 0.0418468057; 0.0077254485
369.0,0.054,3,13.1172498999; 32.9587194727; 145.5728069060,0.0970982940; 0.1240706230; 0.1437101782,0.1577062676; 0.0472223140; 0.0074609153
369.0,0.0545,3,13.9874641662; 29.6943815742; 149.1863276543,0.0996285957; 0.1218389490; 0.1439150328,0.1445929573; 0.0539097741; 0.0072268519
369.0,0.055,3,15.2283725165; 26.2600664348; 152.5795724071,0.1027957393; 0.1189891443; 0.1441012319,0.1289811917; 0.0630931419; 0.0070173400
369.0,0.0555,3,17.8197241154; 21.6462252893; 155.7828225019,0.1081485962; 0.1139692304; 0.1442718808,0.1046223629; 0.0810253805; 0.0068280319
370.0,0.05,3,9.7206011774; 81.8247225979; 90.3172414702,0.0835562563; 0.1381046987; 0.1391956300,0.2375614272; 0.0153131847; 0.0135660943
370.0,0.0505,3,9.9947759873; 65.7446676394; 107.5206542370,0.0849422259; 0.1354413316; 0.1409759798,0.2286397960; 0.0200228822; 0.0109421179
370.0,0.051,3,10.2946363295; 58.0536788172; 116.2851962262,0.0863848024; 0.1337557398; 0.1417220208,0.2195351307; 0.0233293587; 0.0099263307
370.0,0.0515,3,10.6253470477; 52.2814271332; 123.0766706844,0.0878937622; 0.1322282175; 0.1422436798,0.2102094397; 0.0265439021; 0.0092454466
370.0,0.052,3,10.9938512836; 47.5021231559; 128.8145402153,0.0894820225; 0.1307349244; 0.1426518777,0.2006122852; 0.0298869003; 0.0087295249
370.0,0.0525,3,11.4098243113; 43.3417786844; 133.8637122994,0.0911672615; 0.1292153458; 0.1429894484,0.1906743147; 0.0334922230; 0.0083140578
370.0,0.053,3,11.8873896209; 39.5968394066; 138.4141915150,0.0929747997; 0.1276224164; 0.1432781346,0.1802957295; 0.0374919322; 0.0079667907
370.0,0.0535,3,12.4484948638; 36.1316571841; 142.5802322216,0.0949432033; 0.1259048103; 0.1435306938,0.1693238192; 0.0420574136; 0.0076690570
370.0,0.054,3,13.1304326486; 32.8342174131; 146.4370912664,0.0971366142; 0.1239901789; 0.1437553308,0.1575034289; 0.0474556824; 0.0074090041
370.0,0.0545,3,14.0060617628; 29.5793677604; 150.0375788462,0.0996774736; 0.1217504546; 0.1439576697,0.1443452501; 0.0541840829; 0.0071786046
370.0,0.055,3,15.2595759812; 26.1445824552; 153.4205261842,0.1028673660; 0.1188800099; 0.1441417518,0.1286384336; 0.0634591746; 0.0069721552
370.0,0.0555,3,17.9512680691; 21.4404534563; 156.6155310961,0.1083819603; 0.1137001627; 0.1443105882,0.1036183499; 0.0820497982; 0.0067854522
371.0,0.05,3,9.7240256333; 78.6501979693; 94.2254476042,0.0835718264; 0.1376463505; 0.1396414953,0.2374602523; 0.0160787746; 0.0128825093
371.0,0.0505,3,9.9986107036; 65.0772721255; 108.9234739951,0.0849589864; 0.1353054542; 0.1410981759,0.2285329516; 0.0202800622; 0.0107723513
371.0,0.051,3,10.2989693000; 57.6427898259; 117.4331250531,0.0864029525; 0.1336528776; 0.1418098040,0.2194217565; 0.0235393105; 0.0098100608
371.0,0.0515,3,10.6302966148; 51.9837440354; 124.1128527815,0.0879135620; 0.1321394458; 0.1423157149,0.2100884175; 0.0267370918; 0.0091533252
371.0,0.052,3,10.9995818556; 47.2698891021; 129.7865309676,0.0895038226; 0.1306536116; 0.1427144454,0.2004821165; 0.0300746236; 0.0086517546
371.0,0.0525,3,11.4165738707; 43.1523461644; 134.7938851705,0.0911915532; 0.1291380054; 0.1430455440,0.1905329101; 0.0336812085; 0.0082459992
371.0,0.053,3,11.8955216787; 39.4372994403; 139.3150568676,0.0930023088; 0.1275466235; 0.1433294572,0.1801400207; 0.0376878628; 0.0079058291
371.0,0.0535,3,12.4586071366; 35.9936073914; 143.4595605358,0.0949750808; 0.1258283422; 0.1435783151,0.1691489674; 0.0422667668; 0.0076135532
371.0,0.054,3,13.1436199280; 32.7113478786; 147.3000643736,0.0971748894; 0.1239102800; 0.1437999770,0.1573009586; 0.0476880385; 0.0073578535
371.0,0.0545,3,14.0247137365; 29.4656188556; 150.8878342551,0.0997263941; 0.1216623587; 0.1439998593,0.1440975394; 0.0544578478; 0.0071310226
371.0,0.055,3,15.2910838653; 26.0298769369; 154.2607183204,0.1029394581; 0.1187708054; 0.1441818701,0.1282939083; 0.0638265023; 0.0069275620
371.0,0.0555,3,18.0982901721; 21.2201055526; 157.4476566238,0.1086395263; 0.1134072521; 0.1443489305,0.1025158318; 0.0831723090; 0.0067434055
372.0,0.05,3,9.7274369104; 76.6283631005; 96.9813214101,0.0835873294; 0.1373377853; 0.1399376380,0.2373595349; 0.0166046957; 0.0124382399
372.0,0.0505,3,10.0024313160; 64.4502381723; 110.2862879335,0.0849756767; 0.1351756211; 0.1412143914,0.2284265798; 0.0205273350; 0.0106121250
372.0,0.051,3,10.3032872300; 57.2469690061; 118.5663398149,0.0864210293; 0.1335526011; 0.1418950685,0.2193088698; 0.0237448901; 0.0096977827
372.0,0.0515,3,10.6352302686; 51.6942109819; 125.1412372852,0.0879332855; 0.1320522698; 0.1423862241,0.2099678970; 0.0269274904; 0.0090636018
372.0,0.052,3,11.0052958684; 47.0428333338; 130.7536940449,0.0895255438; 0.1305734509; 0.1427759336,0.2003524614; 0.0302602626; 0.0085756651
372.0,0.0525,3,11.4233068128; 42.9665154732; 135.7208044368,0.0912157647; 0.1290615710; 0.1431008076,0.1903920254; 0.0338685025; 0.0081792237
372.0,0.053,3,11.9036384918; 39.2804135325; 140.2136126080,0.0930297389; 0.1274715803; 0.1433801029,0.1799848257; 0.0378823586; 0.0078459012
372.0,0.0535,3,12.4687091371; 35.8575900755; 144.3371934811,0.0950068876; 0.1257525102; 0.1436253648,0.1689745937; 0.0424748921; 0.0075589136
372.0,0.054,3,13.1568120200; 32.5900698952; 148.1617656249,0.0972131205; 0.1238309147; 0.1438441274,0.1570988514; 0.0479194049; 0.0073074450
372.0,0.0545,3,14.0434212170; 29.3531036101; 151.7371227148,0.0997753597; 0.1215746502; 0.1440416103,0.1438498137; 0.0547310943; 0.0070840910
372.0,0.055,3,15.3229062995; 25.9159167936; 155.1001704937,0.1030120332; 0.1186615060; 0.1442215942,0.1279475419; 0.0641952104; 0.0068835480
372.0,0.0555,3,18.2669590982; 20.9789949935; 158.2792157270,0.1089308662; 0.1130809202; 0.1443869141,0.1012758511; 0.0844318799; 0.0067018810
373.0,0.05,3,9.7308350890; 75.0570953922; 99.2869840460,0.0836027658; 0.1370883111; 0.1401747499,0.2372592718; 0.0170360892; 0.0120881474
373.0,0.0505,3,10.0062379081; 63.8585358332; 111.6141245644,0.0849922972; 0.1350511215; 0.1413253366,0.2283206771; 0.0207658574; 0.0104602849
373.0,0.051,3,10.3075902064; 56.8651240458; 119.6859313954,0.0864390332; 0.1334547408; 0.1419779831,0.2191964671; 0.0239463778; 0.0095892189
373.0,0.0515,3,10.6401480986; 51.4124019761; 126.1622487708,0.0879529331; 0.1319666169; 0.1424552797,0.2098478747; 0.0271152204; 0.0089761565
373.0,0.052,3,11.0109934140; 46.8207409471; 131.7162429373,0.0895471865; 0.1304944018; 0.1428363823,0.2002233162; 0.0304438867; 0.0085011896
373.0,0.0525,3,11.4300232320; 42.7841612458; 136.6445940557,0.0912398963; 0.1289860167; 0.1431552645,0.1902516571; 0.0340541504; 0.0081136883
373.0,0.053,3,11.9117401623; 39.1261013945; 141.1099376188,0.0930570906; 0.1273972683; 0.1434300894,0.1798301409; 0.0380754526; 0.0077869768
373.0,0.0535,3,12.4788009994; 35.7235503405; 145.2131845243,0.0950386242; 0.1256773001; 0.1436718562,0.1688006941; 0.0426818150; 0.0075051155
373.0,0.054,3,13.1700092082; 32.4703439603; 149.0222329528,0.0972513084; 0.1237520714; 0.1438877927,0.1568971022; 0.0481498035; 0.0072577609
373.0,0.0545,3,14.0621853562; 29.2417917462; 152.5854720734,0.0998243727; 0.1214873181; 0.1440829312,0.1436020616; 0.0550038473; 0.0070377955
373.0,0.055,3,15.3550539176; 25.8026691350; 155.9389036917,0.1030851095; 0.1185520865; 0.1442609311,0.1275992566; 0.0645653877; 0.0068401011
373.0,0.0555,3,18.4689606574; 20.7054185656; 159.1102245482,0.1092740823; 0.1127030587; 0.1444245449,0.0998247578; 0.0859021701; 0.0066608687
374.0,0.05,3,9.7342202488; 73.7451831632; 101.3336457617,0.0836181359; 0.1368731453; 0.1403776130,0.2371594598; 0.0174125994; 0.0117925898
374.0,0.0505,3,10.0100305629; 63.2980782298; 112.9110693410,0.0850088485; 0.1349313759; 0.1414315906,0.2282152404; 0.0209965718; 0.0103158909
374.0,0.051,3,10.3118783151; 56.4962833610; 120.7928699599,0.0864569646; 0.1333591458; 0.1420586985,0.2190845451; 0.0241440236; 0.0094841216
374.0,0.0515,3,10.6450501937; 51.1379248568; 127.1762779878,0.0879725053; 0.1318824200; 0.1425229482,0.2097283471; 0.0273003948; 0.0088908788
374.0,0.052,3,11.0166745832; 46.6034104944; 132.6743776875,0.0895687513; 0.1304164263; 0.1428958288,0.2000946776; 0.0306255610; 0.0084282655
374.0,0.0525,3,11.4367232221; 42.6051646481; 137.5653714629,0.0912639486; 0.1289113176; 0.1432089392,0.1901118016; 0.0342381956; 0.0080493524
374.0,0.053,3,11.9198267917; 38.9742863422; 142.0041071872,0.0930843644; 0.1273236698; 0.1434794339,0.1796759628; 0.0382671763; 0.0077290270
374.0,0.0535,3,12.4888828570; 35.5914354660; 146.0875849655,0.0950702913; 0.1256026987; 0.1437178024,0.1686272647; 0.0428875602; 0.0074521372
374.0,0.054,3,13.1832117776; 32.3521319720; 149.8815028964,0.0972894540; 0.1236737394; 0.1439309829,0.1566957061; 0.0483792556; 0.0072087840
374.0,0.0545,3,14.0810073289; 29.1316539140; 153.4329092370,0.0998734356; 0.1214003518; 0.1441238303,0.1433542711; 0.0552761317; 0.0069921220
374.0,0.055,3,15.3875378912; 25.6901012034; 156.7769382397,0.1031587060; 0.1184425207; 0.1442998879,0.1272489711; 0.0649371261; 0.0067972096
374.0,0.0555,3,18.7325770920; 20.3710771118; 159.9406987501,0.1097129072; 0.1122299292; 0.1444618289,0.0979846900; 0.0877610506; 0.0066203584
375.0,0.05,3,9.7375924684; 72.6070369232; 103.2068946255,0.0836334403; 0.1366811605; 0.1405573543,0.2370600958; 0.0177520203; 0.0115337753
375.0,0.0505,3,10.0138093627; 62.7654921286; 114.1804940811,0.0850253309; 0.1348159044; 0.1415336327,0.2281102664; 0.0212202584; 0.0101781651
375.0,0.051,3,10.3161516416; 56.1395783623; 121.8880226890,0.0864748241; 0.1332656802; 0.1421373497,0.2189731006; 0.0243380518; 0.0093822689
375.0,0.0515,3,10.6499366419; 50.8704177013; 128.1836854565,0.0879920025; 0.1317996169; 0.1425892914,0.2096093111; 0.0274831184; 0.0088076664
375.0,0.052,3,11.0223394663; 46.3906528557; 133.6282860204,0.0895902386; 0.1303394886; 0.1429543087,0.1999665422; 0.0308053470; 0.0083568339
375.0,0.0525,3,11.4434068760; 42.4294129215; 138.4832480282,0.0912879220; 0.1288374503; 0.1432618546,0.1899724555; 0.0344206793; 0.0079861772
375.0,0.053,3,11.9278984805; 38.8248950791; 142.8961932220,0.0931115609; 0.1272507679; 0.1435281529,0.1795222876; 0.0384575601; 0.0076720242
375.0,0.0535,3,12.4989548430; 35.4611947920; 146.9604440537,0.0951018895; 0.1255286929; 0.1437632156,0.1684543017; 0.0430921516; 0.0073999578
375.0,0.054,3,13.1964200149; 32.2353971626; 150.7396106676,0.0973275582; 0.1235959078; 0.1439737079,0.1564946577; 0.0486077820; 0.0071604979
375.0,0.0545,3,14.0998883334; 29.0226616497; 154.2794602101,0.0999225508; 0.1213137408; 0.1441643156,0.1431064304; 0.0555479719; 0.0069470570
375.0,0.055,3,15.4203699690; 25.5781803082; 157.6142938275,0.1032328430; 0.1183327818; 0.1443384712,0.1268966004; 0.0653105212; 0.0067548624
375.0,0.0555,3,19.1994242155; 19.8343383745; 160.7706535327,0.1104658330; 0.1114430338; 0.1444987718,0.0948674238; 0.0908967540; 0.0065803407
376.0,0.05,3,9.7409518262; 71.5955693602; 104.9538165369,0.0836486793; 0.1365062160; 0.1407201141,0.2369611766; 0.0180641677; 0.0113018906
376.0,0.0505,3,10.0175743892; 62.2579555571; 115.4252193510,0.0850417449; 0.1347043042; 0.1416318655,0.2280057519; 0.0214375718; 0.0100464554
376.0,0.051,3,10.3204102706; 55.7942289254; 122.9721683069,0.0864926121; 0.1331742221; 0.1422140587,0.2188621304; 0.0245286646; 0.0092834613
376.0,0.0515,3,10.6548075304; 50.6095457035; 129.1848045900,0.0880114253; 0.1317181500; 0.1426543665,0.2094907632; 0.0276634882; 0.0087264247
376.0,0.052,3,11.0279881530; 46.1822902263; 134.5781443544,0.0896116490; 0.1302635549; 0.1430118551,0.1998389066; 0.0309833027; 0.0082868391
376.0,0.0525,3,11.4500742861; 42.2567989665; 139.3983294714,0.0913118172; 0.1287643922; 0.1433140327,0.1898336155; 0.0346016410; 0.0079241260
376.0,0.053,3,11.9359553288; 38.6778574970; 143.7862644531,0.0931386805; 0.1271785463; 0.1435762621,0.1793691121; 0.0386466330; 0.0076159419
376.0,0.0535,3,12.5090170902; 35.3327796114; 147.8318090937,0.0951334193; 0.1254552701; 0.1438081079,0.1682818012; 0.0432956122; 0.0073485571
376.0,0.054,3,13.2096342083; 32.1201040353; 151.5965902138,0.0973656218; 0.1235185663; 0.1440159771,0.1562939522; 0.0488354027; 0.0071128865
376.0,0.0545,3,14.1188295927; 28.9147873357; 155.1251501351,0.0999717210; 0.1212274747; 0.1442043948,0.1428585274; 0.0558193923; 0.0069025875
376.0,0.055,3,15.4535625192; 25.4668737579; 158.4509895340,0.1033075416; 0.1182228423; 0.1443766875,0.1265420547; 0.0656856726; 0.0067130483
377.0,0.05,3,9.7442983997; 70.6816067521; 106.6035838152,0.0836638535; 0.1363444956; 0.1408697080,0.2368626991; 0.0183551393; 0.0110908401
377.0,0.0505,3,10.0213257231; 61.7730799789; 116.6476322905,0.0850580910; 0.1345962333; 0.1417266303,0.2279016938; 0.0216490679; 0.0099202083
377.0,0.051,3,10.3246542861; 55.4595313889; 124.0460090849,0.0865103291; 0.1330846606; 0.1422889354,0.2187516311; 0.0247160449; 0.0091875180
377.0,0.0515,3,10.6596629461; 50.3549984529; 130.1799444151,0.0880307741; 0.1316379654; 0.1427182268,0.2093727001; 0.0278415949; 0.0086470655
377.0,0.052,3,11.0336207321; 45.9781552101; 135.5241187090,0.0896329828; 0.1301885933; 0.1430684995,0.1997117675; 0.0311594830; 0.0082182289
377.0,0.0525,3,11.4567255439; 42.0872209627; 140.3107162427,0.0913356346; 0.1286921219; 0.1433654945,0.1896952780; 0.0347811180; 0.0078631636
377.0,0.053,3,11.9439974359; 38.5331064900; 144.6743866171,0.0931657239; 0.1271069895; 0.1436237766,0.1792164325; 0.0388344229; 0.0075607548
377.0,0.0535,3,12.5190697306; 35.2061430696; 148.7017255466,0.0951648814; 0.1253824182; 0.1438524908,0.1681097595; 0.0434979644; 0.0072979157
377.0,0.054,3,13.2228546480; 32.0062183059; 152.4524742764,0.0974036458; 0.1234417048; 0.1440577998,0.1560935843; 0.0490621375; 0.0070659344
377.0,0.0545,3,14.1378323546; 28.8080041634; 155.9700033284,0.1000209486; 0.1211415435; 0.1442440756,0.1426105500; 0.0560904167; 0.0068587008
377.0,0.055,3,15.4871285760; 25.3561487899; 159.2870438520,0.1033828239; 0.1181126734; 0.1444145433,0.1261852402; 0.0660626842; 0.0066717567
378.0,0.05,3,9.7476322658; 69.8456015829; 108.1757425823,0.0836789632; 0.1361934348; 0.1410087004,0.2367646603; 0.0186290322; 0.0108965292
378.0,0.0505,3,10.0250634448; 61.3088229467; 117.8497739593,0.0850743696; 0.1344913984; 0.1418182202,0.2277980890; 0.0218552233; 0.0097989494
378.0,0.051,3,10.3288837715; 55.1348485607; 125.1101808337,0.0865279755; 0.1329968954; 0.1423620802,0.2186415997; 0.0249003588; 0.0090942753
378.0,0.0515,3,10.6645029748; 50.1064875527; 131.1693919539,0.0880500494; 0.1315590132; 0.1427809219,0.2092551187; 0.0280175228; 0.0085695070
378.0,0.052,3,11.0392372917; 45.7780900020; 136.4663655216,0.0896542407; 0.1301145736; 0.1431242718,0.1995851216; 0.0313339398; 0.0081509537
378.0,0.0525,3,11.4633607403; 41.9205820199; 141.2205038705,0.0913593746; 0.1286206189; 0.1434162601,0.1895574399; 0.0349591465; 0.0078032567
378.0,0.053,3,11.9520249004; 38.3905777828; 145.5606226288,0.0931926915; 0.1270360823; 0.1436707109,0.1790642456; 0.0390209569; 0.0075064385
378.0,0.0535,3,12.5291128961; 35.0812400702; 149.5702371240,0.0951962763; 0.1253101256; 0.1438963754,0.1679381729; 0.0436992297; 0.0072480150
378.0,0.054,3,13.2360816255; 31.8937068470; 153.3072944467,0.0974416309; 0.1233653136; 0.1440991849,0.1558935492; 0.0492880053; 0.0070196266
378.0,0.0545,3,14.1568978932; 28.7022860970; 156.8140433155,0.1000702363; 0.1210559372; 0.1442833653,0.1423624856; 0.0563610689; 0.0068153846
378.0,0.055,3,15.5210818902; 25.2459724963; 160.1224747106,0.1034587133; 0.1180022457; 0.1444520447,0.1258260577; 0.0664416644; 0.0066309773
379.0,0.05,3,9.7509535008; 69.0737044660; 109.6841408406,0.0836940089; 0.1360512107; 0.1411389136,0.2366670572; 0.0188887567; 0.0107160495
379.0,0.0505,3,10.0287876338; 60.8634221232; 119.0334053162,0.0850905811; 0.1343895453; 0.1419068889,0.2276949343; 0.0220564505; 0.0096822684
379.0,0.051,3,10.3330988093; 54.8196013380; 126.1652612840,0.0865455519; 0.1329108346; 0.1424335841,0.2185320329; 0.0250817581; 0.0090035840
379.0,0.0515,3,10.6693277017; 49.8637445277; 132.1534143163,0.0880692516; 0.1314812465; 0.1428424982,0.2091380157; 0.0281913507; 0.0084936726
379.0,0.052,3,11.0448379193; 45.5819456516; 137.4050323841,0.0896754230; 0.1300414671; 0.1431792000,0.1994589656; 0.0315067223; 0.0080849670
379.0,0.0525,3,11.4699799653; 41.7567898589; 142.1277832818,0.0913830378; 0.1285498636; 0.1434663485,0.1894200976; 0.0351357606; 0.0077443734
379.0,0.053,3,11.9600378200; 38.2502097715; 146.4450327409,0.0932195838; 0.1269658103; 0.1437170791,0.1789125479; 0.0392062608; 0.0074529696
379.0,0.0535,3,12.5391467178; 34.9580271873; 150.4373858755,0.0952276046; 0.1252383808; 0.1439397726,0.1677670375; 0.0438994290; 0.0071988370
379.0,0.054,3,13.2493154344; 31.7825376352; 154.1610812182,0.0974795782; 0.1232893831; 0.1441401409,0.1556938417; 0.0495130248; 0.0069739488
379.0,0.0545,3,14.1760275094; 28.5976078403; 157.6572928638,0.1001195868; 0.1209706461; 0.1443222709,0.1421143218; 0.0566313726; 0.0067726270
379.0,0.055,3,15.5554369862; 25.1363117457; 160.9572994969,0.1035352346; 0.1178915284; 0.1444891978,0.1254644031; 0.0668227266; 0.0065906999
380.0,0.0495,3,9.4984274010; 85.3394052085; 92.9669934649,0.0823618132; 0.1385488681; 0.1394736811,0.2453871667; 0.0145890944; 0.0131377224
380.0,0.05,3,9.7542621803; 68.3556832032; 111.1390094128,0.0837089909; 0.1359164725; 0.1412616980,0.2365698867; 0.0191364693; 0.0105472470
380.0,0.0505,3,10.0324983692; 60.4353446152; 120.2000578854,0.0851067261; 0.1342904524; 0.1419928576,0.2275922267; 0.0222531096; 0.0095698076
380.0,0.051,3,10.3372994815; 54.5132616346; 127.2117771592,0.0865630585; 0.1328263944; 0.1425035307,0.2184229277; 0.0252603815; 0.0089153076
380.0,0.0515,3,10.6741372114; 49.6265189799; 133.1322605439,0.0880883813; 0.1314046215; 0.1429029990,0.2090213880; 0.0283631524; 0.0084194910
380.0,0.052,3,11.0504227017; 45.3895813968; 138.3402587088,0.0896965303; 0.1299692467; 0.1432333109,0.1993332962; 0.0316778771; 0.0080202243
380.0,0.0525,3,11.4765833084; 41.5957565176; 143.0326410954,0.0914066247; 0.1284798373; 0.1435157780,0.1892832480; 0.0353109934; 0.0076864833
380.0,0.053,3,11.9680362922; 38.1119433749; 147.3276746919,0.0932464013; 0.1268961596; 0.1437628946,0.1787613359; 0.0393903596; 0.0074003259
380.0,0.0535,3,12.5491713268; 34.8364625828; 151.3032122715,0.0952588669; 0.1251671729; 0.1439826927,0.1675963497; 0.0440985825; 0.0071503642
380.0,0.054,3,13.2625563700; 31.6726797021; 155.0138640354,0.0975174885; 0.1232139042; 0.1441806763,0.1554944567; 0.0497372141; 0.0069288870
380.0,0.0545,3,14.1952225320; 28.4939448036; 158.4997740141,0.1001690027; 0.1208856605; 0.1443607995,0.1418660459; 0.0569013512; 0.0067304163
380.0,0.055,3,15.5902092230; 25.0271331011; 161.7915350772,0.1036124138; 0.1177804896; 0.1445260085,0.1251001664; 0.0672059897; 0.0065509147
381.0,0.0495,3,9.5013891542; 81.8786005019; 97.1631576356,0.0823757275; 0.1380817878; 0.1399298764,0.2452952733; 0.0153510099; 0.0124497843
381.0,0.05,3,9.7575583793; 67.6837269872; 112.5481577398,0.0837239098; 0.1357881858; 0.1413780876,0.2364731459; 0.0193738205; 0.0103884733
381.0,0.0505,3,10.0361957292; 60.0232474898; 121.3510732393,0.0851228048; 0.1341939247; 0.1420763208,0.2274899631; 0.0224455170; 0.0094612530
381.0,0.051,3,10.3414858695; 54.2153463734; 128.2502101823,0.0865804960; 0.1327434977; 0.1425719966,0.2183142808; 0.0254363562; 0.0088293211
381.0,0.0515,3,10.6789315879; 49.3945769560; 134.1061632421,0.0881074388; 0.1313290970; 0.1429624650,0.2089052323; 0.0285329971; 0.0083468953
381.0,0.052,3,11.0559917248; 45.2008640605; 139.2721763320,0.0897175630; 0.1298978865; 0.1432866299,0.1992081104; 0.0318474486; 0.0079566837
381.0,0.0525,3,11.4831708583; 41.4373980803; 143.9351598919,0.0914301357; 0.1284105219; 0.1435645661,0.1891468878; 0.0354848762; 0.0076295573
381.0,0.053,3,11.9760204133; 37.9757218968; 148.2086038443,0.0932731446; 0.1268271167; 0.1438081703,0.1786106063; 0.0395732774; 0.0073484857
381.0,0.0535,3,12.5591868533; 34.7165059293; 152.1677552805,0.0952900638; 0.1250964913; 0.1440251458,0.1674261057; 0.0442967098; 0.0071025800
381.0,0.054,3,13.2758047296; 31.5641030875; 155.8656713411,0.0975553627; 0.1231388678; 0.1442207991,0.1552953894; 0.0499605909; 0.0068844275
381.0,0.0545,3,14.2144843185; 28.3912730737; 159.3415081100,0.1002184868; 0.1208009710; 0.1443989578,0.1416176449; 0.0571710279; 0.0066887414
381.0,0.055,3,15.6254148630; 24.9184027314; 162.6251978161,0.1036902785; 0.1176690960; 0.1445624824,0.1247332313; 0.0675915785; 0.0065116123
382.0,0.0495,3,9.5043393464; 79.7614600548; 100.0160027098,0.0823895818; 0.1377792670; 0.1402215657,0.2452037926; 0.0158548385; 0.0120196154
382.0,0.05,3,9.7608421721; 67.0517150560; 113.9177052263,0.0837387659; 0.1356655376; 0.1414888951,0.2363768318; 0.0196021076; 0.0102384334
382.0,0.0505,3,10.0398797914; 59.6259466017; 122.4876341720,0.0851388178; 0.1340997898; 0.1421574505,0.2273881405; 0.0226339525; 0.0093563268
382.0,0.051,3,10.3456580540; 53.9254123562; 129.2810022062,0.0865978647; 0.1326620736; 0.1426390523,0.2182060893; 0.0256097994; 0.0087455095
382.0,0.0515,3,10.6837109143; 49.1676995001; 135.0753400285,0.0881264247; 0.1312546346; 0.1430209343,0.2087895455; 0.0287009499; 0.0082758227
382.0,0.052,3,11.0615450740; 45.0156675029; 140.2009100617,0.0897385216; 0.1298273619; 0.1433391810,0.1990834048; 0.0320154790; 0.0078943055
382.0,0.0525,3,11.4897427031; 41.2816344294; 144.8354184635,0.0914535713; 0.1283419004; 0.1436127296,0.1890110137; 0.0356574393; 0.0075735677
382.0,0.053,3,11.9839902792; 37.8414908971; 149.0878733130,0.0932998141; 0.1267586687; 0.1438529187,0.1784603559; 0.0397550373; 0.0072974283
382.0,0.0535,3,12.5691934276; 34.5981183368; 153.0310524414,0.0953211958; 0.1250263258; 0.1440671416,0.1672563021; 0.0444938299; 0.0070554681
382.0,0.054,3,13.2890608125; 31.4567787951; 156.7165306198,0.0975932016; 0.1230642652; 0.1442605173,0.1550966346; 0.0501831725; 0.0068405575
382.0,0.0545,3,14.2338142562; 28.2895693846; 160.1825158260,0.1002680419; 0.1207165681; 0.1444367523,0.1413691056; 0.0574404260; 0.0066475914
382.0,0.055,3,15.6610711477; 24.8100863168; 163.4583035958,0.1037688578; 0.1175573129; 0.1445986252,0.1243634749; 0.0679796245; 0.0064727833
383.0,0.0495,3,9.5072780478; 78.1317029936; 102.3818082067,0.0824033767; 0.1375369870; 0.1404530672,0.2451127219; 0.0162642065; 0.0116835915
383.0,0.05,3,9.7641136325; 66.4547467497; 115.2525511838,0.0837535596; 0.1355478748; 0.1415947731,0.2362809415; 0.0198223719; 0.0100960879
383.0,0.0505,3,10.0435506329; 59.2423916887; 123.6107896033,0.0851547655; 0.1340078943; 0.1422363998,0.2272867560; 0.0228186650; 0.0092547823
383.0,0.051,3,10.3498161148; 53.6430518585; 130.3045596193,0.0866151651; 0.1325820566; 0.1427047629,0.2180983501; 0.0257808196; 0.0086637669
383.0,0.0515,3,10.6884752732; 48.9456813635; 136.0399948217,0.0881453393; 0.1311811978; 0.1430784429,0.2086743246; 0.0288670720; 0.0082062145
383.0,0.052,3,11.0670828341; 44.8338721225; 141.1265781760,0.0897594065; 0.1297576498; 0.1433909872,0.1989591764; 0.0321820084; 0.0078330518
383.0,0.0525,3,11.4962989300; 41.1283890145; 145.7334920430,0.0914769320; 0.1282739561; 0.1436602845,0.1888756226; 0.0358287117; 0.0075184878
383.0,0.053,3,11.9919459851; 37.7091980724; 149.9655340850,0.0933264103; 0.1266908032; 0.1438971517,0.1783105812; 0.0399356618; 0.0072471338
383.0,0.0535,3,12.5791911791; 34.4812622848; 153.8931399322,0.0953522635; 0.1249566663; 0.1441086895,0.1670869351; 0.0446899611; 0.0070090129
383.0,0.054,3,13.3023249197; 31.3506787508; 157.5664684398,0.0976310061; 0.1229900880; 0.1442998384,0.1548981875; 0.0504049757; 0.0067972641
383.0,0.0545,3,14.2532137630; 28.1888110892; 161.0228171946,0.1003176708; 0.1206324428; 0.1444741894,0.1411204148; 0.0577095684; 0.0066069557
383.0,0.055,3,15.6971963812; 24.7021489469; 164.2908678339,0.1038481826; 0.1174451040; 0.1446344423,0.1239907672; 0.0683702658; 0.0064344188
384.0,0.0495,3,9.5102053283; 76.7768278669; 104.4730742319,0.0824171124; 0.1373289711; 0.1406503572,0.2450220584; 0.0166198431; 0.0114009853
384.0,0.05,3,9.7673728338; 65.8888271497; 116.5566891912,0.0837682913; 0.1354346634; 0.1416962553,0.2361854722; 0.0200354651; 0.0099605875
384.0,0.0505,3,10.0472083301; 58.8716462627; 124.7214746874,0.0851706483; 0.1339181009; 0.1423133055,0.2271858066; 0.0229998775; 0.0091563989
384.0,0.051,3,10.3539601314; 53.3678888284; 131.3212571458,0.0866323975; 0.1325033861; 0.1427691887,0.2179910602; 0.0259495168; 0.0085839953
384.0,0.0515,3,10.6932247465; 48.7283298544; 137.0003189922,0.0881641832; 0.1311087525; 0.1431350245,0.2085595665; 0.0290314211; 0.0081380151
384.0,0.052,3,11.0726050891; 44.6553644024; 142.0492928772,0.0897802182; 0.1296887277; 0.1434420702,0.1988354219; 0.0323470751; 0.0077728867
384.0,0.0525,3,11.5028396258; 40.9775886404; 146.6294525172,0.0915002182; 0.1282066732; 0.1437072463,0.1887407112; 0.0359987213; 0.0074642923
384.0,0.053,3,11.9998876256; 37.5787931436; 150.8416351312,0.0933529337; 0.1266235080; 0.1439408810,0.1781612790; 0.0401151725; 0.0071975831
384.0,0.0535,3,12.5891802372; 34.3659015579; 154.7540526339,0.0953832674; 0.1248875032; 0.1441497986,0.1669180011; 0.0448851214; 0.0069631994
384.0,0.054,3,13.3155973546; 31.2457757633; 158.4155104921,0.0976687772; 0.1229163277; 0.1443387699,0.1547000429; 0.0506260169; 0.0067545350
384.0,0.0545,3,14.2726842888; 28.0889761332; 161.8624316315,0.1003673765; 0.1205485859; 0.1445112753,0.1408715590; 0.0579784781; 0.0065668240
384.0,0.055,3,15.7338100240; 24.5945550106; 165.1229055005,0.1039282857; 0.1173324310; 0.1446699391,0.1236149699; 0.0687636486; 0.0063965099
385.0,0.0495,3,9.5131212570; 75.6042711564; 106.3823629668,0.0824307894; 0.1371438697; 0.1408247850,0.2449317991; 0.0169395378; 0.0111540096
385.0,0.05,3,9.7706198483; 65.3506496541; 117.8334245194,0.0837829616; 0.1353254597; 0.1417937847,0.2360904208; 0.0202420939; 0.0098312274
385.0,0.0505,3,10.0508529588; 58.5128712152; 125.8205272079,0.0851864665; 0.1338302861; 0.1423882908,0.2270852894; 0.0231777901; 0.0090609786
385.0,0.051,3,10.3580901826; 53.0995755910; 132.3314411414,0.0866495625; 0.1324260058; 0.1428323853,0.2178842166; 0.0261159840; 0.0085061040
385.0,0.0515,3,10.6979594155; 48.5154638075; 137.9564923928,0.0881829567; 0.1310372663; 0.1431907111,0.2084452680; 0.0291940516; 0.0080711724
385.0,0.052,3,11.0781119224; 44.4800364952; 142.9691607067,0.0898009571; 0.1296205745; 0.1434924509,0.1987121384; 0.0325107155; 0.0077137760
385.0,0.0525,3,11.5093648765; 40.8291632703; 147.5233686226,0.0915234305; 0.1281400365; 0.1437536297,0.1886062764; 0.0361674946; 0.0074109566
385.0,0.053,3,12.0078152946; 37.4502277517; 151.7162235111,0.0933793849; 0.1265567716; 0.1439841178,0.1780124461; 0.0402935903; 0.0071487576
385.0,0.0535,3,12.5991607308; 34.2520011855; 155.6138241910,0.0954142082; 0.1248188271; 0.1441904777,0.1667494966; 0.0450793281; 0.0069180129
385.0,0.054,3,13.3288784225; 31.1420434868; 159.2636816282,0.0977065156; 0.1228429764; 0.1443773190,0.1545021959; 0.0508463122; 0.0067123585
385.0,0.0545,3,14.2922273163; 27.9900430298; 162.7013779596,0.1004171618; 0.1204649885; 0.1445480161,0.1406225244; 0.0582471780; 0.0065271863
385.0,0.055,3,15.7709327968; 24.4872680749; 165.9544311344,0.1040092022; 0.1172192541; 0.1447051207,0.1232359364; 0.0691599271; 0.0063590481
386.0,0.0495,3,9.5160259027; 74.5638227698; 108.1598831756,0.0824444080; 0.1369755078; 0.1409825252,0.2448419413; 0.0172329661; 0.0109329908
386.0,0.05,3,9.7738547481; 64.8374412979; 119.0855288110,0.0837975706; 0.1352198909; 0.1418877342,0.2359957847; 0.0204428529; 0.0097074153
386.0,0.0505,3,10.0544845941; 58.1653113318; 126.9087010630,0.0852022207; 0.1337443384; 0.1424614667,0.2269852014; 0.0233525837; 0.0089683425
386.0,0.051,3,10.3622063464; 52.8377899800; 133.3354324623,0.0866666605; 0.1323498634; 0.1428944048,0.2177778163; 0.0262803077; 0.0084300087
386.0,0.0515,3,10.7026793608; 48.3069126586; 138.9086842835,0.0882016603; 0.1309667087; 0.1432455327,0.2083314263; 0.0293550150; 0.0080056372
386.0,0.052,3,11.0836034166; 44.3077858437; 143.8862829242,0.0898216238; 0.1295531699; 0.1435421491,0.1985893228; 0.0326729646; 0.0076556872
386.0,0.0525,3,11.5158747674; 40.6830458437; 148.4153061282,0.0915465692; 0.1280740313; 0.1437994489,0.1884723152; 0.0363350576; 0.0073584575
386.0,0.053,3,12.0157290853; 37.3234553599; 152.5893444704,0.0934057642; 0.1264905826; 0.1440268726,0.1778640792; 0.0404709355; 0.0071006397
386.0,0.0535,3,12.6091327884; 34.1395273843; 156.4724870684,0.0954450863; 0.1247506291; 0.1442307354,0.1665814180; 0.0452725980; 0.0068734394
386.0,0.054,3,13.3421684311; 31.0394563853; 160.1110058946,0.0977442224; 0.1227700261; 0.1444154927,0.1543046416; 0.0510658773; 0.0066707228
386.0,0.0545,3,14.3118443626; 27.8919908349; 163.5396744325,0.1004670298; 0.1203816416; 0.1445844176,0.1403732970; 0.0585156910; 0.0064880330
386.0,0.055,3,15.8085867968; 24.3802507535; 166.7854588590,0.1040909690; 0.1171055309; 0.1447399921,0.1228535105; 0.0695592651; 0.0063220252
387.0,0.0495,3,9.5189193332; 73.6246465874; 109.8364696584,0.0824579687; 0.1368200817; 0.1411273812,0.2447524824; 0.0175060860; 0.0107319730
387.0,0.05,3,9.7770776046; 64.3468500258; 120.3153528080,0.0838121190; 0.1351176394; 0.1419784207,0.2359015610; 0.0206382478; 0.0095886475
387.0,0.0505,3,10.0581033106; 57.8282841096; 127.9866774473,0.0852179113; 0.1336601567; 0.1425329339,0.2268855397; 0.0235244222; 0.0088783290
387.0,0.051,3,10.3663087002; 52.5822328285; 134.3335289733,0.0866836918; 0.1322749100; 0.1429552955,0.2176718564; 0.0264425685; 0.0083556310
387.0,0.0515,3,10.7073846623; 48.1025156130; 139.8570541632,0.0882202945; 0.1308970509; 0.1432995178,0.2082180383; 0.0295143599; 0.0079413631
387.0,0.052,3,11.0890796540; 44.1385148328; 144.8007558554,0.0898422185; 0.1294864946; 0.1435911837,0.1984669719; 0.0328338557; 0.0075985891
387.0,0.0525,3,11.5223693832; 40.5391721069; 149.3053280043,0.0915696349; 0.1280086436; 0.1438447175,0.1883388243; 0.0365014349; 0.0073067724
387.0,0.053,3,12.0236290903; 37.1984311617; 153.4610415325,0.0934320722; 0.1264249303; 0.1440691561,0.1777161752; 0.0406472275; 0.0070532121
387.0,0.0535,3,12.6190965381; 34.0284475052; 157.3300726050,0.0954759023; 0.1246829002; 0.1442705800,0.1664137619; 0.0454649475; 0.0068294651
387.0,0.054,3,13.3554676901; 30.9379896993; 160.9575065673,0.0977818984; 0.1226974693; 0.1444532977,0.1541073750; 0.0512847275; 0.0066296169
387.0,0.0545,3,14.3315369799; 27.7947991245; 164.3773387559,0.1005169836; 0.1202985364; 0.1446204855,0.1401238626; 0.0587840399; 0.0064493546
387.0,0.055,3,15.8467956285; 24.2734645612; 167.6160023971,0.1041736259; 0.1169912169; 0.1447745582,0.1224675258; 0.0699618363; 0.0062854330
388.0,0.0495,3,9.5218016162; 72.7662056194; 111.4326580937,0.0824714718; 0.1366750506; 0.1412618933,0.2446634195; 0.0177628760; 0.0105469796
388.0,0.05,3,9.7802884885; 63.8768608016; 121.5249102408,0.0838266069; 0.1350184323; 0.1420661169,0.2358077468; 0.0208287134; 0.0094744913
388.0,0.0505,3,10.0617091822; 57.5011704160; 129.0550741942,0.0852335386; 0.1335776490; 0.1426027841,0.2267863016; 0.0236934550; 0.0087907908
388.0,0.051,3,10.3703973211; 52.3326257687; 135.3260077487,0.0867006570; 0.1322011003; 0.1430151026,0.2175663340; 0.0266028416; 0.0082828978
388.0,0.0515,3,10.7120753995; 47.9021208947; 140.8017525207,0.0882388596; 0.1308282653; 0.1433526934,0.2081051011; 0.0296721326; 0.0078783060
388.0,0.052,3,11.0945407158; 43.9721304711; 145.7126712110,0.0898627419; 0.1294205300; 0.1436395727,0.1983450829; 0.0329934206; 0.0075424523
388.0,0.0525,3,11.5288488080; 40.3974804563; 150.1934945795,0.0915926279; 0.1279438598; 0.1438894487,0.1882058007; 0.0366666504; 0.0072558799
388.0,0.053,3,12.0315154017; 37.0751119958; 154.3313565842,0.0934583093; 0.1263598041; 0.1441109783,0.1775687309; 0.0408224852; 0.0070064583
388.0,0.0535,3,12.6290521077; 33.9187299821; 158.1866110644,0.0955066568; 0.1246156319; 0.1443100194,0.1662465247; 0.0456563925; 0.0067860770
388.0,0.054,3,13.3687765116; 30.8376194138; 161.8032061826,0.0978195444; 0.1226252984; 0.1444907408,0.1539103910; 0.0515028780; 0.0065890298
388.0,0.0545,3,14.3513067569; 27.6984479722; 165.2143881086,0.1005670263; 0.1202156644; 0.1446562256,0.1398742067; 0.0590522474; 0.0064111420
388.0,0.055,3,15.8855845498; 24.1668697527; 168.4460750849,0.1042572152; 0.1168762649; 0.1448088240,0.1220778045; 0.0703678256; 0.0062492636
389.0,0.0495,3,9.5246728185; 71.9740134987; 112.9629335462,0.0824849177; 0.1365386170; 0.1413878589,0.2445747499; 0.0180061503; 0.0103751986
389.0,0.05,3,9.7834874700; 63.4257320293; 122.7159414089,0.0838410349; 0.1349220330; 0.1421510588,0.2357143396; 0.0210146263; 0.0093645721
389.0,0.0505,3,10.0653022823; 57.1834066302; 130.1144536334,0.0852491030; 0.1334967311; 0.1426711009,0.2266874842; 0.0238598183; 0.0087055938
389.0,0.051,3,10.3744722852; 52.0887092920; 136.3131270121,0.0867175563; 0.1321283915; 0.1430738682,0.2174612462; 0.0267611976; 0.0082117409
389.0,0.0515,3,10.7167516510; 47.7055850680; 141.7429215129,0.0882573562; 0.1307603261; 0.1434050850,0.2079926116; 0.0298283769; 0.0078164244
389.0,0.052,3,11.0999866830; 43.8085440969; 146.6221163802,0.0898831943; 0.1293552584; 0.1436873336,0.1982236527; 0.0331516899; 0.0074872483
389.0,0.0525,3,11.5353131252; 40.2579117921; 151.0798636867,0.0916155488; 0.1278796669; 0.1439336551,0.1880732415; 0.0368307270; 0.0072057593
389.0,0.053,3,12.0393881108; 36.9534562647; 155.2003299563,0.0934844760; 0.1262951939; 0.1441523487,0.1774217431; 0.0409967271; 0.0069603624
389.0,0.0535,3,12.6389996248; 33.8103442844; 159.0421316829,0.0955373503; 0.1245488159; 0.1443490614,0.1660797031; 0.0458469484; 0.0067432622
389.0,0.054,3,13.3820952100; 30.7383222280; 162.6481265676,0.0978571614; 0.1225535060; 0.1445278283,0.1537136849; 0.0517203435; 0.0065489510
389.0,0.0545,3,14.3711553204; 27.6029179282; 166.0508391626,0.1006171610; 0.1201330168; 0.1446916431,0.1396243147; 0.0593203365; 0.0063733862
389.0,0.055,3,15.9249806375; 24.0604251441; 169.2756898861,0.1043417824; 0.1167606249; 0.1448427941,0.1216841563; 0.0707774298; 0.0062135094
390.0,0.0495,3,9.5275330064; 71.2374033859; 114.4379615610,0.0824983068; 0.1364094531; 0.1415066051,0.2444864711; 0.0182379867; 0.0102145541
390.0,0.05,3,9.7866746187; 62.9919465822; 123.8899621505,0.0838554033; 0.1348282347; 0.1422334530,0.2356213364; 0.0211963160; 0.0092585625
390.0,0.0505,3,10.0688826837; 56.8744779909; 131.1653292435,0.0852646050; 0.1334173261; 0.1427379612,0.2265890847; 0.0240236372; 0.0086226150
390.0,0.051,3,10.3785336681; 51.8502410357; 137.2951278490,0.0867343903; 0.1320567438; 0.1431316320,0.2173565902; 0.0269177024; 0.0081420962
390.0,0.0515,3,10.7214134950; 47.5127724223; 142.6806955791,0.0882757845; 0.1306932086; 0.1434567169,0.2078805671; 0.0299831343; 0.0077556788
390.0,0.052,3,11.1054176357; 43.6476711086; 147.5291746999,0.0899035761; 0.1292906628; 0.1437344829,0.1981026784; 0.0333086928; 0.0074329501
390.0,0.0525,3,11.5417624176; 40.1204093824; 151.9644907990,0.0916383980; 0.1278160522; 0.1439773489,0.1879411436; 0.0369936869; 0.0071563905
390.0,0.053,3,12.0472473084; 36.8334238598; 156.0680004989,0.0935105728; 0.1262310898; 0.1441932770,0.1772752088; 0.0411699707; 0.0069149089
390.0,0.0535,3,12.6489392164; 33.7032608716; 159.8966627140,0.0955679834; 0.1244824441; 0.1443877137,0.1659132934; 0.0460366303; 0.0067010083
390.0,0.054,3,13.3954241023; 30.6400755268; 163.4922888689,0.0978947503; 0.1224820852; 0.1445645664,0.1535172515; 0.0519371382; 0.0065093703
390.0,0.0545,3,14.3910843365; 27.5081899984; 166.8867081019,0.1006673911; 0.1200505851; 0.1447267434,0.1393741716; 0.0595883300; 0.0063360786
390.0,0.055,3,15.9650129749; 23.9540879121; 170.1048594044,0.1044273760; 0.1166442436; 0.1448764730,0.1212863775; 0.0711908598; 0.0061781629
391.0,0.049,3,9.2906358815; 86.0615945519; 99.0981105998,0.0811991094; 0.1386128689; 0.1401027107,0.2531267641; 0.0144862050; 0.0121939840
391.0,0.0495,3,9.5303822460; 70.5482542572; 115.8658618759,0.0825116395; 0.1362865452; 0.1416191455,0.2443985802; 0.0184599712; 0.0100634619
391.0,0.05,3,9.7898500037; 62.5741735405; 125.0483021052,0.0838697126; 0.1347368555; 0.1423134811,0.2355287346; 0.0213740720; 0.0091561749
391.0,0.0505,3,10.0724504586; 56.5739129316; 132.2081713164,0.0852800450; 0.1333393630; 0.1428034352,0.2264911004; 0.0241850265; 0.0085417416
391.0,0.051,3,10.3825815450; 51.6169942634; 138.2722357274,0.0867511593; 0.1319861196; 0.1431884310,0.2172523631; 0.0270724180; 0.0080739039
391.0,0.0515,3,10.7260610089; 47.3235544148; 143.6152020000,0.0882941451; 0.1306268894; 0.1435076121,0.2077689647; 0.0301364445; 0.0076960318
391.0,0.052,3,11.1108336535; 43.4894307157; 148.4339257046,0.0899238878; 0.1292267270; 0.1437810364,0.1979821570; 0.0334644574; 0.0073795319
391.0,0.0525,3,11.5481967672; 39.9849187366; 152.8474291566,0.0916611758; 0.1277530036; 0.1440205416,0.1878095039; 0.0371555515; 0.0071077546
391.0,0.053,3,12.0550930847; 36.7149760901; 156.9344056524,0.0935366001; 0.1261674822; 0.1442337720,0.1771291248; 0.0413422334; 0.0068700831
391.0,0.0535,3,12.6588710095; 33.5974511505; 160.7502314718,0.0955985565; 0.1244165087; 0.1444259834,0.1657472924; 0.0462254528; 0.0066593034
391.0,0.054,3,13.4087635078; 30.5428573532; 164.3357135795,0.0979323119; 0.1224110289; 0.1446009613,0.1533210860; 0.0521532765; 0.0064702776
391.0,0.0545,3,14.4110955119; 27.4142456255; 167.7220106402,0.1007177199; 0.1199683609; 0.1447615316,0.1391237620; 0.0598562509; 0.0062992107
391.0,0.055,3,16.0057128637; 23.8478133692; 170.9335958965,0.1045140483; 0.1165270644; 0.1449098653,0.1208842489; 0.0716083410; 0.0061432168
392.0,0.049,3,9.2932000742; 83.5757971250; 102.3210855175,0.0812115345; 0.1382848134; 0.1404213069,0.2530434207; 0.0150174457; 0.0117294096
392.0,0.0495,3,9.5332206023; 69.9002158755; 117.2529834504,0.0825249161; 0.1361690979; 0.1417262751,0.2443110748; 0.0186733479; 0.0099206801
392.0,0.05,3,9.7930136936; 62.1712379091; 126.1921349958,0.0838839630; 0.1346477339; 0.1423913040,0.2354365315; 0.0215481510; 0.0090571547
392.0,0.0505,3,10.0760056785; 56.2812782303; 133.2434118078,0.0852954232; 0.1332627766; 0.1428675881,0.2263935284; 0.0243440921; 0.0084628698
392.0,0.051,3,10.3866159903; 51.3887565128; 139.2446618487,0.0867678638; 0.1319164836; 0.1432443001,0.2171485621; 0.0272254028; 0.0080071078
392.0,0.0515,3,10.7306942698; 47.1378091619; 144.5465614043,0.0883124383; 0.1305613461; 0.1435577927,0.2076578014; 0.0302883451; 0.0076374479
392.0,0.052,3,11.1162348152; 43.3337457086; 149.3364453555,0.0899441298; 0.1291634353; 0.1438270093,0.1978620856; 0.0336190106; 0.0073269689
392.0,0.0525,3,11.5546162557; 39.8513874869; 153.7287298846,0.0916838828; 0.1276905095; 0.1440632448,0.1876783197; 0.0373163414; 0.0070598331
392.0,0.053,3,12.0629255292; 36.5980756157; 157.7995815143,0.0935625584; 0.1261043620; 0.1442738427,0.1769834882; 0.0415135318; 0.0068258705
392.0,0.0535,3,12.6687951306; 33.4928874347; 161.6028643708,0.0956290703; 0.1243510021; 0.1444638778,0.1655816967; 0.0464134301; 0.0066181358
392.0,0.054,3,13.4221137484; 30.4466463828; 165.1784205648,0.0979698471; 0.1223403303; 0.1446370188,0.1531251833; 0.0523687720; 0.0064316634
392.0,0.0545,3,14.4311905957; 27.3210666696; 168.5567620389,0.1007681507; 0.1198863357; 0.1447960129,0.1388730705; 0.0601241220; 0.0062627743
392.0,0.055,3,16.0471140664; 23.7415547097; 171.7619112836,0.1046018558; 0.1164090264; 0.1449429753,0.1204775347; 0.0720301156; 0.0061086639
393.0,0.049,3,9.2957541980; 81.7628111672; 104.8715814600,0.0812239065; 0.1380349748; 0.1406617330,0.2529604474; 0.0154284418; 0.0113847957
393.0,0.0495,3,9.5360481401; 69.2882128132; 118.6044004425,0.0825381369; 0.1360564737; 0.1418286309,0.2442239523; 0.0188791135; 0.0097852136
393.0,0.05,3,9.7961657562; 61.7820963737; 127.3225028731,0.0838981549; 0.1345607266; 0.1424670649,0.2353447244; 0.0217187817; 0.0089612751
393.0,0.0505,3,10.0795484146; 55.9961748344; 134.2714485118,0.0853107402; 0.1331875064; 0.1429304797,0.2262963662; 0.0245009319; 0.0083859036
393.0,0.051,3,10.3906370779; 51.1653283906; 140.2126043538,0.0867845041; 0.1318478026; 0.1432992721,0.2170451844; 0.0273767117; 0.0079416550
393.0,0.0515,3,10.7353133538; 46.9554209773; 145.4748882318,0.0883306646; 0.1304965574; 0.1436072793,0.2075470744; 0.0304388720; 0.0075798933
393.0,0.052,3,11.1216211994; 43.1805422466; 150.2368062530,0.0899643025; 0.1291007727; 0.1438724163,0.1977424614; 0.0337723782; 0.0072752375
393.0,0.0525,3,11.5610209640; 39.7197652778; 154.6084421036,0.0917065195; 0.1276285586; 0.1441054691,0.1875475878; 0.0374760766; 0.0070126082
393.0,0.053,3,12.0707447309; 36.4826863847; 158.6635629017,0.0935884481; 0.1260417202; 0.1443134976,0.1768382959; 0.0416838821; 0.0067822572
393.0,0.0535,3,12.6787117059; 33.3895429069; 162.4545869645,0.0956595252; 0.1242859168; 0.1445014037,0.1654165029; 0.0466005762; 0.0065774943
393.0,0.054,3,13.4354751487; 30.3514218986; 166.0204290871,0.0980073569; 0.1222699827; 0.1446727448,0.1529295387; 0.0525836385; 0.0063935183
393.0,0.0545,3,14.4513713809; 27.2286353904; 169.3909771231,0.1008186870; 0.1198045012; 0.1448301921,0.1386220812; 0.0603919665; 0.0062267614
393.0,0.055,3,16.0892530832; 23.6352627212; 172.5898171631,0.1046908593; 0.1162900645; 0.1449758074,0.1200659803; 0.0724564444; 0.0060744974
394.0,0.049,3,9.2982983141; 80.2898481484; 107.0823856903,0.0812362256; 0.1378249993; 0.1408623425,0.2528778417; 0.0157781524; 0.0111011850
394.0,0.0495,3,9.5388649238; 68.7081137916; 119.9242428693,0.0825513024; 0.1359481522; 0.1419267331,0.2441372099; 0.0190780819; 0.0096562507
394.0,0.05,3,9.7993062590; 61.4058176857; 128.4403357295,0.0839122888; 0.1344757047; 0.1425408921,0.2352533108; 0.0218861687; 0.0088683336
394.0,0.0505,3,10.0830787373; 55.7182342511; 135.2926486711,0.0853259963; 0.1331134965; 0.1429921657,0.2261996108; 0.0246556366; 0.0083107545
394.0,0.051,3,10.3946448811; 50.9465224929; 141.1762494019,0.0868010806; 0.1317800453; 0.1433533781,0.2169422274; 0.0275263966; 0.0078774956
394.0,0.0515,3,10.7399183367; 46.7762799490; 146.4002911560,0.0883488244; 0.1304325031; 0.1436560920,0.2074367810; 0.0305880595; 0.0075233357
394.0,0.052,3,11.1269928836; 43.0297496607; 151.1350778336,0.0899844064; 0.1290387249; 0.1439172712,0.1976232815; 0.0339245851; 0.0072243148
394.0,0.0525,3,11.5674109723; 39.5900036633; 155.4866130329,0.0917290861; 0.1275671398; 0.1441472251,0.1874173055; 0.0376347762; 0.0069660630
394.0,0.053,3,12.0785507781; 36.3687735739; 159.5263834106,0.0936142697; 0.1259795481; 0.1443527448,0.1766935449; 0.0418532999; 0.0067392299
394.0,0.0535,3,12.6886208613; 33.2873915817; 163.3054239815,0.0956899217; 0.1242212455; 0.1445385679,0.1652517076; 0.0467869046; 0.0065373680
394.0,0.054,3,13.4488480357; 30.2571637681; 166.8617578287,0.0980448422; 0.1221999798; 0.1447081448,0.1527341470; 0.0527978891; 0.0063558331
394.0,0.0545,3,14.4716397057; 27.1369344295; 170.2246702971,0.1008693325; 0.1197228489; 0.1448640739,0.1383707780; 0.0606598076; 0.0061911642
394.0,0.055,3,16.1321694703; 23.5288854551; 173.4173248195,0.1047811245; 0.1161701089; 0.1450083655,0.1196493103; 0.0728876086; 0.0060407105
395.0,0.049,3,9.3008324829; 79.0313774457; 109.0790275720,0.0812484923; 0.1376403752; 0.1410376468,0.2527956012; 0.0160888786; 0.0108562784
395.0,0.0495,3,9.5416710169; 68.1565036248; 121.2159246631,0.0825644129; 0.1358437016; 0.1420210132,0.2440508452; 0.0192709278; 0.0095331185
395.0,0.05,3,9.8024352688; 61.0415666426; 129.5464675198,0.0839263650; 0.1343925525; 0.1426129011,0.2351622880; 0.0220504961; 0.0087781478
395.0,0.0505,3,10.0865967165; 55.4471154108; 136.3073521129,0.0853411919; 0.1330406950; 0.1430526977,0.2261032598; 0.0248082906; 0.0082373400
395.0,0.051,3,10.3986394726; 50.7321624385; 142.1357721375,0.0868175938; 0.1317131820; 0.1434066473,0.2168396882; 0.0276745064; 0.0078145829
395.0,0.0515,3,10.7445092937; 46.6002815527; 147.3228734702,0.0883669180; 0.1303691638; 0.1437042497,0.2073269183; 0.0307359403; 0.0074677447
395.0,0.052,3,11.1323499451; 42.8813002718; 152.0313265519,0.0900044418; 0.1289772780; 0.1439615877,0.1975045430; 0.0340756553; 0.0071741792
395.0,0.0525,3,11.5737863604; 39.4620560098; 156.3632880871,0.0917515831; 0.1275062427; 0.1441885230,0.1872874699; 0.0377924589; 0.0069201808
395.0,0.053,3,12.0863437588; 36.2563035336; 160.3880754717,0.0936400237; 0.1259178372; 0.1443915924,0.1765492322; 0.0420218006; 0.0066967755
395.0,0.0535,3,12.6985227226; 33.1864082719; 164.1553993595,0.0957202605; 0.1241569814; 0.1445753768,0.1650873076; 0.0469724284; 0.0064977462
395.0,0.054,3,13.4622327396; 30.1638524202; 167.7024249148,0.0980823038; 0.1221303151; 0.1447432243,0.1525390034; 0.0530115370; 0.0063185990
395.0,0.0545,3,14.4919974559; 27.0459467940; 171.0578555600,0.1009200906; 0.1196413707; 0.1448976632,0.1381191443; 0.0609276685; 0.0061559752
395.0,0.055,3,16.1759062067; 23.4223678493; 174.2444452349,0.1048727231; 0.1160490838; 0.1450406540,0.1192272260; 0.0733239130; 0.0060072965
396.0,0.049,3,9.3033567645; 77.9238469992; 110.9250579136,0.0812607069; 0.1374737342; 0.1411950137,0.2527137233; 0.0163719402; 0.0106387576
396.0,0.0495,3,9.5444664826; 67.6305213648; 122.4823055267,0.0825774687; 0.1357427592; 0.1421118334,0.2439648557; 0.0194582180; 0.0094152520
396.0,0.05,3,9.8055528520; 60.6885908886; 130.6416493595,0.0839403839; 0.1343111654; 0.1426831962,0.2350716534; 0.0222119306; 0.0086905532
396.0,0.0505,3,10.0901024216; 55.1825019314; 137.3158739847,0.0853563274; 0.1329690534; 0.1431121237,0.2260073105; 0.0249589722; 0.0081655837
396.0,0.051,3,10.4026209246; 50.5220819983; 143.0913375610,0.0868340440; 0.1316471848; 0.1434591072,0.2167375641; 0.0278210877; 0.0077528723
396.0,0.0515,3,10.7490862993; 46.4273262983; 148.2427334415,0.0883849460; 0.1303065210; 0.1437517704,0.2072174837; 0.0308825457; 0.0074130909
396.0,0.052,3,11.1376924604; 42.7351292210; 152.9256160500,0.0900244092; 0.1289164187; 0.1440053785,0.1973862433; 0.0342256117; 0.0071248097
396.0,0.0525,3,11.5801472073; 39.3358774056; 157.2385109662,0.0917740110; 0.1274458571; 0.1442293725,0.1871580780; 0.0379491427; 0.0068749460
396.0,0.053,3,12.0941237601; 36.1452437344; 161.2486704026,0.0936657104; 0.1258565795; 0.1444300481,0.1764053549; 0.0421893988; 0.0066548815
396.0,0.0535,3,12.7084174152; 33.0865685557; 165.0045362785,0.0957505420; 0.1240931174; 0.1446118369,0.1649232995; 0.0471571604; 0.0064586187
396.0,0.054,3,13.4756295930; 30.0714688247; 168.5424479338,0.0981197426; 0.1220609823; 0.1447779887,0.1523441030; 0.0532245950; 0.0062818073
396.0,0.0545,3,14.5124465661; 26.9556558398; 171.8905465196,0.1009709651; 0.1195600582; 0.1449309645,0.1378671634; 0.0611955728; 0.0061211869
396.0,0.055,3,16.2205101199; 23.3156512926; 175.0711890988,0.1049657329; 0.1159269075; 0.1450726766,0.1187994025; 0.0737656880; 0.0059742491
397.0,0.049,3,9.3058712184; 76.9298168938; 112.6579153872,0.0812728697; 0.1373207229; 0.1413387964,0.2526322056; 0.0166340240; 0.0104419380
397.0,0.0495,3,9.5472513837; 67.1277425851; 123.7258086487,0.0825904703; 0.1356450166; 0.1421995019,0.2438792389; 0.0196404343; 0.0093021713
397.0,0.05,3,9.8086590743; 60.3462099542; 131.7265604863,0.0839543459; 0.1342314484; 0.1427518718,0.2349814044; 0.0223706230; 0.0086054007
397.0,0.0505,3,10.0935959214; 54.9240997219; 138.3185071510,0.0853714031; 0.1328985266; 0.1431704885,0.2259117601; 0.0251077548; 0.0080954144
397.0,0.051,3,10.4065893087; 50.3161243110; 144.0431013124,0.0868504316; 0.1315820271; 0.1435107842,0.2166358526; 0.0279661841; 0.0076923220
397.0,0.0515,3,10.7536494274; 46.2573194045; 149.1599646362,0.0884029085; 0.1302445571; 0.1437986717,0.2071084743; 0.0310279056; 0.0073593465
397.0,0.052,3,11.1430205055; 42.5911743125; 153.8180073144,0.0900443090; 0.1288561341; 0.1440486562,0.1972683794; 0.0343744766; 0.0070761862
397.0,0.0525,3,11.5864935916; 39.2114245767; 158.1123237407,0.0917963702; 0.1273859731; 0.1442697832,0.1870291271; 0.0381048451; 0.0068303431
397.0,0.053,3,12.1018908688; 36.0355627179; 162.1081984576,0.0936913304; 0.1257957669; 0.1444681195,0.1762619100; 0.0423561090; 0.0066135357
397.0,0.0535,3,12.7183050642; 32.9878487458; 165.8528571909,0.0957807668; 0.1240296471; 0.1446479542,0.1647596801; 0.0473411133; 0.0064199755
397.0,0.054,3,13.4890389317; 29.9799944712; 169.3818439582,0.0981571596; 0.1219919755; 0.1448124431,0.1521494407; 0.0534370758; 0.0062454497
397.0,0.0545,3,14.5329890220; 26.8660452561; 172.7227564064,0.1010219598; 0.1194789033; 0.1449639821,0.1376148180; 0.0614635441; 0.0060867922
397.0,0.055,3,16.2660323813; 23.2086731195; 175.8975668184,0.1050602386; 0.1158034912; 0.1451044375,0.1183654853; 0.0742132937; 0.0059415620
398.0,0.049,3,9.3083759036; 76.0250417719; 114.3018441146,0.0812849810; 0.1371785137; 0.1414718222,0.2525510457; 0.0168794713; 0.0102614799
398.0,0.0495,3,9.5500257822; 66.6460919360; 124.9485081489,0.0826034179; 0.1355502090; 0.1422842832,0.2437939922; 0.0198179904; 0.0091934647
398.0,0.05,3,9.8117540011; 60.0138060853; 132.8018174296,0.0839682512; 0.1341533151; 0.1428190143,0.2348915385; 0.0225267111; 0.0085225545
398.0,0.0505,3,10.0970772843; 54.6716348756; 139.3155242993,0.0853864195; 0.1328290724; 0.1432278340,0.2258166062; 0.0252547066; 0.0080267655
398.0,0.051,3,10.4105446959; 50.1141411748; 144.9912103800,0.0868667570; 0.1315176837; 0.1435617028,0.2165345508; 0.0281098375; 0.0076328923
398.0,0.0515,3,10.7581987515; 46.0901705000; 150.0746562178,0.0884208062; 0.1301832550; 0.1438449699,0.2069998876; 0.0311720487; 0.0073064848
398.0,0.052,3,11.1483341557; 42.4493758676; 154.7085588223,0.0900641416; 0.1287964119; 0.1440914326,0.1971509487; 0.0345222712; 0.0070282894
398.0,0.0525,3,11.5928255912; 39.0886558062; 158.9847669312,0.0918186611; 0.1273265812; 0.1443097640,0.1869006144; 0.0382595829; 0.0067863574
398.0,0.053,3,12.1096451708; 35.9272300496; 162.9666888748,0.0937168841; 0.1257353918; 0.1445058138,0.1761188947; 0.0425219451; 0.0065727263
398.0,0.0535,3,12.7281857945; 32.8902258599; 166.7003838512,0.0958109353; 0.1239665637; 0.1446837348,0.1645964461; 0.0475242992; 0.0063818069
398.0,0.054,3,13.5024610944; 29.8894113505; 170.2206295637,0.0981945557; 0.1219232887; 0.1448465925,0.1519550116; 0.0536489917; 0.0062095179
398.0,0.0545,3,14.5536268624; 26.7770990502; 173.5544980867,0.1010730786; 0.1193978977; 0.1449967206,0.1373620906; 0.0617316063; 0.0060527841
398.0,0.055,3,16.3125290863; 23.1013660204; 176.7235885271,0.1051563333; 0.1156787382; 0.1451359402,0.1179250864; 0.0746671236; 0.0059092290
399.0,0.049,3,9.3108708787; 75.1927627375; 115.8736017641,0.0812970413; 0.1370451466; 0.1415960509,0.2524702412; 0.0171112911; 0.0100943760
399.0,0.0495,3,9.5527897398; 66.1837769737; 126.1521952490,0.0826163119; 0.1354581070; 0.1423664062,0.2437091132; 0.0199912446; 0.0090887755
399.0,0.05,3,9.8148376970; 59.6908165208; 133.8679817340,0.0839821002; 0.1340766863; 0.1428847022,0.2348020532; 0.0226803206; 0.0084418908
399.0,0.0505,3,10.1005465779; 54.4248518117; 140.3071797993,0.0854013768; 0.1327606513; 0.1432841992,0.2257218461; 0.0253998919; 0.0079595750
399.0,0.051,3,10.4144871568; 49.9159924060; 145.9358037419,0.0868830205; 0.1314541308; 0.1436118868,0.2164336563; 0.0282520874; 0.0075745456
399.0,0.0515,3,10.7627343445; 45.9257933486; 150.9868932225,0.0884386393; 0.1301225985; 0.1438906809,0.2068917207; 0.0313150023; 0.0072544805
399.0,0.052,3,11.1536334859; 42.3096765882; 155.5973266778,0.0900839073; 0.1287372402; 0.1441337194,0.1970339484; 0.0346690161; 0.0069811008
399.0,0.0525,3,11.5991432835; 38.9675308604; 159.8558795828,0.0918408841; 0.1272676721; 0.1443493240,0.1867725370; 0.0384133725; 0.0067429747
399.0,0.053,3,12.1173867518; 35.8202162748; 163.8241699197,0.0937423718; 0.1256754466; 0.1445431381,0.1759763061; 0.0426869209; 0.0065324420
399.0,0.0535,3,12.7380597309; 32.7936775928; 167.5471373440,0.0958410481; 0.1239038611; 0.1447191845,0.1644335944; 0.0477067300; 0.0063441036
399.0,0.054,3,13.5158964226; 29.7997019353; 171.0588208470,0.0982319318; 0.1218549160; 0.1448804420,0.1517608109; 0.0538603549; 0.0061740041
399.0,0.0545,3,14.5743621809; 26.6888015329; 174.3857840750,0.1011243254; 0.1193170331; 0.1450291841,0.1371089633; 0.0619997833; 0.0060191556
399.0,0.055,3,16.3600619381; 22.9936573494; 177.5492640940,0.1052541192; 0.1155525425; 0.1451671887,0.1174777795; 0.0751276090; 0.0058772442
400.0,0.049,3,9.3133562019; 74.4208277971; 117.3853391093,0.0813090508; 0.1369191959; 0.1417129076,0.2523897896; 0.0173316712; 0.0099384404
400.0,0.0495,3,9.5555433177; 65.7392372642; 127.3384291686,0.0826291526; 0.1353685102; 0.1424460711,0.2436245995; 0.0201605097; 0.0089877928
400.0,0.05,3,9.8179102263; 59.3767269460; 134.9255665051,0.0839958934; 0.1340014895; 0.1429490079,0.2347129459; 0.0228315669; 0.0083632961
400.0,0.0505,3,10.1040038694; 54.1835116295; 141.2937113477,0.0854162755; 0.1326932263; 0.1433396209,0.2256274774; 0.0255433708; 0.0078937844
400.0,0.051,3,10.4184167613; 49.7215452563; 146.8770129481,0.0868992227; 0.1313913456; 0.1436613584,0.2163331663; 0.0283929714; 0.0075172463
400.0,0.0515,3,10.7672562786; 45.7641055958; 151.8967568123,0.0884564083; 0.1300625722; 0.1439358200,0.2067839710; 0.0314567929; 0.0072033092
400.0,0.052,3,11.1589185704; 42.1720214300; 156.4843647386,0.0901036067; 0.1286786075; 0.1441755276,0.1969173759; 0.0348147314; 0.0069346025
400.0,0.0525,3,11.6054467453; 38.8480109180; 160.7256993355,0.0918630396; 0.1272092369; 0.1443884716,0.1866448923; 0.0385662297; 0.0067001810
400.0,0.053,3,12.1251156968; 35.7144928763; 164.6806689277,0.0937677940; 0.1256159242; 0.1445800993,0.1758341412; 0.0428510493; 0.0064926716
400.0,0.0535,3,12.7479269978; 32.6981822901; 168.3931381101,0.0958711057; 0.1238415331; 0.1447543090,0.1642711217; 0.0478884175; 0.0063068562
400.0,0.054,3,13.5293452613; 29.7108491631; 171.8964334443,0.0982692887; 0.1217868517; 0.1449139963,0.1515668334; 0.0540711773; 0.0061389005
400.0,0.0545,3,14.5951971286; 26.6011373037; 175.2166265461,0.1011757044; 0.1192363015; 0.1450613768,0.1368554177; 0.0622680995; 0.0059859002
400.0,0.055,3,16.4086990568; 22.8854683061; 178.3746031322,0.1053537089; 0.1154247879; 0.1451981865,0.1170230949; 0.0755952249; 0.0058456017
401.0,0.0485,3,9.0907965234; 92.2815724048; 98.9464271946,0.0800412028; 0.1393397802; 0.1400605879,0.2609538540; 0.0133431553; 0.0122560823
401.0,0.049,3,9.3158319306; 73.7000961373; 118.8461957509,0.0813210099; 0.1367995863; 0.1418234675,0.2523096888; 0.0175422614; 0.0097920250
401.0,0.0495,3,9.5582865765; 65.3111046655; 128.5085768426,0.0826419404; 0.1352812423; 0.1425234539,0.2435404487; 0.0203260611; 0.0088902431
401.0,0.05,3,9.8209716527; 59.0710659122; 135.9750419898,0.0840096311; 0.1339276581; 0.1430119977,0.2346242143; 0.0229805559; 0.0082866660
401.0,0.0505,3,10.1074492257; 53.9473906479; 142.2753414298,0.0854311159; 0.1326267624; 0.1433941336,0.2255334974; 0.0256851998; 0.0078293393
401.0,0.051,3,10.4223335788; 49.5306738838; 147.8149626496,0.0869153637; 0.1313293065; 0.1437101389,0.2162330784; 0.0285325252; 0.0074609605
401.0,0.0515,3,10.7717646256; 45.6050285346; 152.8043245091,0.0884741135; 0.1300031611; 0.1439804016,0.2066766359; 0.0315974457; 0.0071529476
401.0,0.052,3,11.1641894829; 42.0363574841; 157.3697247347,0.0901232400; 0.1286205027; 0.1442168679,0.1968012284; 0.0349594361; 0.0068887773
401.0,0.0525,3,11.6117360527; 38.7300585043; 161.5942624903,0.0918851281; 0.1271512669; 0.1444272152,0.1865176775; 0.0387181700; 0.0066579632
401.0,0.053,3,12.1328320903; 35.6100322351; 165.5362123434,0.0937931512; 0.1255568173; 0.1446167040,0.1756923974; 0.0430143434; 0.0064534044
401.0,0.0535,3,12.7577877194; 32.6037189226; 169.2384059719,0.0959011085; 0.1237795736; 0.1447891138,0.1641090248; 0.0480693729; 0.0062700561
401.0,0.054,3,13.5428079585; 29.6228364193; 172.7334825471,0.0983066275; 0.1217190903; 0.1449472601,0.1513730743; 0.0542814709; 0.0061041995
401.0,0.0545,3,14.6161339161; 26.5140912375; 176.0470373469,0.1012272196; 0.1191556945; 0.1450933027,0.1366014351; 0.0625365794; 0.0059530113
401.0,0.055,3,16.4585159457; 22.7767129616; 179.1996150067,0.1054552272; 0.1152953461; 0.1452289372,0.1165605126; 0.0760704962; 0.0058142958
402.0,0.0485,3,9.0930356449; 88.3924636722; 103.5740129594,0.0800523830; 0.1388772640; 0.1405148337,0.2608777096; 0.0140650155; 0.0115947426
402.0,0.049,3,9.3182981220; 73.0234892432; 120.2632489992,0.0813329188; 0.1366854825; 0.1419285655,0.2522299362; 0.0177443431; 0.0096538500
402.0,0.0495,3,9.5610195763; 64.8981719283; 129.6638443210,0.0826546757; 0.1351961473; 0.1425987101,0.2434566583; 0.0204881422; 0.0087958845
402.0,0.05,3,9.8240220395; 58.7734000538; 137.0168403600,0.0840233135; 0.1338551306; 0.1430737327,0.2345358558; 0.0231273857; 0.0082119046
402.0,0.0505,3,10.1108827128; 53.7162791031; 143.2522786203,0.0854458984; 0.1325612270; 0.1434477697,0.2254399036; 0.0258254320; 0.0077661883
402.0,0.051,3,10.4262376781; 49.3432588711; 148.7497710807,0.0869314441; 0.1312679931; 0.1437582485,0.2161333898; 0.0286707832; 0.0074056560
402.0,0.0515,3,10.7762594567; 45.4484868890; 153.7096704112,0.0884917553; 0.1299443508; 0.1440244397,0.2065697128; 0.0317369850; 0.0071033734
402.0,0.052,3,11.1694462964; 41.9026338659; 158.2534563787,0.0901428076; 0.1285629152; 0.1442577507,0.1966855032; 0.0351031487; 0.0068436087
402.0,0.0525,3,11.6180112814; 38.6136374287; 162.4616040711,0.0919071498; 0.1270937537; 0.1444655627,0.1863908900; 0.0388692082; 0.0066163084
402.0,0.053,3,12.1405360162; 35.5068075925; 166.3908257583,0.0938184438; 0.1254981192; 0.1446529588,0.1755510718; 0.0431768157; 0.0064146301
402.0,0.0535,3,12.7676420198; 32.5102670628; 170.0829601573,0.0959310572; 0.1237179767; 0.1448236043,0.1639473005; 0.0482496075; 0.0062336945
402.0,0.054,3,13.5562848654; 29.5356475209; 173.5699829187,0.0983439490; 0.1216516262; 0.1449802381,0.1511795286; 0.0544912472; 0.0060698939
402.0,0.0545,3,14.6371748162; 26.4276484707; 176.8770280071,0.1012788754; 0.1190752038; 0.1451249659,0.1363469964; 0.0628052479; 0.0059204825
402.0,0.055,3,16.5095966509; 22.6672970903; 180.0243088429,0.1055588127; 0.1151640749; 0.1452594443,0.1160894549; 0.0765540056; 0.0057833210
403.0,0.0485,3,9.0952659438; 86.1333572215; 106.5719184218,0.0800635157; 0.1385925188; 0.1407913498,0.2608018997; 0.0145188810; 0.0112011416
403.0,0.049,3,9.3207548328; 72.3853947122; 121.6421100593,0.0813447780; 0.1365762202; 0.1420288657,0.2521505297; 0.0179389351; 0.0095228985
403.0,0.0495,3,9.5637423770; 64.4993675824; 130.8053018822,0.0826673587; 0.1351130863; 0.1426719786,0.2433732259; 0.0206469701; 0.0087045020
403.0,0.05,3,9.8270614494; 58.4833299669; 138.0513598328,0.0840369411; 0.1337838499; 0.1431342695,0.2344478680; 0.0232721468; 0.0081389232
403.0,0.0505,3,10.1143043964; 53.4899799867; 144.2247187465,0.0854606233; 0.1324965891; 0.1435005598,0.2253466936; 0.0259641178; 0.0077042831
403.0,0.051,3,10.4301291278; 49.1591867848; 149.6815504987,0.0869474641; 0.1312073855; 0.1438057065,0.2160340982; 0.0288077777; 0.0073513021
403.0,0.0515,3,10.7807408425; 45.2944086140; 154.6128653934,0.0885093341; 0.1298861277; 0.1440679478,0.2064631991; 0.0318754341; 0.0070545653
403.0,0.052,3,11.1746890836; 41.7708016122; 159.1356074695,0.0901623100; 0.1285058346; 0.1442981858,0.1965701978; 0.0352458873; 0.0067990808
403.0,0.0525,3,11.6242725065; 38.4987127264; 163.3277578836,0.0919291053; 0.1270366891; 0.1445035220,0.1862645269; 0.0390193588; 0.0065752040
403.0,0.053,3,12.1482275579; 35.4047930146; 167.2445339462,0.0938436722; 0.1254398230; 0.1446888698,0.1754101616; 0.0433384783; 0.0063763385
403.0,0.0535,3,12.7774900228; 32.4178068615; 170.9268193223,0.0959609521; 0.1236567368; 0.1448577857,0.1637859458; 0.0484291320; 0.0061977631
403.0,0.054,3,13.5697763368; 29.4492667010; 174.4059489093,0.0983812542; 0.1215844540; 0.1450129346,0.1509861912; 0.0547005176; 0.0060359765
403.0,0.0545,3,14.6583221661; 26.3417943880; 177.7066097501,0.1013306762; 0.1189948214; 0.1451563702,0.1360920818; 0.0630741300; 0.0058883078
403.0,0.055,3,16.5620351660; 22.5571167583; 180.8486935337,0.1056646205; 0.1150308158; 0.1452897113,0.1156092762; 0.0770464033; 0.0057526718
404.0,0.0485,3,9.0974874734; 84.4117617620; 109.0326336769,0.0800746012; 0.1383669229; 0.1410087575,0.2607264221; 0.0148835832; 0.0108964498
404.0,0.049,3,9.3232021192; 71.7812747078; 122.9873155777,0.0813565876; 0.1364712607; 0.1421249064,0.2520714668; 0.0181268632; 0.0093983463
404.0,0.0495,3,9.5664550377; 64.1137356365; 131.9339043328,0.0826799898; 0.1350319348; 0.1427433833,0.2432901494; 0.0208027387; 0.0086159031
404.0,0.05,3,9.8300899446; 58.2004866428; 139.0789682377,0.0840505142; 0.1337137634; 0.1431936606,0.2343602486; 0.0234149230; 0.0080676396
404.0,0.0505,3,10.1177143416; 53.2683080039; 145.1928459291,0.0854752911; 0.1324328195; 0.1435525328,0.2252538649; 0.0261013043; 0.0076435781
404.0,0.051,3,10.4340079955; 48.9783497733; 150.6104075866,0.0869634241; 0.1311474651; 0.1438525312,0.2159352009; 0.0289435398; 0.0072978697
404.0,0.0515,3,10.7852088533; 45.1427247093; 155.5139772928,0.0885268503; 0.1298284784; 0.1441109386,0.2063570923; 0.0320128155; 0.0070065026
404.0,0.052,3,11.1799179166; 41.6408135838; 160.0162239890,0.0901817476; 0.1284492508; 0.1443381830,0.1964553096; 0.0353876692; 0.0067551782
404.0,0.0525,3,11.6305198026; 38.3852506026; 164.1927565703,0.0919509949; 0.1269800652; 0.1445411005,0.1861385857; 0.0391686359; 0.0065346380
404.0,0.053,3,12.1559067982; 35.3039633588; 168.0973608968,0.0938688368; 0.1253819224; 0.1447244433,0.1752696640; 0.0434993432; 0.0063385199
404.0,0.0535,3,12.7873318521; 32.3263190261; 171.7700015732,0.0959907938; 0.1235958482; 0.1448916631,0.1636249575; 0.0486079570; 0.0061622537
404.0,0.054,3,13.5832827308; 29.3636785945; 175.2413944707,0.0984185440; 0.1215175685; 0.1450453540,0.1507930574; 0.0549092934; 0.0060024403
404.0,0.0545,3,14.6795783706; 26.2565146095; 178.5357935027,0.1013826265; 0.1189145388; 0.1451875194,0.1358366712; 0.0633432513; 0.0058564810
404.0,0.055,3,16.6159371464; 22.4460566013; 181.6727777470,0.1057728245; 0.1148953917; 0.1453197414,0.1151192520; 0.0775484184; 0.0057223428
405.0,0.0485,3,9.0997002867; 82.9866161626; 111.1972186675,0.0800856398; 0.1381742147; 0.1411933183,0.2606512745; 0.0151987014; 0.0106410893
405.0,0.049,3,9.3256400369; 71.2073992694; 124.3025943326,0.0813683482; 0.1363701598; 0.1422171315,0.2519927454; 0.0183088085; 0.0092795141
405.0,0.0495,3,9.5691576171; 63.7404190124; 133.0505075739,0.0826925693; 0.1349525811; 0.1428130357,0.2432074262; 0.0209556228; 0.0085299151
405.0,0.05,3,9.8331075868; 57.9245283669; 140.1000061174,0.0840640332; 0.1336448221; 0.1432519547,0.2342729950; 0.0235557924; 0.0079979777
405.0,0.0505,3,10.1211126131; 53.0510886385; 146.1568335176,0.0854899019; 0.1323698907; 0.1436037158,0.2251614151; 0.0262370365; 0.0075840305
405.0,0.051,3,10.4378743486; 48.8006451985; 151.5364438209,0.0869793246; 0.1310882141; 0.1438987402,0.2158366955; 0.0290780993; 0.0072453309
405.0,0.0515,3,10.7896635585; 44.9933690478; 156.4130710807,0.0885443042; 0.1297713903; 0.1441534246,0.2062513897; 0.0321491507; 0.0069591657
405.0,0.052,3,11.1851328669; 41.5126243750; 160.8953501928,0.0902011207; 0.1283931543; 0.1443777515,0.1963408358; 0.0355285111; 0.0067118861
405.0,0.0525,3,11.6367532437; 38.2732183809; 165.0566316627,0.0919728189; 0.1269238744; 0.1445783056,0.1860130637; 0.0393170531; 0.0064945988
405.0,0.053,3,12.1635738196; 35.2042942412; 168.9493298483,0.0938939380; 0.1253244110; 0.1447596852,0.1751295764; 0.0436594219; 0.0063011648
405.0,0.0535,3,12.7971676311; 32.2357848004; 172.6125244867,0.0960205828; 0.1235353055; 0.1449252416,0.1634643326; 0.0487860930; 0.0061271583
405.0,0.054,3,13.5968044090; 29.2788682237; 176.0763331701,0.0984558194; 0.1214509645; 0.1450775007,0.1506001219; 0.0551175857; 0.0059692786
405.0,0.0545,3,14.7009459044; 26.1717949782; 179.3645899054,0.1014347308; 0.1188343478; 0.1452184172,0.1355807441; 0.0636126377; 0.0058249963
405.0,0.055,3,16.6714220215; 22.3339877051; 182.4965699324,0.1058836212; 0.1147576026; 0.1453495379,0.1146185647; 0.0780608732; 0.0056923290
406.0,0.0485,3,9.1019044359; 81.7560006926; 113.1675919435,0.0800966318; 0.1380032581; 0.1413561679,0.2605764548; 0.0154810142; 0.0104182833
406.0,0.049,3,9.3280686413; 70.6606590337; 125.5910545118,0.0813800598; 0.1362725462; 0.1423059121,0.2519143631; 0.0184853400; 0.0091658344
406.0,0.0495,3,9.5718501734; 63.3786459060; 134.1558822398,0.0827050975; 0.1348749240; 0.1428810368,0.2431250540; 0.0211057800; 0.0084463819
406.0,0.05,3,9.8361144372; 57.6551380104; 141.1147894359,0.0840774983; 0.1335769802; 0.1433091970,0.2341861050; 0.0236948275; 0.0079298665
406.0,0.0505,3,10.1244992750; 52.8381573109; 147.1168449319,0.0855044563; 0.1323077766; 0.1436541346,0.2250693416; 0.0263713567; 0.0075255996
406.0,0.051,3,10.4417282539; 48.6259752975; 152.4597558104,0.0869951658; 0.1310296153; 0.1439443503,0.2157385795; 0.0292114846; 0.0071936592
406.0,0.0515,3,10.7941050272; 44.8462782148; 157.3102090230,0.0885616962; 0.1297148511; 0.1441954176,0.2061460889; 0.0322844606; 0.0069125357
406.0,0.052,3,11.1903340053; 41.3861902285; 161.7730286953,0.0902204296; 0.1283375358; 0.1444169002,0.1962267741; 0.0356684292; 0.0066691901
406.0,0.0525,3,11.6429729032; 38.1625844539; 165.9194136304,0.0919945779; 0.1268681091; 0.1446151444,0.1858879584; 0.0394646237; 0.0064550751
406.0,0.053,3,12.1712287038; 35.1057620065; 169.8004633169,0.0939189762; 0.1252672825; 0.1447946012,0.1749898960; 0.0438187257; 0.0062642639
406.0,0.0535,3,12.8069974831; 32.1461859440; 173.4544051300,0.0960503196; 0.1234751033; 0.1449585260,0.1633040678; 0.0489635501; 0.0060924692
406.0,0.054,3,13.6103417367; 29.1948209845; 176.9107782036,0.0984930812; 0.1213846369; 0.1451093787,0.1504073799; 0.0553254055; 0.0059364847
406.0,0.0545,3,14.7224273157; 26.0876215475; 180.1930093215,0.1014869939; 0.1187542401; 0.1452490672,0.1353242793; 0.0638823152; 0.0057938479
406.0,0.055,3,16.7286256242; 22.2207649702; 183.3200783285,0.1059972339; 0.1146172223; 0.1453791042,0.1141062854; 0.0785847009; 0.0056626252
407.0,0.0485,3,9.1040999731; 80.6654550356; 114.9982126477,0.0801075776; 0.1378480857; 0.1415032734,0.2605019607; 0.0157395106; 0.0102190442
407.0,0.049,3,9.3304879872; 70.1384302617; 126.8553186865,0.0813917230; 0.1361781055; 0.1423915622,0.2518363178; 0.0186569395; 0.0090568271
407.0,0.0495,3,9.5745327647; 63.0277184687; 135.2507250163,0.0827175748; 0.1347988718; 0.1429474777,0.2430430307; 0.0212533534; 0.0083651620
407.0,0.05,3,9.8391105568; 57.3920206580; 142.1236119512,0.0840909099; 0.1335101953; 0.1433654300,0.2340995762; 0.0238320963; 0.0078632399
407.0,0.0505,3,10.1278743911; 52.6293586185; 148.0730344224,0.0855189545; 0.1322464524; 0.1437038137,0.2249776422; 0.0265043051; 0.0074682470
407.0,0.051,3,10.4455697777; 48.4542468722; 153.3804356059,0.0870109481; 0.1309716523; 0.1439893775,0.2156408504; 0.0293437227; 0.0071428293
407.0,0.0515,3,10.7985333281; 44.7013913595; 158.2054508288,0.0885790267; 0.1296588489; 0.1442369292,0.2060411873; 0.0324187653; 0.0068665944
407.0,0.052,3,11.1955214025; 41.2614689555; 162.6493005493,0.0902396749; 0.1282823861; 0.1444556380,0.1961131218; 0.0358074393; 0.0066270765
407.0,0.0525,3,11.6491788541; 38.0533182361; 166.7811319277,0.0920162722; 0.1268127622; 0.1446516237,0.1857632671; 0.0396113607; 0.0064160559
407.0,0.053,3,12.1788715323; 35.0083436991; 170.6507831262,0.0939439519; 0.1252105309; 0.1448291970,0.1748506201; 0.0439772656; 0.0062278083
407.0,0.0535,3,12.8168215314; 32.0575047141; 174.2956600796,0.0960800047; 0.1234152365; 0.1449915210,0.1631441603; 0.0491403383; 0.0060581789
407.0,0.054,3,13.6238950829; 29.1115226342; 177.7447424087,0.0985303304; 0.1213185807; 0.1451409921,0.1502148263; 0.0555327635; 0.0059040522
407.0,0.0545,3,14.7440252287; 26.0039805688; 181.0210618459,0.1015394208; 0.1186742071; 0.1452794730,0.1350672551; 0.0641523105; 0.0057630302
407.0,0.055,3,16.7877034995; 22.1062237959; 184.1433109687,0.1061139178; 0.1144739922; 0.1454084432,0.1135813518; 0.0791209679; 0.0056332264
408.0,0.0485,3,9.1062869499; 79.6818402247; 116.7222185806,0.0801184774; 0.1377050560; 0.1416382761,0.2604277902; 0.0159796746; 0.0100378899
408.0,0.049,3,9.3328981290; 69.6384753622; 128.0976232868,0.0814033379; 0.1360865688; 0.1424743504,0.2517586072; 0.0188240191; 0.0089520818
408.0,0.0495,3,9.5772054481; 62.6870033445; 136.3356681037,0.0827300014; 0.1347243411; 0.1430124418,0.2429613540; 0.0213984734; 0.0082861270
408.0,0.05,3,9.8420960057; 57.1349015188; 143.1267473036,0.0841042684; 0.1334444274; 0.1434206930,0.2340134063; 0.0239676621; 0.0077980364
408.0,0.0505,3,10.1312380243; 52.4245456485; 149.0255477566,0.0855333968; 0.1321858947; 0.1437527762,0.2248863145; 0.0266359199; 0.0074119364
408.0,0.051,3,10.4493989859; 48.2853710033; 154.2985709867,0.0870266718; 0.1309143095; 0.1440338371,0.2155435059; 0.0294748399; 0.0070928170
408.0,0.0515,3,10.8029485292; 44.5586500559; 159.0988537895,0.0885962960; 0.1296033725; 0.1442779703,0.2059366825; 0.0325520840; 0.0068213244
408.0,0.052,3,11.2006951283; 41.1384198605; 163.5242053213,0.0902588567; 0.1282276965; 0.1444939731,0.1959998765; 0.0359455566; 0.0065855319
408.0,0.0525,3,11.6553711687; 37.9453901209; 167.6418150374,0.0920379021; 0.1267578265; 0.1446877502,0.1856389872; 0.0397572764; 0.0063775306
408.0,0.053,3,12.1865023858; 34.9120170358; 171.5003104347,0.0939688654; 0.1251541504; 0.1448634781,0.1747117460; 0.0441350524; 0.0061917893
408.0,0.0535,3,12.8266398988; 31.9697238471; 175.1363054389,0.0961096385; 0.1233556998; 0.1450242313,0.1629846069; 0.0493164671; 0.0060242801
408.0,0.054,3,13.6374648204; 29.0289592787; 178.5782382770,0.0985675680; 0.1212527911; 0.1451723449,0.1500224562; 0.0557396704; 0.0058719748
408.0,0.0545,3,14.7657423475; 25.9208584799; 181.8487573140,0.1015920163; 0.1185942404; 0.1453096381,0.1348096494; 0.0644226507; 0.0057325376
408.0,0.055,3,16.8488351206; 21.9901758577; 184.9662756879,0.1062339674; 0.1143276149; 0.1454375582,0.1130425400; 0.0796709025; 0.0056041279
409.0,0.0485,3,9.1084654173; 78.7832237366; 118.3615411063,0.0801293315; 0.1375717521; 0.1417635927,0.2603539411; 0.0162051451; 0.0098711828
409.0,0.049,3,9.3352991208; 69.1588681359; 129.3198933583,0.0814149049; 0.1359977039; 0.1425545087,0.2516812291; 0.0189869344; 0.0088512446
409.0,0.0495,3,9.5798682805; 62.3559237044; 137.4112871826,0.0827423778; 0.1346512555; 0.1430760050,0.2428800214; 0.0215412590; 0.0082091593
409.0,0.05,3,9.8450708439; 56.8835240836; 144.1244508589,0.0841175740; 0.1333796392; 0.1434750231,0.2339275930; 0.0241015844; 0.0077341982
409.0,0.0505,3,10.1345902376; 52.2235793550; 149.9745228419,0.0855477837; 0.1321260811; 0.1438010440,0.2247953561; 0.0267662373; 0.0073566332
409.0,0.051,3,10.4532159436; 48.1192627870; 155.2142457233,0.0870423374; 0.1308575719; 0.1440777439,0.2154465435; 0.0296048610; 0.0070435990
409.0,0.0515,3,10.8073506979; 44.4179981742; 159.9904729072,0.0886135046; 0.1295484109; 0.1443185515,0.2058325721; 0.0326844354; 0.0067767088
409.0,0.052,3,11.2058552521; 41.0170036710; 164.3977811617,0.0902779756; 0.1281734586; 0.1445319138,0.1958870355; 0.0360827959; 0.0065445435
409.0,0.0525,3,11.6615499190; 37.8387714382; 168.5014905126,0.0920594680; 0.1267032953; 0.1447235304,0.1855151162; 0.0399023833; 0.0063394890
409.0,0.053,3,12.1941213447; 34.8167603790; 172.3490657614,0.0939937171; 0.1250981353; 0.1448974498,0.1745732712; 0.0442920965; 0.0061561984
409.0,0.0535,3,12.8364527084; 31.8828265414; 175.9763568560,0.0961392216; 0.1232964885; 0.1450566613,0.1628254046; 0.0494919463; 0.0059907656
409.0,0.054,3,13.6510513260; 28.9471173603; 179.4112779656,0.0986047949; 0.1211872631; 0.1452034410,0.1498302644; 0.0559461368; 0.0058402464
409.0,0.0545,3,14.7875814594; 25.8382418927; 182.6761053097,0.1016447857; 0.1185143316; 0.1453395659,0.1345514392; 0.0646933633; 0.0057023649
409.0,0.055,3,16.9122293365; 21.8724036549; 185.7889801284,0.1063577249; 0.1141777452; 0.1454664521,0.1124884277; 0.0802359311; 0.0055753248
410.0,0.0485,3,9.1106354261; 77.9542051120; 119.9315795318,0.0801401402; 0.1374464718; 0.1418809249,0.2602804112; 0.0164184840; 0.0097163627
410.0,0.049,3,9.3376910159; 68.6979366259; 130.5237997113,0.0814264242; 0.1359113086; 0.1426322390,0.2516041814; 0.0191459951; 0.0087540071
410.0,0.0495,3,9.5825213185; 62.0339524987; 138.4781081614,0.0827547042; 0.1345795452; 0.1431382370,0.2427990310; 0.0216818194; 0.0081341515
410.0,0.05,3,9.8480351306; 56.6376484918; 145.1169613413,0.0841308272; 0.1333157957; 0.1435284551,0.2338421339; 0.0242339188; 0.0076716713
410.0,0.0505,3,10.1379310929; 52.0263279934; 150.9200902917,0.0855621155; 0.1320669905; 0.1438486380,0.2247047645; 0.0268952918; 0.0073023048
410.0,0.051,3,10.4570207157; 47.9558410920; 156.1275398210,0.0870579451; 0.1308014250; 0.1441211118,0.2153499607; 0.0297338100; 0.0069951532
410.0,0.0515,3,10.8117399015; 44.2793817592; 160.8803610161,0.0886306526; 0.1294939534; 0.1443586832,0.2057288535; 0.0328158376; 0.0067327314
410.0,0.052,3,11.2110018429; 40.8971824710; 165.2700648714,0.0902970319; 0.1281196641; 0.1445694678,0.1957745965; 0.0362191715; 0.0065040987
410.0,0.0525,3,11.6677151762; 37.7334344150; 169.3601850159,0.0920809704; 0.1266491619; 0.1447589707,0.1853916516; 0.0400466930; 0.0063019211
410.0,0.053,3,12.2017284889; 34.7225527128; 173.1970690108,0.0940185075; 0.1250424800; 0.1449311174,0.1744351930; 0.0444484082; 0.0061210274
410.0,0.0535,3,12.8462600827; 31.7967964412; 176.8158295394,0.0961687544; 0.1232375975; 0.1450888154,0.1626665504; 0.0496667850; 0.0059576285
410.0,0.054,3,13.6646549802; 28.8659836472; 180.2438733084,0.0986420121; 0.1211219921; 0.1452342841,0.1496382460; 0.0561521729; 0.0058088609
410.0,0.0545,3,14.8095454386; 25.7561175819; 183.5031151738,0.1016977343; 0.1184344719; 0.1453692597,0.1342926011; 0.0649644764; 0.0056725069
410.0,0.055,3,16.9781315178; 21.7526533575; 186.6114317456,0.1064855917; 0.1140239785; 0.1454951278,0.1119173459; 0.0808177267; 0.0055468125
411.0,0.0485,3,9.1127970266; 77.1834834981; 121.4436335650,0.0801509038; 0.1373279628; 0.1419915249,0.2602071985; 0.0166215763; 0.0095715461
411.0,0.049,3,9.3400738677; 68.2542187620; 131.7108032764,0.0814378963; 0.1358272055; 0.1427077183,0.2515274619; 0.0193014730; 0.0086600995
411.0,0.0495,3,9.5851646180; 61.7206067069; 139.5366129258,0.0827669809; 0.1345091457; 0.1431992018,0.2427183804; 0.0218202550; 0.0080610049
411.0,0.05,3,9.8509889247; 56.3970500803; 146.1045022847,0.0841440281; 0.1332528640; 0.1435810215,0.2337570269; 0.0243647179; 0.0076104049
411.0,0.0505,3,10.1412606521; 51.8326666059; 151.8623739394,0.0855763924; 0.1320086028; 0.1438955781,0.2246145377; 0.0270231162; 0.0072489201
411.0,0.051,3,10.4608133665; 47.7950283345; 157.0385297443,0.0870734953; 0.1307458551; 0.1441639544,0.2152537554; 0.0298617100; 0.0069474584
411.0,0.0515,3,10.8161162062; 44.1427489185; 161.7685688949,0.0886477406; 0.1294399899; 0.1443983752,0.2056255245; 0.0329463080; 0.0066893767
411.0,0.052,3,11.2161349690; 40.7789196388; 166.1410919638,0.0903160259; 0.1280663050; 0.1446066427,0.1956625570; 0.0363546973; 0.0064641856
411.0,0.0525,3,11.6738670113; 37.6293521385; 170.2179243565,0.0921024096; 0.1265954198; 0.1447940770,0.1852685909; 0.0401902173; 0.0062648171
411.0,0.053,3,12.2093238976; 34.6293736185; 174.0443394966,0.0940432370; 0.1249871790; 0.1449644858,0.1742975088; 0.0446039973; 0.0060862683
411.0,0.0535,3,12.8560621445; 31.7116176207; 177.6547382739,0.0961982375; 0.1231790222; 0.1451206979,0.1625080414; 0.0498409924; 0.0059248620
411.0,0.054,3,13.6782761680; 28.7855452216; 181.0760358267,0.0986792206; 0.1210569734; 0.1452648781,0.1494463958; 0.0563577892; 0.0057778126
411.0,0.0545,3,14.8316372501; 25.6744724729; 184.3297960111,0.1017508675; 0.1183546527; 0.1453987227,0.1340331111; 0.0652360184; 0.0056429583
411.0,0.055,3,17.0468330985; 21.6306252596; 187.4336378137,0.1066180445; 0.1138658356; 0.1455235883,0.1113273148; 0.0814182728; 0.0055185865
412.0,0.048,3,8.9029583134; 95.8322861179; 102.1523858804,0.0789113208; 0.1397068221; 0.1403527573,0.2687063918; 0.0127838368; 0.0118286062
412.0,0.0485,3,9.1149502687; 76.4624783862; 122.9062825763,0.0801616226; 0.1372152713; 0.1420963462,0.2601343008; 0.0168158570; 0.0094352995
412.0,0.049,3,9.3424477287; 67.8264274646; 132.8821900001,0.0814493213; 0.1357452380; 0.1427811030,0.2514510685; 0.0194536078; 0.0085692834
412.0,0.0495,3,9.5877982346; 61.4154424125; 140.5872442650,0.0827792082; 0.1344399977; 0.1432589585,0.2426380674; 0.0219566583; 0.0079896284
412.0,0.05,3,9.8539322848; 56.1615180902; 147.0872833253,0.0841571772; 0.1331908132; 0.1436327530,0.2336722697; 0.0244940310; 0.0075503513
412.0,0.0505,3,10.1445789764; 51.6424765515; 152.8014913083,0.0855906148; 0.1319508986; 0.1439418833,0.2245246731; 0.0271497419; 0.0071964494
412.0,0.051,3,10.4645939599; 47.6367502706; 157.9472886244,0.0870889884; 0.1306908487; 0.1442062846,0.2151579250; 0.0299885830; 0.0069004942
412.0,0.0515,3,10.8204796784; 44.0080497165; 162.6551453719,0.0886647689; 0.1293865104; 0.1444376369,0.2055225825; 0.0330758633; 0.0066466297
412.0,0.052,3,11.2212546984; 40.6621797876; 167.0108967239,0.0903349580; 0.1280133736; 0.1446434461,0.1955509145; 0.0364893868; 0.0064247926
412.0,0.0525,3,11.6800054946; 37.5264985205; 171.0747335260,0.0921237859; 0.1265420627; 0.1448288554,0.1851459316; 0.0403329673; 0.0062281678
412.0,0.053,3,12.2169076499; 34.5372032528; 174.8908959643,0.0940679058; 0.1249322270; 0.1449975600,0.1741602159; 0.0447588738; 0.0060519134
412.0,0.0535,3,12.8658590163; 31.6272745688; 178.4930974358,0.0962276712; 0.1231207579; 0.1451523131,0.1623498745; 0.0500145775; 0.0058924595
412.0,0.054,3,13.6919152782; 28.7057894699; 181.9077767399,0.0987164212; 0.1209922024; 0.1452952264,0.1492547089; 0.0565629957; 0.0057470957
412.0,0.0545,3,14.8538599540; 25.5932936308; 185.1561566981,0.1018041909; 0.1182748652; 0.1454279582,0.1337729444; 0.0655080187; 0.0056137142
412.0,0.055,3,17.1186845715; 21.5059607786; 188.2556054308,0.1067556556; 0.1137027411; 0.1455518364,0.1107159568; 0.0820399509; 0.0054906423
413.0,0.048,3,8.9049143968; 91.7526288532; 106.9719745556,0.0789213694; 0.1392504564; 0.1408019230,0.2686369446; 0.0134810835; 0.0111862263
413.0,0.0485,3,9.1170952020; 75.7844947744; 124.3262204364,0.0801722968; 0.1371076508; 0.1421961349,0.2600617162; 0.0170024489; 0.0093065018
413.0,0.049,3,9.3448126513; 67.4134228576; 134.0390986329,0.0814606996; 0.1356652670; 0.1428525320,0.2513749990; 0.0196026127; 0.0084813473
413.0,0.0495,3,9.5904222234; 61.1180505605; 141.6304101132,0.0827913865; 0.1343720465; 0.1433175615,0.2425580899; 0.0220911150; 0.0079199382
413.0,0.05,3,9.8568652688; 55.9308545109; 148.0655013578,0.0841702747; 0.1331296139; 0.1436836786,0.2335878600; 0.0246219046; 0.0074914657
413.0,0.0505,3,10.1478861265; 51.4556450780; 153.7375540400,0.0856047831; 0.1318938596; 0.1439875715,0.2244351687; 0.0272751987; 0.0071448647
413.0,0.051,3,10.4683625592; 47.4809358032; 158.8538864527,0.0871044246; 0.1306363933; 0.1442481150,0.2150624673; 0.0301144504; 0.0068542411
413.0,0.0515,3,10.8248303834; 43.8752360759; 163.5401374237,0.0886817377; 0.1293335055; 0.1444764777,0.2054200252; 0.0332045199; 0.0066044758
413.0,0.052,3,11.2263610983; 40.5469287103; 167.8795122639,0.0903538285; 0.1279608625; 0.1446798850,0.1954396667; 0.0366232530; 0.0063859082
413.0,0.0525,3,11.6861306959; 37.4248482636; 171.9306367314,0.0921450997; 0.1264890845; 0.1448633117,0.1850236713; 0.0404749540; 0.0061919640
413.0,0.053,3,12.2244798241; 34.4460223256; 175.7367566121,0.0940925145; 0.1248776189; 0.1450303448,0.1740233120; 0.0449130470; 0.0060179549
413.0,0.0535,3,12.8756508204; 31.5437521753; 179.3309210069,0.0962570560; 0.1230628000; 0.1451836650,0.1621920469; 0.0501875490; 0.0058604146
413.0,0.054,3,13.7055727043; 28.6267040724; 182.7391069753,0.0987536150; 0.1209276746; 0.1453253327,0.1490631800; 0.0567678024; 0.0057167047
413.0,0.0545,3,14.8762167100; 25.5125682483; 185.9822058900,0.1018577103; 0.1181951005; 0.1454569692,0.1335120755; 0.0657805068; 0.0055847697
413.0,0.055,3,17.1941135978; 21.3782243401; 189.0773415244,0.1068991228; 0.1135339946; 0.1455798749,0.1100803744; 0.0826856624; 0.0054629756
414.0,0.048,3,8.9068627906; 89.4305769033; 110.0342689839,0.0789313757; 0.1389751282; 0.1410700875,0.2685677980; 0.0139106904; 0.0108112569
414.0,0.0485,3,9.1192318755; 75.1441911666; 125.7087875170,0.0801829268; 0.1370045043; 0.1422914879,0.2599894425; 0.0171822502; 0.0091842561
414.0,0.049,3,9.3471686872; 67.0141898953; 135.1825431013,0.0814720315; 0.1355871682; 0.1429221294,0.2512992514; 0.0197486781; 0.0083961025
414.0,0.0495,3,9.5930366392; 60.8280532872; 142.6664872200,0.0828035160; 0.1343052412; 0.1433750614,0.2424784457; 0.0222237043; 0.0078518564
414.0,0.05,3,9.8597879343; 55.7048730447; 149.0393415710,0.0841833210; 0.1330692386; 0.1437338255,0.2335037956; 0.0247483827; 0.0074337058
414.0,0.0505,3,10.1511821630; 51.2720649290; 154.6706682866,0.0856188976; 0.1318374683; 0.1440326599,0.2243460220; 0.0273995152; 0.0070941390
414.0,0.051,3,10.4721192274; 47.3275168041; 159.7583902583,0.0871198044; 0.1305824764; 0.1442894574,0.2149673800; 0.0302393326; 0.0068086804
414.0,0.0515,3,10.8291683863; 43.7442616855; 164.4235902679,0.0886986475; 0.1292809660; 0.1445149065,0.2053178502; 0.0333322935; 0.0065629012
414.0,0.052,3,11.2314542358; 40.4331333272; 168.7469705751,0.0903726379; 0.1279087643; 0.1447159664,0.1953288111; 0.0367563089; 0.0063475216
414.0,0.0525,3,11.6922426846; 37.3243768297; 172.7856574275,0.0921663514; 0.1264364792; 0.1448974514,0.1849018074; 0.0406161882; 0.0061561968
414.0,0.053,3,12.2320404981; 34.3558120800; 176.5819391119,0.0941170634; 0.1248233496; 0.1450628449,0.1738867943; 0.0450665264; 0.0059843857
414.0,0.0535,3,12.8854376793; 31.4610357165; 180.1682225881,0.0962863926; 0.1230051441; 0.1452147575,0.1620345556; 0.0503599155; 0.0058287210
414.0,0.054,3,13.7192488439; 28.5482769937; 183.5700371771,0.0987908030; 0.1208633856; 0.1453552004,0.1488718042; 0.0569722193; 0.0056866342
414.0,0.0545,3,14.8987107817; 25.4322836346; 186.8079520274,0.1019114317; 0.1181153496; 0.1454857588,0.1332504781; 0.0660535132; 0.0055561200
414.0,0.055,3,17.2736509243; 21.2468774556; 189.8988528562,0.1070493112; 0.1133587281; 0.1456077066,0.1094169763; 0.0833590019; 0.0054355821
415.0,0.048,3,8.9088035409; 87.6669083358; 112.5384899745,0.0789413402; 0.1387578242; 0.1412802637,0.2684989502; 0.0142545172; 0.0105218399
415.0,0.0485,3,9.1213603379; 74.5372261177; 127.0583241454,0.0801935129; 0.1369053448; 0.1423828919,0.2599174778; 0.0173559930; 0.0090678321
415.0,0.049,3,9.3495158880; 66.6278201709; 136.3134306998,0.0814833173; 0.1355108298; 0.1429900064,0.2512238235; 0.0198919748; 0.0083133794
415.0,0.0495,3,9.5956415361; 60.5451007308; 143.6958243401,0.0828155970; 0.1342395346; 0.1434315052,0.2423991327; 0.0223545002; 0.0077853110
415.0,0.05,3,9.8627003384; 55.4833981755; 150.0089783789,0.0841963164; 0.1330096612; 0.1437832195,0.2334200744; 0.0248735070; 0.0073770316
415.0,0.0505,3,10.1544671455; 51.0916339847; 155.6009350705,0.0856329585; 0.1317817080; 0.1440771650,0.2242572309; 0.0275227186; 0.0070442467
415.0,0.051,3,10.4758640267; 47.1764279470; 160.6608642751,0.0871351280; 0.1305290863; 0.1443303234,0.2148726607; 0.0303632493; 0.0067637940
415.0,0.0515,3,10.8334937518; 43.6150819133; 165.3055474494,0.0887154986; 0.1292288828; 0.1445529317,0.2052160553; 0.0334591993; 0.0065218922
415.0,0.052,3,11.2365341772; 40.3207616362; 169.6133025780,0.0903913864; 0.1278570719; 0.1447516970,0.1952183453; 0.0368885666; 0.0063096223
415.0,0.0525,3,11.6983415294; 37.2250604095; 173.6398183464,0.0921875414; 0.1263842410; 0.1449312800,0.1847803376; 0.0407566802; 0.0061208578
415.0,0.053,3,12.2395897494; 34.2665542729; 177.4264606282,0.0941415528; 0.1247694141; 0.1450950649,0.1737506604; 0.0452193209; 0.0059511985
415.0,0.0535,3,12.8952197151; 31.3791108427; 181.0050154129,0.0963156812; 0.1229477859; 0.1452455947,0.1618773976; 0.0505316854; 0.0057973727
415.0,0.054,3,13.7329440992; 28.4704964732; 184.4005777164,0.0988279861; 0.1207993310; 0.1453848329,0.1486805762; 0.0571762563; 0.0056568788
415.0,0.0545,3,14.9213455418; 25.3524272034; 187.6334033431,0.1019653612; 0.1180356034; 0.1455143301,0.1329881253; 0.0663270689; 0.0055277605
415.0,0.055,3,17.3579686578; 21.1112404436; 190.7201460271,0.1072073150; 0.1131758448; 0.1456353341,0.1087212207; 0.0840645150; 0.0054084577
416.0,0.048,3,8.9107366934; 86.2088404662; 114.7374190956,0.0789512629; 0.1385725290; 0.1414584668,0.2684303991; 0.0145510142; 0.0102795264
416.0,0.0485,3,9.1234806376; 73.9600151596; 128.3784136790,0.0802040552; 0.1368097693; 0.1424707497,0.2598458201; 0.0175242833; 0.0089566248
416.0,0.049,3,9.3518543048; 66.2534969893; 137.4325770178,0.0814945571; 0.1354361514; 0.1430562634,0.2511487133; 0.0200326569; 0.0082330256
416.0,0.0495,3,9.5982369681; 60.2688682467; 144.7187450175,0.0828276299; 0.1341748826; 0.1434869366,0.2423201487; 0.0224835711; 0.0077202348
416.0,0.05,3,9.8656025378; 55.2662643307; 150.9745762582,0.0842092611; 0.1329508571; 0.1438318851,0.2333366942; 0.0249973167; 0.0073214053
416.0,0.0505,3,10.1577411335; 50.9142549317; 156.5284506144,0.0856469663; 0.1317265626; 0.1441211025,0.2241687931; 0.0276448351; 0.0069951635
416.0,0.051,3,10.4795970192; 47.0276065538; 161.5613700954,0.0871503958; 0.1304762115; 0.1443707240,0.2147783073; 0.0304862196; 0.0067195647
416.0,0.0515,3,10.8378065439; 43.4876537250; 166.1860509214,0.0887322913; 0.1291772474; 0.1445905618,0.2051146381; 0.0335852521; 0.0064814360
416.0,0.052,3,11.2416009884; 40.2097826662; 170.4785381682,0.0904100745; 0.1278057786; 0.1447870834,0.1951082671; 0.0370200382; 0.0062722000
416.0,0.0525,3,11.7044272988; 37.1268758937; 174.4931415268,0.0922086700; 0.1263323642; 0.1449648029,0.1846592594; 0.0408964402; 0.0060859385
416.0,0.053,3,12.2471276551; 34.1782311558; 178.2703378373,0.0941659833; 0.1247158077; 0.1451270092,0.1736149079; 0.0453714395; 0.0059183864
416.0,0.0535,3,12.9049970500; 31.2979635651; 181.8413123596,0.0963449224; 0.1228907210; 0.1452761803,0.1617205702; 0.0507028670; 0.0057663636
416.0,0.054,3,13.7466588771; 28.3933510166; 185.2307386991,0.0988651654; 0.1207355066; 0.1454142335,0.1484894910; 0.0573799230; 0.0056274334
416.0,0.0545,3,14.9441244777; 25.2729864618; 188.4585678680,0.1020195052; 0.1179558526; 0.1455426859,0.1327249892; 0.0666012058; 0.0054996865
416.0,0.055,3,17.4479389507; 20.9704337388; 191.5412274814,0.1073745528; 0.1129839236; 0.1456627600,0.1079872216; 0.0848080909; 0.0053815983
417.0,0.048,3,8.9126622935; 84.9505885710; 116.7368399609,0.0789611443; 0.1384083242; 0.1416156148,0.2683621428; 0.0148163141; 0.0100681849
417.0,0.0485,3,9.1255928225; 73.4095587065; 129.6720545994,0.0802145541; 0.1367174393; 0.1425553993,0.2597744672; 0.0176876299; 0.0088501273
417.0,0.049,3,9.3541839880; 65.8904830162; 138.5407182908,0.0815057515; 0.1353630416; 0.1431209914,0.2510739188; 0.0201708640; 0.0081549030
417.0,0.0495,3,9.6008229885; 59.9990539683; 145.7355500248,0.0828396150; 0.1341112444; 0.1435413963,0.2422414918; 0.0226109811; 0.0076565654
417.0,0.05,3,9.8684945886; 55.0533151245; 151.9362905058,0.0842221556; 0.1328928027; 0.1438798453,0.2332536529; 0.0251198492; 0.0072667912
417.0,0.0505,3,10.1610041860; 50.7398349593; 157.4533066448,0.0856609212; 0.1316720169; 0.1441644875,0.2240807064; 0.0277658896; 0.0069468660
417.0,0.051,3,10.4833182663; 46.8809924507; 162.4599668136,0.0871656081; 0.1304238412; 0.1444106699,0.2146843174; 0.0306082617; 0.0066759758
417.0,0.0515,3,10.8421068264; 43.3619356082; 167.0651411226,0.0887490260; 0.1291260514; 0.1446278047,0.2050135963; 0.0337104663; 0.0064415199
417.0,0.052,3,11.2466547350; 40.1001664330; 171.3427062614,0.0904287024; 0.1277548776; 0.1448221318,0.1949985740; 0.0371507354; 0.0062352447
417.0,0.0525,3,11.7105000606; 37.0298008460; 175.3456483411,0.0922297375; 0.1262808434; 0.1449980252,0.1845385706; 0.0410354781; 0.0060514308
417.0,0.053,3,12.2546542916; 34.0908254575; 179.1135869444,0.0941903550; 0.1246625256; 0.1451586822,0.1734795341; 0.0455228909; 0.0058859425
417.0,0.0535,3,12.9147698062; 31.2175802438; 182.6771259634,0.0963741167; 0.1228339453; 0.1453065180,0.1615640704; 0.0508734684; 0.0057356879
417.0,0.054,3,13.7603935893; 28.3168293868; 186.0605299750,0.0989023418; 0.1206719080; 0.1454434055,0.1482985433; 0.0575832290; 0.0055982929
417.0,0.0545,3,14.9670511963; 25.1939489983; 189.2834534374,0.1020738702; 0.1178760877; 0.1455708292,0.1324610412; 0.0668759562; 0.0054718937
417.0,0.055,3,17.5447282009; 20.8232836882; 192.3621035119,0.1075529196; 0.1127810668; 0.1456899869,0.1072071179; 0.0855975944; 0.0053549999
418.0,0.048,3,8.9145803861; 83.8359129948; 118.5929911227,0.0789709844; 0.1382593892; 0.1417575283,0.2682941794; 0.0150590161; 0.0098792180
418.0,0.0485,3,9.1276969401; 72.8833171548; 130.9417854125,0.0802250099; 0.1366280676; 0.1426371280,0.2597034174; 0.0178464646; 0.0087479091
418.0,0.049,3,9.3565049881; 65.5381099811; 139.6385216968,0.0815169005; 0.1352914176; 0.1431842730,0.2509994379; 0.0203067232; 0.0080788862
418.0,0.0495,3,9.6033996504; 59.7353766613; 146.7465195089,0.0828515524; 0.1340485814; 0.1435949224,0.2421631597; 0.0227367903; 0.0075942444
418.0,0.05,3,9.8713765468; 54.8444026728; 152.8942679231,0.0842350000; 0.1328354759; 0.1439271220,0.2331709482; 0.0252411401; 0.0072131554
418.0,0.0505,3,10.1642563615; 50.5682854800; 158.3755906712,0.0856748235; 0.1316180562; 0.1442073342,0.2239929687; 0.0278859061; 0.0068993318
418.0,0.051,3,10.4870278291; 46.7365278339; 163.3567111605,0.0871807652; 0.1303719647; 0.1444501714,0.2145906888; 0.0307293934; 0.0066330114
418.0,0.0515,3,10.8463946624; 43.2378875000; 167.9428570479,0.0887657030; 0.1290752867; 0.1446646683,0.2049129276; 0.0338348556; 0.0064021317
418.0,0.052,3,11.2516954818; 39.9918838973; 172.2058348344,0.0904472704; 0.1277043624; 0.1448568486,0.1948892638; 0.0372806697; 0.0061987468
418.0,0.0525,3,11.7165598822; 36.9338134767; 176.1973595211,0.0922507444; 0.1262296730; 0.1450309520,0.1844182687; 0.0411738036; 0.0060173269
418.0,0.053,3,12.2621697352; 34.0043203671; 179.9562237011,0.0942146685; 0.1246095633; 0.1451900881,0.1733445367; 0.0456736835; 0.0058538602
418.0,0.0535,3,12.9245381057; 31.1379475765; 183.5124684279,0.0964032645; 0.1227774546; 0.1453366115,0.1614078953; 0.0510434975; 0.0057053400
418.0,0.054,3,13.7741486521; 28.2409205960; 186.8899611455,0.0989395164; 0.1206085311; 0.1454723521,0.1481077281; 0.0577861839; 0.0055694524
418.0,0.0545,3,14.9901294306; 25.1153024711; 190.1080676971,0.1021284630; 0.1177962993; 0.1455987627,0.1321962517; 0.0671513538; 0.0054443777
418.0,0.055,3,17.6499571547; 20.6681624438; 193.1827802636,0.1077450456; 0.1125646418; 0.1457170174,0.1063700004; 0.0864439377; 0.0053286587
419.0,0.048,3,8.9164910159; 82.8306973654; 120.3399878569,0.0789807837; 0.1381221831; 0.1418877479,0.2682265070; 0.0152843498; 0.0097073973
419.0,0.0485,3,9.1297930377; 72.3791182687; 132.1897772631,0.0802354228; 0.1365414075; 0.1427161819,0.2596326685; 0.0180011580; 0.0086496011
419.0,0.049,3,9.3588173548; 65.1957700314; 140.7265940026,0.0815280045; 0.1352212037; 0.1432461836,0.2509252687; 0.0204403502; 0.0080048607
419.0,0.0495,3,9.6059670065; 59.4775738304; 147.7519148844,0.0828634426; 0.1339868578; 0.1436475505,0.2420851505; 0.0228610546; 0.0075332172
419.0,0.05,3,9.8742484677; 54.6393869725; 153.8486474372,0.0842477948; 0.1327788557; 0.1439737362,0.2330885781; 0.0253612229; 0.0071604660
419.0,0.0505,3,10.1674977181; 50.3995218719; 159.2953862446,0.0856886736; 0.1315646663; 0.1442496564,0.2239055778; 0.0280049076; 0.0068525397
419.0,0.051,3,10.4907257683; 46.5941571453; 164.2516576280,0.0871958675; 0.1303205718; 0.1444892383,0.2144974193; 0.0308496317; 0.0065906560
419.0,0.0515,3,10.8506701145; 43.1154707195; 168.8192363169,0.0887823226; 0.1290249454; 0.1447011601,0.2048126298; 0.0339584335; 0.0063632599
419.0,0.052,3,11.2567232935; 39.8849069248; 173.0679509654,0.0904657791; 0.1276542267; 0.1448912395,0.1947803342; 0.0374098520; 0.0061626971
419.0,0.0525,3,11.7226068305; 36.8388926181; 177.0482951831,0.0922716909; 0.1261788480; 0.1450635882,0.1842983514; 0.0413114261; 0.0059836191
419.0,0.053,3,12.2696740614; 33.9186995173; 180.7982634212,0.0942389240; 0.1245569161; 0.1452212311,0.1732099133; 0.0458238257; 0.0058221332
419.0,0.0535,3,12.9343020706; 31.0590525873; 184.3473516363,0.0964323662; 0.1227212451; 0.1453664643,0.1612520422; 0.0512129621; 0.0056753143
419.0,0.054,3,13.7879244870; 28.1656138979; 187.7190415713,0.0989766901; 0.1205453719; 0.1455010764,0.1479170400; 0.0579887972; 0.0055409070
419.0,0.0545,3,15.0133630459; 25.0370345958; 190.9324181084,0.1021832905; 0.1177164776; 0.1456264892,0.1319305901; 0.0674274325; 0.0054171342
419.0,0.055,3,17.7659938157; 20.5026950488; 194.0032637383,0.1079547696; 0.1123308072; 0.1457438539,0.1054599519; 0.0873630414; 0.0053025707
420.0,0.048,3,8.9183942271; 81.9124092234; 122.0003615328,0.0789905424; 0.1379943607; 0.1420086184,0.2681591236; 0.0154957782; 0.0095492613
420.0,0.0485,3,9.1318811620; 71.8950872089; 133.4179039059,0.0802457931; 0.1364572458; 0.1427927742,0.2595622187; 0.0181520308; 0.0085548841
420.0,0.049,3,9.3611211376; 64.8629084271; 141.8054888688,0.0815390639; 0.1351523307; 0.1433067922,0.2508514091; 0.0205718511; 0.0079327221
420.0,0.0495,3,9.6085251088; 59.2254000414; 148.7519805109,0.0828752858; 0.1339260400; 0.1436993140,0.2420074620; 0.0229838268; 0.0074734326
420.0,0.05,3,9.8771104062; 54.4381353371; 154.7995606649,0.0842605401; 0.1327229218; 0.1440197075,0.2330065406; 0.0254801297; 0.0071086922
420.0,0.0505,3,10.1707283135; 50.2334632400; 160.2127731947,0.0857024718; 0.1315118339; 0.1442914675,0.2238185315; 0.0281229161; 0.0068064691
420.0,0.051,3,10.4944121438; 46.4538269552; 165.1448585857,0.0872109153; 0.1302696527; 0.1445278803,0.2144045068; 0.0309689931; 0.0065488949
420.0,0.0515,3,10.8549332452; 42.9946479045; 169.6943152368,0.0887988852; 0.1289750200; 0.1447372874,0.2047127007; 0.0340812132; 0.0063248929
420.0,0.052,3,11.2617382339; 39.7792082493; 173.9290808710,0.0904842286; 0.1276044645; 0.1449253106,0.1946717829; 0.0375382932; 0.0061270864
420.0,0.0525,3,11.7286409720; 36.7450177012; 177.8984748509,0.0922925774; 0.1261283631; 0.1450959386,0.1841788164; 0.0414483549; 0.0059502999
420.0,0.053,3,12.2771673455; 33.8339469696; 181.6397209963,0.0942631221; 0.1245045799; 0.1452521151,0.1730756613; 0.0459733257; 0.0057907550
420.0,0.0535,3,12.9440618228; 30.9808826159; 185.1817871617,0.0964614224; 0.1226653127; 0.1453960800,0.1610965081; 0.0513818699; 0.0056456055
420.0,0.054,3,13.8017215207; 28.0908987794; 188.5477803804,0.0990138640; 0.1204824262; 0.1455295813,0.1477264738; 0.0581910782; 0.0055126520
420.0,0.0545,3,15.0367560461; 24.9591331337; 191.7565119542,0.1022383601; 0.1176366126; 0.1456540114,0.1316640248; 0.0677042276; 0.0053901589
420.0,0.055,3,17.8965450058; 20.3231678734; 194.8235597986,0.1081880937; 0.1120735586; 0.1457704988,0.1044520904; 0.0883797907; 0.0052767322
421.0,0.048,3,8.9202900636; 81.0652505625; 123.5899090732,0.0790002607; 0.1378742733; 0.1421217884,0.2680920275; 0.0156957355; 0.0094023771
421.0,0.0485,3,9.1339613594; 71.4295927892; 134.6277954492,0.0802561210; 0.1363753961; 0.1428670909,0.2594920661; 0.0182993627; 0.0084634796
421.0,0.049,3,9.3634163855; 64.5390173282; 142.8757130624,0.0815500787; 0.1350847350; 0.1433661621,0.2507778571; 0.0207013234; 0.0078623743
421.0,0.0495,3,9.6110740092; 58.9786254322; 149.7469451825,0.0828870822; 0.1338660961; 0.1437502445,0.2419300923; 0.0231051563; 0.0074148428
421.0,0.05,3,9.8799624170; 54.2405218832; 155.7471324266,0.0842732364; 0.1326676553; 0.1440650549,0.2329248334; 0.0255978911; 0.0070578053
421.0,0.0505,3,10.1739482049; 50.0700321967; 161.1278278508,0.0857162183; 0.1314595458; 0.1443327800,0.2237318277; 0.0282399530; 0.0067611005
421.0,0.051,3,10.4980870155; 46.3154858533; 166.0363643900,0.0872259088; 0.1302191979; 0.1445661065,0.2143119490; 0.0310874935; 0.0065077137
421.0,0.0515,3,10.8591841162; 42.8753829512; 170.5681288627,0.0888153910; 0.1289255030; 0.1447730573,0.2046131380; 0.0342032071; 0.0062870198
421.0,0.052,3,11.2667403668; 39.6747614364; 174.7892499421,0.0905026193; 0.1275550696; 0.1449590673,0.1945636075; 0.0376660037; 0.0060919059
421.0,0.0525,3,11.7346623726; 36.6521687327; 178.7479174788,0.0923134043; 0.1260782134; 0.1451280079,0.1840596613; 0.0415845989; 0.0059173621
421.0,0.053,3,12.2846496622; 33.7500471988; 182.4806109105,0.0942872629; 0.1244525501; 0.1452827442,0.1729417784; 0.0461221914; 0.0057597196
421.0,0.0535,3,12.9538174844; 30.9034253075; 186.0157862774,0.0964904335; 0.1226096536; 0.1454254619,0.1609412904; 0.0515502285; 0.0056162082
421.0,0.054,3,13.8155401848; 28.0167649540; 189.3761864747,0.0990510390; 0.1204196900; 0.1455578700,0.1475360244; 0.0583930363; 0.0054846828
421.0,0.0545,3,15.0603125814; 24.8815858789; 192.5803563437,0.1022936791; 0.1175566943; 0.1456813320,0.1313965234; 0.0679817752; 0.0053634479
421.0,0.055,3,18.0480320242; 20.1231529513; 195.6436741714,0.1084554035; 0.1117825080; 0.1457969546,0.1033033733; 0.0895372310; 0.0052511396
422.0,0.048,3,8.9221785689; 80.2776419043; 125.1202088797,0.0790099388; 0.1377607090; 0.1422284695,0.2680252168; 0.0158860105; 0.0092649572
422.0,0.0485,3,9.1360336761; 70.9812055877; 135.8208802432,0.0802664069; 0.1362956948; 0.1429392955,0.2594222087; 0.0184433998; 0.0083751430
422.0,0.049,3,9.3657031474; 64.2236304846; 143.9377317671,0.0815610494; 0.1350183578; 0.1434243518,0.2507046109; 0.0208288567; 0.0077937290
422.0,0.0495,3,9.6136137591; 58.7370343850; 150.7370234553,0.0828988323; 0.1338069965; 0.1438003713,0.2418530394; 0.0232250898; 0.0073574025
422.0,0.05,3,9.8828045541; 54.0464270616; 156.6914812143,0.0842858838; 0.1326130378; 0.1441097962,0.2328434546; 0.0257145361; 0.0070077776
422.0,0.0505,3,10.1771574491; 49.9091546575; 162.0406232450,0.0857299135; 0.1314077897; 0.1443736061,0.2236454644; 0.0283560384; 0.0067164150
422.0,0.051,3,10.5017504425; 46.1790843469; 166.9262234862,0.0872408485; 0.1301691982; 0.1446039257,0.2142197438; 0.0312051483; 0.0064670986
422.0,0.0515,3,10.8634227888; 42.7576409578; 171.4407110538,0.0888318405; 0.1288763874; 0.1448084765,0.2045139395; 0.0343244277; 0.0062496299
422.0,0.052,3,11.2717297553; 39.5715408503; 175.6484827772,0.0905209515; 0.1275060363; 0.1449925153,0.1944558060; 0.0377929938; 0.0060571471
422.0,0.0525,3,11.7406710978; 36.5603262744; 179.5966414724,0.0923341719; 0.1260283939; 0.1451598005,0.1839408840; 0.0417201670; 0.0058847986
422.0,0.053,3,12.2921210860; 33.6669850792; 183.3209472547,0.0943113469; 0.1244008227; 0.1453131221,0.1728082623; 0.0462704305; 0.0057290211
422.0,0.0535,3,12.9635691773; 30.8266686029; 186.8493599668,0.0965194000; 0.1225542640; 0.1454546134,0.1607863861; 0.0517180451; 0.0055871173
422.0,0.054,3,13.8293809167; 27.9432023543; 190.2042685371,0.0990882163; 0.1203571595; 0.1455859454,0.1473456863; 0.0585946805; 0.0054569949
422.0,0.0545,3,15.0840369558; 24.8043806458; 193.4039582177,0.1023492553; 0.1174767122; 0.1457084536,0.1311280521; 0.0682601124; 0.0053369970
422.0,0.055,3,18.2335856503; 19.8895129732; 196.4636124523,0.1087779096; 0.1114364424; 0.1458232236,0.1019259135; 0.0909232527; 0.0052257892
423.0,0.048,3,8.9240597864; 79.5407989167; 126.6000442135,0.0790195771; 0.1376527458; 0.1423295836,0.2679586895; 0.0160679638; 0.0091356423
423.0,0.0485,3,9.1380981576; 70.5486648690; 136.9984179578,0.0802766509; 0.1362179970; 0.1430095326,0.2593526446; 0.0185843597; 0.0082896583
423.0,0.049,3,9.3679814714; 63.9163186711; 144.9919731477,0.0815719762; 0.1349531452; 0.1434814151,0.2506316684; 0.0209545340; 0.0077267049
423.0,0.0495,3,9.6161444096; 58.5004243402; 151.7224168337,0.0829105362; 0.1337487129; 0.1438497224,0.2417763012; 0.0233436712; 0.0073010693
423.0,0.05,3,9.8856368712; 53.8557372294; 157.6327196202,0.0842984827; 0.1325590520; 0.1441539486,0.2327624022; 0.0258300926; 0.0069585829
423.0,0.0505,3,10.1803561024; 49.7507596521; 162.9512293018,0.0857435577; 0.1313565536; 0.1444139576,0.2235594393; 0.0284711921; 0.0066723947
423.0,0.051,3,10.5054024838; 46.0445747649; 167.8144825040,0.0872557345; 0.1301196446; 0.1446413467,0.2141278890; 0.0313219725; 0.0064270364
423.0,0.0515,3,10.8676493240; 42.6413881711; 172.3120945270,0.0888482339; 0.1288276660; 0.1448435518,0.2044151030; 0.0344448869; 0.0062127131
423.0,0.052,3,11.2767064619; 39.4695216213; 176.5068032149,0.0905392256; 0.1274573590; 0.1450256598,0.1943483761; 0.0379192735; 0.0060228018
423.0,0.0525,3,11.7466672127; 36.4694714219; 180.4446647093,0.0923548805; 0.1259789000; 0.1451913210,0.1838224820; 0.0418550677; 0.0058526026
423.0,0.053,3,12.2995816907; 33.5847458708; 184.1607437401,0.0943353745; 0.1243493935; 0.1453432527,0.1726751105; 0.0464180507; 0.0056986535
423.0,0.0535,3,12.9733170235; 30.7506007295; 187.6825189323,0.0965483223; 0.1224991403; 0.1454835376,0.1606317925; 0.0518853271; 0.0055583278
423.0,0.054,3,13.8432441589; 27.8702011250; 191.0320350384,0.0991253969; 0.1202948306; 0.1456138102,0.1471554543; 0.0587960202; 0.0054295838
423.0,0.0545,3,15.1079336350; 24.7275052562; 194.2273243536,0.1024050968; 0.1173966560; 0.1457353788,0.1308585761; 0.0685392773; 0.0053108025
423.0,0.055,3,18.4908946652; 19.5845527617; 197.2833801085,0.1092164117; 0.1109745599; 0.1458493081,0.1000678531; 0.0927897166; 0.0052006777
424.0,0.0475,3,8.7256057462; 96.2975296546; 109.1344047593,0.0778057100; 0.1397292957; 0.1409675008,0.2764022442; 0.0127499793; 0.0109539471
424.0,0.048,3,8.9259337587; 78.8478723721; 128.0362632381,0.0790291758; 0.1375496628; 0.1424258511,0.2678924440; 0.0162426594; 0.0090133701
424.0,0.0485,3,9.1401548495; 70.1308521538; 138.1615260135,0.0802868534; 0.1361421738; 0.1430779307,0.2592833721; 0.0187224360; 0.0082068331
424.0,0.049,3,9.3702514055; 63.6166857452; 146.0388322927,0.0815828593; 0.1348890469; 0.1435374018,0.2505590277; 0.0210784321; 0.0076612265
424.0,0.0495,3,9.6186660111; 58.2686047333; 152.7033148327,0.0829221943; 0.1336912190; 0.1438983240,0.2416998758; 0.0234609421; 0.0072458033
424.0,0.05,3,9.8884594218; 53.6683442583; 158.5709547284,0.0843110334; 0.1325056814; 0.1441975283,0.2326816740; 0.0259445872; 0.0069101961
424.0,0.0505,3,10.1835442209; 49.5947791488; 163.8597130128,0.0857571512; 0.1313058259; 0.1444538456,0.2234737505; 0.0285854330; 0.0066290222
424.0,0.051,3,10.5090431977; 45.9119111682; 168.7011863474,0.0872705673; 0.1300705286; 0.1446783777,0.2140363825; 0.0314379804; 0.0063875143
424.0,0.0515,3,10.8718637823; 42.5265919362; 173.1823109071,0.0888645716; 0.1287793323; 0.1448782897,0.2043166264; 0.0345645963; 0.0061762592
424.0,0.052,3,11.2816705490; 39.3686796156; 177.3642343640,0.0905574419; 0.1274090321; 0.1450585062,0.1942413155; 0.0380448525; 0.0059888618
424.0,0.0525,3,11.7526507820; 36.3795857858; 181.2920045583,0.0923755304; 0.1259297270; 0.1452225737,0.1837044532; 0.0419893094; 0.0058207673
424.0,0.053,3,12.3070315499; 33.5033152063; 185.0000137111,0.0943593459; 0.1242982586; 0.1453731397,0.1725423207; 0.0465650596; 0.0056686112
424.0,0.0535,3,12.9830611450; 30.6752101916; 188.5152736049,0.0965772008; 0.1224442787; 0.1455122379,0.1604775068; 0.0520520815; 0.0055298347
424.0,0.054,3,13.8571303598; 27.7977516168; 191.8594942434,0.0991625818; 0.1202326997; 0.1456414674,0.1469653232; 0.0589970645; 0.0054024453
424.0,0.0545,3,15.1320072554; 24.6509475253; 195.0504613697,0.1024612118; 0.1173165147; 0.1457621099,0.1305880592; 0.0688193094; 0.0052848603
425.0,0.0475,3,8.7273149216; 93.5592599377; 112.6141977309,0.0778147308; 0.1394285937; 0.1412619651,0.2763390130; 0.0132067182; 0.0105468814
425.0,0.048,3,8.9278005285; 78.1934008456; 129.4343263203,0.0790387351; 0.1374508836; 0.1425178485,0.2678264783; 0.0164109475; 0.0088972913
425.0,0.0485,3,9.1422037965; 69.7267698737; 139.3112009257,0.0802970146; 0.1360681098; 0.1431446051,0.2592143891; 0.0188578019; 0.0081264955
425.0,0.049,3,9.3725129973; 63.3243652268; 147.0786746346,0.0815936991; 0.1348260165; 0.1435923582,0.2504866870; 0.0212006222; 0.0075972241
425.0,0.0495,3,9.6211786140; 58.0413960408; 153.6798959332,0.0829338068; 0.1336344895; 0.1439462010,0.2416237612; 0.0235769416; 0.0071915665
425.0,0.05,3,9.8912722587; 53.4841451746; 159.5062884740,0.0843235362; 0.1324529099; 0.1442405510,0.2326012681; 0.0260580451; 0.0068625933
425.0,0.0505,3,10.1867218601; 49.4411478914; 164.7661386005,0.0857706942; 0.1312555957; 0.1444932809,0.2233883959; 0.0286987791; 0.0065862809
425.0,0.051,3,10.5126726421; 45.7810492660; 169.5863782783,0.0872853471; 0.1300218419; 0.1447150268,0.2139452223; 0.0315531860; 0.0063485198
425.0,0.0515,3,10.8760662237; 42.4132206487; 174.0513907743,0.0888808538; 0.1287313796; 0.1449126963,0.2042185076; 0.0346835673; 0.0061402586
425.0,0.052,3,11.2866220783; 39.2689914064; 178.2207986322,0.0905756007; 0.1273610502; 0.1450910593,0.1941346221; 0.0381697403; 0.0059553194
425.0,0.0525,3,11.7586218697; 36.2906514729; 182.1386778981,0.0923961221; 0.1258808703; 0.1452535627,0.1835867954; 0.0421229003; 0.0057892863
425.0,0.053,3,12.3144707367; 33.4226790790; 185.8387701575,0.0943832617; 0.1242474139; 0.1454027866,0.1724098906; 0.0467114644; 0.0056388886
425.0,0.0535,3,12.9928016637; 30.6004857624; 189.3476341520,0.0966060361; 0.1223896759; 0.1455407173,0.1603235264; 0.0522183155; 0.0055016333
425.0,0.054,3,13.8710399735; 27.7258443796; 192.6866542174,0.0991997721; 0.1201707628; 0.1456689196,0.1467752874; 0.0591978222; 0.0053755752
425.0,0.0545,3,15.1562626333; 24.5746952484; 195.8733757300,0.1025176090; 0.1172362773; 0.1457886496,0.1303164642; 0.0691002493; 0.0052591669
426.0,0.0475,3,8.7290174259; 91.5980654778; 115.3172153408,0.0778237143; 0.1392039615; 0.1414803912,0.2762760507; 0.0135531588; 0.0102499095
426.0,0.048,3,8.9296601380; 77.5729475091; 130.7986692363,0.0790482552; 0.1373559384; 0.1426060451,0.2677607908; 0.0165735212; 0.0087867146
426.0,0.0485,3,9.1442450435; 69.3355239669; 140.4483357096,0.0803071348; 0.1359957016; 0.1432096591,0.2591456940; 0.0189906132; 0.0080484913
426.0,0.049,3,9.3747662940; 63.0390173173; 148.1118389303,0.0816044958; 0.1347640107; 0.1436463274,0.2504146443; 0.0213211706; 0.0075346326
426.0,0.0495,3,9.6236822681; 57.8186289197; 154.6523284412,0.0829453739; 0.1335785007; 0.1439933768,0.2415479556; 0.0236917069; 0.0071383234
426.0,0.05,3,9.8940754345; 53.3030418296; 160.4388179735,0.0843359913; 0.1324007226; 0.1442830316,0.2325211825; 0.0261704907; 0.0068157518
426.0,0.0505,3,10.1898890751; 49.2898032477; 165.6705676696,0.0857841872; 0.1312058520; 0.1445322741,0.2233033734; 0.0288112481; 0.0065441548
426.0,0.051,3,10.5162908747; 45.6519463360; 170.4700999958,0.0873000743; 0.1299735764; 0.1447513016,0.2138544062; 0.0316676029; 0.0063100411
426.0,0.0515,3,10.8802567078; 42.3012437096; 174.9193637094,0.0888970809; 0.1286838016; 0.1449467778,0.2041207444; 0.0348018107; 0.0061047020
426.0,0.052,3,11.2915611112; 39.1704342462; 179.0765177541,0.0905937024; 0.1273134081; 0.1451233242,0.1940282937; 0.0382939460; 0.0059221669
426.0,0.0525,3,11.7645805396; 36.2026510683; 182.9847011348,0.0924166558; 0.1258323256; 0.1452842922,0.1834695064; 0.0422558485; 0.0057581532
426.0,0.053,3,12.3218993237; 33.3428238303; 186.6770257271,0.0944071220; 0.1241968556; 0.1454321969,0.1722778179; 0.0468572723; 0.0056094805
426.0,0.0535,3,13.0025387018; 30.5264164751; 190.1796104868,0.0966348285; 0.1223353281; 0.1455689789,0.1601698484; 0.0523840358; 0.0054737188
426.0,0.054,3,13.8849734601; 27.6544701566; 193.5135228316,0.0992369689; 0.1201090162; 0.1456961696,0.1465853416; 0.0593983025; 0.0053489692
426.0,0.0545,3,15.1807047750; 24.4987361862; 196.6960737486,0.1025742973; 0.1171559324; 0.1458150002,0.1300437522; 0.0693821387; 0.0052337185
427.0,0.0475,3,8.7307132986; 90.0146817032; 117.6427211096,0.0778326607; 0.1390166062; 0.1416615714,0.2762133557; 0.0138455392; 0.0100067948
427.0,0.048,3,8.9315126289; 76.9828505852; 132.1329527178,0.0790577365; 0.1372644385; 0.1426908295,0.2676953795; 0.0167309536; 0.0086810678
427.0,0.0485,3,9.1462786346; 68.9563095597; 141.5737341988,0.0803172141; 0.1359248553; 0.1432731861,0.2590772847; 0.0191210106; 0.0079726810
427.0,0.049,3,9.3770113424; 62.7603262917; 149.1386398693,0.0816152496; 0.1347029891; 0.1436993495,0.2503428978; 0.0214401392; 0.0074733918
427.0,0.0495,3,9.6261770229; 57.6001434317; 155.6207712643,0.0829568961; 0.1335232302; 0.1440398737,0.2414724568; 0.0238052733; 0.0070860400
427.0,0.05,3,9.8968690012; 53.1249405963; 161.3686358280,0.0843483990; 0.1323491048; 0.1443249844,0.2324414152; 0.0262819473; 0.0067696499
427.0,0.0505,3,10.1930459206; 49.1406850678; 166.5730593482,0.0857976302; 0.1311565848; 0.1445708350,0.2232186811; 0.0289228568; 0.0065026286
427.0,0.051,3,10.5198979525; 45.5245611508; 171.3523917104,0.0873147491; 0.1299257244; 0.1447872098,0.2137639322; 0.0317812442; 0.0062720665
427.0,0.0515,3,10.8844352939; 42.1906314831; 175.7862583363,0.0889132532; 0.1286365920; 0.1449805400,0.2040233347; 0.0349193372; 0.0060695803
427.0,0.052,3,11.2964877085; 39.0729860406; 179.9314128170,0.0906117472; 0.1272661008; 0.1451553057,0.1939223282; 0.0384174788; 0.0058893969
427.0,0.0525,3,11.7705268549; 36.1155676188; 183.8300902189,0.0924371319; 0.1257840884; 0.1453147663,0.1833525838; 0.0423881618; 0.0057273619
427.0,0.053,3,12.3293173832; 33.2637361385; 187.5147927363,0.0944309273; 0.1241465800; 0.1454613742,0.1721461003; 0.0470024904; 0.0055803813
427.0,0.0535,3,13.0122723813; 30.4529916153; 191.0112122751,0.0966635786; 0.1222812321; 0.1455970257,0.1600164701; 0.0525492493; 0.0054460867
427.0,0.054,3,13.8989312855; 27.5836198784; 194.3401077694,0.0992741732; 0.1200474563; 0.1457232199,0.1463954803; 0.0595985142; 0.0053226234
427.0,0.0545,3,15.2053388872; 24.4230580498; 197.5185615938,0.1026312860; 0.1170754685; 0.1458411640,0.1297698830; 0.0696650210; 0.0052085114
428.0,0.0475,3,8.7324025790; 88.6658915733; 119.7339310327,0.0778415702; 0.1388525732; 0.1418194606,0.2761509262; 0.0141040856; 0.0097973123
428.0,0.048,3,8.9333580428; 76.4200468136; 133.4402389857,0.0790671791; 0.1371760578; 0.1427725276,0.2676302428; 0.0168837259; 0.0085798712
428.0,0.0485,3,9.1483046138; 68.5883990913; 142.6881229194,0.0803272529; 0.1358554861; 0.1433352707,0.2590091597; 0.0192491216; 0.0078989386
428.0,0.049,3,9.3792481889; 62.4879982083; 150.1593703638,0.0816259609; 0.1346429141; 0.1437514619,0.2502714456; 0.0215575857; 0.0074134451
428.0,0.0495,3,9.6286629275; 57.3857883413; 156.5853746132,0.0829683735; 0.1334686566; 0.1440857128,0.2413972632; 0.0239176742; 0.0070346845
428.0,0.05,3,9.8996530107; 52.9497520890; 162.2958304028,0.0843607596; 0.1322980427; 0.1443664229,0.2323619643; 0.0263924371; 0.0067242665
428.0,0.0505,3,10.1961924510; 48.9937355528; 167.4736704199,0.0858110238; 0.1311077840; 0.1446089735,0.2231343168; 0.0290336215; 0.0064616874
428.0,0.051,3,10.5234939324; 45.3988539078; 172.2332922137,0.0873293718; 0.1298782782; 0.1448227585,0.2136737983; 0.0318941226; 0.0062345849
428.0,0.0515,3,10.8886020406; 42.0813552557; 176.6521023621,0.0889293710; 0.1285897448; 0.1450139887,0.2039262764; 0.0350361574; 0.0060348846
428.0,0.052,3,11.3014019308; 38.9766253238; 180.7855042855,0.0906297355; 0.1272191231; 0.1451870085,0.1938167234; 0.0385403475; 0.0058570023
428.0,0.0525,3,11.7764608785; 36.0293846165; 184.6748606615,0.0924575507; 0.1257361546; 0.1453449887,0.1832360257; 0.0425198479; 0.0056969063
428.0,0.053,3,12.3367249872; 33.1854030080; 188.3520831813,0.0944546779; 0.1240965834; 0.1454903216,0.1720147355; 0.0471471255; 0.0055515862
428.0,0.0535,3,13.0220028242; 30.3802007130; 191.8424489437,0.0966922867; 0.1222273845; 0.1456248606,0.1598633888; 0.0527139626; 0.0054187325
428.0,0.054,3,13.9129139223; 27.5132846569; 195.1664165316,0.0993113861; 0.1199860793; 0.1457500733,0.1462056982; 0.0597984663; 0.0052965338
428.0,0.0545,3,15.2301703889; 24.3476484853; 198.3408452920,0.1026885847; 0.1169948736; 0.1458671435,0.1294948150; 0.0699489408; 0.0051835423
429.0,0.0475,3,8.7340853059; 87.4807564367; 121.6617827229,0.0778504430; 0.1387049313; 0.1419609896,0.2760887605; 0.0143388417; 0.0096114195
429.0,0.048,3,8.9351964209; 75.8819434151; 134.7231197857,0.0790765834; 0.1370905194; 0.1428514160,0.2675653790; 0.0170322463; 0.0084827178
429.0,0.0485,3,9.1503230247; 68.2311323928; 143.7921610120,0.0803372514; 0.1357875168; 0.1433959901,0.2589413169; 0.0193750622; 0.0078271491
429.0,0.049,3,9.3814768798; 62.2217588901; 151.1743035675,0.0816366298; 0.1345837503; 0.1438026996,0.2502002858; 0.0216735643; 0.0073547399
429.0,0.0495,3,9.6311400305; 57.1754204791; 157.5462806386,0.0829798063; 0.1334147596; 0.1441309140,0.2413223727; 0.0240289414; 0.0069842264
429.0,0.05,3,9.9024275142; 52.7773909061; 163.2204860856,0.0843730734; 0.1322475228; 0.1444073603,0.2322828278; 0.0265019816; 0.0066795819
429.0,0.0505,3,10.1993287202; 48.8488991309; 168.3724554465,0.0858243681; 0.1310594400; 0.1446466987,0.2230502787; 0.0291435580; 0.0064213169
429.0,0.051,3,10.5270788705; 45.2747861635; 173.1128389441,0.0873439428; 0.1298312305; 0.1448579549,0.2135840023; 0.0320062504; 0.0061975855
429.0,0.0515,3,10.8927570064; 41.9733871983; 177.5169226156,0.0889454347; 0.1285432542; 0.1450471295,0.2038295674; 0.0351522812; 0.0060006064
429.0,0.052,3,11.3063038380; 38.8813312344; 181.6388120259,0.0906476676; 0.1271724704; 0.1452184371,0.1937114773; 0.0386625607; 0.0058249760
429.0,0.0525,3,11.7823826728; 35.9440859833; 185.5190275497,0.0924779124; 0.1256885200; 0.1453749635,0.1831198298; 0.0426509142; 0.0056667805
429.0,0.053,3,12.3441222069; 33.1078117584; 189.1889087490,0.0944783741; 0.1240468621; 0.1455190426,0.1718837213; 0.0472911845; 0.0055230899
429.0,0.0535,3,13.0317301529; 30.3080335352; 192.6733296877,0.0967209534; 0.1221737819; 0.1456524865,0.1597106019; 0.0528781822; 0.0053916518
429.0,0.054,3,13.9269218491; 27.4434557805; 195.9924564421,0.0993486087; 0.1199248816; 0.1457767323,0.1460159897; 0.0599981675; 0.0052706965
429.0,0.0545,3,15.2552049233; 24.2724950572; 199.1629307322,0.1027462034; 0.1169141353; 0.1458929408,0.1292185048; 0.0702339445; 0.0051588075
430.0,0.0475,3,8.7357615180; 86.4180088592; 123.4675425814,0.0778592794; 0.1385696374; 0.1420902010,0.2760268569; 0.0145556653; 0.0094432600
430.0,0.048,3,8.9370278040; 75.3663232089; 135.9838112710,0.0790859494; 0.1370075858; 0.1429277320,0.2675007861; 0.0171768648; 0.0083892590
430.0,0.0485,3,9.1523339105; 67.8839083397; 144.8864485790,0.0803472099; 0.1357208767; 0.1434554146,0.2588737548; 0.0194989386; 0.0077572080
430.0,0.049,3,9.3836974607; 61.9613521385; 152.1836946615,0.0816472567; 0.1345254647; 0.1438530955,0.2501294167; 0.0217881256; 0.0072972269
430.0,0.0495,3,9.6336083804; 56.9689041635; 158.5036240094,0.0829911950; 0.1333615199; 0.1441754965,0.2412477835; 0.0241391051; 0.0069346369
430.0,0.05,3,9.9051925628; 52.6077753913; 164.1426835243,0.0843853407; 0.1321975324; 0.1444478091,0.2322040038; 0.0266106014; 0.0066355768
430.0,0.0505,3,10.2024547818; 48.7061223435; 169.2694668830,0.0858376634; 0.1310115437; 0.1446840197,0.2229665647; 0.0292526816; 0.0063815035
430.0,0.051,3,10.5306528228; 45.1523207713; 173.9910680489,0.0873584622; 0.1297845742; 0.1448928058,0.2134945422; 0.0321176397; 0.0061610578
430.0,0.0515,3,10.8969002492; 41.8667003300; 178.3807450833,0.0889614444; 0.1284971145; 0.1450799678,0.2037332057; 0.0352677186; 0.0059667374
430.0,0.052,3,11.3111934899; 38.7870834929; 182.4913553280,0.0906655438; 0.1271261377; 0.1452495959,0.1936065877; 0.0387841267; 0.0057933114
430.0,0.0525,3,11.7882922997; 35.8596560561; 186.3626055613,0.0924982175; 0.1256411806; 0.1454046942,0.1830039940; 0.0427813682; 0.0056369788
430.0,0.053,3,12.3515091136; 33.0309500147; 190.0252808265,0.0945020164; 0.1239974126; 0.1455475403,0.1717530554; 0.0474346739; 0.0054948876
430.0,0.0535,3,13.0414544895; 30.2364800792; 193.5038634772,0.0967495790; 0.1221204212; 0.1456799061,0.1595581066; 0.0530419146; 0.0053648403
430.0,0.054,3,13.9409555513; 27.3741247079; 196.8182346522,0.0993858422; 0.1198638597; 0.1458031992,0.1458263492; 0.0601976267; 0.0052451078
430.0,0.0545,3,15.2804483715; 24.1975852319; 199.9848236693,0.1028041527; 0.1168332410; 0.1459185582,0.1289409073; 0.0705200799; 0.0051343038
431.0,0.0475,3,8.7374312535; 85.4511453252; 125.1777130970,0.0778680797; 0.1384440880; 0.1422096985,0.2759652138; 0.0147583277; 0.0092890635
431.0,0.048,3,8.9388522327; 74.8712729647; 137.2242256505,0.0790952775; 0.1369270516; 0.1430016808,0.2674364627; 0.0173178846; 0.0082991928
431.0,0.0485,3,9.1543373141; 67.5461777850; 145.9715337509,0.0803571286; 0.1356555011; 0.1435136087,0.2588064714; 0.0196208479; 0.0076890193
431.0,0.049,3,9.3859099771; 61.7065381496; 153.1877824383,0.0816578417; 0.1344680262; 0.1439026804,0.2500588364; 0.0219013172; 0.0072408598
431.0,0.0495,3,9.6360680251; 56.7661106744; 159.4575324389,0.0830025397; 0.1333089192; 0.1442194784,0.2411734937; 0.0242481941; 0.0068858887
431.0,0.05,3,9.9079482070; 52.4408274132; 165.0624998477,0.0843975617; 0.1321480592; 0.1444877814,0.2321254904; 0.0267183160; 0.0065922331
431.0,0.0505,3,10.2055706889; 48.5653537367; 170.1647551852,0.0858509100; 0.1309640860; 0.1447209451,0.2228831730; 0.0293610069; 0.0063422340
431.0,0.051,3,10.5342158449; 45.0314218234; 174.8680144424,0.0873729306; 0.1297383025; 0.1449273178,0.2134054162; 0.0322283020; 0.0061249917
431.0,0.0515,3,10.9010318264; 41.7612684832; 179.2435949439,0.0889774005; 0.1284513201; 0.1451125088,0.2036371892; 0.0353824792; 0.0059332695
431.0,0.052,3,11.3160709456; 38.6938623805; 183.3431529269,0.0906833644; 0.1270801206; 0.1452804893,0.1935020525; 0.0389050537; 0.0057620016
431.0,0.0525,3,11.7941898208; 35.7760795726; 187.2056089788,0.0925184663; 0.1255941324; 0.1454341846,0.1828885161; 0.0429112171; 0.0056074957
431.0,0.053,3,12.3588857779; 32.9548056974; 190.8612105110,0.0945256050; 0.1239482314; 0.1455758180,0.1716227356; 0.0475776003; 0.0054669745
431.0,0.0535,3,13.0511759565; 30.1655305649; 194.3340590646,0.0967781639; 0.1220672991; 0.1457071223,0.1594059003; 0.0532051662; 0.0053382939
431.0,0.054,3,13.9550155208; 27.3052830637; 197.6437581466,0.0994230875; 0.1198030100; 0.1458294766,0.1456367712; 0.0603968527; 0.0052197639
431.0,0.0545,3,15.3059068662; 24.1229063588; 200.8065297278,0.1028624433; 0.1167521777; 0.1459439980,0.1286619757; 0.0708073968; 0.0051100277
432.0,0.0475,3,8.7390945505; 84.5619531855; 126.8105058979,0.0778768440; 0.1383264891; 0.1423212757,0.2759038294; 0.0149494272; 0.0091462330
432.0,0.048,3,8.9406697473; 74.3951283958; 138.4460261954,0.0791045680; 0.1368487374; 0.1430734417,0.2673724069; 0.0174555698; 0.0082122563
432.0,0.0485,3,9.1563332783; 67.2174375401; 147.0479187056,0.0803670077; 0.1355913306; 0.1435706315,0.2587394651; 0.0197408795; 0.0076224950
432.0,0.049,3,9.3881144740; 61.4570921036; 154.1867907118,0.0816683852; 0.1344114057; 0.1439514833,0.2499885431; 0.0220131840; 0.0071855950
432.0,0.0495,3,9.6385190122; 56.5669177729; 160.4081271647,0.0830138406; 0.1332569399; 0.1442628769,0.2410995015; 0.0243562359; 0.0068379556
432.0,0.05,3,9.9106944971; 52.2764721615; 165.9800088699,0.0844097367; 0.1320990914; 0.1445272887,0.2320472857; 0.0268251446; 0.0065495332
432.0,0.0505,3,10.2086764942; 48.4265437613; 171.0583689102,0.0858641082; 0.1309170583; 0.1447574833,0.2228001015; 0.0294685481; 0.0063034955
432.0,0.051,3,10.5377679917; 44.9120545956; 175.7437118613,0.0873873480; 0.1296924086; 0.1449614972,0.2133166221; 0.0323382487; 0.0060893774
432.0,0.0515,3,10.9051517953; 41.6570662717; 180.1054966009,0.0889933033; 0.1284058656; 0.1451447577,0.2035415159; 0.0354965723; 0.0059001950
432.0,0.052,3,11.3209362639; 38.6016487181; 184.1942230237,0.0907011297; 0.1270344144; 0.1453111215,0.1933978698; 0.0390253499; 0.0057310403
432.0,0.0525,3,11.8000752973; 35.6933416580; 188.0480517035,0.0925386590; 0.1255473716; 0.1454634382,0.1827733941; 0.0430404678; 0.0055783257
432.0,0.053,3,12.3662522701; 32.8793670132; 191.6967086190,0.0945491402; 0.1238993152; 0.1456038785,0.1714927597; 0.0477199700; 0.0054393458
432.0,0.0535,3,13.0608946761; 30.0951754289; 195.1639249907,0.0968067088; 0.1220144125; 0.1457341377,0.1592539804; 0.0533679431; 0.0053120084
432.0,0.054,3,13.9691022566; 27.2369226329; 198.4690337474,0.0994603460; 0.1197423289; 0.1458555670,0.1454472502; 0.0605958541; 0.0051946612
432.0,0.0545,3,15.3315868077; 24.0484456523; 201.6280544056,0.1029210866; 0.1166709319; 0.1459692622,0.1283816611; 0.0710959465; 0.0050859761
433.0,0.0475,3,8.7407514466; 83.7372838699; 128.3790685393,0.0778855725; 0.1382155420; 0.1424262311,0.2758427023; 0.0151308445; 0.0090128892
433.0,0.048,3,8.9424803875; 73.9364313039; 139.6506700943,0.0791138209; 0.1367724856; 0.1431431718,0.2673086170; 0.0175901529; 0.0081282184
433.0,0.0485,3,9.1583218451; 66.8972252212; 148.1160648224,0.0803768474; 0.1355283104; 0.1436265377,0.2586727341; 0.0198591158; 0.0075575539
433.0,0.049,3,9.3903109962; 61.2128029064; 155.1809295764,0.0816788874; 0.1343555756; 0.1439995314,0.2499185350; 0.0221237683; 0.0071313918
433.0,0.0495,3,9.6409613891; 56.3712092631; 161.3555233877,0.0830250982; 0.1332055654; 0.1443057085,0.2410258050; 0.0244632566; 0.0067908127
433.0,0.05,3,9.9134314830; 52.1146379571; 166.8952812790,0.0844218660; 0.1320506176; 0.1445663422,0.2319693878; 0.0269311054; 0.0065074601
433.0,0.0505,3,10.2117722501; 48.2896446783; 171.9503548106,0.0858772583; 0.1308704522; 0.1447936425,0.2227173483; 0.0295753191; 0.0062652757
433.0,0.051,3,10.5413093181; 44.7941854949; 176.6181929164,0.0874017148; 0.1296468861; 0.1449953504,0.2132281580; 0.0324474907; 0.0060542055
433.0,0.0515,3,10.9092602125; 41.5540690590; 180.9664737133,0.0890091531; 0.1283607457; 0.1451767194,0.2034461839; 0.0356100071; 0.0058675062
433.0,0.052,3,11.3257895032; 38.5104238468; 185.0445833047,0.0907188400; 0.1269890149; 0.1453414966,0.1932940374; 0.0391450229; 0.0057004212
433.0,0.0525,3,11.8059487898; 35.6114278116; 188.8899472676,0.0925587960; 0.1255008943; 0.1454924585,0.1826586259; 0.0431691274; 0.0055494634
433.0,0.053,3,12.3736086602; 32.8046224464; 192.5317856953,0.0945726225; 0.1238506605; 0.1456317251,0.1713631255; 0.0478617893; 0.0054119971
433.0,0.0535,3,13.0706107710; 30.0254053179; 195.9934695916,0.0968352139; 0.1219617584; 0.1457609550,0.1591023441; 0.0535302516; 0.0052859799
433.0,0.054,3,13.9832162647; 27.1690353562; 199.2940681191,0.0994976186; 0.1196818131; 0.1458814725,0.1452577803; 0.0607946396; 0.0051697961
433.0,0.0545,3,15.3574948801; 23.9741901709; 202.4494030773,0.1029800944; 0.1165894897; 0.1459943530,0.1280999128; 0.0713857828; 0.0050621457
434.0,0.0475,3,8.7424019793; 82.9672802264; 129.8932571643,0.0778942655; 0.1381102704; 0.1425255408,0.2757818306; 0.0153039930; 0.0088876196
434.0,0.048,3,8.9442841931; 73.4938957488; 140.8394422835,0.0791230366; 0.1366981569; 0.1432110104,0.2672450915; 0.0177218391; 0.0080468749
434.0,0.0485,3,9.1603030566; 66.5851148120; 149.1763971190,0.0803866481; 0.1354663897; 0.1436813778,0.2586062767; 0.0199756330; 0.0074941212
434.0,0.049,3,9.3924995880; 60.9734720628; 156.1703965332,0.0816893485; 0.1343005098; 0.1440468506,0.2498488105; 0.0222331098; 0.0070782114
434.0,0.0495,3,9.6433952026; 56.1788745902; 162.2998306730,0.0830363125; 0.1331547797; 0.1443479889,0.2409524025; 0.0245692813; 0.0067444366
434.0,0.05,3,9.9161592140; 51.9552560766; 167.8083848132,0.0844339498; 0.1320026269; 0.1446049524,0.2318917949; 0.0270362160; 0.0064659978
434.0,0.0505,3,10.2148580087; 48.1546104702; 172.8407579231,0.0858903605; 0.1308242598; 0.1448294304,0.2226349115; 0.0296813331; 0.0062275628
434.0,0.051,3,10.5448398783; 44.6777820110; 177.4914891419,0.0874160313; 0.1296017286; 0.1450288834,0.2131400220; 0.0325560388; 0.0060194667
434.0,0.0515,3,10.9133571343; 41.4522529292; 181.8265492254,0.0890249503; 0.1283159554; 0.1452083988,0.2033511910; 0.0357227925; 0.0058351956
434.0,0.052,3,11.3306307215; 38.4201696096; 185.8942509605,0.0907364957; 0.1269439176; 0.1453716187,0.1931905533; 0.0392640806; 0.0056701382
434.0,0.0525,3,11.8118103587; 35.5303238944; 189.7313088475,0.0925788776; 0.1254546969; 0.1455212490,0.1825442094; 0.0432972025; 0.0055209038
434.0,0.053,3,12.3809550176; 32.7305607496; 193.3664520218,0.0945960521; 0.1238022642; 0.1456593606,0.1712338308; 0.0480030644; 0.0053849239
434.0,0.0535,3,13.0803243638; 29.9562110825; 196.8227010042,0.0968636797; 0.1219093337; 0.1457875768,0.1589509889; 0.0536920976; 0.0052602043
434.0,0.054,3,13.9973580583; 27.1016133256; 200.1188677728,0.0995349066; 0.1196214591; 0.1459071956,0.1450683560; 0.0609932180; 0.0051451653
434.0,0.0545,3,15.3836380692; 23.9001267964; 203.2705809976,0.1030394791; 0.1165078367; 0.1460192724,0.1278166776; 0.0716769611; 0.0050385335
435.0,0.047,3,8.5544906680; 103.7603110520; 108.3259544295,0.0767049849; 0.1404543055; 0.1408714772,0.2841720245; 0.0116818068; 0.0110883561
435.0,0.0475,3,8.7440461857; 82.2443294091; 131.3606836151,0.0779029232; 0.1380099182; 0.1426199607,0.2757212128; 0.0154699673; 0.0087693310
435.0,0.048,3,8.9460812034; 73.0663810265; 142.0134824688,0.0791322153; 0.1366256273; 0.1432770813,0.2671818286; 0.0178508114; 0.0079680443
435.0,0.0485,3,9.1622769543; 66.2807128266; 150.2293080878,0.0803964100; 0.1354055217; 0.1437351985,0.2585400912; 0.0200905016; 0.0074321275
435.0,0.049,3,9.3946802935; 60.7389126653; 157.1553775014,0.0816997688; 0.1342461840; 0.1440934651,0.2497793676; 0.0223412463; 0.0070260177
435.0,0.0495,3,9.6458204994; 55.9898084727; 163.2411533184,0.0830474839; 0.1331045675; 0.1443897330,0.2408792921; 0.0246743340; 0.0066988045
435.0,0.05,3,9.9188777394; 51.7982605890; 168.7193844244,0.0844459884; 0.1319551087; 0.1446431298,0.2318145050; 0.0271404933; 0.0064251306
435.0,0.0505,3,10.2179338215; 48.0213967582; 173.7296216515,0.0859034152; 0.1307784730; 0.1448648546,0.2225527893; 0.0297866031; 0.0061903452
435.0,0.051,3,10.5483597262; 44.5628126690; 178.3636310418,0.0874302978; 0.1295569300; 0.1450621020,0.2130522122; 0.0326639033; 0.0059851521
435.0,0.0515,3,10.9174426166; 41.3515946589; 182.6857453946,0.0890406950; 0.1282714895; 0.1452398007,0.2032565354; 0.0358349371; 0.0058032562
435.0,0.052,3,11.3354599763; 38.3308683328; 186.7432427033,0.0907540969; 0.1268991184; 0.1454014916,0.1930874156; 0.0393825303; 0.0056401853
435.0,0.0525,3,11.8176600638; 35.4500161177; 190.5721492748,0.0925989040; 0.1254087757; 0.1455498129,0.1824301426; 0.0434246998; 0.0054926417
435.0,0.053,3,12.3882914115; 32.6571709359; 194.2007176250,0.0946194294; 0.1237541230; 0.1456867879,0.1711048736; 0.0481438012; 0.0053581217
435.0,0.0535,3,13.0900355772; 29.8875837712; 197.6516271724,0.0968921067; 0.1218571355; 0.1458140056,0.1587999122; 0.0538534871; 0.0052346779
435.0,0.054,3,14.0115281582; 27.0346487795; 200.9434390709,0.0995722111; 0.1195612634; 0.1459327385,0.1448789715; 0.0611915979; 0.0051207651
435.0,0.0545,3,15.4100236821; 23.8262422113; 204.0915933043,0.1030992535; 0.1164259579; 0.1460440226,0.1275319003; 0.0719695395; 0.0050151363
436.0,0.047,3,8.5559958640; 98.9252899068; 113.9036297907,0.0767131401; 0.1399775534; 0.1413427992,0.2841140630; 0.0123789556; 0.0104364851
436.0,0.0475,3,8.7456841025; 81.5624084247; 132.7873698878,0.0779115458; 0.1379138855; 0.1427100905,0.2756608474; 0.0156296355; 0.0086571564
436.0,0.048,3,8.9478714572; 72.6528698529; 143.1738069421,0.0791413573; 0.1365547859; 0.1433414951,0.2671188266; 0.0179772332; 0.0078915643
436.0,0.0485,3,9.1642435795; 65.9836549760; 151.2751610306,0.0804061333; 0.1353456627; 0.1437880431,0.2584741759; 0.0202037871; 0.0073715086
436.0,0.049,3,9.3968531564; 60.5089484846; 158.1360477276,0.0817101486; 0.1341925749; 0.1441393979,0.2497102048; 0.0224482134; 0.0069747761
436.0,0.0495,3,9.6482373256; 55.8039105645; 164.1795906919,0.0830586126; 0.1330549144; 0.1444309552,0.2408064721; 0.0247784375; 0.0066538949
436.0,0.05,3,9.9215871079; 51.6435882029; 169.6283424298,0.0844579821; 0.1319080529; 0.1446808841,0.2317375165; 0.0272439536; 0.0063848437
436.0,0.0505,3,10.2209997398; 47.8899607241; 174.6169878446,0.0859164225; 0.1307330845; 0.1448999225,0.2224709798; 0.0298911416; 0.0061536119
436.0,0.051,3,10.5518689156; 44.4492469860; 179.2346481341,0.0874445145; 0.1295124843; 0.1450950119,0.2129647265; 0.0327710943; 0.0059512530
436.0,0.0515,3,10.9215167151; 41.2520716906; 183.5440838178,0.0890563876; 0.1282273433; 0.1452709296,0.2031622150; 0.0359464495; 0.0057716810
436.0,0.052,3,11.3402773248; 38.2425028097; 187.5915747843,0.0907716441; 0.1268546131; 0.1454311193,0.1929846221; 0.0395003794; 0.0056105567
436.0,0.0525,3,11.8234979647; 35.3704910307; 191.4124810485,0.0926188757; 0.1253631273; 0.1455781535,0.1823164234; 0.0435516258; 0.0054646722
436.0,0.053,3,12.3956179108; 32.5844422711; 195.0345922847,0.0946427547; 0.1237062339; 0.1457140098,0.1709762516; 0.0482840058; 0.0053315863
436.0,0.0535,3,13.0997445343; 29.8195146249; 198.4802558527,0.0969204952; 0.1218051609; 0.1458402439,0.1586491113; 0.0540144261; 0.0052093969
436.0,0.054,3,14.0257270926; 26.9681340985; 201.7677882307,0.0996095333; 0.1195012227; 0.1459581034,0.1446896210; 0.0613897878; 0.0050965924
436.0,0.0545,3,15.4366593683; 23.7525228743; 204.9124450217,0.1031594310; 0.1163438380; 0.1460686055,0.1272455229; 0.0722635783; 0.0049919511
437.0,0.047,3,8.5574952276; 96.4290456713; 117.1428188037,0.0767212619; 0.1397157737; 0.1415991765,0.2840563441; 0.0127703455; 0.0100901893
437.0,0.0475,3,8.7473157663; 80.9166561480; 134.1781761155,0.0779201335; 0.1378216870; 0.1427964154,0.2756007326; 0.0157837004; 0.0085503942
437.0,0.048,3,8.9496549933; 72.2524505786; 144.3213263661,0.0791504626; 0.1364855329; 0.1434043515,0.2670560841; 0.0181012516; 0.0078172891
437.0,0.0485,3,9.1662029733; 65.6936032590; 152.3142929670,0.0804158181; 0.1352867721; 0.1438399521,0.2584085291; 0.0203155507; 0.0073122047
437.0,0.049,3,9.3990182201; 60.2834131490; 159.1125726065,0.0817204880; 0.1341396604; 0.1441846708,0.2496413202; 0.0225540450; 0.0069244543
437.0,0.0495,3,9.6506457271; 55.6210851437; 165.1152375427,0.0830696989; 0.1330058064; 0.1444716692,0.2407339407; 0.0248816137; 0.0066096872
437.0,0.05,3,9.9242873679; 51.4911781257; 170.5353186542,0.0844699312; 0.1318614498; 0.1447182250,0.2316608274; 0.0273466127; 0.0063451226
437.0,0.0505,3,10.2240558144; 47.7602610367; 175.5028968695,0.0859293828; 0.1306880867; 0.1449346411,0.2223894810; 0.0299949607; 0.0061173522
437.0,0.051,3,10.5553674994; 44.3370554291; 180.1045689921,0.0874586818; 0.1294683857; 0.1451276187,0.2128775632; 0.0328776216; 0.0059177612
437.0,0.0515,3,10.9255794847; 41.1536621073; 184.4015854572,0.0890720283; 0.1281835119; 0.1453017901,0.2030682280; 0.0360573379; 0.0057404631
437.0,0.052,3,11.3450828237; 38.1550562835; 188.4392630099,0.0907891375; 0.1268103978; 0.1454605054,0.1928821710; 0.0396176351; 0.0055812467
437.0,0.0525,3,11.8293241203; 35.2917355107; 192.2523163454,0.0926387929; 0.1253177480; 0.1456062741,0.1822030497; 0.0436779868; 0.0054369904
437.0,0.053,3,12.4029345838; 32.5123642656; 195.8680855410,0.0946660283; 0.1236585936; 0.1457410292,0.1708479628; 0.0484236840; 0.0053053135
437.0,0.0535,3,13.1094513579; 29.7519950712; 199.3085946197,0.0969488458; 0.1217534069; 0.1458662941,0.1584985836; 0.0541749202; 0.0051843577
437.0,0.054,3,14.0399553978; 26.9020618010; 202.5919213287,0.0996468743; 0.1194413336; 0.1459832925,0.1445002986; 0.0615877965; 0.0050726437
437.0,0.0545,3,15.4635531421; 23.6789549944; 205.7331410634,0.1032200258; 0.1162614609; 0.1460930231,0.1269574852; 0.0725591402; 0.0049689751
438.0,0.047,3,8.5589887931; 94.5581920752; 119.7569067471,0.0767293507; 0.1395119838; 0.1417975915,0.2839988663; 0.0130792509; 0.0098261955
438.0,0.0475,3,8.7489412133; 80.3030828408; 135.5370910502,0.0779286866; 0.1377329230; 0.1428793348,0.2755408671; 0.0159327400; 0.0084484676
438.0,0.048,3,8.9514318500; 71.8643025616; 145.4568604018,0.0791595316; 0.1364177783; 0.1434657401,0.2669935992; 0.0182229991; 0.0077450872
438.0,0.0485,3,9.1681551762; 65.4102434141; 153.3470171821,0.0804254648; 0.1352288121; 0.1438909631,0.2583431491; 0.0204258493; 0.0072541601
438.0,0.049,3,9.4011755276; 60.0621494030; 160.0851084220,0.0817307873; 0.1340874197; 0.1442293044,0.2495727121; 0.0226587730; 0.0068750214
438.0,0.0495,3,9.6530457494; 55.4412408267; 166.0481842876,0.0830807430; 0.1329572301; 0.1445118882,0.2406616960; 0.0249838837; 0.0065661617
438.0,0.05,3,9.9269785675; 51.3409719307; 171.4403705615,0.0844818358; 0.1318152898; 0.1447551615,0.2315844360; 0.0274484858; 0.0063059536
438.0,0.0505,3,10.2271020960; 47.6322577833; 176.3873876806,0.0859422964; 0.1306434727; 0.1449690172,0.2223082912; 0.0300980722; 0.0060815557
438.0,0.051,3,10.5588555304; 44.2262093762; 180.9734212838,0.0874727998; 0.1294246287; 0.1451599278,0.2127907203; 0.0329834948; 0.0058846684
438.0,0.0515,3,10.9296309803; 41.0563446080; 185.2582706640,0.0890876176; 0.1281399908; 0.1453323864,0.2029745724; 0.0361676104; 0.0057095960
438.0,0.052,3,11.3498765295; 38.0685124325; 189.2863227573,0.0908065774; 0.1267664685; 0.1454896535,0.1927800603; 0.0397343044; 0.0055522499
438.0,0.0525,3,11.8351385895; 35.2137367513; 193.0916670308,0.0926586559; 0.1252726345; 0.1456341776,0.1820900197; 0.0438037891; 0.0054095918
438.0,0.053,3,12.4102414986; 32.4409266671; 196.7012067023,0.0946892505; 0.1236111992; 0.1457678487,0.1707200049; 0.0485628414; 0.0052792993
438.0,0.0535,3,13.1191561713; 29.6850167193; 200.1366508711,0.0969771588; 0.1217018709; 0.1458921587,0.1583483267; 0.0543349752; 0.0051595565
438.0,0.054,3,14.0542136180; 26.8364245394; 203.4158443048,0.0996842354; 0.1193815928; 0.1460083079,0.1443109986; 0.0617856325; 0.0050489160
438.0,0.0545,3,15.4907134079; 23.6055245037; 206.5536862352,0.1032810527; 0.1161788098; 0.1461172773,0.1266677237; 0.0728562911; 0.0049462052
439.0,0.047,3,8.5604765944; 93.0198651581; 122.0387565953,0.0767374065; 0.1393392615; 0.1419649659,0.2839416280; 0.0133439542; 0.0096062224
439.0,0.0475,3,8.7505604795; 79.7183667718; 136.8674354425,0.0779372052; 0.1376472598; 0.1429591821,0.2754812490; 0.0160772372; 0.0083508948
439.0,0.048,3,8.9532020656; 71.4876840388; 146.5811498367,0.0791685645; 0.1363514405; 0.1435257425,0.2669313705; 0.0183425961; 0.0076748395
439.0,0.0485,3,9.1701002287; 65.1332826800; 154.3736254669,0.0804350736; 0.1351717472; 0.1439411113,0.2582780344; 0.0205347361; 0.0071973227
439.0,0.049,3,9.4033251217; 59.8450084355; 161.0538030196,0.0817410467; 0.1340358331; 0.1442733182,0.2495043789; 0.0227624279; 0.0068264483
439.0,0.0495,3,9.6554374378; 55.2642903040; 166.9785172745,0.0830917452; 0.1329091726; 0.1445516247,0.2405897365; 0.0250852677; 0.0065232996
439.0,0.05,3,9.9296607542; 51.1929134339; 172.3435533786,0.0844936962; 0.1317695640; 0.1447917026,0.2315083404; 0.0275495876; 0.0062673232
439.0,0.0505,3,10.2301386345; 47.5059124040; 177.2704978848,0.0859551634; 0.1305992355; 0.1450030576,0.2222274085; 0.0302004876; 0.0060462123
439.0,0.051,3,10.5623330612; 44.1166810783; 181.8412318095,0.0874868690; 0.1293812077; 0.1451919443,0.2127041959; 0.0330887233; 0.0058519668
439.0,0.0515,3,10.9336712562; 40.9600984854; 186.1141592016,0.0891031555; 0.1280967755; 0.1453627229,0.2028812463; 0.0362772748; 0.0056790731
439.0,0.052,3,11.3546584982; 37.9828553543; 190.1327689894,0.0908239641; 0.1267228214; 0.1455185673,0.1926782880; 0.0398503942; 0.0055235609
439.0,0.0525,3,11.8409414304; 35.1364822535; 193.9305446686,0.0926784650; 0.1252277835; 0.1456618672,0.1819773313; 0.0439290388; 0.0053824716
439.0,0.053,3,12.4175387230; 32.3701194541; 197.5339648514,0.0947124218; 0.1235640477; 0.1457944709,0.1705923761; 0.0487014836; 0.0052535396
439.0,0.0535,3,13.1288590979; 29.6185713547; 200.9644318333,0.0970054347; 0.1216505500; 0.1459178400,0.1581983378; 0.0544945966; 0.0051349900
439.0,0.054,3,14.0685023056; 26.7712150958; 204.2395629651,0.0997216178; 0.1193219970; 0.1460331519,0.1441217149; 0.0619833045; 0.0050254061
439.0,0.0545,3,15.5181489867; 23.5322170269; 207.3740852380,0.1033425270; 0.1160958676; 0.1461413700,0.1263761722; 0.0731550996; 0.0049236387
440.0,0.047,3,8.5619586652; 91.6960947702; 124.1063375178,0.0767454297; 0.1391867325; 0.1421121742,0.2838846277; 0.0135799154; 0.0094148111
440.0,0.0475,3,8.7521736005; 79.1597080103; 138.1720082485,0.0779456896; 0.1375644156; 0.1430362392,0.2754218771; 0.0162175999; 0.0082572690
440.0,0.048,3,8.9549656777; 71.1219219945; 147.6948667169,0.0791775615; 0.1362864453; 0.1435844326,0.2668693963; 0.0184601522; 0.0076064376
440.0,0.0485,3,9.1720381708; 64.8624478178; 155.3943900951,0.0804446448; 0.1351155444; 0.1439904295,0.2582131833; 0.0206422610; 0.0071416439
440.0,0.049,3,9.4054670448; 59.6318492697; 162.0187964154,0.0817512665; 0.1339848817; 0.1443167310,0.2494363189; 0.0228650386; 0.0067787072
440.0,0.0495,3,9.6578208371; 55.0901500962; 167.9063190271,0.0831027057; 0.1328616218; 0.1445908908,0.2405180603; 0.0251857849; 0.0064810828
440.0,0.05,3,9.9323339756; 51.0469485787; 173.2449202102,0.0845055128; 0.1317242635; 0.1448278568,0.2314325390; 0.0276499323; 0.0062292186
440.0,0.0505,3,10.2331654799; 47.3811876308; 178.1522638026,0.0859679842; 0.1305553684; 0.1450367687,0.2221468312; 0.0303022178; 0.0060113123
440.0,0.051,3,10.5658001438; 44.0084436242; 182.7080265373,0.0875008895; 0.1293381173; 0.1452236734,0.2126179882; 0.0331933160; 0.0058196487
440.0,0.0515,3,10.9377003664; 40.8649036034; 186.9692702674,0.0891186425; 0.1280538614; 0.1453928037,0.2027882477; 0.0363863390; 0.0056488883
440.0,0.052,3,11.3594287852; 37.8980695522; 190.9786162687,0.0908412979; 0.1266794527; 0.1455472502,0.1925768522; 0.0399659111; 0.0054951743
440.0,0.0525,3,11.8467327011; 35.0599598149; 194.7689605308,0.0926982205; 0.1251831917; 0.1456893459,0.1818649825; 0.0440537419; 0.0053556254
440.0,0.053,3,12.4248263243; 32.2999328282; 198.3663688534,0.0947355423; 0.1235171363; 0.1458208985,0.1704650740; 0.0488396163; 0.0052280305
440.0,0.0535,3,13.1385602612; 29.5526509343; 201.7919445657,0.0970336739; 0.1215994416; 0.1459433403,0.1580486145; 0.0546537901; 0.0051106546
440.0,0.054,3,14.0828220217; 26.7064263784; 205.0630829868,0.0997590227; 0.1192625429; 0.1460578263,0.1439324417; 0.0621808209; 0.0050021108
440.0,0.0545,3,15.5458691459; 23.4590178498; 208.1943426708,0.1034044650; 0.1160126159; 0.1461653031,0.1260827612; 0.0734556374; 0.0049012728
441.0,0.047,3,8.5634350390; 90.5253108839; 126.0212185673,0.0767534203; 0.1390487063; 0.1422449067,0.2838278639; 0.0137952235; 0.0092438738
441.0,0.0475,3,8.7537806118; 78.6247209052; 139.4531941495,0.0779541399; 0.1374841492; 0.1431107468,0.2753627496; 0.0163541767; 0.0081672428
441.0,0.048,3,8.9567227238; 70.7664036377; 148.7986228686,0.0791865228; 0.1362227247; 0.1436418783,0.2668076751; 0.0185757673; 0.0075397828
441.0,0.0485,3,9.1739690421; 64.5974833619; 156.4095655729,0.0804541784; 0.1350601725; 0.1440389488,0.2581485941; 0.0207484707; 0.0070870781
441.0,0.049,3,9.4076013389; 59.4225382088; 162.9802213515,0.0817614470; 0.1339345476; 0.1443595603,0.2493685304; 0.0229666328; 0.0067317719
441.0,0.0495,3,9.6601959918; 54.9187403282; 168.8316684697,0.0831136247; 0.1328145658; 0.1446296980,0.2404466658; 0.0252854541; 0.0064394940
441.0,0.05,3,9.9349982786; 50.9030253280; 174.1445221473,0.0845172857; 0.1316793798; 0.1448636324,0.2313570299; 0.0277495336; 0.0061916274
441.0,0.0505,3,10.2361826815; 47.2580474300; 179.0327205259,0.0859807590; 0.1305118649; 0.1450701567,0.2220665573; 0.0304032736; 0.0059768464
441.0,0.051,3,10.5692568298; 43.9014709068; 183.5738306364,0.0875148616; 0.1292953524; 0.1452551200,0.2125320953; 0.0332972820; 0.0057877065
441.0,0.0515,3,10.9417183645; 40.7707403760; 187.8236225138,0.0891340787; 0.1280112443; 0.1454226328,0.2026955749; 0.0364948104; 0.0056190355
441.0,0.052,3,11.3641874460; 37.8141399214; 191.8238787717,0.0908585790; 0.1266363588; 0.1455757057,0.1924757509; 0.0400808618; 0.0054670851
441.0,0.0525,3,11.8525124590; 34.9841575214; 195.6069256069,0.0927179227; 0.1251388560; 0.1457166165,0.1817529714; 0.0441779043; 0.0053290488
441.0,0.053,3,12.4321043694; 32.2303572082; 199.1984273611,0.0947586124; 0.1234704620; 0.1458471341,0.1703380968; 0.0489772447; 0.0052027682
441.0,0.0535,3,13.1482597849; 29.4872475817; 202.6191959659,0.0970618768; 0.1215485428; 0.1459686618,0.1578991543; 0.0548125610; 0.0050865470
441.0,0.054,3,14.0971733358; 26.6420514172; 205.8864099205,0.0997964514; 0.1192032273; 0.1460823333,0.1437431727; 0.0623781905; 0.0049790272
441.0,0.0545,3,15.5738836311; 23.3859118839; 209.0144630328,0.1034668838; 0.1159290361; 0.1461890784,0.1257874177; 0.0737579797; 0.0048791047
442.0,0.047,3,8.5649057488; 89.4705776753; 127.8203345984,0.0767613787; 0.1389217600; 0.1423665859,0.2837713351; 0.0139947429; 0.0090885471
442.0,0.0475,3,8.7553815484; 78.1113534384; 140.7130441997,0.0779625565; 0.1374062530; 0.1431829126,0.2753038650; 0.0164872683; 0.0080805166
442.0,0.048,3,8.9584732412; 70.4205691888; 149.8929771130,0.0791954487; 0.1361602165; 0.1436981414,0.2667462052; 0.0186895332; 0.0074747844
442.0,0.0485,3,9.1758928822; 64.3381500649; 157.4193901937,0.0804636748; 0.1350056023; 0.1440866981,0.2580842653; 0.0208534093; 0.0070335827
442.0,0.049,3,9.4097280459; 59.2169483300; 163.9382038011,0.0817715883; 0.1338848137; 0.1444018231,0.2493010118; 0.0230672367; 0.0066856172
442.0,0.0495,3,9.6625629462; 54.7499845206; 169.7546411366,0.0831245025; 0.1327679932; 0.1446680575,0.2403755513; 0.0253842930; 0.0063985165
442.0,0.05,3,9.9376537099; 50.7610935632; 175.0424083675,0.0845290152; 0.1316349047; 0.1448990374,0.2312818114; 0.0278484047; 0.0061545378
442.0,0.0505,3,10.2391902885; 47.1364569469; 179.9119019722,0.0859934881; 0.1304687187; 0.1451032277,0.2219865851; 0.0305036656; 0.0059428054
442.0,0.051,3,10.5727031705; 43.7957375910; 184.4386685093,0.0875287856; 0.1292529079; 0.1452862889,0.2124465155; 0.0334006297; 0.0057561332
442.0,0.0515,3,10.9457253037; 40.6775897481; 188.6772340680,0.0891494645; 0.1279689199; 0.1454522142,0.2026032259; 0.0366026963; 0.0055895086
442.0,0.052,3,11.3689345352; 37.7310517355; 192.6685703010,0.0908758079; 0.1265935360; 0.1456039370,0.1923749824; 0.0401952527; 0.0054392883
442.0,0.0525,3,11.8582807612; 34.9090637373; 196.4444506128,0.0927375719; 0.1250947731; 0.1457436820,0.1816412960; 0.0443015318; 0.0053027375
442.0,0.053,3,12.4393729252; 32.1613832233; 200.0301488223,0.0947816325; 0.1234240220; 0.1458731801,0.1702114424; 0.0491143743; 0.0051777490
442.0,0.0535,3,13.1579577930; 29.4223535825; 203.4461927738,0.0970900439; 0.1214978512; 0.1459938069,0.1577499545; 0.0549709148; 0.0050626638
442.0,0.054,3,14.1115568267; 26.5780833611; 206.7095491943,0.0998339050; 0.1191440470; 0.1461066749,0.1435539020; 0.0625754217; 0.0049561523
442.0,0.0545,3,15.6022027015; 23.3128836290; 209.8344507261,0.1035298012; 0.1158451084; 0.1462126978,0.1254900652; 0.0740622054; 0.0048571318
443.0,0.047,3,8.5663708277; 88.5076830757; 129.5278967159,0.0767693050; 0.1388036439; 0.1424794613,0.2837150400; 0.0141816703; 0.0089456354
443.0,0.0475,3,8.7569764452; 77.6178256742; 141.9533373763,0.0779709394; 0.1373305459; 0.1432529172,0.2752452220; 0.0166171363; 0.0079968299
443.0,0.048,3,8.9602172669; 70.0839057356; 150.9784414085,0.0792043393; 0.1360988638; 0.1437532788,0.2666849853; 0.0188015341; 0.0074113593
443.0,0.0485,3,9.1778097302; 64.0842235131; 158.4240874221,0.0804731342; 0.1349518064; 0.1441337046,0.2580201952; 0.0209571180; 0.0069811172
443.0,0.049,3,9.4118472072; 59.0149590234; 164.8928634299,0.0817816907; 0.1338356637; 0.1444435354,0.2492337614; 0.0231668754; 0.0066402195
443.0,0.0495,3,9.6649217440; 54.5838093958; 170.6753093657,0.0831353394; 0.1327218932; 0.1447059800,0.2403047149; 0.0254823189; 0.0063581345
443.0,0.05,3,9.9403003157; 50.6211049892; 175.9386262304,0.0845407016; 0.1315908304; 0.1449340793,0.2312068818; 0.0279465585; 0.0061179380
443.0,0.0505,3,10.2421883495; 47.0163824551; 180.7898409367,0.0860061718; 0.1304259238; 0.1451359875,0.2219069129; 0.0306034039; 0.0059091805
443.0,0.051,3,10.5761392170; 43.6912190834; 185.3025638223,0.0875426618; 0.1292107789; 0.1453171848,0.2123612468; 0.0335033677; 0.0057249217
443.0,0.0515,3,10.9497212370; 40.5854331757; 189.5301225510,0.0891648002; 0.1279268843; 0.1454815517,0.2025111989; 0.0367100041; 0.0055603020
443.0,0.052,3,11.3736701073; 37.6487906342; 193.5127042988,0.0908929846; 0.1265509809; 0.1456319474,0.1922745446; 0.0403090901; 0.0054117791
443.0,0.0525,3,11.8640376646; 34.8346670974; 197.2815459995,0.0927571684; 0.1250509399; 0.1457705451,0.1815299544; 0.0444246301; 0.0052766873
443.0,0.053,3,12.4466320578; 32.0930017076; 200.8615414851,0.0948046028; 0.1233778137; 0.1458990390,0.1700851087; 0.0492510102; 0.0051529691
443.0,0.0535,3,13.1676544096; 29.3579613799; 204.2729415764,0.0971181756; 0.1214473640; 0.1460187775,0.1576010126; 0.0551288568; 0.0050390019
443.0,0.054,3,14.1259730820; 26.5145154737; 207.5325061170,0.0998713849; 0.1190849986; 0.1461308529,0.1433646234; 0.0627725232; 0.0049334832
443.0,0.0545,3,15.6308371681; 23.2399171321; 210.6543100587,0.1035932363; 0.1157608121; 0.1462361630,0.1251906229; 0.0743683973; 0.0048353514
444.0,0.047,3,8.5678303081; 87.6197431193; 131.1607879275,0.0767771994; 0.1386927853; 0.1425851056,0.2836589769; 0.0143582404; 0.0088129050
444.0,0.0475,3,8.7585653369; 77.1425820589; 143.1756282799,0.0779792889; 0.1372568696; 0.1433209190,0.2751868189; 0.0167440099; 0.0079159547
444.0,0.048,3,8.9619548374; 69.7559419738; 152.0554861113,0.0792131948; 0.1360386136; 0.1438073432,0.2666240136; 0.0189118476; 0.0073494311
444.0,0.0485,3,9.1797196250; 63.8354928898; 159.4238671318,0.0804825568; 0.1348987589; 0.1441799941,0.2579563822; 0.0210596360; 0.0069296441
444.0,0.049,3,9.4139588640; 58.8164555695; 165.8443140187,0.0817917543; 0.1337870822; 0.1444847125,0.2491667775; 0.0232655727; 0.0065955559
444.0,0.0495,3,9.6672724290; 54.4201446977; 171.5937424784,0.0831461356; 0.1326762553; 0.1447434757,0.2402341552; 0.0255795483; 0.0063183326
444.0,0.05,3,9.9429381422; 50.4830130458; 176.8332213657,0.0845523450; 0.1315471490; 0.1449687657,0.2311322393; 0.0280440074; 0.0060818172
444.0,0.0505,3,10.2451769129; 46.8977913070; 181.6665691407,0.0860188102; 0.1303834741; 0.1451684419,0.2218275389; 0.0307024984; 0.0058759632
444.0,0.051,3,10.5795650199; 43.5878915034; 186.1655395337,0.0875564904; 0.1291689606; 0.1453478123,0.2122762876; 0.0336055040; 0.0056940651
444.0,0.0515,3,10.9537062169; 40.4942526081; 190.3823050960,0.0891800860; 0.1278851333; 0.1455106492,0.2024194921; 0.0368167406; 0.0055314100
444.0,0.052,3,11.3783942166; 37.5673426115; 194.3562938581,0.0909101095; 0.1265086900; 0.1456597401,0.1921744358; 0.0404223803; 0.0053845525
444.0,0.0525,3,11.8697832255; 34.7609564984; 198.1182219611,0.0927767124; 0.1250073536; 0.1457972086,0.1814189447; 0.0445472046; 0.0052508941
444.0,0.053,3,12.4538818333; 32.0252036934; 201.6926134041,0.0948275237; 0.1233318343; 0.1459247132,0.1699590937; 0.0493871577; 0.0051284251
444.0,0.0535,3,13.1773497590; 29.2940635703; 205.0994488121,0.0971462723; 0.1213970789; 0.1460435760,0.1574523262; 0.0552863921; 0.0050155580
444.0,0.054,3,14.1404226990; 26.4513411303; 208.3552858808,0.0999088924; 0.1190260791; 0.1461548694,0.1431753307; 0.0629695036; 0.0049110170
444.0,0.0545,3,15.6597984363; 23.1669959428; 211.4740452462,0.1036572087; 0.1156761256; 0.1462594758,0.1248890060; 0.0746766425; 0.0048137610
445.0,0.047,3,8.5692842226; 86.7944328329; 132.7313322529,0.0767850621; 0.1385880329; 0.1426846699,0.2836031445; 0.0145260888; 0.0086887215
445.0,0.0475,3,8.7601482576; 76.6842539424; 144.3812846127,0.0779876051; 0.1371850842; 0.1433870576,0.2751286543; 0.0168680914; 0.0078376897
445.0,0.048,3,8.9636859891; 69.4362436798; 153.1245445022,0.0792220155; 0.1359794175; 0.1438603829,0.2665632887; 0.0190205457; 0.0072889291
445.0,0.0485,3,9.1816226050; 63.5917598668; 160.4189267129,0.0804919428; 0.1348464352; 0.1442255908,0.2578928249; 0.0211610001; 0.0068791275
445.0,0.049,3,9.4160630570; 58.6213287521; 166.7926638499,0.0818017796; 0.1337390542; 0.1445253690,0.2491000587; 0.0233633516; 0.0065516049
445.0,0.0495,3,9.6696150443; 54.2589230252; 172.5100069469,0.0831568912; 0.1326310694; 0.1447805545,0.2401638705; 0.0256759972; 0.0062790962
445.0,0.05,3,9.9455672349; 50.3467728243; 177.7262377572,0.0845639458; 0.1315038533; 0.1450031039,0.2310578823; 0.0281407634; 0.0060461643
445.0,0.0505,3,10.2481560269; 46.7806518884; 182.5421172774,0.0860314037; 0.1303413638; 0.1452005965,0.2217484613; 0.0308009586; 0.0058431451
445.0,0.051,3,10.5829806293; 43.4857316557; 187.0276179222,0.0875702716; 0.1291274482; 0.1453781757,0.2121916359; 0.0337070468; 0.0056635568
445.0,0.0515,3,10.9576802954; 40.4040304701; 191.2337983656,0.0891953222; 0.1278436630; 0.1455395102,0.2023281036; 0.0369229129; 0.0055028271
445.0,0.052,3,11.3831069166; 37.4866940037; 195.1993517346,0.0909271830; 0.1264666599; 0.1456873182,0.1920746540; 0.0405351292; 0.0053576041
445.0,0.0525,3,11.8755174999; 34.6879210909; 198.9544884427,0.0927962043; 0.1249640111; 0.1458236752,0.1813082650; 0.0446692609; 0.0052253540
445.0,0.053,3,12.4611223173; 31.9579804063; 202.5233724461,0.0948503954; 0.1232860812; 0.1459502051,0.1698333955; 0.0495228217; 0.0051041133
445.0,0.0535,3,13.1870439658; 29.2306528992; 205.9257207743,0.0971743345; 0.1213469932; 0.1460682044,0.1573038928; 0.0554435260; 0.0049923290
445.0,0.054,3,14.1549062845; 26.3885538143; 209.1778935651,0.0999464287; 0.1189672852; 0.1461787262,0.1429860176; 0.0631663715; 0.0048887509
445.0,0.0545,3,15.6890985520; 23.0941030643; 212.2936604145,0.1037217395; 0.1155910263; 0.1462826379,0.1245851248; 0.0749870325; 0.0047923580
446.0,0.047,3,8.5707326032; 86.0224321471; 134.2488488143,0.0767928932; 0.1384885138; 0.1427790269,0.2835475413; 0.0146864552; 0.0085718462
446.0,0.0475,3,8.7617252415; 76.2416297698; 145.5715169872,0.0779958884; 0.1371150655; 0.1434514570,0.2750707267; 0.0169895604; 0.0077618563
446.0,0.048,3,8.9654107581; 69.1244097959; 154.1860167015,0.0792308016; 0.1359212303; 0.1439124428,0.2665028090; 0.0191276947; 0.0072297878
446.0,0.0485,3,9.1835187086; 63.3528376093; 161.4094520673,0.0805012924; 0.1347948123; 0.1442705177,0.2578295216; 0.0212612451; 0.0068295338
446.0,0.049,3,9.4181598270; 58.4294745042; 167.7380160626,0.0818117665; 0.1336915657; 0.1445655189,0.2490336032; 0.0234602340; 0.0065083457
446.0,0.0495,3,9.6719496328; 54.1000796758; 173.4241665493,0.0831676066; 0.1325863257; 0.1448172259,0.2400938590; 0.0257716810; 0.0062404110
446.0,0.05,3,9.9481876392; 50.2123409892; 178.6177178204,0.0845755042; 0.1314609359; 0.1450371006,0.2309838091; 0.0282368383; 0.0060109692
446.0,0.0505,3,10.2511257391; 46.6649335744; 183.4165150559,0.0860439524; 0.1302995875; 0.1452324565,0.2216696784; 0.0308987940; 0.0058107183
446.0,0.051,3,10.5863860952; 43.3847170042; 187.8888206123,0.0875840058; 0.1290862373; 0.1454082795,0.2121072901; 0.0338080038; 0.0056333903
446.0,0.0515,3,10.9616435244; 40.3147496460; 192.0846185683,0.0892105090; 0.1278024696; 0.1455681384,0.2022370316; 0.0370285276; 0.0054745480
446.0,0.052,3,11.3878082607; 37.4068314786; 196.0418903578,0.0909442052; 0.1264248874; 0.1457146847,0.1919751974; 0.0406473429; 0.0053309293
446.0,0.0525,3,11.8812405434; 34.6155502719; 199.7903551484,0.0928156443; 0.1249209095; 0.1458499474,0.1811979135; 0.0447908043; 0.0052000629
446.0,0.053,3,12.4683535751; 31.8913232592; 203.3538262952,0.0948732182; 0.1232405517; 0.1459755169,0.1697080120; 0.0496580073; 0.0050800304
446.0,0.0535,3,13.1967371549; 29.1677222575; 206.7517636158,0.0972023625; 0.1212971045; 0.1460926648,0.1571557098; 0.0556002636; 0.0049693118
446.0,0.054,3,14.1694244554; 26.3261471140; 210.0003341387,0.0999839952; 0.1189086139; 0.1462024251,0.1427966777; 0.0633631355; 0.0048666823
446.0,0.0545,3,15.7187502530; 23.0212209001; 213.1131596022,0.1037868510; 0.1155054903; 0.1463056509,0.1242788849; 0.0752996639; 0.0047711399
447.0,0.047,3,8.5721754819; 85.2964926864; 135.7205850446,0.0768006931; 0.1383935472; 0.1428688571,0.2834921660; 0.0148403064; 0.0084613133
447.0,0.0475,3,8.7632963223; 75.8136311073; 146.7474029002,0.0780041389; 0.1370467026; 0.1435142278,0.2750130346; 0.0171085773; 0.0076882955
447.0,0.048,3,8.9671291803; 68.8200690290; 155.2402730701,0.0792395532; 0.1358640100; 0.1439635647,0.2664425731; 0.0192333566; 0.0071719466
447.0,0.0485,3,9.1854079738; 63.1185498796; 162.3956185054,0.0805106059; 0.1347438683; 0.1443147963,0.2577664709; 0.0213604039; 0.0067808311
447.0,0.049,3,9.4202492141; 58.2407935807; 168.6804689785,0.0818217155; 0.1336446030; 0.1446051756,0.2489674095; 0.0235562407; 0.0064657585
447.0,0.0495,3,9.6742762372; 53.9435525012; 174.3362825154,0.0831782820; 0.1325420148; 0.1448534990,0.2400241192; 0.0258666145; 0.0062022635
447.0,0.05,3,9.9507994001; 50.0796757040; 179.5077024771,0.0845870204; 0.1314183900; 0.1450707628,0.2309100179; 0.0283322434; 0.0059762216
447.0,0.0505,3,10.2540860968; 46.5506066883; 184.2897912423,0.0860564568; 0.1302581395; 0.1452640273,0.2215911885; 0.0309960137; 0.0057786749
447.0,0.051,3,10.5897814672; 43.2848256467; 188.7491685991,0.0875976932; 0.1290453233; 0.1454381278,0.2120232484; 0.0339083826; 0.0056035593
447.0,0.0515,3,10.9655959553; 40.2263934630; 192.9347814744,0.0892256467; 0.1277615494; 0.1455965373,0.2021462744; 0.0371335913; 0.0054465673
447.0,0.052,3,11.3924983020; 37.3277420249; 196.8839218412,0.0909611764; 0.1263833691; 0.1457418427,0.1918760642; 0.0407590271; 0.0053045235
447.0,0.0525,3,11.8869524113; 34.5438336772; 200.6258315481,0.0928350328; 0.1248780460; 0.1458760279,0.1810878882; 0.0449118401; 0.0051750171
447.0,0.053,3,12.4755756717; 31.8252238475; 204.1839824585,0.0948959926; 0.1231952433; 0.1460006509,0.1695829412; 0.0497927193; 0.0050561730
447.0,0.0535,3,13.2064294513; 29.1052646770; 207.5775833526,0.0972303568; 0.1212474103; 0.1461169591,0.1570077748; 0.0557566098; 0.0049465036
447.0,0.054,3,14.1839778387; 26.2641147193; 210.8226124635,0.1000215931; 0.1188500619; 0.1462259681,0.1426073047; 0.0635598043; 0.0048448083
447.0,0.0545,3,15.7487670258; 22.9483311951; 213.9325467622,0.1038525664; 0.1154194926; 0.1463285166,0.1239701863; 0.0756146387; 0.0047501043
448.0,0.0465,3,8.3936526429; 102.8695408358; 117.3033637886,0.0756334912; 0.1403428563; 0.1415875311,0.2918389121; 0.0118429683; 0.0101057925
448.0,0.047,3,8.5736128902; 84.6108468409; 137.1523076165,0.0768084618; 0.1383025902; 0.1429547035,0.2834370171; 0.0149884136; 0.0083563526
448.0,0.0475,3,8.7648615336; 75.3992931663; 147.9099062081,0.0780123567; 0.1369798962; 0.1435754693,0.2749555767; 0.0172252858; 0.0076168643
448.0,0.048,3,8.9688412911; 68.5228768838; 156.2876571761,0.0792482707; 0.1358077178; 0.1440137874,0.2663825795; 0.0193375888; 0.0071153490
448.0,0.0485,3,9.1872904381; 62.8887302285; 163.3775915537,0.0805198834; 0.1346935825; 0.1443584473,0.2577036710; 0.0214585079; 0.0067329895
448.0,0.049,3,9.4223312582; 58.0551912587; 169.6201164028,0.0818316267; 0.1335981531; 0.1446443518,0.2489014761; 0.0236513918; 0.0064238246
448.0,0.0495,3,9.6765948997; 53.7892817717; 175.2464136610,0.0831889176; 0.1324981278; 0.1448893828,0.2399546494; 0.0259608120; 0.0061646407
448.0,0.05,3,9.9534025624; 49.9487365625; 180.3962312240,0.0845984947; 0.1313762087; 0.1451040969,0.2308365072; 0.0284269895; 0.0059419120
448.0,0.0505,3,10.2570371472; 46.4376424624; 185.1619736985,0.0860689169; 0.1302170146; 0.1452953138,0.2215129899; 0.0310926264; 0.0057470074
448.0,0.051,3,10.5931667944; 43.1860362920; 189.6086822729,0.0876113341; 0.1290047019; 0.1454677248,0.2119395090; 0.0340081908; 0.0055740578
448.0,0.0515,3,10.9695376391; 40.1389456767; 193.7843024313,0.0892407356; 0.1277208987; 0.1456247102,0.2020558301; 0.0372381105; 0.0054188801
448.0,0.052,3,11.3971770930; 37.2494129417; 197.7254579931,0.0909780970; 0.1263421020; 0.1457687949,0.1917772526; 0.0408701876; 0.0052783826
448.0,0.0525,3,11.8926531585; 34.4727611748; 201.4609268852,0.0928543699; 0.1248354178; 0.1459019192,0.1809781873; 0.0450323735; 0.0051502128
448.0,0.053,3,12.4827886718; 31.7596739433; 205.0138482705,0.0949187187; 0.1231501534; 0.1460256094,0.1694581813; 0.0499269626; 0.0050325378
448.0,0.0535,3,13.2161209804; 29.0432733271; 208.4031858675,0.0972583178; 0.1211979083; 0.1461410894,0.1568600853; 0.0559125696; 0.0049239012
448.0,0.054,3,14.1985670719; 26.2024504189; 211.6447332963,0.1000592239; 0.1187916261; 0.1462493568,0.1424178921; 0.0637563866; 0.0048231264
448.0,0.0545,3,15.7791631676; 22.8754149706; 214.7518257646,0.1039189106; 0.1153330066; 0.1463512365,0.1236589232; 0.0759320645; 0.0047292489
449.0,0.0465,3,8.3949729149; 100.2211542706; 120.6959593867,0.0756408239; 0.1400821575; 0.1418435548,0.2917860979; 0.0122242642; 0.0097655398
449.0,0.047,3,8.5750448596; 83.9608171887; 138.5486930203,0.0768161996; 0.1382152010; 0.1430370075,0.2833820931; 0.0151314038; 0.0082563382
449.0,0.0475,3,8.7664209087; 74.9977488370; 149.0598930940,0.0780205421; 0.1369145566; 0.1436352711,0.2748983514; 0.0173398157; 0.0075474343
449.0,0.048,3,8.9705471259; 68.2325130641; 157.3284883940,0.0792569541; 0.1357523172; 0.1440631470,0.2663228267; 0.0194404450; 0.0070599426
449.0,0.0485,3,9.1891661391; 62.6632212638; 164.3555276875,0.0805291252; 0.1346439353; 0.1444014901,0.2576411207; 0.0215555866; 0.0066859802
449.0,0.049,3,9.4244059991; 57.8725770600; 170.5570479007,0.0818415002; 0.1335522037; 0.1446830599,0.2488358013; 0.0237457067; 0.0063825258
449.0,0.0495,3,9.6789056624; 53.6372100501; 176.1546165148,0.0831995136; 0.1324546559; 0.1449248857,0.2398854481; 0.0260542873; 0.0061275298
449.0,0.05,3,9.9559971703; 49.8194845227; 181.2833421984,0.0846099273; 0.1313343855; 0.1451371092,0.2307632753; 0.0285210874; 0.0059080309
449.0,0.0505,3,10.2599789368; 46.3260130010; 186.0330894200,0.0860813331; 0.1301762076; 0.1453263211,0.2214350808; 0.0311886410; 0.0057157083
449.0,0.051,3,10.5965421258; 43.0883282365; 190.4673814405,0.0876249287; 0.1289643689; 0.1454970744,0.2118560703; 0.0341074355; 0.0055448797
449.0,0.0515,3,10.9734686268; 40.0523904557; 194.6331963781,0.0892557760; 0.1276805138; 0.1456526605,0.2019656969; 0.0373420915; 0.0053914814
449.0,0.052,3,11.4018446861; 37.1718318290; 198.5665103255,0.0909949671; 0.1263010829; 0.1457955443,0.1916787608; 0.0409808300; 0.0052525023
449.0,0.0525,3,11.8983428397; 34.4023228573; 202.2956501826,0.0928736561; 0.1247930222; 0.1459276238,0.1808688089; 0.0451524095; 0.0051256463
449.0,0.053,3,12.4899926398; 31.6946654914; 205.8434308989,0.0949413969; 0.1231052797; 0.1460503945,0.1693337303; 0.0500607419; 0.0050091215
449.0,0.0535,3,13.2258118678; 28.9817415111; 209.2285769136,0.0972862459; 0.1211485962; 0.1461650576,0.1567126388; 0.0560681480; 0.0049015019
449.0,0.054,3,14.2131928034; 26.1411480970; 212.4667012923,0.1000968890; 0.1187333034; 0.1462725931,0.1422284333; 0.0639528909; 0.0048016340
449.0,0.0545,3,15.8099538566; 22.8024524530; 215.5710003981,0.1039859099; 0.1152460046; 0.1463738123,0.1233449835; 0.0762520554; 0.0047085711
450.0,0.0465,3,8.3962881370; 98.2678819853; 123.3937207124,0.0756481271; 0.1398823451; 0.1420387160,0.2917335001; 0.0125205979; 0.0095100863
450.0,0.047,3,8.5764714211; 83.3425490467; 139.9135950121,0.0768239066; 0.1381310147; 0.1431161339,0.2833273928; 0.0152697953; 0.0081607529
450.0,0.0475,3,8.7679744804; 74.6082154881; 150.1981452678,0.0780286953; 0.1368506025; 0.1436937140,0.2748413573; 0.0174522843; 0.0074798889
450.0,0.048,3,8.9722467197; 67.9486791877; 158.3630641892,0.0792656037; 0.1356977743; 0.1441116774,0.2662633132; 0.0195419755; 0.0070056781
450.0,0.0485,3,9.1910351139; 62.4418739870; 165.3295749929,0.0805383315; 0.1345949078; 0.1444439432,0.2575788183; 0.0216516684; 0.0066397764
450.0,0.049,3,9.4264734761; 57.6928644961; 171.4913490531,0.0818513365; 0.1335067426; 0.1447213116,0.2487703836; 0.0238392037; 0.0063418448
450.0,0.0495,3,9.6812085669; 53.4872820739; 177.0609454358,0.0832100702; 0.1324115907; 0.1449600159,0.2398165137; 0.0261470538; 0.0060909187
450.0,0.05,3,9.9585832679; 49.6918818459; 182.1690722397,0.0846213184; 0.1312929141; 0.1451698060,0.2306903206; 0.0286145475; 0.0058745691
450.0,0.0505,3,10.2629115122; 46.2156912448; 186.9031645703,0.0860937055; 0.1301357135; 0.1453570540,0.2213574598; 0.0312840657; 0.0056847706
450.0,0.051,3,10.5999075098; 42.9916813428; 191.3252853479,0.0876384773; 0.1289243202; 0.1455261805,0.2117729304; 0.0342061240; 0.0055160192
450.0,0.0515,3,10.9773889685; 39.9667123684; 195.4814778591,0.0892707681; 0.1276403913; 0.1456803915,0.2018758733; 0.0374455404; 0.0053643663
450.0,0.052,3,11.4065011332; 37.0949865784; 199.4070900643,0.0910117871; 0.1262603088; 0.1458220937,0.1915805870; 0.0410909598; 0.0052268784
450.0,0.0525,3,11.9040215088; 34.3325090360; 203.1300102501,0.0928928915; 0.1247508564; 0.1459531441,0.1807597513; 0.0452719532; 0.0051013141
450.0,0.053,3,12.4971876396; 31.6301906037; 206.6727373482,0.0949640274; 0.1230606197; 0.1460750085,0.1692095862; 0.0501940619; 0.0049859210
450.0,0.0535,3,13.2355022394; 28.9206626624; 210.0537621182,0.0973141415; 0.1210994715; 0.1461888656,0.1565654329; 0.0562233498; 0.0048793029
450.0,0.054,3,14.2278556925; 26.0802017304; 213.2885210076,0.1001345896; 0.1186750908; 0.1462956787,0.1420389217; 0.0641493262; 0.0047803285
450.0,0.0545,3,15.8411552287; 22.7294229945; 216.3900743724,0.1040535924; 0.1151584569; 0.1463962456,0.1230282482; 0.0765747323; 0.0046880688
451.0,0.0465,3,8.3975983383; 96.6721279474; 125.7342428710,0.0756554011; 0.1397140810; 0.1422023525,0.2916811175; 0.0127728960; 0.0092985059
451.0,0.047,3,8.5778926059; 82.7528218095; 141.2502332757,0.0768315830; 0.1380497255; 0.1431923883,0.2832729148; 0.0154040222; 0.0080691635
451.0,0.0475,3,8.7695222817; 74.2299839689; 151.3253709635,0.0780368165; 0.1367879603; 0.1437508718,0.2747845931; 0.0175627985; 0.0074141226
451.0,0.048,3,8.9739401071; 67.6710967711; 159.3916621335,0.0792742197; 0.1356440572; 0.1441594101,0.2662040376; 0.0196422270; 0.0069525096
451.0,0.0485,3,9.1928973993; 62.2245471912; 166.2998737700,0.0805475025; 0.1345464825; 0.1444858241,0.2575167623; 0.0217467799; 0.0065943522
451.0,0.049,3,9.4285337283; 57.5159708314; 172.4231016929,0.0818611356; 0.1334617585; 0.1447591181,0.2487052215; 0.0239319005; 0.0063017651
451.0,0.0495,3,9.6835036546; 53.3394446445; 177.9654527240,0.0832205878; 0.1323689240; 0.1449947814,0.2397478445; 0.0262391245; 0.0060547958
451.0,0.05,3,9.9611608989; 49.5658920380; 183.0534569473,0.0846326682; 0.1312517883; 0.1452021931,0.2306176414; 0.0287073797; 0.0058415180
451.0,0.0505,3,10.2658349192; 46.1066509380; 187.7722245147,0.0861060345; 0.1300955273; 0.1453875171,0.2212801249; 0.0313789088; 0.0056541873
451.0,0.051,3,10.6032629948; 42.8960760194; 192.1824127000,0.0876519800; 0.1288845516; 0.1455550470,0.2116900877; 0.0343042631; 0.0054874707
451.0,0.0515,3,10.9812987144; 39.8818963694; 196.3291610375,0.0892857121; 0.1276005278; 0.1457079064,0.2017863573; 0.0375484634; 0.0053375301
451.0,0.052,3,11.4111464858; 37.0188653635; 200.2472081578,0.0910285572; 0.1262197768; 0.1458484457,0.1914827294; 0.0412005824; 0.0052015069
451.0,0.0525,3,11.9096892199; 34.2633102342; 203.9640156901,0.0929120764; 0.1247089178; 0.1459784824,0.1806510126; 0.0453910094; 0.0050772126
451.0,0.053,3,12.5043737349; 31.5662415551; 207.5017744652,0.0949866106; 0.1230161710; 0.1460994533,0.1690857472; 0.0503269271; 0.0049629333
451.0,0.0535,3,13.2451922214; 28.8600303416; 210.8787469854,0.0973420051; 0.1210505320; 0.1462125154,0.1564184651; 0.0563781798; 0.0048573013
451.0,0.054,3,14.2425564101; 26.0196053858; 214.1101969011,0.1001723272; 0.1186169850; 0.1463186153,0.1418493505; 0.0643457011; 0.0047592075
451.0,0.0545,3,15.8727844639; 22.6563049846; 217.2090513201,0.1041219877; 0.1150703323; 0.1464185379,0.1227085907; 0.0769002236; 0.0046677397
452.0,0.0465,3,8.3989035480; 95.3036865864; 127.8477305116,0.0756626461; 0.1395660197; 0.1423458100,0.2916289486; 0.0129969834; 0.0091149750
452.0,0.047,3,8.5793084444; 82.1889124514; 142.5613299206,0.0768392290; 0.1379710742; 0.1432660297,0.2832186576; 0.0155344524; 0.0079812031
452.0,0.0475,3,8.7710643451; 73.8624093825; 152.4422141666,0.0780449058; 0.1367265627; 0.1438068114,0.2747280573; 0.0176714554; 0.0073500391
452.0,0.048,3,8.9756273228; 67.3995054447; 160.4145416900,0.0792828023; 0.1355911361; 0.1442063748,0.2661449984; 0.0197412439; 0.0069003943
452.0,0.0485,3,9.1947530318; 62.0111069127; 167.2665570803,0.0805566384; 0.1344986424; 0.1445271496,0.2574549513; 0.0218409467; 0.0065496833
452.0,0.049,3,9.4305867944; 57.3418168642; 173.3523841241,0.0818708977; 0.1334172404; 0.1447964902,0.2486403135; 0.0240238144; 0.0062622706
452.0,0.0495,3,9.6857909667; 53.1936465243; 178.8681887236,0.0832310665; 0.1323266479; 0.1450291898,0.2396794390; 0.0263305117; 0.0060191496
452.0,0.05,3,9.9637301069; 49.4414797950; 183.9365307358,0.0846439771; 0.1312110021; 0.1452342763,0.2305452361; 0.0287995938; 0.0058088689
452.0,0.0505,3,10.2687492038; 45.9988665960; 188.6402938523,0.0861183203; 0.1300556443; 0.1454177150,0.2212030747; 0.0314731782; 0.0056239517
452.0,0.051,3,10.6066086285; 42.8014932009; 193.0387816807,0.0876654372; 0.1288450592; 0.1455836776,0.2116075406; 0.0344018596; 0.0054592287
452.0,0.0515,3,10.9851979141; 39.7979277864; 197.1762597081,0.0893006084; 0.1275609199; 0.1457352082,0.2016971472; 0.0376508664; 0.0053109682
452.0,0.052,3,11.4157807953; 36.9434566319; 201.0868752856,0.0910452777; 0.1261794838; 0.1458746031,0.1913851862; 0.0413097031; 0.0051763839
452.0,0.0525,3,11.9153460264; 34.1947171812; 204.7976749038,0.0929312111; 0.1246672039; 0.1460036412,0.1805425911; 0.0455095829; 0.0050533384
452.0,0.053,3,12.5115509893; 31.5028107791; 208.3305489428,0.0950091468; 0.1229719312; 0.1461237310,0.1689622113; 0.0504593421; 0.0049401552
452.0,0.0535,3,13.2548819404; 28.7998382327; 211.7035369001,0.0973698371; 0.1210017755; 0.1462360087,0.1562717331; 0.0565326427; 0.0048354945
452.0,0.054,3,14.2572956388; 25.9593532167; 214.9317333378,0.1002101033; 0.1185589831; 0.1463414045,0.1416597132; 0.0645420244; 0.0047382684
452.0,0.0545,3,15.9048598828; 22.5830757522; 218.0279347982,0.1041911275; 0.1149815976; 0.1464406908,0.1223858762; 0.0772286659; 0.0046475815
453.0,0.0465,3,8.4002037946; 94.0959651744; 129.8007754451,0.0756698623; 0.1394323434; 0.1424749058,0.2915769922; 0.0132009732; 0.0089513812
453.0,0.047,3,8.5807189671; 81.6484945856; 143.8492104220,0.0768468449; 0.1378948387; 0.1433372802,0.2831646200; 0.0156614012; 0.0078965575
453.0,0.0475,3,8.7726007027; 73.5049032926; 153.5492624071,0.0780529634; 0.1366663480; 0.1438615942,0.2746717485; 0.0177783442; 0.0072875502
453.0,0.048,3,8.9773084009; 67.1336613678; 161.4319457979,0.0792913517; 0.1355389830; 0.1442525995,0.2660861943; 0.0198390674; 0.0068492917
453.0,0.0485,3,9.1966020479; 61.8014259311; 168.2297512474,0.0805657394; 0.1344513713; 0.1445679356,0.2573933838; 0.0219341933; 0.0065057463
453.0,0.049,3,9.4326327130; 57.1703267245; 174.2792713241,0.0818806232; 0.1333731776; 0.1448334384,0.2485756580; 0.0241149615; 0.0062233463
453.0,0.0495,3,9.6880705438; 53.0498383396; 179.7692019197,0.0832415064; 0.1322847549; 0.1450632486,0.2396112957; 0.0264212276; 0.0059839694
453.0,0.05,3,9.9662909349; 49.3186109510; 184.8183268865,0.0846552452; 0.1311705496; 0.1452660613,0.2304731031; 0.0288911993; 0.0057766135
453.0,0.0505,3,10.2716544112; 45.8923134757; 189.5073964455,0.0861305630; 0.1300160599; 0.1454476521,0.2211263075; 0.0315668818; 0.0055940572
453.0,0.051,3,10.6099444585; 42.7079143291; 193.8944099713,0.0876788492; 0.1288058392; 0.1456120759,0.2115252872; 0.0344989203; 0.0054312879
453.0,0.0515,3,10.9890866171; 39.7147923085; 198.0227873092,0.0893154571; 0.1275215643; 0.1457623000,0.2016082415; 0.0377527551; 0.0052846761
453.0,0.052,3,11.4204041124; 36.8687490962; 201.9261018667,0.0910619488; 0.1261394271; 0.1459005684,0.1912879558; 0.0414183270; 0.0051515054
453.0,0.0525,3,11.9209919814; 34.1267208064; 205.6309960971,0.0929502959; 0.1246257121; 0.1460286226,0.1804344849; 0.0456276786; 0.0050296881
453.0,0.053,3,12.5187194657; 31.4398908633; 209.1590673247,0.0950316363; 0.1229278981; 0.1461478438,0.1688389766; 0.0505913112; 0.0049175838
453.0,0.0535,3,13.2645715231; 28.7400801403; 212.5281371307,0.0973976379; 0.1209531997; 0.1462593474,0.1561252343; 0.0566867431; 0.0048138798
453.0,0.054,3,14.2720740730; 25.8994394610; 215.7531345907,0.1002479193; 0.1185010819; 0.1463640480,0.1414700026; 0.0647383049; 0.0047175089
453.0,0.0545,3,15.9374010543; 22.5097114553; 218.8467282905,0.1042610456; 0.1148922175; 0.1464627056,0.1220599611; 0.0775602045; 0.0046275920
454.0,0.0465,3,8.4014991067; 93.0094933508; 131.6328471207,0.0756770497; 0.1393095950; 0.1425930970,0.2915252470; 0.0133896860; 0.0088029050
454.0,0.047,3,8.5821242043; 81.1295623827; 145.1158797030,0.0768544307; 0.1378208269; 0.1434063316,0.2831108006; 0.0157851412; 0.0078149550
454.0,0.0475,3,8.7741313867; 73.1569271011; 154.6470533818,0.0780609896; 0.1366072598; 0.1439152768,0.2746156654; 0.0178835468; 0.0072265753
454.0,0.048,3,8.9789833754; 66.8733358170; 162.4441022837,0.0792998680; 0.1354875715; 0.1442981102,0.2660276237; 0.0199357365; 0.0067991639
454.0,0.0485,3,9.1984444836; 61.5953833126; 169.1895763128,0.0805748057; 0.1344046540; 0.1446081973,0.2573320583; 0.0220265427; 0.0064625193
454.0,0.049,3,9.4346715222; 57.0014276852; 175.2038351320,0.0818903121; 0.1333295599; 0.1448699726,0.2485112535; 0.0242053578; 0.0061849773
454.0,0.0495,3,9.6903424266; 52.9079724897; 180.6685390291,0.0832519080; 0.1322432376; 0.1450969648,0.2395434130; 0.0265112839; 0.0059492445
454.0,0.05,3,9.9688434257; 49.1972524291; 185.6988775966,0.0846664728; 0.1311304253; 0.1452975534,0.2304012409; 0.0289822054; 0.0057447439
454.0,0.0505,3,10.2745505866; 45.7869675464; 190.3735554490,0.0861427630; 0.1299767695; 0.1454773328,0.2210498216; 0.0316600273; 0.0055644975
454.0,0.051,3,10.6132705320; 42.6153213352; 194.7493147689,0.0876922161; 0.1287668878; 0.1456402454,0.2114433260; 0.0345954515; 0.0054036429
454.0,0.0515,3,10.9929648724; 39.6324759739; 198.8687569350,0.0893302585; 0.1274824578; 0.1457891849,0.2015196382; 0.0378541354; 0.0052586493
454.0,0.052,3,11.4250164877; 36.7947317265; 202.7648980678,0.0910785708; 0.1260996037; 0.1459263443,0.1911910364; 0.0415264594; 0.0051268678
454.0,0.0525,3,11.9266271378; 34.0593122335; 206.4639872866,0.0929693310; 0.1245844399; 0.1460534289,0.1803266922; 0.0457453010; 0.0050062584
454.0,0.053,3,12.5258792270; 31.3774745453; 209.9873360089,0.0950540792; 0.1228840694; 0.1461717935,0.1687160413; 0.0507228390; 0.0048952161
454.0,0.0535,3,13.2742610969; 28.6807499864; 213.3525528325,0.0974254079; 0.1209048025; 0.1462825333,0.1559789664; 0.0568404857; 0.0047924545
454.0,0.054,3,14.2868924197; 25.8398584381; 216.5744048430,0.1002857765; 0.1184432784; 0.1463865475,0.1412802120; 0.0649345516; 0.0046969267
454.0,0.0545,3,15.9704289176; 22.4361869579; 219.6654352090,0.1043317781; 0.1148021544; 0.1464845841,0.1217306916; 0.0778949950; 0.0046077692
455.0,0.0465,3,8.4027895126; 92.0186053393; 133.3696104077,0.0756842086; 0.1391955208; 0.1427026372,0.2914737116; 0.0135662639; 0.0086664053
455.0,0.047,3,8.5835241860; 80.6303722551; 146.3630804496,0.0768619866; 0.1377488715; 0.1434733510,0.2830571980; 0.0159059099; 0.0077361590
455.0,0.0475,3,8.7756564288; 72.8179863898; 155.7360806123,0.0780689845; 0.1365492461; 0.1439679108,0.2745598065; 0.0179871383; 0.0071670400
455.0,0.048,3,8.9806522801; 66.6183139254; 163.4512251230,0.0793083515; 0.1354368767; 0.1443429318,0.2659692853; 0.0200312881; 0.0067499752
455.0,0.0485,3,9.2002803745; 61.3928639920; 170.1461464547,0.0805838374; 0.1343584757; 0.1446479490,0.2572709735; 0.0221180171; 0.0064199811
455.0,0.049,3,9.4367032602; 56.8350499877; 176.1261444238,0.0818999647; 0.1332863777; 0.1449061025,0.2484470986; 0.0242950184; 0.0061471497
455.0,0.0495,3,9.6926066551; 52.7680030620; 181.5662450860,0.0832622713; 0.1322020889; 0.1451303455,0.2394757894; 0.0266006918; 0.0059149647
455.0,0.05,3,9.9713876218; 49.0773721951; 186.5782140252,0.0846776600; 0.1310906237; 0.1453287579,0.2303296479; 0.0290726211; 0.0057132522
455.0,0.0505,3,10.2774377748; 45.6828054626; 191.2387933375,0.0861549205; 0.1299377686; 0.1455067612,0.2209736155; 0.0317526219; 0.0055352663
455.0,0.051,3,10.6165868959; 42.5236966228; 195.6035128026,0.0877055382; 0.1287282014; 0.1456681896,0.2113616554; 0.0346914597; 0.0053762888
455.0,0.0515,3,10.9968327286; 39.5509651590; 199.7141813460,0.0893450130; 0.1274435973; 0.1458158657,0.2014313359; 0.0379550127; 0.0052328836
455.0,0.052,3,11.4296179715; 36.7213937422; 203.6032738105,0.0910951440; 0.1260600111; 0.1459519332,0.1910944262; 0.0416341051; 0.0051024672
455.0,0.0525,3,11.9322515479; 33.9924827752; 207.2966563043,0.0929883167; 0.1245433849; 0.1460780624,0.1802192115; 0.0458624547; 0.0049830462
455.0,0.053,3,12.5330303357; 31.3155547087; 210.8153612521,0.0950764761; 0.1228404429; 0.1461955821,0.1685934036; 0.0508539296; 0.0048730494
455.0,0.0535,3,13.2839507891; 28.6218418070; 214.1767890500,0.0974531475; 0.1208565817; 0.1463055681,0.1558329269; 0.0569938750; 0.0047712162
455.0,0.054,3,14.3017513988; 25.7806045463; 217.3955481907,0.1003236767; 0.1183855695; 0.1464089045,0.1410903343; 0.0651307734; 0.0046765193
455.0,0.0545,3,16.0039659187; 22.3624756914; 220.4840588956,0.1044033638; 0.1147113681; 0.1465063275,0.1213979034; 0.0782332034; 0.0045881108
456.0,0.0465,3,8.4040750404; 91.1055067777; 135.0288587670,0.0756913392; 0.1390885542; 0.1428050927,0.2914223848; 0.0137328906; 0.0085396992
456.0,0.047,3,8.5849189417; 80.1493974891; 147.5923384791,0.0768695129; 0.1376788256; 0.1435384854,0.2830038109; 0.0160239160; 0.0076599619
456.0,0.0475,3,8.7771758605; 72.4876260592; 156.8167983066,0.0780769483; 0.1364922586; 0.1440195443,0.2745041706; 0.0180891884; 0.0071088758
456.0,0.048,3,8.9823151483; 66.3683935523; 164.4535155694,0.0793168024; 0.1353868751; 0.1443870873,0.2659111777; 0.0201257568; 0.0067016919
456.0,0.0485,3,9.2021097563; 61.1937583896; 171.0995703703,0.0805928349; 0.1343128224; 0.1446872048,0.2572101278; 0.0222086379; 0.0063781114
456.0,0.049,3,9.4387279644; 56.6711266788; 177.0462652744,0.0819095813; 0.1332436213; 0.1449418373,0.2483831918; 0.0243839579; 0.0061098499
456.0,0.0495,3,9.6948632694; 52.6298857512; 182.4623635213,0.0832725966; 0.1321613018; 0.1451633972,0.2394084234; 0.0266894625; 0.0058811204
456.0,0.05,3,9.9739235655; 48.9589392140; 187.4563663375,0.0846888072; 0.1310511394; 0.1453596800,0.2302583225; 0.0291624551; 0.0056821310
456.0,0.0505,3,10.2803160202; 45.5798045382; 192.1031319308,0.0861670357; 0.1298990530; 0.1455359414,0.2208976875; 0.0318446729; 0.0055063576
456.0,0.051,3,10.6198935968; 42.4330230514; 196.4570203508,0.0877188157; 0.1286897762; 0.1456959119,0.2112802736; 0.0347869510; 0.0053492204
456.0,0.0515,3,11.0006902342; 39.4702465673; 200.5590729804,0.0893597206; 0.1274049796; 0.1458423453,0.2013433328; 0.0380553925; 0.0052073749
456.0,0.052,3,11.4342086137; 36.6487246051; 204.4412387796,0.0911116685; 0.1260206464; 0.1459773376,0.1909981236; 0.0417412691; 0.0050783002
456.0,0.0525,3,11.9378652639; 33.9262239278; 208.1290108035,0.0930072532; 0.1245025446; 0.1461025252,0.1801120407; 0.0459791442; 0.0049600482
456.0,0.053,3,12.5401728540; 31.2541243796; 211.6431491737,0.0950988270; 0.1227970163; 0.1462192116,0.1684710615; 0.0509845874; 0.0048510808
456.0,0.0535,3,13.2936407277; 28.5633497501; 215.0008507205,0.0974808571; 0.1208085351; 0.1463284535,0.1556871135; 0.0571469155; 0.0047501622
456.0,0.054,3,14.3166517430; 25.7216722604; 218.2165686445,0.1003616211; 0.1183279521; 0.1464311206,0.1409003623; 0.0653269793; 0.0046562846
456.0,0.0545,3,16.0380361661; 22.2885494973; 221.3026026239,0.1044758442; 0.1146198157; 0.1465279373,0.1210614199; 0.0785750077; 0.0045686148
457.0,0.0465,3,8.4053557179; 90.2572647056; 136.6235242619,0.0756984416; 0.1389875535; 0.1429016051,0.2913712653; 0.0138911575; 0.0084211964
457.0,0.047,3,8.5863085012; 79.6852924785; 148.8049985063,0.0768770097; 0.1376105590; 0.1436018645,0.2829506382; 0.0161393439; 0.0075861803
457.0,0.0475,3,8.7786897132; 72.1654261317; 157.8896255558,0.0780848811; 0.1364362531; 0.1440702215,0.2744487563; 0.0181897615; 0.0070520192
457.0,0.048,3,8.9839720133; 66.1233842692; 165.4511631696,0.0793252209; 0.1353375447; 0.1444305990,0.2658532996; 0.0202191753; 0.0066542823
457.0,0.0485,3,9.2039326642; 60.9979620595; 172.0499516282,0.0806017983; 0.1342676808; 0.1447259777,0.2571495198; 0.0222984252; 0.0063368913
457.0,0.049,3,9.4407456724; 56.5095934595; 177.9642611097,0.0819191620; 0.1332012818; 0.1449771860,0.2483195316; 0.0244721906; 0.0060730649
457.0,0.0495,3,9.6971123091; 52.4935777846; 183.3569362387,0.0832828840; 0.1321208698; 0.1451961266,0.2393413135; 0.0267776064; 0.0058477018
457.0,0.05,3,9.9764512987; 48.8419234076; 188.3333637463,0.0846999145; 0.1310119671; 0.1453903246,0.2301872632; 0.0292517159; 0.0056513729
457.0,0.0505,3,10.2831853670; 45.4779427212; 192.9665924194,0.0861791088; 0.1298606185; 0.1455648774,0.2208220360; 0.0319361875; 0.0054777655
457.0,0.051,3,10.6231906809; 42.3432839204; 197.3098532563,0.0877320489; 0.1286516089; 0.1457234156,0.2111991791; 0.0348819316; 0.0053224331
457.0,0.0515,3,11.0045374372; 39.3903072193; 201.4034439645,0.0893743817; 0.1273666017; 0.1458686264,0.2012556272; 0.0381552803; 0.0051821189
457.0,0.052,3,11.4387884637; 36.5767140114; 205.2788024291,0.0911281447; 0.1259815071; 0.1460025600,0.1909021269; 0.0418479563; 0.0050543632
457.0,0.0525,3,11.9434683377; 33.8605273661; 208.9610582636,0.0930261409; 0.1244619168; 0.1461268194,0.1800051784; 0.0460953740; 0.0049372614
457.0,0.053,3,12.5473068437; 31.1931767222; 212.4707057589,0.0951211323; 0.1227537875; 0.1462426838,0.1683490132; 0.0511148165; 0.0048293075
457.0,0.0535,3,13.3033310410; 28.5052680719; 215.8247426763,0.0975085372; 0.1207606607; 0.1463511914,0.1555415237; 0.0572996118; 0.0047292903
457.0,0.054,3,14.3315941987; 25.6630561287; 219.0374701321,0.1003996115; 0.1182704232; 0.1464531974,0.1407102889; 0.0655231782; 0.0046362202
457.0,0.0545,3,16.0726656067; 22.2143784495; 222.1210696011,0.1045492640; 0.1145274511; 0.1465494150,0.1207210517; 0.0789205993; 0.0045492791
458.0,0.0465,3,8.4066315728; 89.4641325935; 138.1633525302,0.0757055160; 0.1388916563; 0.1429930367,0.2913203519; 0.0140422664; 0.0083096958
458.0,0.047,3,8.5876928936; 79.2368641876; 150.0022526800,0.0768844772; 0.1375439565; 0.1436636036,0.2828976783; 0.0162523576; 0.0075146511
458.0,0.0475,3,8.7801980179; 71.8509981120; 158.9549499734,0.0780927833; 0.1363811881; 0.1441199835,0.2743935623; 0.0182889174; 0.0069964115
458.0,0.048,3,8.9856229081; 65.8831064461; 166.4443466765,0.0793336070; 0.1352888643; 0.1444734876,0.2657956494; 0.0203115749; 0.0066077163
458.0,0.0485,3,9.2057491332; 60.8053753660; 172.9973889914,0.0806107278; 0.1342230381; 0.1447642804,0.2570891482; 0.0223873984; 0.0062963022
458.0,0.049,3,9.4427564212; 56.3503885436; 178.8801928475,0.0819287069; 0.1331593503; 0.1450121570,0.2482561166; 0.0245597299; 0.0060367821
458.0,0.0495,3,9.6993538135; 52.3590378509; 184.2500036852,0.0832931339; 0.1320807862; 0.1452285397,0.2392744581; 0.0268651341; 0.0058146999
458.0,0.05,3,9.9789708630; 48.7262956158; 189.2092345512,0.0847109821; 0.1309731020; 0.1454206967,0.2301164684; 0.0293404119; 0.0056209707
458.0,0.0505,3,10.2860458591; 45.3771985707; 193.8291953873,0.0861911401; 0.1298224609; 0.1455935732,0.2207466596; 0.0320271726; 0.0054494844
458.0,0.051,3,10.6264781943; 42.2544629549; 198.1620269412,0.0877452380; 0.1286136959; 0.1457507038,0.2111183702; 0.0349764074; 0.0052959220
458.0,0.0515,3,11.0083743853; 39.3111344420; 202.2473061220,0.0893889966; 0.1273284607; 0.1458947118,0.2011682175; 0.0382546812; 0.0051571116
458.0,0.052,3,11.4433575708; 36.5053518859; 206.1159739900,0.0911445729; 0.1259425905; 0.1460276026,0.1908064345; 0.0419541715; 0.0050306527
458.0,0.0525,3,11.9490608206; 33.7953849385; 209.7928059949,0.0930449800; 0.1244214990; 0.1461509470,0.1798986227; 0.0462111485; 0.0049146826
458.0,0.053,3,12.5544323666; 31.1327050357; 213.2980368626,0.0951433923; 0.1227107545; 0.1462660005,0.1682272570; 0.0512446211; 0.0048077269
458.0,0.0535,3,13.3130218576; 28.4475911348; 216.6484696479,0.0975361881; 0.1207129564; 0.1463737832,0.1553961551; 0.0574519681; 0.0047085978
458.0,0.054,3,14.3465795262; 25.6047507713; 219.8582564999,0.1004376492; 0.1182129798; 0.1464751362,0.1405201067; 0.0657193793; 0.0046163241
458.0,0.0545,3,16.1078822264; 22.1399306522; 222.9394629690,0.1046236712; 0.1144342249; 0.1465707620,0.1203765944; 0.0792701841; 0.0045301019
459.0,0.0465,3,8.4079026324; 88.7185511209; 139.6559020054,0.0757125625; 0.1388001918; 0.1430800581,0.2912696433; 0.0141871522; 0.0082042637
459.0,0.047,3,8.5890721481; 78.8030491373; 151.1851635976,0.0768919155; 0.1374789146; 0.1437238058,0.2828449301; 0.0163631036; 0.0074452287
459.0,0.0475,3,8.7817008055; 71.5439818166; 160.0131308659,0.0781006549; 0.1363270253; 0.1441688686,0.2743385871; 0.0183867115; 0.0069419981
459.0,0.048,3,8.9872678653; 65.6473904274; 167.4332348734,0.0793419611; 0.1352408141; 0.1445157727,0.2657382260; 0.0204029848; 0.0065619655
459.0,0.0485,3,9.2075591980; 60.6159031855; 173.9419767155,0.0806196236; 0.1341788818; 0.1448021251,0.2570290115; 0.0224755763; 0.0062563266
459.0,0.049,3,9.4447602477; 56.1934525262; 179.7941190289,0.0819382165; 0.1331178184; 0.1450467586,0.2481929453; 0.0246465891; 0.0060009894
459.0,0.0495,3,9.7015878217; 52.2262260329; 185.1416049180,0.0833033464; 0.1320410449; 0.1452606429,0.2392078558; 0.0269520553; 0.0057821057
459.0,0.05,3,9.9814822997; 48.6120275590; 190.0840061758,0.0847220103; 0.1309345390; 0.1454508008,0.2300459367; 0.0294285509; 0.0055909176
459.0,0.0505,3,10.2888975400; 45.2775512342; 194.6909608351,0.0862031298; 0.1297845763; 0.1456220324,0.2206715565; 0.0321176348; 0.0054215087
459.0,0.051,3,10.6297561824; 42.1665442904; 199.0135564217,0.0877583833; 0.1285760340; 0.1457777798,0.2110378454; 0.0350703843; 0.0052696825
459.0,0.0515,3,11.0122011260; 39.2327158601; 203.0906709843,0.0894035654; 0.1272905537; 0.1459206042,0.2010811020; 0.0383536005; 0.0051323493
459.0,0.052,3,11.4479159839; 36.4346283743; 206.9527624764,0.0911609532; 0.1259038940; 0.1460524678,0.1907110445; 0.0420599191; 0.0050071653
459.0,0.0525,3,11.9546427637; 33.7307886622; 210.6242611438,0.0930637708; 0.1243812889; 0.1461749102,0.1797923719; 0.0463264718; 0.0048923090
459.0,0.053,3,12.5615494840; 31.0727027508; 214.1251482131,0.0951656073; 0.1226679150; 0.1462891637,0.1681057910; 0.0513740051; 0.0047863364
459.0,0.0535,3,13.3227133066; 28.3903134044; 217.4720362661,0.0975638104; 0.1206654202; 0.1463962307,0.1552510055; 0.0576039889; 0.0046880825
459.0,0.054,3,14.3616084999; 25.5467508770; 220.6789315153,0.1004757360; 0.1181556187; 0.1464969388,0.1403298083; 0.0659155918; 0.0045965940
459.0,0.0545,3,16.1437162804; 22.0651720080; 223.7577858057,0.1046991180; 0.1143400835; 0.1465919795,0.1200278274; 0.0796239840; 0.0045110809
460.0,0.046,3,8.2381235895; 108.5866967600; 118.8744422148,0.0745665598; 0.1408434404; 0.1416836841,0.2995745580; 0.0111277551; 0.0099773229
460.0,0.0465,3,8.4091689241; 88.0145187393; 141.1071733538,0.0757195814; 0.1387126261; 0.1431632030,0.2912191383; 0.0143265587; 0.0081041570
460.0,0.047,3,8.5904462935; 78.3828946605; 152.3546830489,0.0768993248; 0.1374153406; 0.1437825639,0.2827923923; 0.0164717136; 0.0073777824
460.0,0.0475,3,8.7831981065; 71.2440426010; 161.0645020054,0.0781084961; 0.1362737290; 0.1442169123,0.2742838296; 0.0184831958; 0.0068887282
460.0,0.048,3,8.9889069176; 65.4160757860; 168.4179873198,0.0793502834; 0.1351933752; 0.1445574732,0.2656810278; 0.0204934331; 0.0065170029
460.0,0.0485,3,9.2093628931; 60.4294546319; 174.8838048236,0.0806284859; 0.1341352004; 0.1448395233,0.2569691084; 0.0225629766; 0.0062169476
460.0,0.049,3,9.4467571884; 56.0387282600; 180.7060959422,0.0819476907; 0.1330766779; 0.1450809990,0.2481300163; 0.0247327809; 0.0059656754
460.0,0.0495,3,9.7038143724; 52.0951037455; 186.0317776674,0.0833135218; 0.1320016398; 0.1452924419,0.2391415052; 0.0270383800; 0.0057499106
460.0,0.05,3,9.9839856500; 48.4990918025; 190.9577052037,0.0847329993; 0.1308962733; 0.1454806417,0.2299756664; 0.0295161410; 0.0055612069
460.0,0.0505,3,10.2917404530; 45.1789804259; 195.5519082012,0.0862150782; 0.1297469607; 0.1456502589,0.2205967254; 0.0322075809; 0.0053938329
460.0,0.051,3,10.6330246908; 42.0795124599; 199.8644563211,0.0877714849; 0.1285386197; 0.1458046466,0.2109576030; 0.0351638679; 0.0052437102
460.0,0.0515,3,11.0160177064; 39.1550393860; 203.9335497992,0.0894180884; 0.1272528778; 0.1459463062,0.2009942792; 0.0384520432; 0.0051078280
460.0,0.052,3,11.4524637516; 36.3645338374; 207.7891766922,0.0911772859; 0.1258654153; 0.1460771578,0.1906159554; 0.0421652039; 0.0049838977
460.0,0.0525,3,11.9602142180; 33.6667307187; 211.4554306966,0.0930825134; 0.1243412845; 0.1461987109,0.1796864244; 0.0464413482; 0.0048701377
460.0,0.053,3,12.5686582568; 31.0131634258; 214.9520454150,0.0951877776; 0.1226252671; 0.1463121750,0.1679846134; 0.0515029726; 0.0047651332
460.0,0.0535,3,13.3324055174; 28.3334294472; 218.2954470645,0.0975914043; 0.1206180500; 0.1464185354,0.1551060724; 0.0577556784; 0.0046677420
460.0,0.054,3,14.3766819093; 25.4890512014; 221.4994988686,0.1005138734; 0.1180983369; 0.1465186064,0.1401393862; 0.0661118249; 0.0045770278
460.0,0.0545,3,16.1802005570; 21.9900659529; 224.5760411276,0.1047756605; 0.1142449695; 0.1466130690,0.1196745120; 0.0799822396; 0.0044922145
461.0,0.046,3,8.2392903290; 105.1220707349; 123.0843953837,0.0745731971; 0.1405297197; 0.1419933649,0.2995261218; 0.0115733803; 0.0095691460
461.0,0.0465,3,8.4104304748; 87.3471774112; 142.5220237355,0.0757265728; 0.1386285260; 0.1432429046,0.2911688355; 0.0144610897; 0.0080087728
461.0,0.047,3,8.5918153584; 77.9755434997; 153.5116674191,0.0769067053; 0.1373531508; 0.1438399613,0.2827400636; 0.0165783064; 0.0073121943
461.0,0.0475,3,8.7846899514; 70.9508689252; 162.1093740648,0.0781163071; 0.1362212658; 0.1442641480,0.2742292884; 0.0185784186; 0.0068365542
461.0,0.048,3,8.9905400970; 65.1890106476; 169.3987550270,0.0793585739; 0.1351465298; 0.1445986067,0.2656240537; 0.0205829463; 0.0064728031
461.0,0.0485,3,9.2111602527; 60.2459428028; 175.8229593595,0.0806373148; 0.1340919824; 0.1448764861,0.2569094374; 0.0226496165; 0.0061781492
461.0,0.049,3,9.4487472799; 55.8861607409; 181.6161777373,0.0819571299; 0.1330359210; 0.1451148857,0.2480673281; 0.0248183175; 0.0059308286
461.0,0.0495,3,9.7060335044; 51.9656336754; 186.9205583963,0.0833236601; 0.1319625649; 0.1453239424,0.2390754047; 0.0271241176; 0.0057181063
461.0,0.05,3,9.9864809544; 48.3874617232; 191.8303574115,0.0847439494; 0.1308583004; 0.1455102236,0.2299056562; 0.0296031897; 0.0055318321
461.0,0.0505,3,10.2945746410; 45.0814664064; 196.4120563821,0.0862269854; 0.1297096103; 0.1456782561,0.2205221646; 0.0322970172; 0.0053664518
461.0,0.051,3,10.6362837643; 41.9933523801; 200.7147408838,0.0877845432; 0.1285014499; 0.1458313072,0.2108776415; 0.0352568639; 0.0052180006
461.0,0.0515,3,11.0198241732; 39.0780932113; 204.7759535401,0.0894325658; 0.1272154303; 0.1459718203,0.2009077475; 0.0385500144; 0.0050835440
461.0,0.052,3,11.4570009220; 36.2950588447; 208.6252252369,0.0911935712; 0.1258271517; 0.1461016750,0.1905211656; 0.0422700304; 0.0049608466
461.0,0.0525,3,11.9657752337; 33.6032034493; 212.2863214845,0.0931012082; 0.1243014833; 0.1462223511,0.1795807785; 0.0465557819; 0.0048481657
461.0,0.053,3,12.5757587460; 30.9540807442; 215.7787339529,0.0952099034; 0.1225828088; 0.1463350363,0.1678637225; 0.0516315275; 0.0047441150
461.0,0.0535,3,13.3420986199; 28.2769339278; 219.1187064826,0.0976189703; 0.1205708439; 0.1464406990,0.1549613534; 0.0579070410; 0.0046475740
461.0,0.054,3,14.3918005587; 25.4316465640; 222.3199621748,0.1005520631; 0.1180411314; 0.1465401406,0.1399488328; 0.0663080879; 0.0045576235
461.0,0.0545,3,16.2173706821; 21.9145731496; 225.3942318901,0.1048533600; 0.1141488203; 0.1466340318,0.1193163890; 0.0803452114; 0.0044735006
462.0,0.046,3,8.2404526603; 102.8499565251; 126.1021078712,0.0745798083; 0.1403143913; 0.1422046742,0.2994778804; 0.0118843071; 0.0092955211
462.0,0.0465,3,8.4116873113; 86.7125299454; 143.9044494690,0.0757335368; 0.1385475338; 0.1433195202,0.2911187339; 0.0145912433; 0.0079176141
462.0,0.047,3,8.5931793713; 77.5802210457; 154.6568904501,0.0769140572; 0.1372922694; 0.1438960737,0.2826879427; 0.0166829898; 0.0072483576
462.0,0.0475,3,8.7861763703; 70.6641702081; 163.1480367622,0.0781240881; 0.1361696043; 0.1443106066,0.2741749623; 0.0186724252; 0.0067854320
462.0,0.048,3,8.9921674357; 64.9660510772; 170.3756810721,0.0793668329; 0.1351002607; 0.1446391902,0.2655673022; 0.0206715495; 0.0064293418
462.0,0.0485,3,9.2129513109; 60.0652845444; 176.7595226232,0.0806461107; 0.1340492170; 0.1449130243,0.2568499972; 0.0227355125; 0.0061399160
462.0,0.049,3,9.4507305580; 55.7356969994; 182.5244165337,0.0819665342; 0.1329955399; 0.1451484262,0.2480048795; 0.0249032108; 0.0058964384
462.0,0.0495,3,9.7082452556; 51.8377797254; 187.8079823561,0.0833337618; 0.1319238144; 0.1453551501,0.2390095529; 0.0272092772; 0.0056866847
462.0,0.05,3,9.9889682536; 48.2771114769; 192.7019878012,0.0847548606; 0.1308206157; 0.1455395511,0.2298359045; 0.0296897046; 0.0055027867
462.0,0.0505,3,10.2974001468; 44.9849899630; 197.2714237520,0.0862388516; 0.1296725215; 0.1457060277,0.2204478726; 0.0323859500; 0.0053393603
462.0,0.051,3,10.6395334477; 41.9080493391; 201.5644239872,0.0877975583; 0.1284645214; 0.1458577646,0.2107979594; 0.0353493777; 0.0051925495
462.0,0.0515,3,11.0236205729; 39.0018657985; 205.6178929140,0.0894469979; 0.1271782084; 0.1459971491,0.2008215052; 0.0386475188; 0.0050594936
462.0,0.052,3,11.4615275432; 36.2261941687; 209.4609165118,0.0912098095; 0.1257891009; 0.1461260214,0.1904266734; 0.0423744030; 0.0049380090
462.0,0.0525,3,11.9713258612; 33.5401993506; 213.1169401879,0.0931198553; 0.1242618834; 0.1462458327,0.1794754324; 0.0466697769; 0.0048263902
462.0,0.053,3,12.5828510119; 30.8954485104; 216.6052191939,0.0952319849; 0.1225405380; 0.1463577492,0.1677431164; 0.0517596738; 0.0047232791
462.0,0.0535,3,13.3517927444; 28.2208216068; 219.9418188673,0.0976465088; 0.1205237999; 0.1464627231,0.1548168462; 0.0580580808; 0.0046275762
462.0,0.054,3,14.4069652683; 25.3745318468; 223.1403249751,0.1005903066; 0.1179839990; 0.1465615428,0.1397581404; 0.0665043902; 0.0045383790
462.0,0.0545,3,16.2552654729; 21.8386511331; 226.2123609895,0.1049322829; 0.1140515682; 0.1466548691,0.1189531763; 0.0807131829; 0.0044549373
463.0,0.046,3,8.2416106086; 101.0659072505; 128.6320256839,0.0745863936; 0.1401396364; 0.1423754308,0.2994298326; 0.0121396769; 0.0090773076
463.0,0.0465,3,8.4129394603; 86.1072411988; 145.2577848294,0.0757404736; 0.1384693506; 0.1433933489,0.2910688322; 0.0147174360; 0.0078302651
463.0,0.047,3,8.5945383604; 77.1962246845; 155.7910538927,0.0769213807; 0.1372326272; 0.1439509701,0.2826360285; 0.0167858618; 0.0071861751
463.0,0.0475,3,8.7876573932; 70.3836749311; 164.1807607581,0.0781318392; 0.1361187153; 0.1443563174,0.2741208498; 0.0187652581; 0.0067353199
463.0,0.048,3,8.9937889653; 64.7470605198; 171.3489011564,0.0793750606; 0.1350545518; 0.1446792396,0.2655107720; 0.0207592670; 0.0063865959
463.0,0.0485,3,9.2147361012; 59.8874002346; 177.6935733875,0.0806548735; 0.1340068938; 0.1449491480,0.2567907864; 0.0228206804; 0.0061022331
463.0,0.049,3,9.4527070586; 55.5872860006; 183.4308625216,0.0819759038; 0.1329555274; 0.1451816277,0.2479426689; 0.0249874723; 0.0058624943
463.0,0.0495,3,9.7104496643; 51.7115069612; 188.6940836398,0.0833438268; 0.1318853829; 0.1453860703,0.2389439484; 0.0272938677; 0.0056556380
463.0,0.05,3,9.9914475876; 48.1680159689; 193.5726206303,0.0847657333; 0.1307832146; 0.1455686283,0.2297664099; 0.0297756928; 0.0054740647
463.0,0.0505,3,10.3002170127; 44.8895323915; 198.1300281817,0.0862506772; 0.1296356905; 0.1457335771,0.2203738479; 0.0324743855; 0.0053125532
463.0,0.051,3,10.6427737854; 41.8235889842; 202.4135191539,0.0878105305; 0.1284278311; 0.1458840216,0.2107185550; 0.0354414148; 0.0051673527
463.0,0.0515,3,11.0274069517; 38.9263458724; 206.4593783701,0.0894613849; 0.1271412094; 0.1460222950,0.2007355507; 0.0387445612; 0.0050356733
463.0,0.052,3,11.4660436628; 36.1579307787; 210.2962587256,0.0912260009; 0.1257512606; 0.1461501992,0.1903324772; 0.0424783259; 0.0049153816
463.0,0.0525,3,11.9768661503; 33.4777110709; 213.9472933400,0.0931384552; 0.1242224824; 0.1462691576,0.1793703846; 0.0467833373; 0.0048048086
463.0,0.053,3,12.5899351148; 30.8372606478; 217.4315063913,0.0952540226; 0.1224984528; 0.1463803154,0.1676227935; 0.0518874151; 0.0047026232
463.0,0.0535,3,13.3614880218; 28.1650873381; 220.7647884759,0.0976740202; 0.1204769161; 0.1464846090,0.1546725484; 0.0582088020; 0.0046077466
463.0,0.054,3,14.4221768742; 25.3177019910; 223.9605907393,0.1006286057; 0.1179269367; 0.1465828144,0.1395673010; 0.0667007412; 0.0045192923
463.0,0.0545,3,16.2939273494; 21.7622538973; 227.0304312643,0.1050125019; 0.1139531392; 0.1466755824,0.1185845661; 0.0810864634; 0.0044365229
464.0,0.046,3,8.2427641988; 99.5669164104; 130.8771544543,0.0745929529; 0.1399887465; 0.1425223429,0.2993819771; 0.0123623564; 0.0088916398
464.0,0.0465,3,8.4141869481; 85.5284946124; 146.5848455125,0.0757473834; 0.1383937231; 0.1434646437,0.2910191292; 0.0148400207; 0.0077463738
464.0,0.047,3,8.5958923536; 76.8229148433; 156.9147964615,0.0769286758; 0.1371741613; 0.1440047132,0.2825843196; 0.0168870117; 0.0071255585
464.0,0.0475,3,8.7891330496; 70.1091289550; 165.2077993381,0.0781395607; 0.1360685712; 0.1444013077,0.2740669499; 0.0188569571; 0.0066861791
464.0,0.048,3,8.9954047175; 64.5319092912; 172.3185441150,0.0793832571; 0.1350093877; 0.1447187702,0.2654544619; 0.0208461215; 0.0063445435
464.0,0.0485,3,9.2165146573; 59.7122135809; 178.6251871004,0.0806636037; 0.1339650027; 0.1449848671,0.2567318037; 0.0229051353; 0.0060650862
464.0,0.049,3,9.4546768173; 55.4408785484; 184.3355640562,0.0819852390; 0.1329158762; 0.1452144971,0.2478806951; 0.0250711131; 0.0058289861
464.0,0.0495,3,9.7126467679; 51.5867815618; 189.5788952320,0.0833538556; 0.1318472650; 0.1454167082,0.2388785898; 0.0273778978; 0.0056249585
464.0,0.05,3,9.9939189965; 48.0601508241; 194.4422794409,0.0847765676; 0.1307460931; 0.1455974593,0.2296971708; 0.0298611616; 0.0054456601
464.0,0.0505,3,10.3030252807; 44.7950754776; 198.9878870562,0.0862624622; 0.1295991138; 0.1457609076,0.2203000889; 0.0325623298; 0.0052860258
464.0,0.051,3,10.6460048215; 41.7399573102; 203.2620395636,0.0878234600; 0.1283913761; 0.1459100810,0.2106394269; 0.0355329803; 0.0051424060
464.0,0.0515,3,11.0311833554; 38.8515224122; 207.3004201074,0.0894757271; 0.1271044307; 0.1460472604,0.2006498825; 0.0388411465; 0.0050120795
464.0,0.052,3,11.4705493281; 36.0902598357; 211.1312598999,0.0912421457; 0.1257136283; 0.1461742106,0.1902385754; 0.0425818036; 0.0048929615
464.0,0.0525,3,11.9823961504; 33.4157314054; 214.7773873311,0.0931570079; 0.1241832785; 0.1462923277,0.1792656335; 0.0468964671; 0.0047834182
464.0,0.053,3,12.5970111147; 30.7795111949; 218.2576006874,0.0952760166; 0.1224565513; 0.1464027367,0.1675027519; 0.0520147554; 0.0046821448
464.0,0.0535,3,13.3711845832; 28.1097260671; 221.5876194777,0.0977015049; 0.1204301906; 0.1465063585,0.1545284577; 0.0583592088; 0.0045880828
464.0,0.054,3,14.4374362292; 25.2611519956; 224.7807628669,0.1006669622; 0.1178699415; 0.1466039568,0.1393763068; 0.0668971505; 0.0045003613
464.0,0.0545,3,16.3334028169; 21.6853314113; 227.8484454963,0.1050940966; 0.1138534524; 0.1466961728,0.1182102213; 0.0814653917; 0.0044182555
465.0,0.046,3,8.2439134557; 98.2604198579; 132.9300574651,0.0745994866; 0.1398540840; 0.1426530481,0.2993343129; 0.0125627972; 0.0087280669
465.0,0.0465,3,8.4154298010; 84.9738863550; 147.8880344908,0.0757542663; 0.1383204345; 0.1435336211,0.2909696237; 0.0149592993; 0.0076656394
465.0,0.047,3,8.5972413788; 76.4597074150; 158.0287014099,0.0769359428; 0.1371168140; 0.1440573607,0.2825328148; 0.0169865217; 0.0070664265
465.0,0.0475,3,8.7906033692; 69.8402940235; 166.2293899100,0.0781472527; 0.1360191463; 0.1444456032,0.2740132611; 0.0189475598; 0.0066379730
465.0,0.048,3,8.9970147235; 64.3204741129; 173.2847323823,0.0793914227; 0.1349647535; 0.1447577967,0.2653983705; 0.0209321349; 0.0063031637
465.0,0.0485,3,9.2182870124; 59.5396514336; 179.5544360714,0.0806723012; 0.1339235343; 0.1450201912,0.2566730478; 0.0229888921; 0.0060284619
465.0,0.049,3,9.4566398693; 55.2964271977; 185.2385677469,0.0819945399; 0.1328765796; 0.1452470412,0.2478189565; 0.0251541441; 0.0057959043
465.0,0.0495,3,9.7148366041; 51.4635707713; 190.4624490562,0.0833638481; 0.1318094552; 0.1454470688,0.2388134757; 0.0274613760; 0.0055946389
465.0,0.05,3,9.9963825199; 47.9534923601; 195.3109870871,0.0847873638; 0.1307092467; 0.1456260481,0.2296281859; 0.0299461178; 0.0054175670
465.0,0.0505,3,10.3058249928; 44.7016014804; 199.8450172916,0.0862742070; 0.1295627878; 0.1457880225,0.2202265943; 0.0326497888; 0.0052597733
465.0,0.051,3,10.6492265999; 41.6571406485; 204.1099980640,0.0878363470; 0.1283551533; 0.1459359457,0.2105605734; 0.0356240796; 0.0051177055
465.0,0.0515,3,11.0349498296; 38.7773846444; 208.1410280825,0.0894900247; 0.1270678697; 0.1460720477,0.2005644990; 0.0389372792; 0.0049887089
465.0,0.052,3,11.4750445860; 36.0231726868; 211.9659278746,0.0912582441; 0.1256762019; 0.1461980575,0.1901449664; 0.0426848403; 0.0048707457
465.0,0.0525,3,11.9879159107; 33.3542532931; 215.6072284126,0.0931755138; 0.1241442694; 0.1463153448,0.1791611773; 0.0470091700; 0.0047622162
465.0,0.053,3,12.6040790713; 30.7221943030; 219.0835071159,0.0952979672; 0.1224148315; 0.1464250147,0.1673829899; 0.0521416982; 0.0046618416
465.0,0.0535,3,13.3808825603; 28.0547328282; 222.4103159566,0.0977289634; 0.1203836215; 0.1465279728,0.1543845717; 0.0585093052; 0.0045685828
465.0,0.054,3,14.4527442031; 25.2048769147; 225.6008446892,0.1007053777; 0.1178130101; 0.1466249712,0.1391851496; 0.0670936278; 0.0044815843
465.0,0.0545,3,16.3737430343; 21.6078290502; 228.6664064121,0.1051771546; 0.1137524192; 0.1467166416,0.1178297711; 0.0818503395; 0.0044001333
466.0,0.046,3,8.2450584037; 97.0949827580; 134.8421686923,0.0746059948; 0.1397313939; 0.1427718011,0.2992868388; 0.0127468206; 0.0085807684
466.0,0.0465,3,8.4166680449; 84.4413456913; 149.1694216456,0.0757611225; 0.1382492977; 0.1436004683,0.2909203145; 0.0150755325; 0.0075878018
466.0,0.047,3,8.5985854635; 76.1060673115; 159.1333029771,0.0769431818; 0.1370605323; 0.1441089654,0.2824815130; 0.0170844669; 0.0070087049
466.0,0.0475,3,8.7920683811; 69.5769464262; 167.2457553394,0.0781549153; 0.1359704162; 0.1444892281,0.2739597823; 0.0190371015; 0.0065906672
466.0,0.048,3,8.9986190145; 64.1126376857; 174.2475824175,0.0793995574; 0.1349206352; 0.1447963329,0.2653424965; 0.0210173281; 0.0062624366
466.0,0.0485,3,9.2200531995; 59.3696436117; 180.4813896461,0.0806809664; 0.1338824790; 0.1450551292,0.2566145174; 0.0230719647; 0.0059923468
466.0,0.049,3,9.4585962498; 55.1538861700; 186.1399185403,0.0820038066; 0.1328376308; 0.1452792665,0.2477574520; 0.0252365755; 0.0057632393
466.0,0.0495,3,9.7170192100; 51.3418428549; 191.3447760197,0.0833738048; 0.1317719487; 0.1454771572,0.2387486046; 0.0275443104; 0.0055646721
466.0,0.05,3,9.9988381971; 47.8480175606; 196.1787657610,0.0847981220; 0.1306726715; 0.1456543987,0.2295594537; 0.0300305681; 0.0053897798
466.0,0.0505,3,10.3086161904; 44.6090931159; 200.7014353516,0.0862859118; 0.1295267094; 0.1458149250,0.2201533626; 0.0327367681; 0.0052337910
466.0,0.051,3,10.6524391641; 41.5751256562; 204.9574071813,0.0878491918; 0.1283191598; 0.1459616182,0.2104819932; 0.0357147175; 0.0050932472
466.0,0.0515,3,11.0387064196; 38.7039220350; 208.9812120165,0.0895042778; 0.1270315239; 0.1460966593,0.2004793988; 0.0390329639; 0.0049655581
466.0,0.052,3,11.4795294833; 35.9566608600; 212.8002703127,0.0912742964; 0.1256389791; 0.1462217421,0.1900516487; 0.0427874399; 0.0048487311
466.0,0.0525,3,11.9934254803; 33.2932698125; 216.4368227004,0.0931939731; 0.1241054532; 0.1463382106,0.1790570145; 0.0471214499; 0.0047412002
466.0,0.053,3,12.6111390440; 30.6653042331; 219.9092306051,0.0953198747; 0.1223732917; 0.1464471509,0.1672635058; 0.0522682474; 0.0046417112
466.0,0.0535,3,13.3905820854; 28.0001027428; 223.2328819133,0.0977563961; 0.1203372070; 0.1465494536,0.1542408881; 0.0586590952; 0.0045492444
466.0,0.054,3,14.4681016834; 25.1488718556; 226.4208394704,0.1007438540; 0.1177561397; 0.1466458592,0.1389938213; 0.0672901827; 0.0044629592
466.0,0.0545,3,16.4150044876; 21.5296869194; 229.4843166845,0.1052617723; 0.1136499417; 0.1467369900,0.1174428071; 0.0822417169; 0.0043821546
467.0,0.046,3,8.2461990674; 96.0385323985; 136.6455599934,0.0746124775; 0.1396180166; 0.1428812616,0.2992395537; 0.0129180654; 0.0084461064
467.0,0.0465,3,8.4179017057; 83.9290740493; 150.4308046994,0.0757679522; 0.1381801495; 0.1436653482,0.2908712004; 0.0151889474; 0.0075126348
467.0,0.047,3,8.5999246351; 75.7615029455; 160.2290919057,0.0769503930; 0.1370052672; 0.1441595761,0.2824304130; 0.0171809168; 0.0069523251
467.0,0.0475,3,8.7935281145; 69.3188758039; 168.2571051460,0.0781625488; 0.1359223578; 0.1445322052,0.2739065123; 0.0191256156; 0.0065442292
467.0,0.048,3,9.0002176211; 63.9082882996; 175.2072050954,0.0794076615; 0.1348770195; 0.1448343921,0.2652868387; 0.0211017211; 0.0062223432
467.0,0.0485,3,9.2218132513; 59.2021227411; 181.4061143673,0.0806895994; 0.1338418281; 0.1450896900,0.2565562110; 0.0231543668; 0.0059567284
467.0,0.049,3,9.4605459935; 55.0132112758; 187.0396597993,0.0820130395; 0.1327990234; 0.1453111792,0.2476961800; 0.0253184176; 0.0057309820
467.0,0.0495,3,9.7191946225; 51.2215670558; 192.2259060561,0.0833837257; 0.1317347402; 0.1455069781,0.2386839752; 0.0276267091; 0.0055350510
467.0,0.05,3,10.0012860672; 47.7437040508; 197.0456370180,0.0848088425; 0.1306363635; 0.1456825148,0.2294909728; 0.0301145193; 0.0053622930
467.0,0.0505,3,10.3113989147; 44.5175335411; 201.5571572632,0.0862975767; 0.1294908750; 0.1458416182,0.2200803922; 0.0328232735; 0.0052080744
467.0,0.051,3,10.6556425573; 41.4938993056; 205.8042791308,0.0878619946; 0.1282833929; 0.1459871012,0.2104036846; 0.0358048992; 0.0050690274
467.0,0.0515,3,11.0424531703; 38.6311242827; 209.8209814024,0.0895184869; 0.1269953908; 0.1461210973,0.2003945801; 0.0391282049; 0.0049426237
467.0,0.052,3,11.4840040663; 35.8907160596; 213.6342947060,0.0912903027; 0.1256019576; 0.1462452662,0.1899586206; 0.0428896068; 0.0048269150
467.0,0.0525,3,11.9989249076; 33.2327741785; 217.2661761786,0.0932123860; 0.1240668279; 0.1463609270,0.1789531435; 0.0472333107; 0.0047203675
467.0,0.053,3,12.6181910919; 30.6088353533; 220.7347759805,0.0953417394; 0.1223319300; 0.1464691470,0.1671442980; 0.0523944064; 0.0046217515
467.0,0.0535,3,13.4002832912; 27.9458310171; 224.0553212667,0.0977838032; 0.1202909451; 0.1465708022,0.1540974047; 0.0588085830; 0.0045300657
467.0,0.054,3,14.4835095759; 25.0931319765; 227.2407504099,0.1007823929; 0.1176993269; 0.1466666219,0.1388023134; 0.0674868251; 0.0044444843
467.0,0.0545,3,16.4572497948; 21.4508390493; 230.3021789332,0.1053480568; 0.1135459118; 0.1467572193,0.1170488766; 0.0826399779; 0.0043643176
468.0,0.046,3,8.2473354708; 95.0694804569; 138.3618188407,0.0746189350; 0.1395121572; 0.1429832241,0.2991924563; 0.0130789865; 0.0083216267
468.0,0.0465,3,8.4191308090; 83.4354976890; 151.6737565473,0.0757747554; 0.1381128470; 0.1437284036,0.2908222803; 0.0152997432; 0.0074399401
468.0,0.047,3,8.6012589207; 75.4255614854; 161.3165201873,0.0769575765; 0.1369509737; 0.1442092377,0.2823795134; 0.0172759355; 0.0068972238
468.0,0.0475,3,8.7949825981; 69.0658840748; 169.2636365760,0.0781701533; 0.1358749495; 0.1445745560,0.2738534497; 0.0192131335; 0.0064986284
468.0,0.048,3,9.0018105742; 63.7073194753; 176.1637060643,0.0794157352; 0.1348338934; 0.1448719870,0.2652313959; 0.0211853329; 0.0061828653
468.0,0.0485,3,9.2235672004; 59.0370241035; 182.3286741268,0.0806982004; 0.1338015730; 0.1451238819,0.2564981275; 0.0232361115; 0.0059215946
468.0,0.049,3,9.4624891350; 54.8743598398; 187.9378333761,0.0820222386; 0.1327607510; 0.1453427855,0.2476351393; 0.0253996801; 0.0056991238
468.0,0.0495,3,9.7213628783; 51.1027135551; 193.1058681654,0.0833936110; 0.1316978251; 0.1455365362,0.2386195860; 0.0277085799; 0.0055057691
468.0,0.05,3,10.0037261690; 47.6405300735; 197.9116218003,0.0848195255; 0.1306003187; 0.1457104001,0.2294227417; 0.0301979777; 0.0053351012
468.0,0.0505,3,10.3141732068; 44.4269063398; 202.4121986313,0.0863092020; 0.1294552814; 0.1458681052,0.2200076817; 0.0329093106; 0.0051826191
468.0,0.051,3,10.6588368226; 41.4134488750; 206.6506258265,0.0878747555; 0.1282478496; 0.1460123974,0.2103256463; 0.0358946295; 0.0050450424
468.0,0.0515,3,11.0461901264; 38.5589813121; 210.6603455115,0.0895326519; 0.1269594680; 0.1461453640,0.2003100416; 0.0392230068; 0.0049199027
468.0,0.052,3,11.4884683812; 35.8253301608; 214.4680083789,0.0913062634; 0.1255651353; 0.1462686318,0.1898658806; 0.0429913447; 0.0048052946
468.0,0.0525,3,12.0044142409; 33.1727597381; 218.0952947033,0.0932307529; 0.1240283914; 0.1463834957,0.1788495627; 0.0473447560; 0.0046997157
468.0,0.053,3,12.6252352740; 30.5527821362; 221.5601479674,0.0953635615; 0.1222907445; 0.1464910044,0.1670253646; 0.0525201789; 0.0046019601
468.0,0.0535,3,13.4099863109; 27.8919129401; 224.8776378564,0.0978111854; 0.1202448342; 0.1465920201,0.1539541189; 0.0589577725; 0.0045110446
468.0,0.054,3,14.4989688049; 25.0376524847; 228.0605806431,0.1008209963; 0.1176425688; 0.1466872606,0.1386106176; 0.0676835650; 0.0044261575
468.0,0.0545,3,16.5005486717; 21.3712124279; 231.1199957265,0.1054361268; 0.1134402094; 0.1467773307,0.1166474761; 0.0830456272; 0.0043466207
469.0,0.046,3,8.2484676379; 94.1724785855; 140.0062927365,0.0746253675; 0.1394125365; 0.1430789678,0.2991455456; 0.0132313337; 0.0082055804
469.0,0.0465,3,8.4203553802; 82.9592304386; 152.8996625207,0.0757815324; 0.1380472638; 0.1437897608,0.2907735531; 0.0154080961; 0.0073695425
469.0,0.047,3,8.6025883474; 75.0978247520; 162.3960051656,0.0769647326; 0.1368976099; 0.1442579919,0.2823288132; 0.0173695824; 0.0068433426
469.0,0.0475,3,8.7964318606; 68.8177844704; 170.2655355673,0.0781777289; 0.1358281707; 0.1446163011,0.2738005934; 0.0192996850; 0.0064538360
469.0,0.048,3,9.0033979040; 63.5096296344; 177.1171860762,0.0794237786; 0.1347912446; 0.1449091297,0.2651761667; 0.0212681819; 0.0061439856
469.0,0.0485,3,9.2253150792; 58.8742854964; 183.2491303048,0.0807067695; 0.1337617052; 0.1451577133,0.2564402655; 0.0233172115; 0.0058869337
469.0,0.049,3,9.4644257085; 54.7372906323; 188.8344796826,0.0820314043; 0.1327228077; 0.1453740912,0.2475743286; 0.0254803726; 0.0056676561
469.0,0.0495,3,9.7235240137; 50.9852534338; 193.9846904522,0.0834034610; 0.1316611987; 0.1455658360,0.2385554358; 0.0277899302; 0.0054768196
469.0,0.05,3,10.0061585412; 47.5384744660; 198.7767404596,0.0848301712; 0.1305645333; 0.1457380584,0.2293547591; 0.0302809497; 0.0053081991
469.0,0.0505,3,10.3169391072; 44.3371955073; 203.2665746531,0.0863207878; 0.1294199255; 0.1458943889,0.2199352296; 0.0329948847; 0.0051574208
469.0,0.051,3,10.6620220024; 41.3337619386; 207.4964588906,0.0878874749; 0.1282125274; 0.1460375092,0.2102478766; 0.0359839131; 0.0050212884
469.0,0.0515,3,11.0499173322; 38.4874832670; 211.4993134001,0.0895467733; 0.1269237531; 0.1461694616,0.2002257816; 0.0393173737; 0.0048973918
469.0,0.052,3,11.4929224737; 35.7604952056; 215.3014184938,0.0913221787; 0.1255285100; 0.1462918409,0.1897734272; 0.0430926577; 0.0047838671
469.0,0.0525,3,12.0098935284; 33.1132199678; 218.9241840052,0.0932490738; 0.1239901420; 0.1464059184,0.1787462705; 0.0474557895; 0.0046792424
469.0,0.053,3,12.6322716489; 30.4971391562; 222.3853511931,0.0953853413; 0.1222497335; 0.1465127249,0.1669067041; 0.0526455683; 0.0045823349
469.0,0.0535,3,13.4196912783; 27.8383438817; 225.6998354445,0.0978385429; 0.1201988724; 0.1466131086,0.1538110286; 0.0591066675; 0.0044921791
469.0,0.054,3,14.5144803142; 24.9824286339; 228.8803332432,0.1008596661; 0.1175858622; 0.1467077767,0.1384187252; 0.0678804124; 0.0044079773
469.0,0.0545,3,16.5449791037; 21.2907258276; 231.9377695824,0.1055261155; 0.1133327003; 0.1467973252,0.1162380432; 0.0834592286; 0.0043290623
470.0,0.046,3,8.2495955926; 93.3361559046; 141.5903517193,0.0746317749; 0.1393182045; 0.1431694427,0.2990988205; 0.0133764063; 0.0080966691
470.0,0.0465,3,8.4215754446; 82.4990439995; 154.1097500821,0.0757882833; 0.1379832877; 0.1438495319,0.2907250175; 0.0155141623; 0.0073012864
470.0,0.047,3,8.6039129419; 74.7779056562; 163.4679330987,0.0769718613; 0.1368451371; 0.1443058774,0.2822783111; 0.0174619127; 0.0067906272
470.0,0.0475,3,8.7978759305; 68.5744006648; 171.2629776192,0.0781852759; 0.1357820021; 0.1446574596,0.2737479421; 0.0193852984; 0.0064098247
470.0,0.048,3,9.0049796408; 63.3151217961; 178.0677412898,0.0794317920; 0.1347490613; 0.1449458318,0.2651211498; 0.0213502855; 0.0061056875
470.0,0.0485,3,9.2270569195; 58.7138471011; 184.1675419023,0.0807153070; 0.1337222168; 0.1451911918,0.2563826237; 0.0233976790; 0.0058527344
470.0,0.049,3,9.4663557482; 54.6019638029; 189.7296377551,0.0820405366; 0.1326851875; 0.1454051021,0.2475137464; 0.0255605042; 0.0056365705
470.0,0.0495,3,9.7256780651; 50.8691586361; 194.8624001622,0.0834132758; 0.1316248562; 0.1455948818,0.2384915231; 0.0278707675; 0.0054481964
470.0,0.05,3,10.0085832220; 47.4375166392; 199.6410127787,0.0848407798; 0.1305290036; 0.1457654930,0.2292870236; 0.0303634414; 0.0052815816
470.0,0.0505,3,10.3196966565; 44.2483854374; 204.1203001320,0.0863323345; 0.1293848041; 0.1459204724,0.2198630346; 0.0330800011; 0.0051324752
470.0,0.051,3,10.6651981393; 41.2548263576; 208.3417896625,0.0879001529; 0.1281774234; 0.1460624391,0.2101703742; 0.0360727547; 0.0049977619
470.0,0.0515,3,11.0536348319; 38.4166205044; 212.3378939159,0.0895608512; 0.1268882437; 0.1461933922,0.2001417988; 0.0394113100; 0.0048750880
470.0,0.052,3,11.4973663894; 35.6962033980; 216.1345320552,0.0913380487; 0.1254920798; 0.1463148953,0.1896812589; 0.0431935497; 0.0047626298
470.0,0.0525,3,12.0153628175; 33.0541484699; 219.7528496938,0.0932673491; 0.1239520777; 0.1464281967,0.1786432653; 0.0475664148; 0.0046589452
470.0,0.053,3,12.6393002751; 30.4419010874; 223.2103901900,0.0954070790; 0.1222088953; 0.1465343097,0.1667883147; 0.0527705782; 0.0045628737
470.0,0.0535,3,13.4293983276; 27.7851192910; 226.5219177173,0.0978658762; 0.1201530579; 0.1466340691,0.1536681314; 0.0592552721; 0.0044734673
470.0,0.054,3,14.5300450674; 24.9274557228; 229.7000112228,0.1008984040; 0.1175292039; 0.1467281715,0.1382266274; 0.0680773775; 0.0043899417
470.0,0.0545,3,16.5906287768; 21.2092883738; 232.7555029693,0.1056181722; 0.1132232340; 0.1468172041,0.1158199459; 0.0838814153; 0.0043116405
471.0,0.046,3,8.2507193585; 92.5518127379; 143.1226946289,0.0746381576; 0.1392284323; 0.1432553773,0.2990522799; 0.0135152008; 0.0079938970
471.0,0.0465,3,8.4227910272; 82.0538440246; 155.3051127471,0.0757950083; 0.1379208182; 0.1439078171,0.2906766725; 0.0156180815; 0.0072350330
471.0,0.047,3,8.6052327307; 74.4654450923; 164.5326622656,0.0769789629; 0.1367935190; 0.1443529301,0.2822280061; 0.0175529777; 0.0067390270
471.0,0.0475,3,8.7993148358; 68.3355659885; 172.2561285793,0.0781927944; 0.1357364251; 0.1446980498,0.2736954947; 0.0194700006; 0.0063665684
471.0,0.048,3,9.0065558146; 63.1237032970; 179.0154635510,0.0794397753; 0.1347073324; 0.1449821046,0.2650663442; 0.0214316605; 0.0060679552
471.0,0.0485,3,9.2287927534; 58.5556513604; 185.0839656628,0.0807238130; 0.1336831001; 0.1452243250,0.2563252010; 0.0234775258; 0.0058189859
471.0,0.049,3,9.4682792878; 54.4683408191; 190.6233453166,0.0820496357; 0.1326478846; 0.1454358237,0.2474533916; 0.0256400840; 0.0056058593
471.0,0.0495,3,9.7278250681; 50.7544019356; 195.7390237160,0.0834230557; 0.1315887934; 0.1456236781,0.2384278467; 0.0279510990; 0.0054198932
471.0,0.05,3,10.0110002494; 47.3376365563; 200.5044579922,0.0848513514; 0.1304937260; 0.1457927075,0.2292195337; 0.0304454588; 0.0052552439
471.0,0.0505,3,10.3224458947; 44.1604609091; 204.9733894905,0.0863438422; 0.1293499142; 0.1459463584,0.2197910952; 0.0331646650; 0.0051077782
471.0,0.051,3,10.6683652754; 41.1766302714; 209.1866292078,0.0879127897; 0.1281425352; 0.1460871894,0.2100931376; 0.0361611590; 0.0049744595
471.0,0.0515,3,11.0573426692; 38.3463835881; 213.1760957036,0.0895748858; 0.1268529375; 0.1462171579,0.2000580915; 0.0395048198; 0.0048529882
471.0,0.052,3,11.5018001733; 35.6324470997; 216.9673559140,0.0913538738; 0.1254558424; 0.1463377969,0.1895893740; 0.0432940245; 0.0047415800
471.0,0.0525,3,12.0208221558; 32.9955389694; 220.5812972598,0.0932855790; 0.1239141966; 0.1464503324,0.1785405456; 0.0476766355; 0.0046388216
471.0,0.053,3,12.6463212106; 30.3870627006; 224.0352693971,0.0954287750; 0.1221682280; 0.1465557605,0.1666701947; 0.0528952119; 0.0045435744
471.0,0.0535,3,13.4391075938; 27.7322346940; 227.3438882875,0.0978931857; 0.1201073891; 0.1466549030,0.1535254251; 0.0594035901; 0.0044549072
471.0,0.054,3,14.5456640489; 24.8727290924; 230.5196175348,0.1009372122; 0.1174725907; 0.1467484460,0.1380343153; 0.0682744706; 0.0043720489
471.0,0.0545,3,16.6375968423; 21.1267977782; 233.5731983077,0.1057124658; 0.1131116405; 0.1468369686,0.1153924705; 0.0843129023; 0.0042943540
472.0,0.046,3,8.2518389590; 91.8126187344; 144.6101509840,0.0746445156; 0.1391426464; 0.1433373452,0.2990059227; 0.0136485017; 0.0078964805
472.0,0.0465,3,8.4240021528; 81.6226506545; 156.4867295480,0.0758017074; 0.1378597654; 0.1439647064,0.2906285169; 0.0157199793; 0.0071706576
472.0,0.047,3,8.6065477403; 74.1601092179; 165.5905256862,0.0769860374; 0.1367427221; 0.1443991837,0.2821778969; 0.0176428252; 0.0066884950
472.0,0.0475,3,8.8007486046; 68.1011227159; 173.2451453552,0.0782002845; 0.1356914223; 0.1447380891,0.2736432500; 0.0195538168; 0.0063240427
472.0,0.048,3,9.0081264549; 62.9352855326; 179.9604406508,0.0794477290; 0.1346660469; 0.1450179586,0.2650117484; 0.0215123232; 0.0060307733
472.0,0.0485,3,9.2305226123; 58.3996428637; 185.9984561878,0.0807322877; 0.1336443476; 0.1452571204,0.2562679959; 0.0235567633; 0.0057856776
472.0,0.049,3,9.4701963610; 54.3363844078; 191.5156388348,0.0820587019; 0.1326108937; 0.1454662614,0.2473932628; 0.0257191207; 0.0055755145
472.0,0.0495,3,9.7299650586; 50.6409569021; 196.6145867423,0.0834328008; 0.1315530058; 0.1456522289,0.2383644051; 0.0280309317; 0.0053919040
472.0,0.05,3,10.0134096613; 47.2388147133; 201.3670948060,0.0848618863; 0.1304586970; 0.1458197052,0.2291522881; 0.0305270078; 0.0052291810
472.0,0.0505,3,10.3251868618; 44.0734070738; 205.8258567826,0.0863553111; 0.1293152529; 0.1459720497,0.2197194100; 0.0332488816; 0.0050833259
472.0,0.051,3,10.6715234524; 41.0991620893; 210.0309883263,0.0879253856; 0.1281078600; 0.1461117627,0.2100161653; 0.0362491305; 0.0049513776
472.0,0.0515,3,11.0610408876; 38.2767632832; 214.0139272112,0.0895888774; 0.1268178323; 0.1462407607,0.1999746584; 0.0395979071; 0.0048310896
472.0,0.052,3,11.5062238705; 35.5692188259; 217.7998967720,0.0913696541; 0.1254197959; 0.1463605475,0.1894977712; 0.0433940858; 0.0047207152
472.0,0.0525,3,12.0262715903; 32.9373853108; 221.4095320787,0.0933037637; 0.1238764968; 0.1464723269,0.1784381098; 0.0477864550; 0.0046188695
472.0,0.053,3,12.6533345135; 30.3326188617; 224.8599931630,0.0954504294; 0.1221277301; 0.1465770787,0.1665523426; 0.0530194729; 0.0045244349
472.0,0.0535,3,13.4488192122; 27.6796856922; 228.1657506953,0.0979204718; 0.1200618642; 0.1466756116,0.1533829072; 0.0595516252; 0.0044364969
472.0,0.054,3,14.5613382642; 24.8182441245; 231.3391550744,0.1009760925; 0.1174160196; 0.1467686016,0.1378417799; 0.0684717021; 0.0043542974
472.0,0.0545,3,16.6859961162; 21.0431381389; 234.3908579708,0.1058091882; 0.1129977268; 0.1468566197,0.1149548053; 0.0847545024; 0.0042772009
473.0,0.0455,3,8.0900166109; 112.0660977586; 123.3710423620,0.0735181061; 0.1411169637; 0.1419903999,0.3072748054; 0.0107463672; 0.0095730137
473.0,0.046,3,8.2529544174; 91.1130960441; 146.0581978068,0.0746508491; 0.1390603855; 0.1434158075,0.2989597477; 0.0137769395; 0.0078037898
473.0,0.0465,3,8.4252088462; 81.2045825383; 157.6554810130,0.0758083810; 0.1378000480; 0.1440202807,0.2905805496; 0.0158199689; 0.0071080479
473.0,0.047,3,8.6078579967; 73.8615870636; 166.6418335120,0.0769930851; 0.1366927148; 0.1444446693,0.2821279823; 0.0177315001; 0.0066389875
473.0,0.0475,3,8.8021772647; 67.8709214194; 174.2301765615,0.0782077465; 0.1356469770; 0.1447775941,0.2735912067; 0.0196367714; 0.0062822243
473.0,0.048,3,9.0096915915; 62.7497837180; 180.9027565653,0.0794556530; 0.1346251944; 0.1450534041,0.2649573614; 0.0215922889; 0.0059941274
473.0,0.0485,3,9.2322465278; 58.2457682398; 186.9110660437,0.0807407313; 0.1336059520; 0.1452895849,0.2562110072; 0.0236354026; 0.0057527995
473.0,0.049,3,9.4721070012; 54.2060585005; 192.4065535775,0.0820677352; 0.1325742091; 0.1454964205,0.2473333587; 0.0257976226; 0.0055455289
473.0,0.0495,3,9.7320980719; 50.5287978708; 197.4891141087,0.0834425113; 0.1315174891; 0.1456805383,0.2383011970; 0.0281102725; 0.0053642230
473.0,0.05,3,10.0158114950; 47.1410321203; 202.2289414165,0.0848723847; 0.1304239130; 0.1458464894,0.2290852854; 0.0306080942; 0.0052033883
473.0,0.0505,3,10.3279195973; 43.9872094434; 206.6777157063,0.0863667414; 0.1292808171; 0.1459975490,0.2196479776; 0.0333326558; 0.0050591143
473.0,0.051,3,10.6746727120; 41.0224104822; 210.8748775605,0.0879379408; 0.1280733955; 0.1461361613,0.2099394560; 0.0363366737; 0.0049285131
473.0,0.0515,3,11.0647295305; 38.2077505501; 214.8513966954,0.0896028262; 0.1267829259; 0.1462642028,0.1998914979; 0.0396905761; 0.0048093891
473.0,0.052,3,11.5106375255; 35.5065112414; 218.6321611853,0.0913853899; 0.1253839384; 0.1463831488,0.1894064489; 0.0434937373; 0.0047000328
473.0,0.0525,3,12.0317111679; 32.8796814553; 222.2375594132,0.0933219035; 0.1238389767; 0.1464941820,0.1783359565; 0.0478958768; 0.0045990864
473.0,0.053,3,12.6603402413; 30.2785645288; 225.6845657480,0.0954720425; 0.1220873998; 0.1465982657,0.1664347567; 0.0531433644; 0.0045054532
473.0,0.0535,3,13.4585333190; 27.6274679608; 228.9875084106,0.0979477349; 0.1200164814; 0.1466961962,0.1532405755; 0.0596993813; 0.0044182347
473.0,0.054,3,14.5770687409; 24.7639962393; 232.1586266798,0.1010150470; 0.1173594872; 0.1467886395,0.1376490120; 0.0686690825; 0.0043366854
473.0,0.0545,3,16.7359558503; 20.9581771676; 235.2084842858,0.1059085591; 0.1128812721; 0.1468761586,0.1145060217; 0.0852071456; 0.0042601799
474.0,0.0455,3,8.0910473238; 108.7179235783; 127.4657880548,0.0735241056; 0.1408293473; 0.1422745508,0.3072304649; 0.0111475860; 0.0092059110
474.0,0.046,3,8.2540657569; 90.4487727262; 147.4713062149,0.0746571583; 0.1389812721; 0.1434911415,0.2989137540; 0.0139010303; 0.0077153095
474.0,0.0465,3,8.4264111317; 80.7988436054; 158.8121623943,0.0758150290; 0.1377415924; 0.1440746136,0.2905327695; 0.0159181526; 0.0070471022
474.0,0.047,3,8.6091635261; 73.5695884243; 167.6868751346,0.0770001061; 0.1366434678; 0.1444894164,0.2820782613; 0.0178190442; 0.0065904633
474.0,0.0475,3,8.8036008438; 67.6448203805; 175.2113631072,0.0782151805; 0.1356030734; 0.1448165802,0.2735393637; 0.0197188872; 0.0062410910
474.0,0.048,3,9.0112512536; 62.5671166664; 181.8424916763,0.0794635476; 0.1345847650; 0.1450884510,0.2649031819; 0.0216715725; 0.0059580035
474.0,0.0485,3,9.2339645309; 58.0939760558; 187.8218458627,0.0807491439; 0.1335679065; 0.1453217254,0.2561542338; 0.0237134543; 0.0057203419
474.0,0.049,3,9.4740112413; 54.0773281808; 193.2961236642,0.0820767360; 0.1325378259; 0.1455263059,0.2472736780; 0.0258755982; 0.0055158950
474.0,0.0495,3,9.7342241432; 50.4178999126; 198.3626299512,0.0834521874; 0.1314822394; 0.1457086103,0.2382382212; 0.0281891279; 0.0053368444
474.0,0.05,3,10.0182057880; 47.0442702834; 203.0900155282,0.0848828468; 0.1303893707; 0.1458730632,0.2290185243; 0.0306887236; 0.0051778611
474.0,0.0505,3,10.3306441405; 43.9018538786; 207.5289796150,0.0863781333; 0.1292466041; 0.1460228591,0.2195767966; 0.0334159926; 0.0050351395
474.0,0.051,3,10.6778130954; 40.9463643750; 211.7183072031,0.0879504555; 0.1280391391; 0.1461603873,0.2098630081; 0.0364237928; 0.0049058625
474.0,0.0515,3,11.0684086406; 38.1393365393; 215.6885122268,0.0896167323; 0.1267482160; 0.1462874860,0.1998086087; 0.0397828307; 0.0047878841
474.0,0.052,3,11.5150411828; 35.4443171565; 219.4641555688,0.0914010814; 0.1253482678; 0.1464056027,0.1893154056; 0.0435929827; 0.0046795304
474.0,0.0525,3,12.0371409350; 32.8224214779; 223.0653844165,0.0933399986; 0.1238016344; 0.1465158991,0.1782340840; 0.0480049044; 0.0045794703
474.0,0.053,3,12.6673384515; 30.2248947505; 226.5089913258,0.0954936146; 0.1220472354; 0.1466193229,0.1663174353; 0.0532668897; 0.0044866274
474.0,0.0535,3,13.4682500508; 27.5755772468; 229.8091648347,0.0979749754; 0.1199712392; 0.1467166581,0.1530984278; 0.0598468622; 0.0044001187
474.0,0.054,3,14.5928565291; 24.7099808935; 232.9780351340,0.1010540777; 0.1173029904; 0.1468085608,0.1374560021; 0.0688666227; 0.0043192112
474.0,0.0545,3,16.7876252688; 20.8717626530; 236.0260795348,0.1060108320; 0.1127620217; 0.1468955863,0.1140450483; 0.0856719044; 0.0042432894
475.0,0.0455,3,8.0920742014; 106.4613571835; 130.4691880210,0.0735300819; 0.1406269810; 0.1424734698,0.3071862989; 0.0114342897; 0.0089531927
475.0,0.046,3,8.2551730004; 89.8159425191; 148.8531816505,0.0746634432; 0.1389049925; 0.1435636608,0.2988679404; 0.0140212031; 0.0076306117
475.0,0.0465,3,8.4276090339; 80.4047120318; 159.9574947015,0.0758216517; 0.1376843318; 0.1441277719,0.2904851755; 0.0160146239; 0.0069877280
475.0,0.047,3,8.6104643542; 73.2838419932; 168.7259210515,0.0770071005; 0.1365949533; 0.1445334524,0.2820287327; 0.0179054968; 0.0065428839
475.0,0.0475,3,8.8050193691; 67.4226850551; 176.1888387320,0.0782225866; 0.1355596964; 0.1448550626,0.2734877199; 0.0198001864; 0.0062006218
475.0,0.048,3,9.0128054704; 62.3872065838; 182.7797229774,0.0794714129; 0.1345447490; 0.1451231086,0.2648492087; 0.0217501885; 0.0059223881
475.0,0.0485,3,9.2356766526; 57.9442167230; 188.7308444371,0.0807575258; 0.1335302042; 0.1453535484,0.2560976744; 0.0237909288; 0.0056882954
475.0,0.049,3,9.4759091144; 53.9501596354; 194.1843821156,0.0820857044; 0.1325017387; 0.1455559227,0.2472142196; 0.0259530552; 0.0054866058
475.0,0.0495,3,9.7363433073; 50.3082388060; 199.2351577025,0.0834618293; 0.1314472524; 0.1457364487,0.2381754763; 0.0282675046; 0.0053097629
475.0,0.05,3,10.0205925772; 46.9485111872; 203.9503343709,0.0848932727; 0.1303550669; 0.1458994299,0.2289520034; 0.0307689015; 0.0051525950
475.0,0.0505,3,10.3333605306; 43.8173265778; 208.3796615282,0.0863894870; 0.1292126110; 0.1460479825,0.2195058656; 0.0334988967; 0.0050113979
475.0,0.051,3,10.6809446437; 40.8710129388; 212.5612873045,0.0879629298; 0.1280050883; 0.1461844430,0.2097868203; 0.0365104921; 0.0048834228
475.0,0.0515,3,11.0720782607; 38.0715125859; 216.5252816956,0.0896305961; 0.1267137005; 0.1463106123,0.1997259892; 0.0398746746; 0.0047665717
475.0,0.052,3,11.5194348862; 35.3826295233; 220.2958861996,0.0914167288; 0.1253127822; 0.1464279107,0.1892246399; 0.0436918255; 0.0046592055
475.0,0.0525,3,12.0425609379; 32.7655995644; 223.8930121352,0.0933580492; 0.1237644681; 0.1465374798,0.1781324909; 0.0481135410; 0.0045600189
475.0,0.053,3,12.6743292013; 30.1716046634; 227.3332739860,0.0955151460; 0.1220072354; 0.1466402518,0.1662003769; 0.0533900521; 0.0044679553
475.0,0.0535,3,13.4779695449; 27.5240093674; 230.6307233015,0.0980021937; 0.1199261358; 0.1467369985,0.1529564616; 0.0599940716; 0.0043821471
475.0,0.054,3,14.6087027024; 24.6561935784; 233.7973831656,0.1010931868; 0.1172465259; 0.1468283667,0.1372627407; 0.0690643333; 0.0043018731
475.0,0.0545,3,16.8411781439; 20.7837178833; 236.8436459557,0.1061163020; 0.1126396796; 0.1469149040,0.1135706386; 0.0861500263; 0.0042265278
476.0,0.0455,3,8.0930972651; 104.6747530013; 133.0028870135,0.0735360352; 0.1404615836; 0.1426354378,0.3071423064; 0.0116713207; 0.0087500171
476.0,0.046,3,8.2562761706; 89.2114936231; 150.2069350986,0.0746697040; 0.1388312827; 0.1436336293,0.2988223058; 0.0141378187; 0.0075493361
476.0,0.0465,3,8.4288025766; 80.0215309728; 161.0921339698,0.0758282492; 0.1376282050; 0.1441798165,0.2904377664; 0.0161094676; 0.0069298412
476.0,0.047,3,8.6117605066; 73.0040937050; 169.7592245227,0.0770140685; 0.1365471455; 0.1445768031,0.2819793954; 0.0179908948; 0.0064962133
476.0,0.0475,3,8.8064328678; 67.2043875834; 177.1627304949,0.0782299650; 0.1355168317; 0.1448930554,0.2734362740; 0.0198806897; 0.0061607966
476.0,0.048,3,9.0143542706; 62.2099788784; 183.7145242642,0.0794792492; 0.1345051373; 0.1451573862,0.2647954407; 0.0218281505; 0.0058872683
476.0,0.0485,3,9.2373829236; 57.7964424077; 189.6381088082,0.0807658770; 0.1334928385; 0.1453850603,0.2560413277; 0.0238678360; 0.0056566507
476.0,0.049,3,9.4778006530; 53.8245201074; 195.0713609003,0.0820946404; 0.1324659428; 0.1455852756,0.2471549820; 0.0260300016; 0.0054576546
476.0,0.0495,3,9.7384555991; 50.1997910105; 200.1067201183,0.0834714372; 0.1314125244; 0.1457640572,0.2381129610; 0.0283454089; 0.0052829730
476.0,0.05,3,10.0229718993; 46.8537372790; 204.8099147164,0.0849036627; 0.1303209981; 0.1459255924,0.2288857214; 0.0308486333; 0.0051275856
476.0,0.0505,3,10.3360688064; 43.7336140666; 209.2297741428,0.0864008028; 0.1291788350; 0.1460729219,0.2194351832; 0.0335813728; 0.0049878857
476.0,0.051,3,10.6840673975; 40.7963455840; 213.4038276802,0.0879753641; 0.1279712409; 0.1462083306,0.2097108911; 0.0365967760; 0.0048611908
476.0,0.0515,3,11.0757384333; 38.0042702049; 217.3617128164,0.0896444177; 0.1266793774; 0.1463335836,0.1996436380; 0.0399661119; 0.0047454491
476.0,0.052,3,11.5238186797; 35.3214414317; 221.1273592210,0.0914323323; 0.1252774797; 0.1464500747,0.1891341502; 0.0437902693; 0.0046390556
476.0,0.0525,3,12.0479712226; 32.7092100087; 224.7204475115,0.0933760556; 0.1237274761; 0.1465589257,0.1780311756; 0.0482217899; 0.0045407301
476.0,0.053,3,12.6813125476; 30.1186894904; 228.1574177363,0.0955366369; 0.1219673982; 0.1466610536,0.1660835798; 0.0535128549; 0.0044494352
476.0,0.0535,3,13.4876919391; 27.4727602088; 231.4521870793,0.0980293903; 0.1198811696; 0.1467572188,0.1528146748; 0.0601410132; 0.0043643181
476.0,0.054,3,14.6246083586; 24.6026298175; 234.6166734504,0.1011323763; 0.1171900904; 0.1468480584,0.1370692180; 0.0692622254; 0.0042846697
476.0,0.0545,3,16.8968188105; 20.6938356303; 237.6611857434,0.1062253157; 0.1125138980; 0.1469341127,0.1130813284; 0.0866429768; 0.0042098936
477.0,0.0455,3,8.0941165362; 103.1672103733; 135.2577848752,0.0735419655; 0.1403182893; 0.1427753205,0.3070984864; 0.0118786418; 0.0085764222
477.0,0.046,3,8.2573752901; 88.6327837187; 151.5352080682,0.0746759409; 0.1387599179; 0.1437012717,0.2987768493; 0.0142511844; 0.0074711762
477.0,0.0465,3,8.4299917840; 79.6487007265; 162.2166790952,0.0758348216; 0.1375731562; 0.1442308031,0.2903905413; 0.0162027619; 0.0068733645
477.0,0.047,3,8.6130520086; 72.7301052607; 170.7870230463,0.0770210102; 0.1365000199; 0.1446194928,0.2819302483; 0.0180752730; 0.0064504177
477.0,0.0475,3,8.8078413671; 66.9898063431; 178.1331592217,0.0782373159; 0.1354744656; 0.1449305721,0.2733850250; 0.0199604171; 0.0061215962
477.0,0.048,3,9.0158976831; 62.0353619831; 184.6469663115,0.0794870565; 0.1344659208; 0.1451912924,0.2647418766; 0.0219054718; 0.0058526318
477.0,0.0485,3,9.2390833744; 57.6506069486; 190.5436843494,0.0807741978; 0.1334558033; 0.1454162674,0.2559851925; 0.0239441858; 0.0056253993
477.0,0.049,3,9.4796858897; 53.7003778525; 195.9570909784,0.0821035445; 0.1324304333; 0.1456143692,0.2470959641; 0.0261064449; 0.0054290347
477.0,0.0495,3,9.7405610529; 50.0925336406; 200.9773393035,0.0834810112; 0.1313780515; 0.1457914396,0.2380506741; 0.0284228469; 0.0052564695
477.0,0.05,3,10.0253437909; 46.7599314522; 205.6687728940,0.0849140170; 0.1302871614; 0.1459515538,0.2288196770; 0.0309279243; 0.0051028286
477.0,0.0505,3,10.3387690064; 43.6507031871; 210.0793298429,0.0864120808; 0.1291452736; 0.1460976796,0.2193647482; 0.0336634255; 0.0049645995
477.0,0.051,3,10.6871813973; 40.7223519530; 214.2459379175,0.0879877585; 0.1279375945; 0.1462320523,0.2096352192; 0.0366826484; 0.0048391634
477.0,0.0515,3,11.0793892003; 37.9376010860; 218.1978131330,0.0896581974; 0.1266452445; 0.1463564018,0.1995615537; 0.0400571462; 0.0047245138
477.0,0.052,3,11.5281926066; 35.2607461067; 221.9585806454,0.0914478922; 0.1252423585; 0.1464720962,0.1890439352; 0.0438883176; 0.0046190785
477.0,0.0525,3,12.0533718346; 32.6532472104; 225.5476953859,0.0933940179; 0.1236906568; 0.1465802381,0.1779301368; 0.0483296545; 0.0045216018
477.0,0.053,3,12.6882885473; 30.0661445384; 228.9814265039,0.0955580875; 0.1219277221; 0.1466817298,0.1659670424; 0.0536353010; 0.0044310651
477.0,0.0535,3,13.4974173720; 27.4218257240; 232.2735593724,0.0980565655; 0.1198363389; 0.1467773200,0.1526730650; 0.0602876907; 0.0043466301
477.0,0.054,3,14.6405746207; 24.5492851648; 235.4359086124,0.1011716485; 0.1171336807; 0.1468676370,0.1368754242; 0.0694603103; 0.0042675992
477.0,0.0545,3,16.9547902149; 20.6018701012; 238.4787010506,0.1063382849; 0.1123842642; 0.1469532135,0.1125753782; 0.0871524964; 0.0041933855
478.0,0.0455,3,8.0951320360; 101.8497455670; 137.3228645270,0.0735478731; 0.1401901515; 0.1429000645,0.3070548378; 0.0120655802; 0.0084230815
478.0,0.046,3,8.2584703814; 88.0775468254; 152.8402657335,0.0746821540; 0.1386907049; 0.1437667813,0.2987315698; 0.0143615646; 0.0073958686
478.0,0.0465,3,8.4311766798; 79.2856720702; 163.3316784993,0.0758413691; 0.1375191340; 0.1442807831,0.2903434991; 0.0162945781; 0.0068182272
478.0,0.047,3,8.6143388856; 72.4616528100; 171.8095396760,0.0770279259; 0.1364535536; 0.1446615444,0.2818812902; 0.0181586640; 0.0064054649
478.0,0.0475,3,8.8092448936; 66.7788255396; 179.1002399149,0.0782446394; 0.1354325850; 0.1449676258,0.2733339717; 0.0200393878; 0.0060830026
478.0,0.048,3,9.0174357362; 61.8632871909; 185.5771170383,0.0794948351; 0.1344270911; 0.1452248356,0.2646885152; 0.0219821653; 0.0058184666
478.0,0.0485,3,9.2407780354; 57.5066657779; 191.4476148445,0.0807824883; 0.1334190922; 0.1454471755,0.2559292677; 0.0240199874; 0.0055945325
478.0,0.049,3,9.4815648565; 53.5777020967; 196.8416023438,0.0821124166; 0.1323952054; 0.1456432080,0.2470371646; 0.0261823924; 0.0054007396
478.0,0.0495,3,9.7426597029; 49.9864444424; 201.8470367357,0.0834905516; 0.1313438300; 0.1458185994,0.2379886142; 0.0284998248; 0.0052302472
478.0,0.05,3,10.0277082883; 46.6670770318; 206.5269248057,0.0849243357; 0.1302535536; 0.1459773170,0.2287538688; 0.0310067796; 0.0050783199
478.0,0.0505,3,10.3414611689; 43.5685810886; 210.9283407098,0.0864233212; 0.1291119241; 0.1461222581,0.2192945590; 0.0337450594; 0.0049415356
478.0,0.051,3,10.6902866835; 40.6490219137; 215.0876273824,0.0880001132; 0.1279041467; 0.1462556102,0.2095598032; 0.0367681135; 0.0048173376
478.0,0.0515,3,11.0830306037; 37.8714970886; 219.0335900231,0.0896719353; 0.1266112998; 0.1463790687,0.1994797348; 0.0401477813; 0.0047037632
478.0,0.052,3,11.5325567103; 35.2005369039; 222.7895563585,0.0914634087; 0.1252074167; 0.1464939769,0.1889539934; 0.0439859737; 0.0045992718
478.0,0.0525,3,12.0587628195; 32.5977056722; 226.3747605003,0.0934119365; 0.1236540084; 0.1466014186,0.1778293729; 0.0484371379; 0.0045026320
478.0,0.053,3,12.6952572567; 30.0139651964; 229.8053041378,0.0955794981; 0.1218882055; 0.1467022817,0.1658507631; 0.0537573937; 0.0044128430
478.0,0.0535,3,13.5071459829; 27.3712019317; 233.0948433224,0.0980837197; 0.1197916423; 0.1467973035,0.1525316300; 0.0604341076; 0.0043290813
478.0,0.054,3,14.6566026374; 24.4961552027; 236.2550912248,0.1012110055; 0.1170772933; 0.1468871036,0.1366813491; 0.0696585991; 0.0042506602
478.0,0.0545,3,17.0153849021; 20.5075259484; 239.2961939886,0.1064557052; 0.1122502815; 0.1469722073,0.1120506955; 0.0876806788; 0.0041770019
479.0,0.0455,3,8.0961437855; 100.6723207421; 139.2481630021,0.0735537580; 0.1400732542; 0.1430135855,0.3070113596; 0.0122373928; 0.0082847389
479.0,0.046,3,8.2595614667; 87.5438226206; 154.1240676149,0.0746883434; 0.1386234758; 0.1438303254,0.2986864662; 0.0144691883; 0.0073231848
479.0,0.0465,3,8.4323572876; 78.9319405596; 164.4376358288,0.0758478918; 0.1374660911; 0.1443298034,0.2902966386; 0.0163849823; 0.0067643642
479.0,0.047,3,8.6156211626; 72.1985257713; 172.8269842008,0.0770348156; 0.1364077249; 0.1447029793,0.2818325202; 0.0182410988; 0.0063613251
479.0,0.0475,3,8.8106434740; 66.5713348296; 180.0640821297,0.0782519356; 0.1353911773; 0.1450042288,0.2732831129; 0.0201176200; 0.0060449981
479.0,0.048,3,9.0189684584; 61.6936885011; 186.5050416617,0.0795025850; 0.1343886400; 0.1452580240,0.2646353555; 0.0220582433; 0.0057847612
479.0,0.0485,3,9.2424669365; 57.3645758476; 192.3499425616,0.0807907487; 0.1333826995; 0.1454777906,0.2558735520; 0.0240952501; 0.0055640422
479.0,0.049,3,9.4834375856; 53.4564629966; 197.7249240636,0.0821212570; 0.1323602548; 0.1456717965,0.2469785822; 0.0262578514; 0.0053727631
479.0,0.0495,3,9.7447515832; 49.8815017692; 202.7158332889,0.0835000585; 0.1313098561; 0.1458455401,0.2379267801; 0.0285763484; 0.0052043013
479.0,0.05,3,10.0300654274; 46.5751577600; 207.3843859405,0.0849346191; 0.1302201717; 0.1460028848,0.2286882956; 0.0310852044; 0.0050540553
479.0,0.0505,3,10.3441453320; 43.4872352175; 211.7768185312,0.0864345243; 0.1290787839; 0.1461466600,0.2192246145; 0.0338262790; 0.0049186907
479.0,0.051,3,10.6933832958; 40.5763455530; 215.9289052259,0.0880124284; 0.1278708954; 0.1462790063,0.2094846417; 0.0368531753; 0.0047957106
479.0,0.0515,3,11.0866626851; 37.8059502381; 219.8690507032,0.0896856316; 0.1265775413; 0.1464015862,0.1993981801; 0.0402380207; 0.0046831946
479.0,0.052,3,11.5369110336; 35.1408073068; 223.6202921220,0.0914788820; 0.1251726526; 0.1465157184,0.1888643233; 0.0440832411; 0.0045796333
479.0,0.0525,3,12.0641442223; 32.5425799970; 227.2016474997,0.0934298115; 0.1236175294; 0.1466224686,0.1777288824; 0.0485442434; 0.0044838185
479.0,0.053,3,12.7022187322; 29.9621469339; 230.6290544108,0.0956008689; 0.1218488471; 0.1467227105,0.1657347404; 0.0538791361; 0.0043947673
479.0,0.0535,3,13.5168779117; 27.3208849149; 233.9160420097,0.0981108534; 0.1197470781; 0.1468171705,0.1523903675; 0.0605802677; 0.0043116700
479.0,0.054,3,14.6726935840; 24.4432355398; 237.0742238115,0.1012504497; 0.1170209251; 0.1469064592,0.1364869823; 0.0698571034; 0.0042338511
479.0,0.0545,3,17.0789603743; 20.4104429118; 240.1136666286,0.1065781818; 0.1121113437; 0.1469910952,0.1115047252; 0.0882300802; 0.0041607414
480.0,0.0455,3,8.0971518055; 99.6034965708; 141.0651188251,0.0735596204; 0.1399651312; 0.1431183498,0.3069680509; 0.0123973905; 0.0081580840
480.0,0.046,3,8.2606485681; 87.0299019375; 155.3883220812,0.0746945092; 0.1385580842; 0.1438920506,0.2986415375; 0.0145742560; 0.0072529252
480.0,0.0465,3,8.4335336308; 78.5870416289; 165.5350148568,0.0758543899; 0.1374139838; 0.1443779078,0.2902499588; 0.0164740354; 0.0067117153
480.0,0.047,3,8.6168988645; 71.9405257720; 173.8395542049,0.0770416795; 0.1363625132; 0.1447438180,0.2817839369; 0.0183226066; 0.0063179698
480.0,0.0475,3,8.8120371346; 66.3672289758; 181.0247903194,0.0782592048; 0.1353502305; 0.1450403929,0.2732324476; 0.0201951311; 0.0060075663
480.0,0.048,3,9.0204958776; 61.5265024760; 187.4308028393,0.0795103065; 0.1343505593; 0.1452908654,0.2645823962; 0.0221337176; 0.0057515047
480.0,0.0485,3,9.2441501077; 57.2242955603; 193.2507083225,0.0807989792; 0.1333466193; 0.1455081181,0.2558180443; 0.0241699826; 0.0055339203
480.0,0.049,3,9.4853041085; 53.3366316026; 198.6070843157,0.0821300659; 0.1323255769; 0.1457001388,0.2469202159; 0.0263328289; 0.0053450992
480.0,0.0495,3,9.7468367274; 49.7776845605; 203.5837492554,0.0835095321; 0.1312761265; 0.1458722650,0.2378651706; 0.0286524236; 0.0051786270
480.0,0.05,3,10.0324152441; 46.4841577817; 208.2411713884,0.0849448673; 0.1301870126; 0.1460282600,0.2286229561; 0.0311632035; 0.0050300310
480.0,0.0505,3,10.3468215335; 43.4066533088; 212.6247748108,0.0864456901; 0.1290458504; 0.1461708874,0.2191549133; 0.0339070886; 0.0048960615
480.0,0.051,3,10.6964712741; 40.5043131704; 216.7697803902,0.0880247043; 0.1278378383; 0.1463022426,0.2094097333; 0.0369378376; 0.0047742793
480.0,0.0515,3,11.0902854857; 37.7409527204; 220.7042022326,0.0896992867; 0.1265439670; 0.1464239559,0.1993168880; 0.0403278681; 0.0046628055
480.0,0.052,3,11.5412556192; 35.0815509236; 224.4507935770,0.0914943122; 0.1251380643; 0.1465373223,0.1887749236; 0.0441801231; 0.0045601608
480.0,0.0525,3,12.0695160878; 32.4878648860; 228.0283609351,0.0934476431; 0.1235812180; 0.1466433894,0.1776286639; 0.0486509739; 0.0044651594
480.0,0.053,3,12.7091730297; 29.9106852985; 231.4526810208,0.0956222002; 0.1218096451; 0.1467430175,0.1656189726; 0.0540005311; 0.0043768361
480.0,0.0535,3,13.5266132989; 27.2708708191; 234.7371584549,0.0981379669; 0.1197026446; 0.1468369220,0.1522492752; 0.0607261745; 0.0042943946
480.0,0.054,3,14.6888486640; 24.3905218094; 237.8933088478,0.1012899834; 0.1169645724; 0.1469257051,0.1362923135; 0.0700558350; 0.0042171703
480.0,0.0545,3,17.1459611459; 20.3101737617; 240.9311210019,0.1067064665; 0.1119666980; 0.1470098783,0.1109342935; 0.0888038753; 0.0041446027
481.0,0.0455,3,8.0981561167; 98.6219986450; 142.7950056053,0.0735654604; 0.1398641095; 0.1432160301,0.3069249106; 0.0125478190; 0.0080408722
481.0,0.046,3,8.2617317075; 86.5342841363; 156.6345289786,0.0747006517; 0.1384944010; 0.1439520858,0.2985967827; 0.0146769440; 0.0071849141
481.0,0.0465,3,8.4347057326; 78.2505463557; 166.6242437166,0.0758608635; 0.1373627718; 0.1444251365,0.2902034587; 0.0165617937; 0.0066602250
481.0,0.047,3,8.6181720159; 71.6874656950; 174.8474360211,0.0770485177; 0.1363178991; 0.1447840798,0.2817355395; 0.0184032151; 0.0062753721
481.0,0.0475,3,8.8134259018; 66.1664075287; 181.9824641537,0.0782664471; 0.1353097333; 0.1450761295,0.2731819746; 0.0202719378; 0.0059706912
481.0,0.048,3,9.0220180218; 61.3616681073; 188.3544608040,0.0795179997; 0.1343128416; 0.1453233672,0.2645296362; 0.0222085998; 0.0057186863
481.0,0.0485,3,9.2458275786; 57.0857847033; 194.1499515680,0.0808071800; 0.1333108461; 0.1455381635,0.2557627433; 0.0242441936; 0.0055041592
481.0,0.049,3,9.4871644570; 53.2181798222; 199.4881104246,0.0821388434; 0.1322911675; 0.1457282393,0.2468620643; 0.0264073316; 0.0053177419
481.0,0.0495,3,9.7489151691; 49.6749723203; 204.4508043667,0.0835189726; 0.1312426375; 0.1458987775,0.2378037843; 0.0287280561; 0.0051532194
481.0,0.05,3,10.0347577738; 46.3940616321; 209.0972958534,0.0849550804; 0.1301540736; 0.1460534453,0.2285578489; 0.0312407818; 0.0050062430
481.0,0.0505,3,10.3494898109; 43.3268233770; 213.4722207764,0.0864568190; 0.1290131212; 0.1461949427,0.2190854540; 0.0339874924; 0.0048736446
481.0,0.051,3,10.6995506577; 40.4329152722; 217.6102616149,0.0880369411; 0.1278049732; 0.1463253212,0.2093350767; 0.0370221043; 0.0047530411
481.0,0.0515,3,11.0938990467; 37.6764968785; 221.5390515177,0.0897129006; 0.1265105751; 0.1464461797,0.1992358572; 0.0404173270; 0.0046425935
481.0,0.052,3,11.5455905096; 35.0227614838; 225.2810662472,0.0915096997; 0.1251036501; 0.1465587901,0.1886857928; 0.0442766229; 0.0045408520
481.0,0.0525,3,12.0748784607; 32.4335551361; 228.8549052654,0.0934654317; 0.1235450727; 0.1466641826,0.1775287159; 0.0487573327; 0.0044466528
481.0,0.053,3,12.7161202053; 29.8595759149; 232.2761875930,0.0956434923; 0.1217705982; 0.1467632040,0.1655034583; 0.0541215818; 0.0043590476
481.0,0.0535,3,13.5363522860; 27.2211558511; 235.5581956201,0.0981650608; 0.1196583405; 0.1468565594,0.1521083508; 0.0608718315; 0.0042772536
481.0,0.054,3,14.7050691090; 24.3380096665; 238.7123487619,0.1013296088; 0.1169082320; 0.1469448422,0.1360973319; 0.0702548056; 0.0042006164
481.0,0.0545,3,17.2169514508; 20.2061515913; 241.7485591013,0.1068415130; 0.1118153898; 0.1470285575,0.1103353751; 0.0894060906; 0.0041285844
482.0,0.0455,3,8.0991567397; 97.7126423180; 144.4530071948,0.0735712781; 0.1397689920; 0.1433078234,0.3068819377; 0.0126902848; 0.0079314975
482.0,0.046,3,8.2628109067; 86.0556433337; 157.8640134005,0.0747067709; 0.1384323119; 0.1440105451,0.2985522008; 0.0147774086; 0.0071189961
482.0,0.0465,3,8.4358736163; 77.9220577864; 167.7057185768,0.0758673128; 0.1373124174; 0.1444715269,0.2901571372; 0.0166483096; 0.0066098415
482.0,0.047,3,8.6194406414; 71.4391688184; 175.8508055910,0.0770553305; 0.1362738644; 0.1448237828,0.2816873268; 0.0184829504; 0.0062335066
482.0,0.0475,3,8.8148098016; 65.9687745331; 182.9371988117,0.0782736626; 0.1352696747; 0.1451114494,0.2731316929; 0.0203480563; 0.0059343576
482.0,0.048,3,9.0235349185; 61.1991266908; 189.2760734881,0.0795256648; 0.1342754793; 0.1453555369,0.2644770744; 0.0222829010; 0.0056862959
482.0,0.0485,3,9.2474993786; 56.9490043872; 195.0477104198,0.0808153511; 0.1332753744; 0.1455679321,0.2557076479; 0.0243178913; 0.0054747515
482.0,0.049,3,9.4890186623; 53.1010803865; 200.3680288950,0.0821475896; 0.1322570223; 0.1457561018,0.2468041262; 0.0264813662; 0.0052906856
482.0,0.0495,3,9.7509869415; 49.5733450970; 205.3170178141,0.0835283802; 0.1312093857; 0.1459250808,0.2377426201; 0.0288032512; 0.0051280740
482.0,0.05,3,10.0370930519; 46.3048542233; 209.9527736662,0.0849652588; 0.1301213518; 0.1460784434,0.2284929728; 0.0313179441; 0.0049826877
482.0,0.0505,3,10.3521502015; 43.2477337075; 214.3191673888,0.0864679110; 0.1289805938; 0.1462188281,0.2190162353; 0.0340674947; 0.0048514369
482.0,0.051,3,10.7026214858; 40.3621425656; 218.4503574425,0.0880491391; 0.1277722981; 0.1463482440,0.2092606706; 0.0371059793; 0.0047319932
482.0,0.0515,3,11.0975034088; 37.6125752078; 222.3736053164,0.0897264736; 0.1264773636; 0.1464682592,0.1991550864; 0.0405064009; 0.0046225563
482.0,0.052,3,11.5499157468; 34.9644328352; 226.1111155415,0.0915250447; 0.1250694083; 0.1465801233,0.1885969295; 0.0443727438; 0.0045217048
482.0,0.0525,3,12.0802313852; 32.3796456378; 229.6812848601,0.0934831773; 0.1235090920; 0.1466848495,0.1774290370; 0.0488633226; 0.0044282966
482.0,0.053,3,12.7230603143; 29.8088144824; 233.0995776814,0.0956647453; 0.1217317049; 0.1467832713,0.1653881959; 0.0542422912; 0.0043414001
482.0,0.0535,3,13.5460950150; 27.1717362777; 236.3791564104,0.0981921353; 0.1196141640; 0.1468760836,0.1519675921; 0.0610172423; 0.0042602452
482.0,0.054,3,14.7213561807; 24.2856947866; 239.5313459354,0.1013693286; 0.1168519004; 0.1469638717,0.1359020265; 0.0704540273; 0.0041841880
482.0,0.0545,3,17.2926656478; 20.0976394103; 242.5659828817,0.1069845616; 0.1116561777; 0.1470471338,0.1097027361; 0.0900419608; 0.0041126850
483.0,0.0455,3,8.1001536949; 96.8641438234; 146.0504065692,0.0735770737; 0.1396788871; 0.1433946213,0.3068391314; 0.0128259846; 0.0078287639
483.0,0.046,3,8.2638861874; 85.5928013434; 159.0779527478,0.0747128669; 0.1383717151; 0.1440675304,0.2985077907; 0.0148757891; 0.0070550327
483.0,0.0465,3,8.4370373046; 77.6012077329; 168.7798068449,0.0758737378; 0.1372628857; 0.1445171138,0.2901109932; 0.0167336319; 0.0065605171
483.0,0.047,3,8.6207047652; 71.1954680368; 176.8498292439,0.0770621178; 0.1362303915; 0.1448629444,0.2816392978; 0.0185618374; 0.0061923493
483.0,0.0475,3,8.8161888597; 65.7742382576; 183.8890852532,0.0782808514; 0.1352300440; 0.1451463631,0.2730816013; 0.0204235019; 0.0058985509
483.0,0.048,3,9.0250465955; 61.0388217099; 190.1956966406,0.0795333019; 0.1342384652; 0.1453873813,0.2644247096; 0.0223566320; 0.0056543234
483.0,0.0485,3,9.2491655370; 56.8139169874; 195.9440217387,0.0808234927; 0.1332401990; 0.1455974290,0.2556527570; 0.0243910840; 0.0054456899
483.0,0.049,3,9.4908667554; 52.9853068181; 201.2468654444,0.0821563049; 0.1322231372; 0.1457837304,0.2467464005; 0.0265549392; 0.0052639245
483.0,0.0495,3,9.7530520777; 49.4727834644; 206.1824082672,0.0835377550; 0.1311763680; 0.1459511781,0.2376816767; 0.0288780145; 0.0051031864
483.0,0.05,3,10.0394211135; 46.2165208324; 210.8076187967,0.0849754026; 0.1300888444; 0.1461032569,0.2284283266; 0.0313946950; 0.0049593611
483.0,0.0505,3,10.3548027424; 43.1693728490; 215.1656253498,0.0864789665; 0.1289482659; 0.1462425459,0.2189472560; 0.0341470995; 0.0048294353
483.0,0.051,3,10.7056837974; 40.2919859529; 219.2900762242,0.0880612984; 0.1277398108; 0.1463710128,0.2091865136; 0.0371894662; 0.0047111328
483.0,0.0515,3,11.1010986125; 37.5491803524; 223.2078702416,0.0897400059; 0.1264443306; 0.1464901961,0.1990745741; 0.0405950932; 0.0046026913
483.0,0.052,3,11.5542313727; 34.9065589412; 226.9409467576,0.0915403473; 0.1250353372; 0.1466013234,0.1885083324; 0.0444684890; 0.0045027171
483.0,0.0525,3,12.0855749053; 32.3261313729; 230.5075040011,0.0935008802; 0.1234732742; 0.1467053913,0.1773296258; 0.0489689469; 0.0044100892
483.0,0.053,3,12.7299934124; 29.7583967737; 233.9228547707,0.0956859596; 0.1216929637; 0.1468032206,0.1652731838; 0.0543626621; 0.0043238919
483.0,0.0535,3,13.5558416288; 27.1226084245; 237.2000436750,0.0982191909; 0.1195701138; 0.1468954959,0.1518269967; 0.0611624105; 0.0042433679
483.0,0.054,3,14.7377111712; 24.2335728632; 240.3503027047,0.1014091451; 0.1167955740; 0.1469827945,0.1357063861; 0.0706535125; 0.0041678836
483.0,0.0545,3,17.3740896447; 19.9836487199; 243.3833942609,0.1071372763; 0.1114873968; 0.1470656081,0.1090293560; 0.0907185077; 0.0040969034
484.0,0.0455,3,8.1011470025; 96.0678492294; 147.5958568738,0.0735828473; 0.1395931093; 0.1434771092,0.3067964905; 0.0129558383; 0.0077317523
484.0,0.046,3,8.2649575709; 85.1447057650; 160.2773986392,0.0747189400; 0.1383125193; 0.1441231327,0.2984635515; 0.0149722101; 0.0069928998
484.0,0.0465,3,8.4381968203; 77.2876539686; 169.8468499706,0.0758801388; 0.1372141442; 0.1445619298,0.2900650259; 0.0168178059; 0.0065122069
484.0,0.047,3,8.6219644115; 70.9562051566; 177.8446644010,0.0770688799; 0.1361874640; 0.1449015810,0.2815914514; 0.0186398996; 0.0061518773
484.0,0.0475,3,8.8175631019; 65.5827109442; 184.8382104682,0.0782880138; 0.1351908312; 0.1451808804,0.2730316987; 0.0204982894; 0.0058632571
484.0,0.048,3,9.0265530798; 60.8806987259; 191.1133839364,0.0795409111; 0.1342017926; 0.1454189074,0.2643725408; 0.0224298030; 0.0056227595
484.0,0.0485,3,9.2508260829; 56.6804860892; 196.8389211798,0.0808316051; 0.1332053147; 0.1456266592,0.2555980693; 0.0244637794; 0.0054169673
484.0,0.049,3,9.4927087674; 52.8708334003; 202.1246450335,0.0821649893; 0.1321895083; 0.1458111288,0.2466888860; 0.0266280569; 0.0052374534
484.0,0.0495,3,9.7551106106; 49.3732685029; 207.0469938931,0.0835470972; 0.1311435810; 0.1459770724,0.2376209529; 0.0289523512; 0.0050785522
484.0,0.05,3,10.0417419933; 46.1290470898; 211.6618448654,0.0849855119; 0.1300565487; 0.1461278884,0.2283639089; 0.0314710391; 0.0049362599
484.0,0.0505,3,10.3574474705; 43.0917296052; 216.0116051095,0.0864899855; 0.1289161352; 0.1462660982,0.2188785147; 0.0342263111; 0.0048076366
484.0,0.051,3,10.7087376311; 40.2224365265; 220.1294261252,0.0880734192; 0.1277075093; 0.1463936296,0.2091126043; 0.0372725687; 0.0046904574
484.0,0.0515,3,11.1046846981; 37.4863051011; 224.0418527657,0.0897534977; 0.1264114743; 0.1465119921,0.1989943190; 0.0406834072; 0.0045829963
484.0,0.052,3,11.5585374289; 34.8491338778; 227.7705650841,0.0915556077; 0.1250014352; 0.1466223919,0.1884200000; 0.0445638615; 0.0044838869
484.0,0.0525,3,12.0909090648; 32.2730074122; 231.3335668850,0.0935185407; 0.1234376178; 0.1467258095,0.1772304809; 0.0490742083; 0.0043920285
484.0,0.053,3,12.7369195546; 29.7083186330; 234.7460222773,0.0957071353; 0.1216543732; 0.1468230531,0.1651584205; 0.0544826975; 0.0043065213
484.0,0.0535,3,13.5655922709; 27.0737686740; 238.0208602084,0.0982462280; 0.1195261883; 0.1469147973,0.1516865625; 0.0613073394; 0.0042266203
484.0,0.054,3,14.7541354047; 24.1816396058; 241.1692213619,0.1014490609; 0.1167392493; 0.1470016116,0.1355103994; 0.0708532736; 0.0041517017
484.0,0.0545,3,17.4626004160; 19.8627999942; 244.2007951206,0.1073019792; 0.1113067242; 0.1470839814,0.1083054387; 0.0914455281; 0.0040812381
485.0,0.0455,3,8.1021366826; 95.3169506516; 149.0961652107,0.0735885990; 0.1395111177; 0.1435558277,0.3067540142; 0.0130805715; 0.0076397377
485.0,0.046,3,8.2660250786; 84.7104120755; 161.4632948202,0.0747249901; 0.1382546424; 0.1441774340,0.2984194823; 0.0150667839; 0.0069324859
485.0,0.0465,3,8.4393521860; 76.9810777658; 170.9071659089,0.0758865158; 0.1371661624; 0.1446060049,0.2900192341; 0.0169008740; 0.0064648694
485.0,0.047,3,8.6232196044; 70.7212302554; 178.8354602165,0.0770756169; 0.1361450660; 0.1449397083,0.2815437866; 0.0187171597; 0.0061120690
485.0,0.0475,3,8.8189325537; 65.3941085767; 185.7846577090,0.0782951499; 0.1351520265; 0.1452150111,0.2729819841; 0.0205724329; 0.0058284629
485.0,0.048,3,9.0280543986; 60.7247052754; 192.0291870792,0.0795484927; 0.1341654546; 0.1454501215,0.2643205668; 0.0225024241; 0.0055915949
485.0,0.0485,3,9.2524810450; 56.5486764352; 197.7324432444,0.0808396884; 0.1331707166; 0.1456556275,0.2555435838; 0.0245359853; 0.0053885771
485.0,0.049,3,9.4945447288; 52.7576351478; 203.0013918954,0.0821736430; 0.1321561317; 0.1458383009,0.2466315814; 0.0267007254; 0.0052112669
485.0,0.0495,3,9.7571625727; 49.2747817824; 207.9107923732,0.0835564070; 0.1311110216; 0.1460027668,0.2375604474; 0.0290262665; 0.0050541672
485.0,0.05,3,10.0440557261; 46.0424189677; 212.5154651546,0.0849955869; 0.1300244620; 0.1461523403,0.2282997186; 0.0315469809; 0.0049133804
485.0,0.0505,3,10.3600844222; 43.0147930277; 216.8571168746,0.0865009683; 0.1288841992; 0.1462894872,0.2188100102; 0.0343051332; 0.0047860379
485.0,0.051,3,10.7117830253; 40.1534855632; 220.9684151298,0.0880855017; 0.1276753915; 0.1464160962,0.2090389416; 0.0373552905; 0.0046699642
485.0,0.0515,3,11.1082617057; 37.4239423837; 224.8755592235,0.0897669492; 0.1263787930; 0.1465336487,0.1989143197; 0.0407713464; 0.0045634690
485.0,0.052,3,11.5628339567; 34.7921518308; 228.5999756038,0.0915708262; 0.1249677006; 0.1466433303,0.1883319309; 0.0446588645; 0.0044652121
485.0,0.0525,3,12.0962339072; 32.2202689137; 232.1594776250,0.0935361588; 0.1234021214; 0.1467461054,0.1771316008; 0.0491791098; 0.0043741127
485.0,0.053,3,12.7438387959; 29.6585759748; 235.5690835516,0.0957282728; 0.1216159319; 0.1468427699,0.1650439045; 0.0546024002; 0.0042892866
485.0,0.0535,3,13.5753470857; 27.0252134651; 238.8416087517,0.0982732470; 0.1194823859; 0.1469339889,0.1515462872; 0.0614520326; 0.0042100007
485.0,0.054,3,14.7706302382; 24.1298907377; 241.9881041556,0.1014890785; 0.1166829228; 0.1470203242,0.1353140547; 0.0710533233; 0.0041356410
485.0,0.0545,3,17.5602240133; 19.7330646693; 245.0181873067,0.1074820844; 0.1111107446; 0.1471022547,0.1075165836; 0.0922374237; 0.0040656879
486.0,0.045,3,7.9476652336; 118.0867045089; 125.2670119550,0.0724806946; 0.1415752701; 0.1421006336,0.3149901287; 0.0101222333; 0.0094297475
486.0,0.0455,3,8.1031227552; 94.6059792443; 150.5567996469,0.0735943290; 0.1394324771; 0.1436312121,0.3067117015; 0.0132007684; 0.0075521367
486.0,0.046,3,8.2670887315; 84.2890688637; 162.6364919284,0.0747310176; 0.1381980103; 0.1442305084,0.2983755819; 0.0151596120; 0.0068736904
486.0,0.0465,3,8.4405034242; 76.6811817233; 171.9610512921,0.0758928691; 0.1371189120; 0.1446493677,0.2899736168; 0.0169828761; 0.0064184655
486.0,0.047,3,8.6244703676; 70.4904010992; 179.8223581604,0.0770823290; 0.1361031827; 0.1449773409,0.2814963023; 0.0187936388; 0.0060729038
486.0,0.0475,3,8.8202972404; 65.2083506659; 186.7285067050,0.0783022598; 0.1351136207; 0.1452487642,0.2729324565; 0.0206459462; 0.0057941554
486.0,0.048,3,9.0295505789; 60.5707907741; 192.9431558974,0.0795560468; 0.1341294449; 0.1454810301,0.2642687865; 0.0225745051; 0.0055608207
486.0,0.0485,3,9.2541304521; 56.4184538768; 198.6246213292,0.0808477427; 0.1331363999; 0.1456843385,0.2554892993; 0.0246077090; 0.0053605125
486.0,0.049,3,9.4963746702; 52.6456877791; 203.8771295631,0.0821822661; 0.1321230036; 0.1458652501,0.2465744857; 0.0267729509; 0.0051853600
486.0,0.0495,3,9.7592079965; 49.1773053449; 208.7738209206,0.0835656846; 0.1310786866; 0.1460282641,0.2375001592; 0.0290997655; 0.0050300271
486.0,0.05,3,10.0463623461; 45.9566227699; 213.3684926192,0.0850056279; 0.1299925817; 0.1461766151,0.2282357543; 0.0316225248; 0.0048907192
486.0,0.0505,3,10.3627136340; 42.9385524084; 217.7021706149,0.0865119150; 0.1288524558; 0.1463127149,0.2187417412; 0.0343835699; 0.0047646363
486.0,0.051,3,10.7148200183; 40.0851245197; 221.8070510467,0.0880975461; 0.1276434555; 0.1464384144,0.2089655240; 0.0374376350; 0.0046496509
486.0,0.0515,3,11.1118296750; 37.3620852674; 225.7089958164,0.0897803606; 0.1263462847; 0.1465551677,0.1988345750; 0.0408589139; 0.0045441072
486.0,0.052,3,11.5671209973; 34.7356070932; 229.4291832957,0.0915860030; 0.1249341317; 0.1466641399,0.1882441239; 0.0447535011; 0.0044466907
486.0,0.0525,3,12.1015494758; 32.1679111206; 232.9852402530,0.0935537350; 0.1233667835; 0.1467662801,0.1770329842; 0.0492836543; 0.0043563402
486.0,0.053,3,12.7507511911; 29.6091647816; 236.3920418791,0.0957493721; 0.1215776385; 0.1468623722,0.1649296343; 0.0547217731; 0.0042721862
486.0,0.0535,3,13.5851062184; 26.9769392914; 239.6622919940,0.0983002483; 0.1194387054; 0.1469530719,0.1514061684; 0.0615964934; 0.0041935077
486.0,0.054,3,14.7871970630; 24.0783219939; 242.8069532920,0.1015292007; 0.1166265907; 0.1470389331,0.1351173400; 0.0712536747; 0.0041197001
486.0,0.0545,3,17.6701645012; 19.5912362065; 245.8355726306,0.1076829870; 0.1108940623; 0.1471204288,0.1066400390; 0.0931169472; 0.0040502514
487.0,0.045,3,7.9485788229; 113.6567267671; 130.4446609789,0.0724861309; 0.1412236631; 0.1424492771,0.3149494492; 0.0105993937; 0.0089837407
487.0,0.0455,3,8.1041052400; 93.9304641671; 151.9822302483,0.0736000373; 0.1393568306; 0.1437036191,0.3066695515; 0.0133169077; 0.0074684712
487.0,0.046,3,8.2681485508; 83.8799055606; 163.7977597633,0.0747370224; 0.1381425555; 0.1442824231,0.2983318494; 0.0152507864; 0.0068164217
487.0,0.0465,3,8.4416505570; 76.3876878460; 173.0087833506,0.0758991986; 0.1370723662; 0.1446920446,0.2899281731; 0.0170638493; 0.0063729588
487.0,0.047,3,8.6257167247; 70.2635826109; 180.8054925492,0.0770890163; 0.1360617997; 0.1450144932,0.2814489974; 0.0188693574; 0.0060343621
487.0,0.0475,3,8.8216571870; 65.0253600504; 187.6698338613,0.0783093436; 0.1350756047; 0.1452821487,0.2728831146; 0.0207188424; 0.0057603222
487.0,0.048,3,9.0310416473; 60.4189064264; 193.8553384346,0.0795635735; 0.1340937571; 0.1455116393,0.2642171988; 0.0226460553; 0.0055304283
487.0,0.0485,3,9.2557743324; 56.2897853270; 199.5154877731,0.0808557682; 0.1331023600; 0.1457127968,0.2554352147; 0.0246789578; 0.0053327673
487.0,0.049,3,9.4981986217; 52.5349676902; 204.7518808964,0.0821908589; 0.1320901203; 0.1458919802,0.2465175976; 0.0268447391; 0.0051597275
487.0,0.0495,3,9.7612469141; 49.0808216891; 209.6360962958,0.0835749301; 0.1310465731; 0.1460535673,0.2374400869; 0.0291728531; 0.0050061280
487.0,0.05,3,10.0486618874; 45.8716451207; 214.2209398972,0.0850156350; 0.1299609053; 0.1462007152,0.2281720150; 0.0316976751; 0.0048682729
487.0,0.0505,3,10.3653351418; 42.8629972726; 218.5467760706,0.0865228259; 0.1288209028; 0.1463357834,0.2186737064; 0.0344616250; 0.0047434289
487.0,0.051,3,10.7178486480; 40.0173450270; 222.6453415134,0.0881095527; 0.1276116993; 0.1464605859,0.2088923503; 0.0375196058; 0.0046295148
487.0,0.0515,3,11.1153886456; 37.3007269531; 226.5421686159,0.0897937321; 0.1263139478; 0.1465765505,0.1987550835; 0.0409461129; 0.0045249087
487.0,0.052,3,11.5713985915; 34.6794940627; 230.2581930384,0.0916011382; 0.1249007271; 0.1466848222,0.1881565776; 0.0448477742; 0.0044283208
487.0,0.0525,3,12.1068558135; 32.1159293589; 233.8108587216,0.0935712693; 0.1233316025; 0.1467863351,0.1769346296; 0.0493878446; 0.0043387090
487.0,0.053,3,12.7576567948; 29.5600811033; 237.2149004821,0.0957704337; 0.1215394916; 0.1468818613,0.1648156084; 0.0548408189; 0.0042552185
487.0,0.0535,3,13.5948698150; 26.9289427003; 240.4829125732,0.0983272324; 0.1193951451; 0.1469720472,0.1512662040; 0.0617407254; 0.0041771399
487.0,0.054,3,14.8038373057; 24.0269291189; 243.6257709359,0.1015694301; 0.1165702495; 0.1470574394,0.1349202433; 0.0714543409; 0.0041038777
487.0,0.0545,3,17.7980619069; 19.4316721417; 246.6529528693,0.1079141758; 0.1106471873; 0.1471385048,0.1056357941; 0.0941241102; 0.0040349275
488.0,0.045,3,7.9494890666; 111.0962849314; 133.7530277395,0.0724915466; 0.1410097843; 0.1426602082,0.3149089264; 0.0108950207; 0.0087191501
488.0,0.0455,3,8.1050841568; 93.2866956103; 153.3761660541,0.0736057242; 0.1392838814; 0.1437733455,0.3066275631; 0.0134293878; 0.0073883436
488.0,0.046,3,8.2692045572; 83.4822221675; 164.9477975580,0.0747430047; 0.1380882168; 0.1443332394,0.2982882839; 0.0153403912; 0.0067605968
488.0,0.0465,3,8.4427936067; 76.1003358391; 174.0506216181,0.0759055046; 0.1370265000; 0.1447340606,0.2898829019; 0.0171438287; 0.0063283150
488.0,0.047,3,8.6269586992; 70.0406463851; 181.7849910318,0.0770956789; 0.1360209035; 0.1450511785,0.2814018711; 0.0189443350; 0.0059964251
488.0,0.0475,3,8.8230124185; 64.8450627114; 188.6087124447,0.0783164015; 0.1350379700; 0.1453151730,0.2728339576; 0.0207911342; 0.0057269515
488.0,0.048,3,9.0325276304; 60.2690051407; 194.7657810344,0.0795710730; 0.1340583853; 0.1455419549,0.2641658027; 0.0227170839; 0.0055004094
488.0,0.0485,3,9.2574127144; 56.1626387162; 200.4050739013,0.0808637650; 0.1330685921; 0.1457410069,0.2553813288; 0.0247497388; 0.0053053352
488.0,0.049,3,9.5000166135; 52.4254519289; 205.6256681067,0.0821994214; 0.1320574782; 0.1459184944,0.2464609160; 0.0269160958; 0.0051343647
488.0,0.0495,3,9.7632793575; 48.9853137543; 210.4976348222,0.0835841437; 0.1310146781; 0.1460786791,0.2373802295; 0.0292455342; 0.0049824658
488.0,0.05,3,10.0509543841; 45.7874729553; 215.0728193195,0.0850256084; 0.1299294303; 0.1462246429,0.2281084992; 0.0317724360; 0.0048460382
488.0,0.0505,3,10.3679489817; 42.7881173725; 219.3909427589,0.0865337011; 0.1287895380; 0.1463586946,0.2186059046; 0.0345393023; 0.0047224128
488.0,0.051,3,10.7208689521; 39.9501388866; 223.4832940014,0.0881215215; 0.1275801210; 0.1464826126,0.2088194192; 0.0376012062; 0.0046095536
488.0,0.0515,3,11.1189386566; 37.2398607725; 227.3750835665,0.0898070639; 0.1262817806; 0.1465977986,0.1986758438; 0.0410329467; 0.0045058713
488.0,0.052,3,11.5756667798; 34.6238072389; 231.0870096118,0.0916162321; 0.1248674850; 0.1467053785,0.1880692906; 0.0449416867; 0.0044101005
488.0,0.0525,3,12.1121529631; 32.0643190363; 234.6363369056,0.0935887620; 0.1232965771; 0.1468062715,0.1768365358; 0.0494916835; 0.0043212175
488.0,0.053,3,12.7645556614; 29.5113210552; 238.0376625207,0.0957914577; 0.1215014899; 0.1469012382,0.1647018253; 0.0549595404; 0.0042383819
488.0,0.0535,3,13.6046380224; 26.8812202915; 241.3034730772,0.0983541996; 0.1193517036; 0.1469909159,0.1511263917; 0.0618847318; 0.0041608957
488.0,0.054,3,14.8205524299; 23.9757078645; 244.4445592112,0.1016097695; 0.1165138953; 0.1470758440,0.1347227520; 0.0716553353; 0.0040881724
488.0,0.0545,3,17.9557885385; 19.2424977668; 247.4703297668,0.1081956084; 0.1103501613; 0.1471564834,0.1044197107; 0.0953430519; 0.0040197149
489.0,0.045,3,7.9503959830; 109.1419024754; 136.4555879914,0.0724969418; 0.1408408897; 0.1428261705,0.3148685595; 0.0111313429; 0.0085137482
489.0,0.0455,3,8.1060595251; 92.6715555323; 154.7417243394,0.0736113896; 0.1392133792; 0.1438406412,0.3065857355; 0.0135385441; 0.0073114191
489.0,0.046,3,8.2702567713; 83.0953806002; 166.0872426349,0.0747489647; 0.1380349380; 0.1443830132,0.2982448844; 0.0154285028; 0.0067061397
489.0,0.0465,3,8.4439325950; 75.8188815901; 175.0868094501,0.0759117872; 0.1369812899; 0.1447754391,0.2898378023; 0.0172228471; 0.0062845019
489.0,0.047,3,8.6281963144; 69.8214702443; 182.7609750333,0.0771023169; 0.1359804810; 0.1450874097,0.2813549221; 0.0190185900; 0.0059590752
489.0,0.0475,3,8.8243629597; 64.6673876006; 189.5452127551,0.0783234337; 0.1350007082; 0.1453478453,0.2727849843; 0.0208628336; 0.0056940319
489.0,0.048,3,9.0340085545; 60.1210414493; 195.6745284200,0.0795785454; 0.1340233234; 0.1455719829,0.2641145970; 0.0227875998; 0.0054707559
489.0,0.0485,3,9.2590456259; 56.0369829510; 201.2934100670,0.0808717334; 0.1330350920; 0.1457689729,0.2553276406; 0.0248200588; 0.0052782102
489.0,0.049,3,9.5018286754; 52.3171181713; 206.4985127811,0.0822079540; 0.1320250738; 0.1459447963,0.2464044398; 0.0269870265; 0.0051092669
489.0,0.0495,3,9.7653053584; 48.8907649061; 211.3584524009,0.0835933256; 0.1309829986; 0.1461036023,0.2373205856; 0.0293178135; 0.0049590369
489.0,0.05,3,10.0532398698; 45.7040935105; 215.9241429192,0.0850355482; 0.1298981542; 0.1462484005,0.2280452060; 0.0318468117; 0.0048240120
489.0,0.0505,3,10.3705551892; 42.7139026805; 220.2346799806,0.0865445409; 0.1287583593; 0.1463814506,0.2185383346; 0.0346166054; 0.0047015854
489.0,0.051,3,10.7238809680; 39.8834980652; 224.3209158203,0.0881334527; 0.1275487187; 0.1465044961,0.2087467294; 0.0376824398; 0.0045897649
489.0,0.0515,3,11.1224797471; 37.1794801841; 228.2077464893,0.0898203561; 0.1262497813; 0.1466189137,0.1985968547; 0.0411194183; 0.0044869929
489.0,0.052,3,11.5799256025; 34.5685412212; 231.9156376999,0.0916312849; 0.1248344041; 0.1467258102,0.1879822616; 0.0450352417; 0.0043920278
489.0,0.0525,3,12.1174409669; 32.0130756394; 235.4616786045,0.0936062133; 0.1232617058; 0.1468260905,0.1767387012; 0.0495951738; 0.0043038640
489.0,0.053,3,12.7714478450; 29.4628808166; 238.8603310948,0.0958124443; 0.1214636319; 0.1469205040,0.1645882835; 0.0550779402; 0.0042216750
489.0,0.0535,3,13.6144109884; 26.8337687162; 242.1239760451,0.0983811504; 0.1193083796; 0.1470096791,0.1509867291; 0.0620285161; 0.0041447738
489.0,0.054,3,14.8373439372; 23.9246539874; 245.2633202022,0.1016502218; 0.1164575245; 0.1470941479,0.1345248535; 0.0718566718; 0.0040725829
489.0,0.0545,3,18.1800366773; 18.9870184364; 248.2877050342,0.1085889081; 0.1099413601; 0.1471743656,0.1027320386; 0.0970335234; 0.0040046124
490.0,0.045,3,7.9512995904; 107.5207732699; 138.8251470961,0.0725023166; 0.1406968983; 0.1429672452,0.3148283475; 0.0113348223; 0.0083410733
490.0,0.0455,3,8.1070313641; 92.0823938742; 156.0815544003,0.0736170338; 0.1391451111; 0.1439057193,0.3065440678; 0.0136446627; 0.0072374123
490.0,0.046,3,8.2713052138; 82.7187973482; 167.2166777467,0.0747549024; 0.1379826678; 0.1444317959,0.2982016500; 0.0155151918; 0.0066529806
490.0,0.0465,3,8.4450675439; 75.5430958135; 176.1175753790,0.0759180466; 0.1369367136; 0.1448162022,0.2897928732; 0.0173009355; 0.0062414893
490.0,0.047,3,8.6294295935; 69.6059378313; 183.7335601620,0.0771089306; 0.1359405200; 0.1451231991,0.2813081497; 0.0190921403; 0.0059222952
490.0,0.0475,3,8.8257088352; 64.4922664799; 190.4794022861,0.0783304403; 0.1349638112; 0.1453801735,0.2727361937; 0.0209339526; 0.0056615523
490.0,0.048,3,9.0354844458; 59.9749714335; 196.5816237698,0.0795859910; 0.1339885659; 0.1456017286,0.2640635808; 0.0228576114; 0.0054414602
490.0,0.0485,3,9.2606730950; 55.9127878735; 202.1805256912,0.0808796734; 0.1330018552; 0.1457966992,0.2552741490; 0.0248899245; 0.0052513864
490.0,0.049,3,9.5036348371; 52.2099446987; 207.3704359053,0.0822164566; 0.1319929037; 0.1459708890,0.2463481679; 0.0270575369; 0.0050844293
490.0,0.0495,3,9.7673249483; 48.7971589220; 212.2185645248,0.0836024759; 0.1309515320; 0.1461283396,0.2372611543; 0.0293896956; 0.0049358373
490.0,0.05,3,10.0555183780; 45.6214943149; 216.7749224414,0.0850454546; 0.1298670745; 0.1462719903,0.2279821339; 0.0319208062; 0.0048021910
490.0,0.0505,3,10.3731537997; 42.6403433829; 221.0779968262,0.0865553453; 0.1287273645; 0.1464040532,0.2184709951; 0.0346935380; 0.0046809438
490.0,0.051,3,10.7268847329; 39.8174146905; 225.1582141223,0.0881453467; 0.1275174906; 0.1465262382,0.2086742796; 0.0377633097; 0.0045701462
490.0,0.0515,3,11.1260119560; 37.1195787707; 229.0401630851,0.0898336091; 0.1262179484; 0.1466398971,0.1985181150; 0.0412055309; 0.0044682715
490.0,0.052,3,11.5841750998; 34.5136907062; 232.7440818933,0.0916462967; 0.1248014828; 0.1467461187,0.1878954892; 0.0451284420; 0.0043741010
490.0,0.0525,3,12.1227198674; 31.9621947326; 236.2868875435,0.0936236234; 0.1232269872; 0.1468457934,0.1766411247; 0.0496983182; 0.0042866467
490.0,0.053,3,12.7783333996; 29.4147566294; 239.6829092451,0.0958333938; 0.1214259164; 0.1469396599,0.1644749816; 0.0551960212; 0.0042050960
490.0,0.0535,3,13.6241888614; 26.7865846757; 242.9444239684,0.0984080852; 0.1192651716; 0.1470283377,0.1508472142; 0.0621720815; 0.0041287727
490.0,0.054,3,14.8542133688; 23.8737632469; 246.0820559541,0.1016907899; 0.1164011331; 0.1471123520,0.1343265347; 0.0720583643; 0.0040571079
491.0,0.045,3,7.9521999071; 106.1181009866; 140.9765006181,0.0725076712; 0.1405693391; 0.1430919030,0.3147882895; 0.0115166202; 0.0081899649
491.0,0.0455,3,8.1079996932; 91.5169361614; 157.3979299525,0.0736226568; 0.1390788936; 0.1439687631,0.3065025590; 0.0137479895; 0.0071660780
491.0,0.046,3,8.2723499049; 82.3519372136; 168.3366373371,0.0747608180; 0.1379313588; 0.1444796345,0.2981585797; 0.0156005227; 0.0066010557
491.0,0.0465,3,8.4461984749; 75.2727628373; 177.1431343272,0.0759242828; 0.1368927501; 0.1448563707,0.2897481138; 0.0173781233; 0.0061992485
491.0,0.047,3,8.6306585594; 69.3939382361; 184.7028565830,0.0771155200; 0.1359010085; 0.1451585585,0.2812615527; 0.0191650027; 0.0058860691
491.0,0.0475,3,8.8270500694; 64.3196337716; 191.4113458746,0.0783374214; 0.1349272715; 0.1454121653,0.2726875848; 0.0210045024; 0.0056295023
491.0,0.048,3,9.0369553302; 59.8307526526; 197.4871087877,0.0795934097; 0.1339541072; 0.1456311975,0.2640127528; 0.0229271271; 0.0054125147
491.0,0.0485,3,9.2622951491; 55.7900242246; 203.0664493001,0.0808875852; 0.1329688776; 0.1458241897,0.2552208528; 0.0249593424; 0.0052248581
491.0,0.049,3,9.5054351279; 52.1039103756; 208.2414578853,0.0822249295; 0.1319609644; 0.1459967759,0.2462920990; 0.0271276321; 0.0050598475
491.0,0.0495,3,9.7693381586; 48.7044799779; 213.0779862918,0.0836115948; 0.1309202753; 0.1461528935,0.2372019342; 0.0294611852; 0.0049128634
491.0,0.05,3,10.0577899419; 45.5396631805; 217.6251693514,0.0850553279; 0.1298361891; 0.1462954145,0.2279192819; 0.0319944235; 0.0047805721
491.0,0.0505,3,10.3757448484; 42.5674298741; 221.9209021817,0.0865661145; 0.1286965517; 0.1464265043,0.2184038848; 0.0347701037; 0.0046604856
491.0,0.051,3,10.7298802839; 39.7518810472; 225.9951959065,0.0881572035; 0.1274864348; 0.1465478403,0.2086020687; 0.0378438193; 0.0045506954
491.0,0.0515,3,11.1295353216; 37.0601502358; 229.8723389375,0.0898468229; 0.1261862800; 0.1466607504,0.1984396232; 0.0412912875; 0.0044497049
491.0,0.052,3,11.5884153114; 34.4592504857; 233.5723466908,0.0916612678; 0.1247687195; 0.1467663051,0.1878089723; 0.0452212904; 0.0043563182
491.0,0.0525,3,12.1279897063; 31.9116719563; 237.1119673757,0.0936409925; 0.1231924200; 0.1468653814,0.1765438048; 0.0498011195; 0.0042695641
491.0,0.053,3,12.7852123790; 29.3669447971; 240.5053999543,0.0958543065; 0.1213883421; 0.1469587069,0.1643619180; 0.0553137860; 0.0041886437
491.0,0.0535,3,13.6339717910; 26.7396649206; 243.7648192915,0.0984350043; 0.1192220781; 0.1470468928,0.1507078445; 0.0623154316; 0.0041128911
491.0,0.054,3,14.8711623071; 23.8230314028; 246.9007684741,0.1017314767; 0.1163447172; 0.1471304573,0.1341277822; 0.0722604271; 0.0040417462
492.0,0.045,3,7.9530969509; 104.8726798290; 142.9708535939,0.0725130057; 0.1404536850; 0.1432046709,0.3147483847; 0.0116827010; 0.0080544591
492.0,0.0455,3,8.1089645314; 90.9732132848; 158.6928193502,0.0736282588; 0.1390145674; 0.1440299316,0.3064612082; 0.0138487381; 0.0070972032
492.0,0.046,3,8.2733908650; 81.9943079414; 169.4476129113,0.0747667117; 0.1378809674; 0.1445265727,0.2981156725; 0.0156845554; 0.0065503058
492.0,0.0465,3,8.4473254095; 75.0076795135; 178.1636886973,0.0759304959; 0.1368493798; 0.1448959643,0.2897035229; 0.0174544381; 0.0061577526
492.0,0.047,3,8.6318832349; 69.1853656520; 185.6689693618,0.0771220853; 0.1358619351; 0.1451934989,0.2812151301; 0.0192371935; 0.0058503812
492.0,0.0475,3,8.8283866866; 64.1494264192; 192.3411058402,0.0783443772; 0.1348910814; 0.1454438279,0.2726391565; 0.0210744939; 0.0055978716
492.0,0.048,3,9.0384212337; 59.6883440774; 198.3910237699,0.0796008018; 0.1339199419; 0.1456603948,0.2639621122; 0.0229961550; 0.0053839120
492.0,0.0485,3,9.2639118159; 55.6686636075; 203.9512085614,0.0808954690; 0.1329361552; 0.1458514484,0.2551677511; 0.0250283189; 0.0051986199
492.0,0.049,3,9.5072295772; 51.9989946290; 209.1115985687,0.0822333729; 0.1319292528; 0.1460224599,0.2462362322; 0.0271973175; 0.0050355172
492.0,0.0495,3,9.7713450204; 48.6127126353; 213.9367324183,0.0836206825; 0.1308892259; 0.1461772667,0.2371429243; 0.0295322867; 0.0048901116
492.0,0.05,3,10.0600545946; 45.4585881940; 218.4748948436,0.0850651681; 0.1298054954; 0.1463186751,0.2278566487; 0.0320676676; 0.0047591524
492.0,0.0505,3,10.3783283703; 42.4951527507; 222.7634047349,0.0865768489; 0.1286659187; 0.1464488058,0.2183370026; 0.0348463061; 0.0046402080
492.0,0.051,3,10.7328676577; 39.6868895726; 226.8318680230,0.0881690233; 0.1274555495; 0.1465693043,0.2085300952; 0.0379239717; 0.0045314101
492.0,0.0515,3,11.1330498824; 37.0011884008; 230.7042795158,0.0898599978; 0.1261547748; 0.1466814749,0.1983613781; 0.0413766910; 0.0044312913
492.0,0.052,3,11.5926462769; 34.4052154439; 234.4004365025,0.0916761984; 0.1247361128; 0.1467863709,0.1877227093; 0.0453137897; 0.0043386775
492.0,0.0525,3,12.1332505254; 31.8615030247; 237.9369216837,0.0936583208; 0.1231580028; 0.1468848556,0.1764467402; 0.0499035802; 0.0042526146
492.0,0.053,3,12.7920848367; 29.3194416831; 241.3278061489,0.0958751824; 0.1213509077; 0.1469776461,0.1642490914; 0.0554312371; 0.0041723164
492.0,0.0535,3,13.6437599277; 26.6930062497; 244.5851644133,0.0984619083; 0.1191790979; 0.1470653453,0.1505686179; 0.0624585694; 0.0040971277
492.0,0.054,3,14.8881923772; 23.7724542126; 247.7194597320,0.1017722853; 0.1162882729; 0.1471484647,0.1339285824; 0.0724628748; 0.0040264964
493.0,0.045,3,7.9539907400; 103.7473119869; 144.8454030775,0.0725183201; 0.1403471781; 0.1433083069,0.3147086321; 0.0118366981; 0.0079309234
493.0,0.0455,3,8.1099258977; 90.4495072868; 159.9679397998,0.0736338399; 0.1389519935; 0.1440893641,0.3064200145; 0.0139470953; 0.0070306018
493.0,0.046,3,8.2744281141; 81.6454555913; 170.5500576629,0.0747725834; 0.1378314534; 0.1445726507,0.2980729276; 0.0157673449; 0.0065006766
493.0,0.0465,3,8.4484483689; 74.7476542383; 179.1794293513,0.0759366862; 0.1368065839; 0.1449350016,0.2896590998; 0.0175299060; 0.0061169762
493.0,0.047,3,8.6331036427; 68.9801190593; 186.6319987807,0.0771286266; 0.1358232891; 0.1452280313,0.2811688810; 0.0193087283; 0.0058152169
493.0,0.0475,3,8.8297187107; 63.9815837572; 193.2687421152,0.0783513078; 0.1348552339; 0.1454751684,0.2725909079; 0.0211439378; 0.0055666504
493.0,0.048,3,9.0398821817; 59.5477060272; 199.2934076678,0.0796081675; 0.1338860649; 0.1456893256,0.2639116578; 0.0230647029; 0.0053556452
493.0,0.0485,3,9.2655231225; 55.5486784541; 204.8348303176,0.0809033249; 0.1329036838; 0.1458784791,0.2551148426; 0.0250968602; 0.0051726663
493.0,0.049,3,9.5090182139; 51.8951774285; 209.9808772638,0.0822417868; 0.1318977656; 0.1460479443,0.2461805662; 0.0272665981; 0.0050114340
493.0,0.0495,3,9.7733455646; 48.5218418286; 214.7948172515,0.0836297392; 0.1308583812; 0.1462014617,0.2370841234; 0.0296030045; 0.0048675784
493.0,0.05,3,10.0623123688; 45.3782577086; 219.3241098492,0.0850749755; 0.1297749913; 0.1463417744,0.2277942333; 0.0321405423; 0.0047379289
493.0,0.0505,3,10.3809044000; 42.4235028058; 223.6055129804,0.0865875484; 0.1286354637; 0.1464709595,0.2182703472; 0.0349221485; 0.0046201086
493.0,0.051,3,10.7358468907; 39.6224328529; 227.6682371768,0.0881808064; 0.1274248331; 0.1465906315,0.2084583581; 0.0380037703; 0.0045122882
493.0,0.0515,3,11.1365556763; 36.9426872023; 231.5359901778,0.0898731339; 0.1261234309; 0.1467020721,0.1982833785; 0.0414617444; 0.0044130286
493.0,0.052,3,11.5968680357; 34.3515805559; 235.2283556513,0.0916910887; 0.1247036613; 0.1468063173,0.1876366992; 0.0454059427; 0.0043211774
493.0,0.0525,3,12.1385023663; 31.8116837248; 238.7617539811,0.0936756084; 0.1231237342; 0.1469042171,0.1763499296; 0.0500057030; 0.0042357965
493.0,0.053,3,12.7989508263; 29.2722437095; 242.1501306999,0.0958960220; 0.1213136118; 0.1469964786,0.1641365002; 0.0555483772; 0.0041561128
493.0,0.0535,3,13.6535534227; 26.6466055086; 245.4054616878,0.0984887974; 0.1191362295; 0.1470836962,0.1504295320; 0.0626014984; 0.0040814810
493.0,0.054,3,14.9053052486; 23.7220274293; 248.5381316609,0.1018132189; 0.1162317962; 0.1471663750,0.1337289214; 0.0726657223; 0.0040113574
494.0,0.045,3,7.9548812919; 102.7173967945; 146.6247489823,0.0725236147; 0.1402479901; 0.1434046390,0.3146690309; 0.0119810195; 0.0078169501
494.0,0.0455,3,8.1108838109; 89.9443089088; 161.2247998126,0.0736394002; 0.1388910492; 0.1441471829,0.3063789770; 0.0140432257; 0.0069661099
494.0,0.046,3,8.2754616722; 81.3049605300; 171.6443904826,0.0747784334; 0.1377827792; 0.1446179057,0.2980303440; 0.0158489425; 0.0064521174
494.0,0.0465,3,8.4495673745; 74.4925060672; 180.1905364957,0.0759428537; 0.1367643447; 0.1449735002,0.2896148434; 0.0176045519; 0.0060768952
494.0,0.047,3,8.6343198052; 68.7781019338; 187.5920406304,0.0771351440; 0.1357850600; 0.1452621658,0.2811228044; 0.0193796220; 0.0057805618
494.0,0.0475,3,8.8310461658; 63.8160473888; 194.1943123669,0.0783582134; 0.1348197219; 0.1455061936,0.2725428379; 0.0212128442; 0.0055358293
494.0,0.048,3,9.0413381998; 59.4088001103; 200.1942981477,0.0796155068; 0.1338524712; 0.1457179947,0.2638613886; 0.0231327784; 0.0053277074
494.0,0.0485,3,9.2671290961; 55.4300419925; 205.7173406188,0.0809111531; 0.1328714597; 0.1459052856,0.2550621263; 0.0251649722; 0.0051469921
494.0,0.049,3,9.5108010669; 51.7924392670; 210.8493127595,0.0822501715; 0.1318664998; 0.1460732318,0.2461251000; 0.0273354790; 0.0049875939
494.0,0.0495,3,9.7753398218; 48.4318528531; 215.6522547810,0.0836387649; 0.1308277384; 0.1462254809,0.2370255303; 0.0296733428; 0.0048452605
494.0,0.05,3,10.0645632972; 45.2986603363; 220.1728250448,0.0850847501; 0.1297446746; 0.1463647144,0.2277320343; 0.0322130514; 0.0047168987
494.0,0.0505,3,10.3834729721; 42.3524710235; 224.4472352256,0.0865982134; 0.1286051846; 0.1464929673,0.2182039175; 0.0349976344; 0.0046001849
494.0,0.051,3,10.7388180193; 39.5585036189; 228.5043099315,0.0881925529; 0.1273942837; 0.1466118238,0.2083868561; 0.0380832180; 0.0044933274
494.0,0.0515,3,11.1400527413; 36.8846406890; 232.3674761727,0.0898862315; 0.1260922470; 0.1467225434,0.1982056231; 0.0415464506; 0.0043949150
494.0,0.052,3,11.6010806268; 34.2983408852; 236.0561083752,0.0917059388; 0.1246713635; 0.1468261455,0.1875509405; 0.0454977521; 0.0043038159
494.0,0.0525,3,12.1437452701; 31.7622099143; 239.5864677142,0.0936928558; 0.1230896130; 0.1469234672,0.1762533716; 0.0501074904; 0.0042191083
494.0,0.053,3,12.8058104008; 29.2253473561; 242.9723764243,0.0959168253; 0.1212764533; 0.1470152054,0.1640241431; 0.0556652089; 0.0041400313
494.0,0.0535,3,13.6633524284; 26.6004595893; 246.2257134254,0.0985156722; 0.1190934715; 0.1471019466,0.1502905847; 0.0627442218; 0.0040659498
494.0,0.054,3,14.9225026370; 23.6717467988; 249.3567861584,0.1018542807; 0.1161752829; 0.1471841892,0.1335287847; 0.0728689849; 0.0039963280
495.0,0.045,3,7.9557686244; 101.7656680646; 148.3261567472,0.0725288894; 0.1401548348; 0.1434949534,0.3146295803; 0.0121173596; 0.0077108458
495.0,0.0455,3,8.1118382897; 89.4562839273; 162.4647328684,0.0736449398; 0.1388316257; 0.1442034968,0.3063380948; 0.0141372750; 0.0069035824
495.0,0.046,3,8.2764915590; 80.9724339451; 172.7309994442,0.0747842619; 0.1377349102; 0.1446623724,0.2979879208; 0.0159293957; 0.0064045814
495.0,0.0465,3,8.4506824471; 74.2420639160; 181.1971804803,0.0759489986; 0.1367226454; 0.1450114768,0.2895707527; 0.0176783993; 0.0060374868
495.0,0.047,3,8.6355317448; 68.5792219768; 188.5491864795,0.0771416377; 0.1357472379; 0.1452959124,0.2810768993; 0.0194498889; 0.0057464023
495.0,0.0475,3,8.8323690755; 63.6527610720; 195.1178721114,0.0783650941; 0.1347845388; 0.1455369101,0.2724949455; 0.0212812231; 0.0055053992
495.0,0.048,3,9.0427893132; 59.2715891679; 201.0937316463,0.0796228199; 0.1338191558; 0.1457464070,0.2638113035; 0.0232003890; 0.0053000920
495.0,0.0485,3,9.2687297636; 55.3127282165; 206.5987647531,0.0809189536; 0.1328394791; 0.1459318716,0.2550096013; 0.0252326608; 0.0051215923
495.0,0.049,3,9.5125781649; 51.6907611427; 211.7169233429,0.0822585271; 0.1318354522; 0.1460983256,0.2460698326; 0.0274039650; 0.0049639926
495.0,0.0495,3,9.7773278226; 48.3427313539; 216.5090586505,0.0836477599; 0.1307972951; 0.1462493267,0.2369671440; 0.0297433059; 0.0048231543
495.0,0.05,3,10.0668074122; 45.2197849400; 221.0210508594,0.0850944923; 0.1297145430; 0.1463874971,0.2276700507; 0.0322851987; 0.0046960590
495.0,0.0505,3,10.3860341209; 42.2820485739; 225.2885795953,0.0866088439; 0.1285750796; 0.1465148307,0.2181377123; 0.0350727672; 0.0045804344
495.0,0.051,3,10.7417810796; 39.4950947427; 229.3400927131,0.0882042629; 0.1273638996; 0.1466328824,0.2083155879; 0.0381623180; 0.0044745256
495.0,0.0515,3,11.1435411147; 36.8270430191; 233.1987426440,0.0898992907; 0.1260612214; 0.1467428901,0.1981281106; 0.0416308125; 0.0043769485
495.0,0.052,3,11.6052840891; 34.2454915816; 236.8836988291,0.0917207490; 0.1246392181; 0.1468458567,0.1874654320; 0.0455892206; 0.0042865915
495.0,0.0525,3,12.1489792778; 31.7130775204; 240.4110662633,0.0937100629; 0.1230556377; 0.1469426069,0.1761570650; 0.0502089452; 0.0042025484
495.0,0.053,3,12.8126636134; 29.1787491587; 243.7945460863,0.0959375927; 0.1212394310; 0.1470338275,0.1639120187; 0.0557817347; 0.0041240707
495.0,0.0535,3,13.6731570981; 26.5545654287; 247.0459218935,0.0985425331; 0.1190508227; 0.1471200972,0.1501517736; 0.0628867429; 0.0040505328
495.0,0.054,3,14.9397863061; 23.6216080572; 250.1754250868,0.1018954740; 0.1161187289; 0.1472019081,0.1333281578; 0.0730726783; 0.0039814069
496.0,0.045,3,7.9566527550; 100.8794592541; 149.9622921701,0.0725341445; 0.1400667664; 0.1435801957,0.3145902793; 0.0122469639; 0.0076113654
496.0,0.0455,3,8.1127893526; 88.9842461531; 163.6889244165,0.0736504588; 0.1387736261; 0.1442584025,0.3062973671; 0.0142293733; 0.0068428898
496.0,0.046,3,8.2775177942; 80.6475147997; 173.8102448493,0.0747900688; 0.1376878140; 0.1447060830,0.2979456570; 0.0160087488; 0.0063580250
496.0,0.0465,3,8.4517936077; 73.9961658362; 182.1995225229,0.0759551210; 0.1366814700; 0.1450489472,0.2895268270; 0.0177514705; 0.0059987292
496.0,0.047,3,8.6367394835; 68.3833908662; 189.5035239237,0.0771481078; 0.1357098131; 0.1453292805,0.2810311648; 0.0195195427; 0.0057127255
496.0,0.0475,3,8.8336874635; 63.4916706132; 196.0394748202,0.0783719499; 0.1347496781; 0.1455673243,0.2724472298; 0.0213490838; 0.0054753511
496.0,0.048,3,9.0442355470; 59.1360372213; 201.9917434242,0.0796301069; 0.1337861140; 0.1457745671,0.2637614016; 0.0232675417; 0.0052727926
496.0,0.0485,3,9.2703251516; 55.1967118561; 207.4791272759,0.0809267268; 0.1328077382; 0.1459582405,0.2549572664; 0.0252999319; 0.0050964618
496.0,0.049,3,9.5143495364; 51.5901245416; 212.5837268170,0.0822668538; 0.1318046198; 0.1461232283,0.2460147627; 0.0274720610; 0.0049406263
496.0,0.0495,3,9.7793095973; 48.2544633144; 217.3652421689,0.0836567244; 0.1307670489; 0.1462730014,0.2369089634; 0.0298128979; 0.0048012568
496.0,0.05,3,10.0690447460; 45.1416206264; 221.8687974816,0.0851042021; 0.1296845944; 0.1464101245,0.2276082814; 0.0323569877; 0.0046754070
496.0,0.0505,3,10.3885878804; 42.2122268079; 226.1295540373,0.0866194402; 0.1285451468; 0.1465365516,0.2180717303; 0.0351475502; 0.0045608547
496.0,0.051,3,10.7447361073; 39.4321992341; 230.1755918137,0.0882159367; 0.1273336793; 0.1466538091,0.2082445523; 0.0382410733; 0.0044558807
496.0,0.0515,3,11.1470208342; 36.7698884575; 234.0297946315,0.0899123118; 0.1260303526; 0.1467631137,0.1980508398; 0.0417148329; 0.0043591272
496.0,0.052,3,11.6094784612; 34.1930278797; 237.7111310873,0.0917355194; 0.1246072235; 0.1468654523,0.1873801724; 0.0456803509; 0.0042695024
496.0,0.0525,3,12.1542044301; 31.6642825379; 241.2355529446,0.0937272300; 0.1230218072; 0.1469616373,0.1760610084; 0.0503100696; 0.0041861153
496.0,0.053,3,12.8195105169; 29.1324457084; 244.6166423982,0.0959583244; 0.1212025435; 0.1470523460,0.1638001254; 0.0558979570; 0.0041082295
496.0,0.0535,3,13.6829675861; 26.5089200081; 247.8660893174,0.0985693804; 0.1190082817; 0.1471381491,0.1500130965; 0.0630290649; 0.0040352288
496.0,0.054,3,14.9571580695; 23.5716069282; 250.9940502741,0.1019368021; 0.1160621299; 0.1472195326,0.1331270254; 0.0732768182; 0.0039665930
497.0,0.045,3,7.9575337009; 100.0491542807; 151.5427705926,0.0725393800; 0.1399830652; 0.1436610858,0.3145511271; 0.0123707804; 0.0075175615
497.0,0.0455,3,8.1137370180; 88.5271355515; 164.8984337556,0.0736559575; 0.1387169637; 0.1443119867,0.3062567930; 0.0143196371; 0.0067839164
497.0,0.046,3,8.2785403973; 80.3298671623; 174.8824618979,0.0747958543; 0.1376414604; 0.1447490676,0.2979035519; 0.0160870433; 0.0063124075
497.0,0.0465,3,8.4529008769; 73.7546583575; 183.1977153671,0.0759612210; 0.1366408033; 0.1450859265,0.2894830651; 0.0178237868; 0.0059606019
497.0,0.047,3,8.6379430435; 68.1905240259; 190.4551368167,0.0771545544; 0.1356727764; 0.1453622792,0.2809855998; 0.0195885967; 0.0056795189
497.0,0.0475,3,8.8350013532; 63.3327237663; 196.9591720208,0.0783787811; 0.1347151335; 0.1455974424,0.2723996897; 0.0214164358; 0.0054456767
497.0,0.048,3,9.0456769261; 59.0021094214; 202.8883676159,0.0796373681; 0.1337533412; 0.1458024794,0.2637116819; 0.0233342437; 0.0052458029
497.0,0.0485,3,9.2719152868; 55.0819683498; 208.3584520378,0.0809344726; 0.1327762335; 0.1459843959,0.2549051205; 0.0253667910; 0.0050715960
497.0,0.049,3,9.5161152095; 51.4905114209; 213.4497405171,0.0822751516; 0.1317739999; 0.1461479428,0.2459598893; 0.0275397715; 0.0049174912
497.0,0.0495,3,9.7812851759; 48.1670350459; 218.2208183207,0.0836656584; 0.1307369971; 0.1462965074,0.2368509873; 0.0298821228; 0.0047795646
497.0,0.05,3,10.0712753304; 45.0641567387; 222.7160748672,0.0851138798; 0.1296548268; 0.1464325986,0.2275467251; 0.0324284220; 0.0046549400
497.0,0.0505,3,10.3911342844; 42.1429972525; 226.9701663267,0.0866300024; 0.1285153843; 0.1465581317,0.2180059705; 0.0352219865; 0.0045414435
497.0,0.051,3,10.7476831380; 39.3698102367; 231.0108133949,0.0882275745; 0.1273036209; 0.1466746052,0.2081737482; 0.0383194869; 0.0044373908
497.0,0.0515,3,11.1504919366; 36.7131713737; 234.8606370746,0.0899252948; 0.1259996391; 0.1467832153,0.1979738095; 0.0417985146; 0.0043414494
497.0,0.052,3,11.6136637815; 34.1409450964; 238.5384091447,0.0917502503; 0.1245753785; 0.1468849333,0.1872951605; 0.0457711456; 0.0042525470
497.0,0.0525,3,12.1594207677; 31.6158210281; 242.0599310113,0.0937443573; 0.1229881202; 0.1469805595,0.1759652005; 0.0504108664; 0.0041698076
497.0,0.053,3,12.8263511639; 29.0864336504; 245.4386680220,0.0959790205; 0.1211657897; 0.1470707617,0.1636884620; 0.0560138785; 0.0040925063
497.0,0.0535,3,13.6927840478; 26.4635203518; 248.6862178815,0.0985962146; 0.1189658471; 0.1471561032,0.1498745512; 0.0631711911; 0.0040200363
497.0,0.054,3,14.9746197929; 23.5217391201; 251.8126635147,0.1019782687; 0.1160054816; 0.1472370636,0.1329253722; 0.0734814211; 0.0039518851
498.0,0.045,3,7.9584114796; 99.2672505265; 153.0750938952,0.0725445960; 0.1399031681; 0.1437381863,0.3145121229; 0.0124895505; 0.0074286936
498.0,0.0455,3,8.1146813042; 88.0840003430; 166.0942119325,0.0736614358; 0.1386615603; 0.1443643274,0.3062163715; 0.0144081713; 0.0067265578
498.0,0.046,3,8.2795593877; 80.0191778569; 175.9479630382,0.0748016186; 0.1375958212; 0.1447913544,0.2978616045; 0.0161643177; 0.0062676908
498.0,0.0465,3,8.4540042753; 73.5173958889; 184.1919038805,0.0759672987; 0.1366006310; 0.1451224290,0.2894394663; 0.0178953684; 0.0059230854
498.0,0.047,3,8.6391424466; 68.0005404117; 191.4041054835,0.0771609777; 0.1356361191; 0.1453949173,0.2809402035; 0.0196570636; 0.0056467704
498.0,0.0475,3,8.8363107677; 63.1758701390; 197.8770133907,0.0783855879; 0.1346808990; 0.1456272702,0.2723523244; 0.0214832880; 0.0054163678
498.0,0.048,3,9.0471134753; 58.8697720010; 203.7836372774,0.0796446034; 0.1337208329; 0.1458301483,0.2636621433; 0.0234005016; 0.0052191169
498.0,0.0485,3,9.2735001955; 54.9684738182; 209.2367622108,0.0809421914; 0.1327449615; 0.1460103410,0.2548531627; 0.0254332435; 0.0050469900
498.0,0.049,3,9.5178752125; 51.3919041930; 214.3149813270,0.0822834209; 0.1317435894; 0.1461724718,0.2459052115; 0.0276071013; 0.0048945834
498.0,0.0495,3,9.7832545884; 48.0804331775; 219.0757997762,0.0836745621; 0.1307071375; 0.1463198469,0.2367932146; 0.0299509846; 0.0047580747
498.0,0.05,3,10.0734991973; 44.9873828503; 223.5628927456,0.0851235254; 0.1296252379; 0.1464549212,0.2274853807; 0.0324995052; 0.0046346553
498.0,0.0505,3,10.3936733665; 42.0743516057; 227.8104240712,0.0866405308; 0.1284857904; 0.1465795726,0.2179404316; 0.0352960795; 0.0045221986
498.0,0.051,3,10.7506222072; 39.3079210250; 231.8457634910,0.0882391764; 0.1272737230; 0.1466952722,0.2081031743; 0.0383975617; 0.0044190537
498.0,0.0515,3,11.1539544590; 36.6568862386; 235.6912748140,0.0899382401; 0.1259690795; 0.1468031963,0.1978970184; 0.0418818602; 0.0043239132
498.0,0.052,3,11.6178400881; 34.0892386293; 239.3655369190,0.0917649418; 0.1245436817; 0.1469043009,0.1872103951; 0.0458616072; 0.0042357238
498.0,0.0525,3,12.1646283306; 31.5676891173; 242.8842036552,0.0937614451; 0.1229545753; 0.1469993746,0.1758696401; 0.0505113379; 0.0041536238
498.0,0.053,3,12.8331856070; 29.0407096824; 246.2606255700,0.0959996814; 0.1211291684; 0.1470890758,0.1635770270; 0.0561295015; 0.0040768998
498.0,0.0535,3,13.7026066394; 26.4183635266; 249.5063097298,0.0986230361; 0.1189235176; 0.1471739604,0.1497361353; 0.0633131245; 0.0040049544
498.0,0.054,3,14.9921733960; 23.4720003235; 252.6312665701,0.1020198772; 0.1159487795; 0.1472545019,0.1327231824; 0.0736865036; 0.0039372820
499.0,0.045,3,7.9592861081; 98.5277620741; 154.5652472615,0.0725497927; 0.1398266250; 0.1438119474,0.3144732658; 0.0126038669; 0.0073441692
499.0,0.0455,3,8.1156222293; 87.6539822376; 167.2771165086,0.0736668938; 0.1386073453; 0.1444154954,0.3061761019; 0.0144950707; 0.0066707199
499.0,0.046,3,8.2805747847; 79.7151543869; 177.0070400427,0.0748073617; 0.1375508699; 0.1448329696,0.2978198138; 0.0162406082; 0.0062238394
499.0,0.0465,3,8.4551038234; 73.2842401738; 185.1822255999,0.0759733543; 0.1365609392; 0.1451584684,0.2893960295; 0.0179662345; 0.0058861612
499.0,0.047,3,8.6403377145; 67.8133623127; 192.3505069197,0.0771673778; 0.1355998325; 0.1454272031,0.2808949750; 0.0197249556; 0.0056144685
499.0,0.0475,3,8.8376157302; 63.0210611046; 198.7930468451,0.0783923702; 0.1346469686; 0.1456568135,0.2723051327; 0.0215496490; 0.0053874163
499.0,0.048,3,9.0485452191; 58.7389922307; 204.6775844308,0.0796518132; 0.1336885847; 0.1458575780,0.2636127848; 0.0234663222; 0.0051927288
499.0,0.0485,3,9.2750799039; 54.8562050385; 210.1140803139,0.0809498831; 0.1327139187; 0.1460360793,0.2548013919; 0.0254992948; 0.0050226394
499.0,0.049,3,9.5196295731; 51.2942857102; 215.1794656940,0.0822916616; 0.1317133857; 0.1461968180,0.2458507280; 0.0276740547; 0.0048718992
499.0,0.0495,3,9.7852178644; 47.9946446465; 219.9301989012,0.0836834357; 0.1306774677; 0.1463430221,0.2367356442; 0.0300194872; 0.0047367839
499.0,0.05,3,10.0757163783; 44.9112887578; 224.4092606262,0.0851331391; 0.1295958259; 0.1464770943,0.2274242471; 0.0325702408; 0.0046145504
499.0,0.0505,3,10.3962051603; 42.0062817324; 228.6503347149,0.0866510253; 0.1284563632; 0.1466008758,0.2178751124; 0.0353698321; 0.0045031176
499.0,0.051,3,10.7535533500; 39.2465250007; 232.6804480123,0.0882507426; 0.1272439838; 0.1467158116,0.2080328294; 0.0384753007; 0.0044008674
499.0,0.0515,3,11.1574084379; 36.6010276228; 236.5217125949,0.0899511477; 0.1259386724; 0.1468230580,0.1978204653; 0.0419648726; 0.0043065169
499.0,0.052,3,11.6220074188; 34.0379039549; 240.1925182528,0.0917795941; 0.1245121318; 0.1469235564,0.1871258748; 0.0459517383; 0.0042190310
499.0,0.0525,3,12.1698271591; 31.5198829952; 243.7083740080,0.0937784934; 0.1229211715; 0.1470180837,0.1757743260; 0.0506114865; 0.0041375624
499.0,0.053,3,12.8400138986; 28.9952705542; 247.0825176062,0.0960203071; 0.1210926784; 0.1471072892,0.1634658189; 0.0562448285; 0.0040614088
499.0,0.0535,3,13.7124355184; 26.3734466408; 250.3263669673,0.0986498454; 0.1188812919; 0.1471917215,0.1495978466; 0.0634548686; 0.0039899816
499.0,0.054,3,15.0098208551; 23.4223862077; 253.4498611694,0.1020616313; 0.1158920193; 0.1472718484,0.1325204394; 0.0738920830; 0.0039227827
500.0,0.0445,3,7.8115547727; 120.9797204563; 130.9764885125,0.0714591222; 0.1417692447; 0.1424611435,0.3226811396; 0.0098636969; 0.0089687506
500.0,0.045,3,7.9601576035; 97.8258233991; 156.0180954859,0.0725549702; 0.1397530690; 0.1438827359,0.3144345550; 0.0127142127; 0.0072635060
500.0,0.0455,3,8.1165598114; 87.2363041544; 168.4479238395,0.0736723318; 0.1385542544; 0.1444655545,0.3061359832; 0.0145804213; 0.0066163172
500.0,0.046,3,8.2815866073; 79.4175230960; 178.0599658472,0.0748130838; 0.1375065818; 0.1448739380,0.2977781791; 0.0163159489; 0.0061808200
500.0,0.0465,3,8.4561995414; 73.0550597915; 186.1688112300,0.0759793878; 0.1365217149; 0.1451940577,0.2893527539; 0.0180364036; 0.0058498114
500.0,0.047,3,8.6415288688; 67.6289151666; 193.2944149757,0.0771737547; 0.1355639085; 0.1454591447,0.2808499132; 0.0197922845; 0.0055826022
500.0,0.0475,3,8.8389162636; 62.8682497185; 199.7073186208,0.0783991283; 0.1346133367; 0.1456860780,0.2722581138; 0.0216155271; 0.0053588146
500.0,0.048,3,9.0499721820; 58.6097383751; 205.5702401074,0.0796589974; 0.1336565924; 0.1458847728,0.2635636055; 0.0235317119; 0.0051666327
500.0,0.0485,3,9.2766544380; 54.7451394203; 210.9904282372,0.0809575479; 0.1326831019; 0.1460616140,0.2547498071; 0.0255649502; 0.0049985397
500.0,0.049,3,9.5213783191; 51.1976392501; 216.0432096438,0.0822998740; 0.1316833860; 0.1462209838,0.2457964379; 0.0277406362; 0.0048494351
500.0,0.0495,3,9.7871750334; 47.9096566883; 220.7840277664,0.0836922794; 0.1306479854; 0.1463660351,0.2366782751; 0.0300876345; 0.0047156893
500.0,0.05,3,10.0779269046; 44.8358644745; 225.2551878050,0.0851427212; 0.1295665888; 0.1464991197,0.2273633233; 0.0326406321; 0.0045946227
500.0,0.0505,3,10.3987296988; 41.9387796595; 229.4899055436,0.0866614864; 0.1284271010; 0.1466220431,0.2178100120; 0.0354432476; 0.0044841983
500.0,0.051,3,10.7564766013; 39.1856156899; 233.5148727486,0.0882622733; 0.1272144019; 0.1467362247,0.2079627124; 0.0385527066; 0.0043828301
500.0,0.0515,3,11.1608539099; 36.5455901938; 237.3519550685,0.0899640179; 0.1259084162; 0.1468428017,0.1977441491; 0.0420475544; 0.0042892588
500.0,0.052,3,11.6261658115; 33.9869366269; 241.0193569147,0.0917942074; 0.1244807274; 0.1469427008,0.1870415985; 0.0460415415; 0.0042024672
500.0,0.0525,3,12.1750172928; 31.4723989135; 244.5324451425,0.0937955026; 0.1228879073; 0.1470366877,0.1756792567; 0.0507113148; 0.0041216220
500.0,0.053,3,12.8468360907; 28.9501130661; 247.9043466471,0.0960408980; 0.1210563186; 0.1471254028,0.1633548365; 0.0563598618; 0.0040460318
500.0,0.0535,3,13.7222708433; 26.3287668430; 251.1463916599,0.0986766428; 0.1188391688; 0.1472093875,0.1494596829; 0.0635964263; 0.0039751168
500.0,0.054,3,15.0275642052; 23.3728924178; 254.2684490102,0.1021035349; 0.1158351962; 0.1472891038,0.1323171268; 0.0740981768; 0.0039083860
