varied_parameter,parameter_value,base_case,model,found,number_of_roots,root,branch,B,delta,eta,Pbar,m_L,m_NL,E,P,tau,u,x,g,Z,A,residual_max,admissible,positive_growth,TVC,stability,lambda_1_real,lambda_1_imag,lambda_2_real,lambda_2_imag,lambda_3_real,lambda_3_imag,status
delta,0.001,False,linear,True,1,1,-,0.45,0.001,1.5,1.0,0.5,2.0,0.3409033319815069,0.6590966680184931,0.3332260400026131,0.5772573429611901,0.06407806522248814,0.12615613044497628,0.32954833400924655,0.32954833400924655,7.861548467830746e-17,True,True,True,saddle,-1.0153006410477976,0.0,0.06407806522152533,0.0,1.0793787063018188,0.0,solution
delta,0.001,False,nonlinear,True,1,1,upper,0.45,0.001,1.5,1.0,0.5,2.0,0.6138855135924279,0.38611448640757207,0.23715075752897952,0.4869812702034643,0.07761947613614703,0.15323895227229403,0.4740601795875778,0.47406017958757785,3.4885955649366123e-16,True,True,True,saddle,-1.5709808872177802,0.0,0.07761947613568079,0.0,1.648600363326902,0.0,solution
delta,0.001095,False,linear,True,1,1,-,0.45,0.001095,1.5,1.0,0.5,2.0,0.34107905091553536,0.6589209490844646,0.33330116558821143,0.5773224104330364,0.06413163843504453,0.12607327687008907,0.3294604745422323,0.3294604745422323,1.156370713032607e-16,True,True,True,saddle,-1.0150650775666406,0.0,0.0641316384355819,0.0,1.079196715985537,0.0,solution
delta,0.001095,False,nonlinear,True,1,1,upper,0.45,0.001095,1.5,1.0,0.5,2.0,0.61395180915429,0.38604819084570996,0.23716626406789934,0.4869971910267033,0.07768042134599451,0.15317084269198902,0.47402997038092837,0.47402997038092853,1.6653345369377348e-16,True,True,True,saddle,-1.5710936470290777,0.0,0.07768042134625378,0.0,1.648774068356742,0.0,solution
delta,0.00119,False,linear,True,1,1,-,0.45,0.00119,1.5,1.0,0.5,2.0,0.3412546736383223,0.6587453263616777,0.33337627542787734,0.5773874569367413,0.06418521479282213,0.12599042958564427,0.32937266318083885,0.32937266318083885,0.0,True,True,True,saddle,-1.0148298327140974,0.0,0.06418521479373468,0.0,1.0790150474686524,0.0,solution
delta,0.00119,False,nonlinear,True,1,1,upper,0.45,0.00119,1.5,1.0,0.5,2.0,0.6140180773624593,0.3859819226375407,0.2371817747486354,0.4870131155817422,0.077741365996072,0.153102731992144,0.47399975606913664,0.4739997560691365,1.1102230246251565e-16,True,True,True,saddle,-1.5712063624772326,0.0,0.07774136599689754,0.0,1.6489477284546916,0.0,solution
delta,0.0012850000000000001,False,linear,True,1,1,-,0.45,0.0012850000000000001,1.5,1.0,0.5,2.0,0.3414302002320103,0.6585697997679897,0.3334513695264775,0.5774524824836045,0.06423879429412599,0.125907588588252,0.32928489988399484,0.32928489988399484,5.553080820616299e-17,True,True,True,saddle,-1.0145949058356445,0.0,0.06423879429500866,0.0,1.0788337001016137,0.0,solution
delta,0.0012850000000000001,False,nonlinear,True,1,1,upper,0.45,0.0012850000000000001,1.5,1.0,0.5,2.0,0.614084318235477,0.38591568176452296,0.23719728956533417,0.4870290438622056,0.07780231008733583,0.15303462017467165,0.47396953666549263,0.4739695366654928,2.1396528745646793e-16,True,True,True,saddle,-1.5713190334955653,0.0,0.07780231008750206,0.0,1.6491213435789984,0.0,solution
delta,0.00138,False,linear,True,1,1,-,0.45,0.00138,1.5,1.0,0.5,2.0,0.34160563077864514,0.6583943692213549,0.3335264478888764,0.5775174870849162,0.06429237693726257,0.12582475387452513,0.32919718461067743,0.32919718461067743,8.794357616982235e-17,True,True,True,saddle,-1.0143602962924925,0.0,0.06429237693893777,0.0,1.0786526731944852,0.0,solution
delta,0.00138,False,nonlinear,True,1,1,upper,0.45,0.00138,1.5,1.0,0.5,2.0,0.6141505317918671,0.38584946820813293,0.23721280851214982,0.48704497586172657,0.07786325362074101,0.15296650724148203,0.473939312183268,0.4739393121832679,1.1102230246251565e-16,True,True,True,saddle,-1.5714316601905838,0.0,0.07786325362074835,0.0,1.6492949138117028,0.0,solution
delta,0.001475,False,linear,True,1,1,-,0.45,0.001475,1.5,1.0,0.5,2.0,0.34178096536017555,0.6582190346398245,0.333601510519936,0.5775824707519576,0.0643459627205397,0.1257419254410794,0.3291095173199122,0.3291095173199122,1.0648197243332724e-16,True,True,True,saddle,-1.0141260033552606,0.0,0.06434596272030438,0.0,1.0784719661009594,0.0,solution
delta,0.001475,False,nonlinear,True,1,1,upper,0.45,0.001475,1.5,1.0,0.5,2.0,0.6142167180501343,0.38578328194986566,0.23722833158324513,0.48706091157394793,0.07792419659724115,0.15289839319448228,0.47390908263571224,0.47390908263571224,2.6337635581712996e-17,True,True,True,saddle,-1.5715442425415256,0.0,0.07792419659704958,0.0,1.6494684391126726,0.0,solution
delta,0.00157,False,linear,True,1,1,-,0.45,0.00157,1.5,1.0,0.5,2.0,0.3419562040584533,0.6580437959415467,0.33367655742451574,0.577647433496,0.06439955164226667,0.12565910328453334,0.32902189797077336,0.32902189797077336,5.093761706417389e-17,True,True,True,saddle,-1.0138920264899831,0.0,0.06439955164439068,0.0,1.078291578119013,0.0,solution
delta,0.00157,False,nonlinear,True,1,1,upper,0.45,0.00157,1.5,1.0,0.5,2.0,0.6142828770287667,0.3857171229712333,0.23724385877279075,0.48707685099252124,0.07798513901778849,0.152830278035577,0.47387884803605557,0.47387884803605557,3.6545861231390385e-16,True,True,True,saddle,-1.5716567806285098,0.0,0.07798513901794947,0.0,1.6496419196379688,0.0,solution
delta,0.0016649999999999998,False,linear,True,1,1,-,0.45,0.0016649999999999998,1.5,1.0,0.5,2.0,0.3421313469552336,0.6578686530447664,0.33375158860747306,0.5777123753283057,0.06445314370075415,0.1255762874015083,0.3289343265223832,0.3289343265223832,4.631733727215496e-18,True,True,True,saddle,-1.013658364924186,0.0,0.06445314370039154,0.0,1.0781115086571271,0.0,solution
delta,0.0016649999999999998,False,nonlinear,True,1,1,upper,0.45,0.0016649999999999998,1.5,1.0,0.5,2.0,0.6143490087462353,0.3856509912537647,0.23725939007496583,0.48709279411110756,0.07804608088333387,0.1527621617666677,0.47384860839750675,0.4738486083975068,7.902325130092453e-17,True,True,True,saddle,-1.5717692744214093,0.0,0.07804608088299321,0.0,1.6498153553097965,0.0,solution
delta,0.0017599999999999998,False,linear,True,1,1,-,0.45,0.0017599999999999998,1.5,1.0,0.5,2.0,0.3423063941321751,0.6576936058678249,0.33382660407366277,0.5777772962601272,0.06450673889431426,0.1254934777886285,0.32884680293391244,0.32884680293391244,3.2429423431563067e-17,True,True,True,saddle,-1.0134250180790703,0.0,0.06450673889317472,0.0,1.0779317569872042,0.0,solution
delta,0.0017599999999999998,False,nonlinear,True,1,1,upper,0.45,0.0017599999999999998,1.5,1.0,0.5,2.0,0.6144151132209917,0.38558488677900826,0.23727492548395726,0.48710874092337664,0.07810702219482683,0.15269404438965367,0.4738183637332553,0.4738183637332553,1.646425533990673e-17,True,True,True,saddle,-1.5718817240210239,0.0,0.07810702219542119,0.0,1.6499887461950031,0.0,solution
delta,0.0018549999999999999,False,linear,True,1,1,-,0.45,0.0018549999999999999,1.5,1.0,0.5,2.0,0.3424813456708401,0.6575186543291599,0.3339016038279373,0.5778421963027079,0.06456033722126048,0.12541067444252096,0.32875932716457995,0.32875932716457995,5.560578727935649e-17,True,True,True,saddle,-1.0131919853295233,0.0,0.06456033722191865,0.0,1.0777523225070034,0.0,solution
delta,0.0018549999999999999,False,nonlinear,True,1,1,upper,0.45,0.0018549999999999999,1.5,1.0,0.5,2.0,0.614481190471471,0.385518809528529,0.23729046499396045,0.4871246914230077,0.0781679629532155,0.15262592590643106,0.47378811405646964,0.4737881140564696,4.1821947369448353e-16,True,True,True,saddle,-1.5719941293687703,0.0,0.07816796295280079,0.0,1.650162092325262,0.0,solution
delta,0.00195,False,linear,True,1,1,-,0.45,0.00195,1.5,1.0,0.5,2.0,0.3426562016526943,0.6573437983473057,0.3339765878751468,0.577907075467282,0.0646139386799077,0.1253278773598154,0.32867189917365286,0.32867189917365286,4.6348562193091857e-17,True,True,True,saddle,-1.0129592659204183,0.0,0.06461393868019669,0.0,1.0775732045637558,0.0,solution
delta,0.00195,False,nonlinear,True,1,1,upper,0.45,0.00195,1.5,1.0,0.5,2.0,0.6145472405160912,0.3854527594839088,0.23730600859917905,0.48714064560368914,0.07822890315944662,0.1525578063188933,0.4737578593802975,0.4737578593802975,2.9639541895729196e-17,True,True,True,saddle,-1.572106490599796,0.0,0.07822890315918986,0.0,1.6503353937586134,0.0,solution
delta,0.002045,False,linear,True,1,1,-,0.45,0.002045,1.5,1.0,0.5,2.0,0.3428309621591077,0.6571690378408923,0.33405155622013893,0.5779719337650738,0.06466754326857226,0.12524508653714453,0.32858451892044616,0.32858451892044616,3.245127629865303e-17,True,True,True,saddle,-1.0127268591881766,0.0,0.06466754326892074,0.0,1.0773944024777904,0.0,solution
delta,0.002045,False,nonlinear,True,1,1,upper,0.45,0.002045,1.5,1.0,0.5,2.0,0.6146132633732514,0.3853867366267486,0.23732155629382432,0.487156603459118,0.07828984281446565,0.1524896856289313,0.4737275997178673,0.47372759971786743,1.1102230246251565e-16,True,True,True,saddle,-1.5722188077232677,0.0,0.0782898428147306,0.0,1.650508650512874,0.0,solution
delta,0.00214,False,linear,True,1,1,-,0.45,0.00214,1.5,1.0,0.5,2.0,0.34300562727135386,0.6569943727286461,0.334126508867759,0.5780367712072987,0.06472115098557187,0.12516230197114372,0.32849718636432307,0.32849718636432307,4.636936791032595e-18,True,True,True,saddle,-1.0124947646819888,0.0,0.06472115098692838,0.0,1.0772159156361996,0.0,solution
delta,0.00214,False,nonlinear,True,1,1,upper,0.45,0.00214,1.5,1.0,0.5,2.0,0.6146792590613336,0.3853207409386664,0.237337108072116,0.48717256498300066,0.07835078191921659,0.15242156383843314,0.4736973350822871,0.47369733508228706,3.5242740064773144e-16,True,True,True,saddle,-1.5723310806715773,0.0,0.07835078191923667,0.0,1.6506818625689381,0.0,solution
delta,0.002235,False,linear,True,1,1,-,0.45,0.002235,1.5,1.0,0.5,2.0,0.34318019707061076,0.6568198029293892,0.33420144582285,0.5781015878051625,0.06477476182922563,0.12507952365845126,0.3284099014646946,0.3284099014646946,1.7160513975718953e-16,True,True,True,saddle,-1.0122629814983826,0.0,0.06477476182953187,0.0,1.0770377433468938,0.0,solution
delta,0.002235,False,nonlinear,True,1,1,upper,0.45,0.002235,1.5,1.0,0.5,2.0,0.6147452275987032,0.3852547724012968,0.2373526639282819,0.4871885301690526,0.0784117204746421,0.15235344094928424,0.47366706548664367,0.4736670654866436,9.881789716848578e-17,True,True,True,saddle,-1.5724433095619497,0.0,0.078411720474288,0.0,1.6508550300380738,0.0,solution
delta,0.0023299999999999996,False,linear,True,1,1,-,0.45,0.0023299999999999996,1.5,1.0,0.5,2.0,0.3433546716379614,0.6566453283620386,0.33427636709025266,0.5781663835698618,0.06482837579785407,0.12499675159570812,0.3283226641810193,0.3283226641810193,3.247311544151933e-17,True,True,True,saddle,-1.0120315091872476,0.0,0.06482837579645843,0.0,1.0768598850151754,0.0,solution
delta,0.0023299999999999996,False,nonlinear,True,1,1,upper,0.45,0.0023299999999999996,1.5,1.0,0.5,2.0,0.6148111690037067,0.3851888309962933,0.23736822385655793,0.4872044990109984,0.07847265848168357,0.15228531696336714,0.4736367909440047,0.4736367909440046,5.551115123125783e-17,True,True,True,saddle,-1.5725554944108564,0.0,0.07847265848162353,0.0,1.6510281528723125,0.0,solution
delta,0.002425,False,linear,True,1,1,-,0.45,0.002425,1.5,1.0,0.5,2.0,0.343529051054392,0.656470948945608,0.3343512726748051,0.578231158512584,0.06488199288977907,0.12491398577955813,0.328235474472804,0.328235474472804,8.816106429361947e-17,True,True,True,saddle,-1.0118003470298904,0.0,0.06488199288929627,0.0,1.0766823399607635,0.0,solution
delta,0.002425,False,nonlinear,True,1,1,upper,0.45,0.002425,1.5,1.0,0.5,2.0,0.6148770832946735,0.3851229167053265,0.23738378785118786,0.48722047150257125,0.078533595941281,0.15221719188256197,0.4736065114674172,0.4736065114674173,3.8544033490724134e-16,True,True,True,saddle,-1.5726676352089914,0.0,0.0785335959413378,0.0,1.6512012311411322,0.0,solution
delta,0.0025199999999999997,False,linear,True,1,1,-,0.45,0.0025199999999999997,1.5,1.0,0.5,2.0,0.3437033354007938,0.6562966645992062,0.33442616258134317,0.5782959126445069,0.06493561310332398,0.12483122620664795,0.3281483322996031,0.3281483322996031,4.1769857895169855e-17,True,True,True,saddle,-1.0115694944645606,0.0,0.06493561310334249,0.0,1.076505107536936,0.0,solution
delta,0.0025199999999999997,False,nonlinear,True,1,1,upper,0.45,0.0025199999999999997,1.5,1.0,0.5,2.0,0.6149429704899166,0.38505702951008336,0.23739935590642378,0.48723644763751384,0.07859453285437291,0.15214906570874584,0.47357622706990826,0.4735762270699083,5.551115123125783e-17,True,True,True,saddle,-1.5727797320231742,0.0,0.07859453285416396,0.0,1.6513742648902647,0.0,solution
delta,0.002615,False,linear,True,1,1,-,0.45,0.002615,1.5,1.0,0.5,2.0,0.3438775247579634,0.6561224752420366,0.33450103681470045,0.5783606459767991,0.06498923643681347,0.12474847287362693,0.3280612376210183,0.3280612376210183,8.820055379775855e-17,True,True,True,saddle,-1.0113389507134491,0.0,0.0649892364373961,0.0,1.07632818713668,0.0,solution
delta,0.002615,False,nonlinear,True,1,1,upper,0.45,0.002615,1.5,1.0,0.5,2.0,0.6150088306077299,0.38499116939227007,0.23741492801652567,0.4872524274095776,0.07865546922189669,0.15208093844379342,0.47354593776448506,0.47354593776448495,1.1102230246251565e-16,True,True,True,saddle,-1.5728917848963604,0.0,0.07865546922197439,0.0,1.6515472541140659,0.0,solution
delta,0.0027099999999999997,False,linear,True,1,1,-,0.45,0.0027099999999999997,1.5,1.0,0.5,2.0,0.34405161920660143,0.6559483807933986,0.334575895379708,0.5784253585206202,0.06504286288857365,0.1246657257771473,0.3279741903966993,0.3279741903966993,3.2502212971823815e-17,True,True,True,saddle,-1.0111087151943954,0.0,0.0650428628893503,0.0,1.076151578089908,0.0,solution
delta,0.0027099999999999997,False,nonlinear,True,1,1,upper,0.45,0.0027099999999999997,1.5,1.0,0.5,2.0,0.6150746636663905,0.3849253363336095,0.23743050417576156,0.48726841081252287,0.07871640504478823,0.15201281008957648,0.47351564356413417,0.4735156435641342,4.580064116914536e-16,True,True,True,saddle,-1.5730037938464263,0.0,0.0787164050446926,0.0,1.6517201988538548,0.0,solution
delta,0.0028049999999999998,False,linear,True,1,1,-,0.45,0.0028049999999999998,1.5,1.0,0.5,2.0,0.3442256188273144,0.6557743811726856,0.33465073828119474,0.5784900502871201,0.06509649245693198,0.12458298491386398,0.3278871905863428,0.3278871905863428,2.3221059677974355e-17,True,True,True,saddle,-1.010878787363918,0.0,0.0650964924584481,0.0,1.0759752797829405,0.0,solution
delta,0.0028049999999999998,False,nonlinear,True,1,1,upper,0.45,0.0028049999999999998,1.5,1.0,0.5,2.0,0.6151404696841593,0.38485953031584075,0.2374460843784077,0.48728439784011934,0.0787773403239821,0.1519446806479642,0.47348534448182245,0.4734853444818224,5.551115123125783e-17,True,True,True,saddle,-1.5731157588667855,0.0,0.07877734032413367,0.0,1.651893099161348,0.0,solution
delta,0.0029,False,linear,True,1,1,-,0.45,0.0029,1.5,1.0,0.5,2.0,0.34439952370061344,0.6556004762993866,0.334725565523987,0.5785547212874397,0.06515012514021738,0.12450025028043477,0.3278002381496933,0.3278002381496933,9.755025781604431e-17,True,True,True,saddle,-1.0106491664418258,0.0,0.06515012514104906,0.0,1.0757992916082093,0.0,solution
delta,0.0029,False,nonlinear,True,1,1,upper,0.45,0.0029,1.5,1.0,0.5,2.0,0.6152062486792775,0.38479375132072247,0.23746166861874793,0.4873003884861451,0.07883827506041158,0.15187655012082313,0.473455040530497,0.4734550405304969,6.590885299161074e-17,True,True,True,saddle,-1.5732276800587255,0.0,0.07883827506087397,0.0,1.6520659550801402,0.0,solution
delta,0.002995,False,linear,True,1,1,-,0.45,0.002995,1.5,1.0,0.5,2.0,0.34457333390691547,0.6554266660930845,0.3348003771129091,0.5786193715327107,0.06520376093676006,0.12441752187352012,0.32771333304654227,0.32771333304654227,7.43406174647874e-17,True,True,True,saddle,-1.0104198519069512,0.0,0.06520376093739697,0.0,1.075623612880342,0.0,solution
delta,0.002995,False,nonlinear,True,1,1,upper,0.45,0.002995,1.5,1.0,0.5,2.0,0.6152720006699709,0.3847279993300291,0.2374772568910744,0.48731638274438754,0.07889920925500854,0.15180841851001706,0.4734247317230845,0.47342473172308447,6.591317960632348e-17,True,True,True,saddle,-1.5733395573637146,0.0,0.07889920925455805,0.0,1.6522387666267537,0.0,solution
delta,0.00309,False,linear,True,1,1,-,0.45,0.00309,1.5,1.0,0.5,2.0,0.3447470495265421,0.6552529504734579,0.33487517305278247,0.5786840010340553,0.0652573998448917,0.1243347996897834,0.32762647523672894,0.32762647523672894,1.8589306374926644e-17,True,True,True,saddle,-1.010190843113094,0.0,0.06525739984455972,0.0,1.0754482429768961,0.0,solution
delta,0.00309,False,nonlinear,True,1,1,upper,0.45,0.00309,1.5,1.0,0.5,2.0,0.6153377256744468,0.3846622743255532,0.23749284918968716,0.48733238060864287,0.07896014290870357,0.15174028581740712,0.473394418072492,0.4733944180724921,1.1102230246251565e-16,True,True,True,saddle,-1.5734513908819043,0.0,0.07896014290891845,0.0,1.652411533741248,0.0,solution
delta,0.003185,False,linear,True,1,1,-,0.45,0.003185,1.5,1.0,0.5,2.0,0.3449206706397213,0.6550793293602787,0.3349499533484267,0.5787486098025867,0.06531104186294533,0.12425208372589068,0.32753966468013934,0.32753966468013934,4.1835279409261356e-17,True,True,True,saddle,-1.0099621394349672,0.0,0.0653110418640313,0.0,1.075273181255163,0.0,solution
delta,0.003185,False,nonlinear,True,1,1,upper,0.45,0.003185,1.5,1.0,0.5,2.0,0.6154034237108957,0.38459657628910426,0.23750844550889416,0.4873483820727162,0.0790210760224259,0.1516721520448518,0.47336409959160697,0.4733640995916069,5.551115123125783e-17,True,True,True,saddle,-1.5735631805970907,0.0,0.07902107602231974,0.0,1.652584256609359,0.0,solution
delta,0.00328,False,linear,True,1,1,-,0.45,0.00328,1.5,1.0,0.5,2.0,0.34509419732658675,0.6549058026734133,0.3350247180046588,0.5788131978494088,0.06536468698925536,0.1241693739785107,0.3274529013367066,0.3274529013367066,6.974102920262295e-17,True,True,True,saddle,-1.0097337402171362,0.0,0.06536468699040289,0.0,1.0750984271970867,0.0,solution
delta,0.00328,False,nonlinear,True,1,1,upper,0.45,0.00328,1.5,1.0,0.5,2.0,0.6154690947974909,0.3845309052025091,0.23752404584301143,0.4873643871304216,0.07908200859710345,0.15160401719420685,0.47333377629329604,0.4733337762932961,5.551115123125783e-17,True,True,True,saddle,-1.5736749265717813,0.0,0.07908200859758488,0.0,1.6527569351489808,0.0,solution
delta,0.003375,False,linear,True,1,1,-,0.45,0.003375,1.5,1.0,0.5,2.0,0.34526762966717783,0.6547323703328222,0.33509946702629345,0.5788777651856163,0.06541833522215756,0.12408667044431514,0.3273661851664111,0.3273661851664111,7.440702876644189e-17,True,True,True,saddle,-1.0095056448203852,0.0,0.06541833522312397,0.0,1.0749239800177706,0.0,solution
delta,0.003375,False,nonlinear,True,1,1,upper,0.45,0.003375,1.5,1.0,0.5,2.0,0.6155347389523879,0.38446526104761214,0.2375396501863627,0.48738039577558173,0.07914294063366274,0.15153588126732548,0.4733034481904072,0.4733034481904072,8.900617125317801e-17,True,True,True,saddle,-1.5737866288449907,0.0,0.07914294063359972,0.0,1.6529295694749602,0.0,solution
delta,0.00347,False,linear,True,1,1,-,0.45,0.00347,1.5,1.0,0.5,2.0,0.34544096774143973,0.6545590322585603,0.33517420041814305,0.5789423118222946,0.06547198655998915,0.1240039731199783,0.32727951612928013,0.32727951612928013,9.30295286411373e-17,True,True,True,saddle,-1.0092778526683892,0.0,0.06547198656093785,0.0,1.0747498392001096,0.0,solution
delta,0.00347,False,nonlinear,True,1,1,upper,0.45,0.00347,1.5,1.0,0.5,2.0,0.6156003561937253,0.38439964380627467,0.23755525853328,0.48739640800202866,0.07920387213302904,0.15146774426605808,0.47327311529576754,0.47327311529576765,1.3186965882221457e-16,True,True,True,saddle,-1.5738982874035448,0.0,0.07920387213295267,0.0,1.6531021595275746,0.0,solution
delta,0.0035649999999999996,False,linear,True,1,1,-,0.45,0.0035649999999999996,1.5,1.0,0.5,2.0,0.3456142116292241,0.6543857883707759,0.3352489181850175,0.5790068377705202,0.06552564100108864,0.12392128200217727,0.32719289418538794,0.32719289418538794,1.3957540048113066e-17,True,True,True,saddle,-1.0090503631318408,0.0,0.0655256410008547,0.0,1.074576004101296,0.0,solution
delta,0.0035649999999999996,False,nonlinear,True,1,1,upper,0.45,0.0035649999999999996,1.5,1.0,0.5,2.0,0.6156659465396247,0.3843340534603753,0.23757087087810283,0.4874124238036027,0.07926480309612624,0.1513996061922525,0.4732427776221854,0.47324277762218536,5.551115123125783e-17,True,True,True,saddle,-1.574009902331733,0.0,0.07926480309626326,0.0,1.6532747054110826,0.0,solution
delta,0.0036599999999999996,False,linear,True,1,1,-,0.45,0.0036599999999999996,1.5,1.0,0.5,2.0,0.3457873614102892,0.6542126385897108,0.33532362033172464,0.5790713430413602,0.06557929854379597,0.12383859708759194,0.3271063192948554,0.3271063192948554,3.2574850349382687e-17,True,True,True,saddle,-1.0088231755471018,0.0,0.0655792985447534,0.0,1.0744024740578357,0.0,solution
delta,0.0036599999999999996,False,nonlinear,True,1,1,upper,0.45,0.0036599999999999996,1.5,1.0,0.5,2.0,0.6157315100081898,0.3842684899918102,0.237586487215179,0.4874284431741535,0.07932573352387697,0.15133146704775394,0.4732124351824485,0.47321243518244854,5.551115123125783e-17,True,True,True,saddle,-1.5741214736128402,0.0,0.07932573352391661,0.0,1.6534472071157915,0.0,solution
delta,0.0037549999999999997,False,linear,True,1,1,-,0.45,0.0037549999999999997,1.5,1.0,0.5,2.0,0.34596041716429926,0.6540395828357007,0.33539830686306976,0.5791358276458726,0.06563295918645244,0.1237559183729049,0.32701979141785037,0.32701979141785037,6.050962493869698e-17,True,True,True,saddle,-1.00859628937637,0.0,0.06563295918595458,0.0,1.074229248540564,0.0,solution
delta,0.0037549999999999997,False,nonlinear,True,1,1,upper,0.45,0.0037549999999999997,1.5,1.0,0.5,2.0,0.6157970466175076,0.38420295338249244,0.23760210753886385,0.4874444661075391,0.07938666341720245,0.15126332683440494,0.47318208798932565,0.47318208798932554,1.6157218992457933e-16,True,True,True,saddle,-1.5742330012704437,0.0,0.07938666341735703,0.0,1.653619664659432,0.0,solution
delta,0.0038499999999999997,False,linear,True,1,1,-,0.45,0.0038499999999999997,1.5,1.0,0.5,2.0,0.34613337897082563,0.6538666210291744,0.33547297778385593,0.5792002915951061,0.06568662292740075,0.12367324585480151,0.3269333105145872,0.3269333105145872,1.396686840282002e-17,True,True,True,saddle,-1.0083697039164026,0.0,0.06568662292577733,0.0,1.0740563268836865,0.0,solution
delta,0.0038499999999999997,False,nonlinear,True,1,1,upper,0.45,0.0038499999999999997,1.5,1.0,0.5,2.0,0.615862556385648,0.384137443614352,0.23761773184352092,0.48746049259762675,0.07944759277702267,0.15119518555404535,0.4731517360555649,0.47315173605556504,1.6653345369377348e-16,True,True,True,saddle,-1.5743444853105186,0.0,0.07944759277727133,0.0,1.653792078069272,0.0,solution
delta,0.003945,False,linear,True,1,1,-,0.45,0.003945,1.5,1.0,0.5,2.0,0.34630624690934586,0.6536937530906541,0.33554763309888375,0.5792647349001006,0.06574028976498493,0.12359057952996984,0.32684687654532707,0.32684687654532707,1.0710315358589581e-16,True,True,True,saddle,-1.0081434185981604,0.0,0.06574028976516763,0.0,1.0738837083893635,0.0,solution
delta,0.003945,False,nonlinear,True,1,1,upper,0.45,0.003945,1.5,1.0,0.5,2.0,0.6159280393306633,0.3840719606693367,0.23763336012352115,0.48747652263829194,0.07950852160425621,0.15112704320851242,0.4731213793938963,0.47312137939389637,5.551115123125783e-17,True,True,True,saddle,-1.5744559258937922,0.0,0.0795085216043435,0.0,1.6539644474850033,0.0,solution
delta,0.00404,False,linear,True,1,1,-,0.45,0.00404,1.5,1.0,0.5,2.0,0.346479021059245,0.653520978940755,0.3356222728129517,0.5793291575718865,0.06579395969755035,0.12350791939510071,0.3267604894703775,0.3267604894703775,5.123464154242014e-17,True,True,True,saddle,-1.0079174328396494,0.0,0.0657939596971806,0.0,1.073711392558397,0.0,solution
delta,0.00404,False,nonlinear,True,1,1,upper,0.45,0.00404,1.5,1.0,0.5,2.0,0.6159934954705889,0.3840065045294111,0.2376489923732438,0.48749255622341947,0.07956944989982041,0.15105889979964085,0.47309101801702885,0.47309101801702896,2.3416100251167234e-16,True,True,True,saddle,-1.5745673229386032,0.0,0.07956944989973953,0.0,1.654136772819403,0.0,solution
delta,0.004135,False,linear,True,1,1,-,0.45,0.004135,1.5,1.0,0.5,2.0,0.3466517014998144,0.6533482985001856,0.33569689693085564,0.5793935596214853,0.06584763272344386,0.12342526544688774,0.3266741492500928,0.3266741492500928,1.0715079697700802e-16,True,True,True,saddle,-1.0076917460656714,0.0,0.0658476327236903,0.0,1.07353937875985,0.0,solution
delta,0.004135,False,nonlinear,True,1,1,upper,0.45,0.004135,1.5,1.0,0.5,2.0,0.6160589248234436,0.3839410751765564,0.23766462858707582,0.4875085933469028,0.07963037766463125,0.1509907553292625,0.47306065193765245,0.4730606519376525,6.266692641413496e-17,True,True,True,saddle,-1.5746786764563079,0.0,0.07963037766472061,0.0,1.6543090541177308,0.0,solution
delta,0.004229999999999999,False,linear,True,1,1,-,0.45,0.004229999999999999,1.5,1.0,0.5,2.0,0.3468242883102536,0.6531757116897464,0.3357715054573895,0.5794579410599094,0.06590130884101358,0.12334261768202716,0.3265878558448732,0.3265878558448732,1.863906281859226e-17,True,True,True,saddle,-1.0074663575180416,0.0,0.06590130884129293,0.0,1.073367666332897,0.0,solution
delta,0.004229999999999999,False,nonlinear,True,1,1,upper,0.45,0.004229999999999999,1.5,1.0,0.5,2.0,0.616124327407228,0.383875672592772,0.23768026875941173,0.48752463400264373,0.07969130489960342,0.15092260979920685,0.4730302811684379,0.4730302811684378,1.1102230246251565e-16,True,True,True,saddle,-1.57478998651213,0.0,0.07969130489914432,0.0,1.6544812914118234,0.0,solution
delta,0.004325,False,linear,True,1,1,-,0.45,0.004325,1.5,1.0,0.5,2.0,0.3469967815696684,0.6530032184303316,0.33584609839734453,0.5795223018981621,0.06595498804860901,0.12325997609721805,0.3265016092151658,0.3265016092151658,4.19472080067665e-17,True,True,True,saddle,-1.0072412666553627,0.0,0.06595498804941463,0.0,1.073196254738206,0.0,solution
delta,0.004325,False,nonlinear,True,1,1,upper,0.45,0.004325,1.5,1.0,0.5,2.0,0.6161897032399265,0.3838102967600735,0.23769591288465414,0.48754067818455327,0.07975223160565033,0.1508544632113007,0.47299990572203576,0.47299990572203565,1.4184381799731316e-16,True,True,True,saddle,-1.5749012531889688,0.0,0.07975223160562053,0.0,1.6546534847921246,0.0,solution
delta,0.00442,False,linear,True,1,1,-,0.45,0.00442,1.5,1.0,0.5,2.0,0.34716918135707264,0.6528308186429274,0.3359206757555098,0.5795866421472374,0.06600867034458106,0.1231773406891621,0.3264154093214637,0.3264154093214637,1.3985507575177824e-17,True,True,True,saddle,-1.0070164729850082,0.0,0.06600867034538194,0.0,1.0730251433207028,0.0,solution
delta,0.00442,False,nonlinear,True,1,1,upper,0.45,0.00442,1.5,1.0,0.5,2.0,0.6162550523395065,0.3837449476604935,0.23771156095721346,0.487556725886551,0.07981315778368402,0.15078631556736805,0.47296952561107725,0.4729695256110772,5.551115123125783e-17,True,True,True,saddle,-1.5750124764778892,0.0,0.07981315778403056,0.0,1.6548256342426761,0.0,solution
delta,0.004515,False,linear,True,1,1,-,0.45,0.004515,1.5,1.0,0.5,2.0,0.34734148775138773,0.6526585122486123,0.3359952375366721,0.5796509618181204,0.06606235572728195,0.1230947114545639,0.32632925612430613,0.32632925612430613,1.0258315344134331e-16,True,True,True,saddle,-1.0067919757812207,0.0,0.0660623557290212,0.0,1.072854331485374,0.0,solution
delta,0.004515,False,nonlinear,True,1,1,upper,0.45,0.004515,1.5,1.0,0.5,2.0,0.6163203747239177,0.38367962527608235,0.23772721297150762,0.4875727771025651,0.07987408343461525,0.15071816686923048,0.47293914084817473,0.47293914084817473,3.299127817761699e-17,True,True,True,saddle,-1.5751236563878175,0.0,0.07987408343496662,0.0,1.6549977398201896,0.0,solution
delta,0.0046099999999999995,False,linear,True,1,1,-,0.45,0.0046099999999999995,1.5,1.0,0.5,2.0,0.34751370083144284,0.6524862991685572,0.3360697837456159,0.5797152609217873,0.06611604419506524,0.12301208839013049,0.3262431495842786,0.3262431495842786,3.2647336032078244e-17,True,True,True,saddle,-1.0065677744008619,0.0,0.066116044194717,0.0,1.0726838186145966,0.0,solution
delta,0.0046099999999999995,False,nonlinear,True,1,1,upper,0.45,0.0046099999999999995,1.5,1.0,0.5,2.0,0.616385670411093,0.38361432958890695,0.2377428689219624,0.4875888318265323,0.07993500855935348,0.15065001711870699,0.47290875144592087,0.4729087514459208,2.5075022666672306e-16,True,True,True,saddle,-1.5752347928990889,0.0,0.07993500855922195,0.0,1.6551698014470118,0.0,solution
delta,0.004704999999999999,False,linear,True,1,1,-,0.45,0.004704999999999999,1.5,1.0,0.5,2.0,0.34768582067597487,0.6523141793240251,0.3361443143871233,0.5797795394692049,0.06616973574628593,0.12292947149257187,0.32615708966201257,0.32615708966201257,0.0,True,True,True,saddle,-1.006343868438727,0.0,0.06616973574613677,0.0,1.0725136041714673,0.0,solution
delta,0.004704999999999999,False,nonlinear,True,1,1,upper,0.45,0.004704999999999999,1.5,1.0,0.5,2.0,0.6164509394189494,0.38354906058105065,0.23775852880301168,0.48760489005239854,0.07999593315880689,0.15058186631761375,0.4728783574168883,0.4728783574168884,1.1102230246251565e-16,True,True,True,saddle,-1.5753458861345568,0.0,0.07999593315808312,0.0,1.65534181930493,0.0,solution
delta,0.0048,False,linear,True,1,1,-,0.45,0.0048,1.5,1.0,0.5,2.0,0.3478578473636287,0.6521421526363713,0.3362188294659741,0.5798437974713312,0.06622343037930033,0.12284686075860064,0.32607107631818566,0.32607107631818566,4.199376215088489e-17,True,True,True,saddle,-1.0061202570831542,0.0,0.06622343037884403,0.0,1.0723436874786159,0.0,solution
delta,0.0048,False,nonlinear,True,1,1,upper,0.45,0.0048,1.5,1.0,0.5,2.0,0.6165161817653851,0.38348381823461486,0.23777419260909652,0.4876209517741178,0.08005685723388233,0.15051371446776465,0.4728479587736315,0.47284795877363145,5.551115123125783e-17,True,True,True,saddle,-1.5754569360914323,0.0,0.08005685723412076,0.0,1.6555137933168171,0.0,solution
delta,0.004895,False,linear,True,1,1,-,0.45,0.004895,1.5,1.0,0.5,2.0,0.34802978097295767,0.6519702190270423,0.3362933289869458,0.579908034939115,0.06627712809246608,0.12276425618493216,0.32598510951352117,0.32598510951352117,9.334014921728745e-18,True,True,True,saddle,-1.0058969398995732,0.0,0.06627712809397034,0.0,1.0721740679726386,0.0,solution
delta,0.004895,False,nonlinear,True,1,1,upper,0.45,0.004895,1.5,1.0,0.5,2.0,0.6165813974682826,0.38341860253171745,0.23778986033466606,0.48763701698565304,0.08011778078548538,0.15044556157097078,0.47281755552868465,0.47281755552868465,3.6629969192775075e-16,True,True,True,saddle,-1.5755679427910407,0.0,0.08011778078537636,0.0,1.6556857235807478,0.0,solution
delta,0.00499,False,linear,True,1,1,-,0.45,0.00499,1.5,1.0,0.5,2.0,0.34820162158242307,0.6517983784175769,0.33636781295481366,0.5799722518834963,0.06633082888414221,0.12268165776828444,0.32589918920878846,0.32589918920878846,9.205251683705758e-19,True,True,True,saddle,-1.0056739161452923,0.0,0.06633082888488796,0.0,1.0720047450471382,0.0,solution
delta,0.00499,False,nonlinear,True,1,1,upper,0.45,0.00499,1.5,1.0,0.5,2.0,0.6166465865455076,0.38335341345449236,0.23780553197417725,0.48765308568097593,0.08017870381452027,0.15037740762904053,0.4727871476945628,0.4727871476945628,1.980128827357241e-17,True,True,True,saddle,-1.5756789062968994,0.0,0.08017870381406257,0.0,1.6558576100981077,0.0,solution
delta,0.005084999999999999,False,linear,True,1,1,-,0.45,0.005084999999999999,1.5,1.0,0.5,2.0,0.34837336927039486,0.6516266307296051,0.33644228137435056,0.5800364483154059,0.06638453275268912,0.12259906550537823,0.32581331536480257,0.32581331536480257,1.400722377147073e-17,True,True,True,saddle,-1.0054511853857127,0.0,0.0663845327544363,0.0,1.0718357180995124,0.0,solution
delta,0.005084999999999999,False,nonlinear,True,1,1,upper,0.45,0.005084999999999999,1.5,1.0,0.5,2.0,0.6167117490149079,0.3832882509850921,0.23782120752209432,0.4876691578540664,0.08023962632189006,0.1503092526437801,0.4727567352837623,0.4727567352837623,1.0891426438826446e-16,True,True,True,saddle,-1.5757898265753425,0.0,0.08023962632142013,0.0,1.6560294528705366,0.0,solution
delta,0.00518,False,linear,True,1,1,-,0.45,0.00518,1.5,1.0,0.5,2.0,0.3485450241151514,0.6514549758848486,0.336516734250327,0.5801006242457657,0.06643823969646849,0.12251647939293697,0.3257274879424243,0.3257274879424243,2.335053915852363e-17,True,True,True,saddle,-1.0052287469472059,0.0,0.06643823969737828,0.0,1.0716669866100443,0.0,solution
delta,0.00518,False,nonlinear,True,1,1,upper,0.45,0.00518,1.5,1.0,0.5,2.0,0.6167768848943151,0.38322311510568485,0.23783688697288952,0.48768523349891324,0.08030054830849635,0.1502410966169927,0.4727263183087598,0.4727263183087597,2.5415003847163016e-16,True,True,True,saddle,-1.5759007036705746,0.0,0.08030054830834266,0.0,1.6562012519633336,0.0,solution
delta,0.005274999999999999,False,linear,True,1,1,-,0.45,0.005274999999999999,1.5,1.0,0.5,2.0,0.3487165861948799,0.6512834138051201,0.33659117158751145,0.5801647796854885,0.0664919497138434,0.12243389942768679,0.32564170690256006,0.32564170690256006,4.67114085727515e-17,True,True,True,saddle,-1.0050066001779534,0.0,0.0664919497167221,0.0,1.0714985498691203,0.0,solution
delta,0.005274999999999999,False,nonlinear,True,1,1,upper,0.45,0.005274999999999999,1.5,1.0,0.5,2.0,0.6168419942015444,0.3831580057984556,0.2378525703210428,0.4877013126095139,0.0803614697752396,0.15017293955047917,0.47269589678201246,0.4726958967820125,5.551115123125783e-17,True,True,True,saddle,-1.5760115376667836,0.0,0.08036146977472515,0.0,1.656373007455037,0.0,solution
delta,0.00537,False,linear,True,1,1,-,0.45,0.00537,1.5,1.0,0.5,2.0,0.34888805558767644,0.6511119444123236,0.33666559339066976,0.5802289146454783,0.06654566280317825,0.12235132560635649,0.3255559722061618,0.3255559722061618,1.8688694669070625e-17,True,True,True,saddle,-1.0047847445876943,0.0,0.06654566280460414,0.0,1.0713304073576264,0.0,solution
delta,0.00537,False,nonlinear,True,1,1,upper,0.45,0.00537,1.5,1.0,0.5,2.0,0.616907076954393,0.38309292304560705,0.23786825756104144,0.48771739517987406,0.08042239072301889,0.15010478144603778,0.4726654707159592,0.47266547071595927,5.551115123125783e-17,True,True,True,saddle,-1.576122328535829,0.0,0.08042239072277793,0.0,1.6565447192408222,0.0,solution
delta,0.005464999999999999,False,linear,True,1,1,-,0.45,0.005464999999999999,1.5,1.0,0.5,2.0,0.3490594323715459,0.6509405676284541,0.33673999966456575,0.5802930291366301,0.06659937896283882,0.12226875792567765,0.32547028381422705,0.32547028381422705,6.542488766447696e-17,True,True,True,saddle,-1.004563179523982,0.0,0.06659937896358209,0.0,1.0711625585140117,0.0,solution
delta,0.005464999999999999,False,nonlinear,True,1,1,upper,0.45,0.005464999999999999,1.5,1.0,0.5,2.0,0.616972133170642,0.38302786682935797,0.2378839486873807,0.4877334812040083,0.08048331115273209,0.1500366223054642,0.4726350401230191,0.47263504012301916,5.551115123125783e-17,True,True,True,saddle,-1.5762330763494312,0.0,0.08048331115283357,0.0,1.656716387495992,0.0,solution
delta,0.00556,False,linear,True,1,1,-,0.45,0.00556,1.5,1.0,0.5,2.0,0.3492307166244024,0.6507692833755976,0.3368143904139607,0.5803571231698296,0.06665309819119224,0.12218619638238447,0.3253846416877988,0.3253846416877988,1.0750748873801642e-16,True,True,True,saddle,-1.0043419044507862,0.0,0.06665309819117135,0.0,1.0709950026755264,0.0,solution
delta,0.00556,False,nonlinear,True,1,1,upper,0.45,0.00556,1.5,1.0,0.5,2.0,0.6170371628680559,0.3829628371319441,0.23789964369456346,0.48774957067593966,0.08054423106527572,0.14996846213055146,0.47260460501559226,0.4726046050155923,9.904562324243448e-17,True,True,True,saddle,-1.5763437811219254,0.0,0.0805442310654396,0.0,1.6568880121757656,0.0,solution
delta,0.0056549999999999994,False,linear,True,1,1,-,0.45,0.0056549999999999994,1.5,1.0,0.5,2.0,0.3494019084240694,0.6505980915759306,0.3368887656436138,0.5804211967559539,0.06670682048660691,0.12210364097321381,0.3252990457879653,0.3252990457879653,1.0753122850208793e-16,True,True,True,saddle,-1.0041209187813762,0.0,0.06670682048580581,0.0,1.070827739294239,0.0,solution
delta,0.0056549999999999994,False,nonlinear,True,1,1,upper,0.45,0.0056549999999999994,1.5,1.0,0.5,2.0,0.6171021660643817,0.38289783393561827,0.23791534257709987,0.48776566358969947,0.08060515046154508,0.14990030092309017,0.47257416540606006,0.47257416540605995,1.1102230246251565e-16,True,True,True,saddle,-1.5764544428513256,0.0,0.08060515046162207,0.0,1.6570595932977839,0.0,solution
delta,0.00575,False,linear,True,1,1,-,0.45,0.00575,1.5,1.0,0.5,2.0,0.34957300784827927,0.6504269921517207,0.3369631253582819,0.5804852499058714,0.06676054584745263,0.12202109169490526,0.32521349607586036,0.32521349607586036,3.273411926946153e-17,True,True,True,saddle,-1.0039002219248199,0.0,0.06676054584635294,0.0,1.0706607677993962,0.0,solution
delta,0.00575,False,nonlinear,True,1,1,upper,0.45,0.00575,1.5,1.0,0.5,2.0,0.6171671427773505,0.3828328572226495,0.2379310453295082,0.487781759939328,0.08066606934243413,0.1498321386848683,0.4725437213067839,0.4725437213067839,3.301956559974398e-18,True,True,True,saddle,-1.5765650616263591,0.0,0.08066606934269588,0.0,1.6572311309305048,0.0,solution
delta,0.0058449999999999995,False,linear,True,1,1,-,0.45,0.0058449999999999995,1.5,1.0,0.5,2.0,0.3497440149746749,0.6502559850253251,0.3370374695627195,0.5805492826304409,0.06681427427210053,0.12193854854420107,0.32512799251266256,0.32512799251266256,4.2096010372867303e-17,True,True,True,saddle,-1.0036798133023306,0.0,0.06681427427265982,0.0,1.070494087593937,0.0,solution
delta,0.0058449999999999995,False,nonlinear,True,1,1,upper,0.45,0.0058449999999999995,1.5,1.0,0.5,2.0,0.6172320930246761,0.3827679069753239,0.23794675194631396,0.4877978597188737,0.08072698770883562,0.14976397541767125,0.4725132727301075,0.4725132727301074,1.1102230246251565e-16,True,True,True,saddle,-1.576675637358809,0.0,0.08072698770944985,0.0,1.657402625034684,0.0,solution
delta,0.00594,False,linear,True,1,1,-,0.45,0.00594,1.5,1.0,0.5,2.0,0.34991492988080786,0.6500850701191921,0.3371117982616789,0.5806132949405128,0.06686800575892309,0.12185601151784616,0.32504253505959607,0.32504253505959607,2.3391830018931672e-17,True,True,True,saddle,-1.0034596923715233,0.0,0.06686800575925163,0.0,1.070327698104345,0.0,solution
delta,0.00594,False,nonlinear,True,1,1,upper,0.45,0.00594,1.5,1.0,0.5,2.0,0.6172970168240555,0.38270298317594453,0.23796246242205035,0.48781396292239354,0.08078790556164096,0.14969581112328192,0.4724828196883544,0.4724828196883545,1.552124503067571e-16,True,True,True,saddle,-1.5767861701957226,0.0,0.08078790556171832,0.0,1.6575740757385797,0.0,solution
delta,0.0060349999999999996,False,linear,True,1,1,-,0.45,0.0060349999999999996,1.5,1.0,0.5,2.0,0.3500857526441401,0.6499142473558599,0.3371861114599101,0.5806772868469285,0.06692174030629405,0.1217734806125881,0.32495712367792995,0.32495712367792995,1.1230553535798497e-16,True,True,True,saddle,-1.003239858389022,0.0,0.0669217403055474,0.0,1.0701615987357809,0.0,solution
delta,0.0060349999999999996,False,nonlinear,True,1,1,upper,0.45,0.0060349999999999996,1.5,1.0,0.5,2.0,0.6173619141931698,0.38263808580683023,0.2379781767512582,0.4878300695439532,0.08084882290174038,0.14962764580348067,0.47245236219382997,0.47245236219383013,1.6653345369377348e-16,True,True,True,saddle,-1.5768966601349008,0.0,0.08084882290227789,0.0,1.6577454830169265,0.0,solution
delta,0.006129999999999999,False,linear,True,1,1,-,0.45,0.006129999999999999,1.5,1.0,0.5,2.0,0.35025648334204296,0.649743516657957,0.33726040916216066,0.5807412583605204,0.06697547791258861,0.12169095582517724,0.3248717583289785,0.3248717583289785,4.2123855548962335e-17,True,True,True,saddle,-1.0030203109870168,0.0,0.06697547791279125,0.0,1.0699957889339802,0.0,solution
delta,0.006129999999999999,False,nonlinear,True,1,1,upper,0.45,0.006129999999999999,1.5,1.0,0.5,2.0,0.6174267851496823,0.3825732148503177,0.23799389492848563,0.4878461795776263,0.0809097397300227,0.14955947946004544,0.4724219002588207,0.4724219002588207,4.9542431600592195e-17,True,True,True,saddle,-1.5770071071554004,0.0,0.08090973972980119,0.0,1.6579168468879983,0.0,solution
delta,0.006225,False,linear,True,1,1,-,0.45,0.006225,1.5,1.0,0.5,2.0,0.3504271220517986,0.6495728779482014,0.3373346913731761,0.580805209492112,0.0670292185761832,0.1216084371523664,0.3247864389741007,0.3247864389741007,9.831064460892185e-17,True,True,True,saddle,-1.0028010495367115,0.0,0.06702921857699232,0.0,1.0698302680928327,0.0,solution
delta,0.006225,False,nonlinear,True,1,1,upper,0.45,0.006225,1.5,1.0,0.5,2.0,0.6174916297112405,0.3825083702887595,0.23800961694828876,0.4878622930174956,0.08097065604737565,0.1494913120947513,0.47239143389559346,0.4723914338955935,1.2881883144887448e-16,True,True,True,saddle,-1.577117511409324,0.0,0.08097065604760187,0.0,1.658088167424792,0.0,solution
delta,0.006319999999999999,False,linear,True,1,1,-,0.45,0.006319999999999999,1.5,1.0,0.5,2.0,0.35059766885059895,0.649402331149401,0.3374089580976996,0.5808691402525181,0.06708296229545561,0.12152592459091123,0.3247011655747005,0.3247011655747005,7.960232872390579e-17,True,True,True,saddle,-1.0025820733646458,0.0,0.06708296229518505,0.0,1.0696650356895459,0.0,solution
delta,0.006319999999999999,False,nonlinear,True,1,1,upper,0.45,0.006319999999999999,1.5,1.0,0.5,2.0,0.6175564478954751,0.38244355210452485,0.2380253428052309,0.48787840985765185,0.08103157185468556,0.14942314370937113,0.472360963116397,0.47236096311639686,1.6653345369377348e-16,True,True,True,saddle,-1.5772278728083555,0.0,0.08103157185471424,0.0,1.6582594446306946,0.0,solution
delta,0.006415,False,linear,True,1,1,-,0.45,0.006415,1.5,1.0,0.5,2.0,0.35076812381554634,0.6492318761844537,0.337483209340472,0.5809330506525446,0.06713670906878498,0.12144341813756994,0.32461593809222683,0.32461593809222683,3.2784642575491076e-17,True,True,True,saddle,-1.0023633820343776,0.0,0.06713670907129426,0.0,1.0695000910802668,0.0,solution
delta,0.006415,False,nonlinear,True,1,1,upper,0.45,0.006415,1.5,1.0,0.5,2.0,0.61762123972,0.38237876027999995,0.23804107249388304,0.48789453009219425,0.08109248715283753,0.14935497430567507,0.47233048793346066,0.47233048793346055,1.1102230246251565e-16,True,True,True,saddle,-1.577338191364278,0.0,0.08109248715324921,0.0,1.65843067848322,0.0,solution
delta,0.006509999999999999,False,linear,True,1,1,-,0.45,0.006509999999999999,1.5,1.0,0.5,2.0,0.35093848702365327,0.6490615129763467,0.3375574451062318,0.5809969407029884,0.06719045889455175,0.1213609177891035,0.32453075648817337,0.32453075648817337,6.558370834585166e-17,True,True,True,saddle,-1.0021449748757412,0.0,0.06719045889643131,0.0,1.0693354337325311,0.0,solution
delta,0.006509999999999999,False,nonlinear,True,1,1,upper,0.45,0.006509999999999999,1.5,1.0,0.5,2.0,0.6176860052024125,0.38231399479758754,0.23805680600882353,0.48791065371523046,0.08115340194271543,0.1492868038854309,0.4723000083589955,0.4723000083589955,2.2134802327976568e-16,True,True,True,saddle,-1.5774484672372842,0.0,0.08115340194248581,0.0,1.658601869152091,0.0,solution
delta,0.006605,False,linear,True,1,1,-,0.45,0.006605,1.5,1.0,0.5,2.0,0.3511087585518431,0.6488912414481569,0.33763166539971534,0.5810608104146375,0.06724421177113771,0.12127842354227542,0.32444562072407845,0.32444562072407845,1.499385795077203e-16,True,True,True,saddle,-1.0019268513375512,0.0,0.06724421177087386,0.0,1.0691710631132816,0.0,solution
delta,0.006605,False,nonlinear,True,1,1,upper,0.45,0.006605,1.5,1.0,0.5,2.0,0.6177507443602938,0.38224925563970624,0.23807254334463843,0.48792678072087664,0.08121431622520185,0.14921863245040365,0.4722695244051935,0.4722695244051935,9.911760718210805e-18,True,True,True,saddle,-1.5775587003292186,0.0,0.08121431622555407,0.0,1.658773016542181,0.0,solution
delta,0.006699999999999999,False,linear,True,1,1,-,0.45,0.006699999999999999,1.5,1.0,0.5,2.0,0.3512789384769506,0.6487210615230494,0.3377058702256568,0.5811246597982715,0.06729796769692593,0.12119593539385187,0.3243605307615247,0.3243605307615247,5.1552714492894904e-17,True,True,True,saddle,-1.0017090108771702,0.0,0.06729796769732359,0.0,1.069006978584505,0.0,solution
delta,0.006699999999999999,False,nonlinear,True,1,1,upper,0.45,0.006699999999999999,1.5,1.0,0.5,2.0,0.6178154572112078,0.3821845427887922,0.23808828449592107,0.4879429111032571,0.0812752300011781,0.14915046000235618,0.472239036084228,0.4722390360842281,1.1102230246251565e-16,True,True,True,saddle,-1.5776688907288734,0.0,0.08127523000167701,0.0,1.658944120699006,0.0,solution
delta,0.006795,False,linear,True,1,1,-,0.45,0.006795,1.5,1.0,0.5,2.0,0.3514490268757202,0.6485509731242798,0.3377800595887879,0.5811884888646607,0.0673517266703009,0.1211134533406018,0.3242754865621399,0.3242754865621399,1.0312807983905067e-16,True,True,True,saddle,-1.0014914529751033,0.0,0.06735172667020246,0.0,1.0688431796685856,0.0,solution
delta,0.006795,False,nonlinear,True,1,1,upper,0.45,0.006795,1.5,1.0,0.5,2.0,0.6178801437727022,0.3821198562272978,0.23810402945727227,0.4879590448565046,0.08133614327152432,0.14908228654304864,0.472208543408254,0.47220854340825413,2.808703617444583e-16,True,True,True,saddle,-1.577779038423424,0.0,0.0813361432717968,0.0,1.6591151816982344,0.0,solution
delta,0.006889999999999999,False,linear,True,1,1,-,0.45,0.006889999999999999,1.5,1.0,0.5,2.0,0.35161902382480825,0.6483809761751917,0.33785423349383814,0.581252297624567,0.06740548868964828,0.12103097737929658,0.3241904880875959,0.3241904880875959,2.3443346811996428e-17,True,True,True,saddle,-1.0012741770124658,0.0,0.06740548869023978,0.0,1.0686796657266115,0.0,solution
delta,0.006889999999999999,False,nonlinear,True,1,1,upper,0.45,0.006889999999999999,1.5,1.0,0.5,2.0,0.6179448040623089,0.3820551959376911,0.23811977822330055,0.4879751819747604,0.08139705603711926,0.14901411207423854,0.47217804638940714,0.47217804638940714,6.939609085556286e-17,True,True,True,saddle,-1.5778891435165108,0.0,0.08139705603733427,0.0,1.6592861995544235,0.0,solution
delta,0.006985,False,linear,True,1,1,-,0.45,0.006985,1.5,1.0,0.5,2.0,0.35178892940078177,0.6482110705992182,0.3379283919455348,0.581316086088743,0.06745925375335522,0.12094850750671045,0.3241055352996091,0.3241055352996091,1.4069095552968263e-17,True,True,True,saddle,-1.001057182482801,0.0,0.06745925375368911,0.0,1.0685164361997357,0.0,solution
delta,0.006985,False,nonlinear,True,1,1,upper,0.45,0.006985,1.5,1.0,0.5,2.0,0.6180094380975422,0.38199056190245784,0.23813553078862168,0.487991322452174,0.08145796829884057,0.14894593659768113,0.4721475450398047,0.4721475450398047,7.601027041307243e-17,True,True,True,saddle,-1.5779992059620467,0.0,0.08145796829888594,0.0,1.6594571742297017,0.0,solution
delta,0.0070799999999999995,False,linear,True,1,1,-,0.45,0.0070799999999999995,1.5,1.0,0.5,2.0,0.35195874368011926,0.6480412563198807,0.3380025349486029,0.5813798542679329,0.06751302185981006,0.12086604371962012,0.32402062815994037,0.32402062815994037,1.8762909834080404e-17,True,True,True,saddle,-1.0008404686860708,0.0,0.06751302185933035,0.0,1.068353490554972,0.0,solution
delta,0.0070799999999999995,False,nonlinear,True,1,1,upper,0.45,0.0070799999999999995,1.5,1.0,0.5,2.0,0.6180740458959003,0.3819259541040997,0.2381512871478588,0.4880074662829031,0.08151888005756454,0.1488777601151291,0.47211703937154564,0.47211703937154564,2.7431608142325757e-16,True,True,True,saddle,-1.5781092258035758,0.0,0.0815188800582581,0.0,1.6596281058697937,0.0,solution
delta,0.007174999999999999,False,linear,True,1,1,-,0.45,0.007174999999999999,1.5,1.0,0.5,2.0,0.3521284667392105,0.6478715332607895,0.33807666250776514,0.581443602172872,0.06756679300740252,0.12078358601480506,0.32393576663039475,0.32393576663039475,4.222580566551179e-17,True,True,True,saddle,-1.0006240352318703,0.0,0.06756679300798542,0.0,1.0681908282158084,0.0,solution
delta,0.007174999999999999,False,nonlinear,True,1,1,upper,0.45,0.007174999999999999,1.5,1.0,0.5,2.0,0.6181386274748657,0.3818613725251343,0.2381670472956428,0.488023613461114,0.08157979131416625,0.14880958262833247,0.4720865293967097,0.4720865293967098,1.1102230246251565e-16,True,True,True,saddle,-1.5782192031187572,0.0,0.08157979131406363,0.0,1.6597989944118876,0.0,solution
delta,0.0072699999999999996,False,linear,True,1,1,-,0.45,0.0072699999999999996,1.5,1.0,0.5,2.0,0.352298098654357,0.647701901345643,0.33815077462774207,0.5815073298142871,0.0676205671945236,0.12070113438904721,0.3238509506728215,0.3238509506728215,3.284949288132325e-17,True,True,True,saddle,-1.0004078814565625,0.0,0.06762056719596811,0.0,1.068028448631698,0.0,solution
delta,0.0072699999999999996,False,nonlinear,True,1,1,upper,0.45,0.0072699999999999996,1.5,1.0,0.5,2.0,0.6182031828519031,0.3817968171480969,0.23818281122661145,0.4880397639809808,0.08164070206951955,0.1487414041390391,0.4720560151273592,0.4720560151273591,1.619670751699104e-16,True,True,True,saddle,-1.578329137914419,0.0,0.08164070206976501,0.0,1.6599698399765677,0.0,solution
delta,0.007364999999999999,False,linear,True,1,1,-,0.45,0.007364999999999999,1.5,1.0,0.5,2.0,0.35246763950177185,0.6475323604982282,0.33822487131325185,0.5815710372028957,0.06767434441956564,0.12061868883913128,0.3237661802491141,0.3237661802491141,4.2244316958695944e-17,True,True,True,saddle,-1.0001920068168524,0.0,0.06767434441998983,0.0,1.0678663512617033,0.0,solution
delta,0.007364999999999999,False,nonlinear,True,1,1,upper,0.45,0.007364999999999999,1.5,1.0,0.5,2.0,0.6182677120444622,0.3817322879555378,0.23819857893541044,0.48805591783668645,0.08170161232449703,0.14867322464899405,0.47202549657553633,0.47202549657553633,4.958504001882853e-17,True,True,True,saddle,-1.578439030155223,0.0,0.08170161232467663,0.0,1.660140642469269,0.0,solution
delta,0.00746,False,linear,True,1,1,-,0.45,0.00746,1.5,1.0,0.5,2.0,0.35263708935757987,0.6473629106424201,0.3382989525690106,0.581634724349407,0.06772812468092228,0.12053624936184458,0.32368145532121007,0.32368145532121007,4.6948410793586165e-18,True,True,True,saddle,-0.9999764107884636,0.0,0.06772812468012868,0.0,1.067704535507006,0.0,solution
delta,0.00746,False,nonlinear,True,1,1,upper,0.45,0.00746,1.5,1.0,0.5,2.0,0.6183322150699753,0.38166778493002473,0.23821435041669256,0.48807207502242184,0.08176252207997005,0.1486050441599401,0.4719949737532662,0.4719949737532662,3.3058882078592167e-18,True,True,True,saddle,-1.578548879964297,0.0,0.0817625220802353,0.0,1.6603114020205185,0.0,solution
delta,0.007554999999999999,False,linear,True,1,1,-,0.45,0.007554999999999999,1.5,1.0,0.5,2.0,0.35280644829781793,0.6471935517021821,0.33837301839973194,0.5816983912645212,0.0677819079769885,0.12045381595397699,0.32359677585109103,0.32359677585109103,9.861324793406471e-17,True,True,True,saddle,-0.9997610928312753,0.0,0.06778190797604963,0.0,1.067543000825928,0.0,solution
delta,0.007554999999999999,False,nonlinear,True,1,1,upper,0.45,0.007554999999999999,1.5,1.0,0.5,2.0,0.6183966919458587,0.38160330805414133,0.23823012566511798,0.48808823553238606,0.08182343133680875,0.14853686267361751,0.47196444667255494,0.4719644466725549,1.4546871387001714e-16,True,True,True,saddle,-1.5786586872616075,0.0,0.08182343133706793,0.0,1.6604821185716976,0.0,solution
delta,0.00765,False,linear,True,1,1,-,0.45,0.00765,1.5,1.0,0.5,2.0,0.35297571639843495,0.647024283601565,0.3384470688101274,0.5817620379589299,0.06783569430616053,0.12037138861232105,0.3235121418007825,0.3235121418007825,7.984724228710336e-17,True,True,True,saddle,-0.9995460524054934,0.0,0.06783569430663737,0.0,1.06738174667949,0.0,solution
delta,0.00765,False,nonlinear,True,1,1,upper,0.45,0.00765,1.5,1.0,0.5,2.0,0.6184611426895126,0.3815388573104874,0.2382459046753545,0.48810439936078687,0.08188434009588198,0.14846868019176396,0.4719339153453899,0.47193391534538986,5.551115123125783e-17,True,True,True,saddle,-1.5787684522092835,0.0,0.08188434009533248,0.0,1.6606527922923104,0.0,solution
delta,0.007744999999999999,False,linear,True,1,1,-,0.45,0.007744999999999999,1.5,1.0,0.5,2.0,0.3531448937352921,0.6468551062647079,0.33852110380490624,0.5818256644433161,0.06788948366683593,0.12028896733367185,0.32342755313235394,0.32342755313235394,1.409377214121486e-17,True,True,True,saddle,-0.9993312888500878,0.0,0.06788948366628056,0.0,1.0672207725400245,0.0,solution
delta,0.007744999999999999,False,nonlinear,True,1,1,upper,0.45,0.007744999999999999,1.5,1.0,0.5,2.0,0.6185255673183204,0.3814744326816796,0.23826168744207676,0.48812056650183955,0.0819452483580574,0.1484004967161148,0.4719033797837407,0.4719033797837406,1.1102230246251565e-16,True,True,True,saddle,-1.5788781747142948,0.0,0.08194524835759968,0.0,1.6608234230691383,0.0,solution
delta,0.00784,False,linear,True,1,1,-,0.45,0.00784,1.5,1.0,0.5,2.0,0.3533139803841625,0.6466860196158375,0.3385951233887754,0.5818892707283537,0.06794327605741361,0.12020655211482723,0.32334300980791875,0.32334300980791875,2.3494756375750894e-17,True,True,True,saddle,-0.9991168017369557,0.0,0.06794327605663314,0.0,1.067060077828751,0.0,solution
delta,0.00784,False,nonlinear,True,1,1,upper,0.45,0.00784,1.5,1.0,0.5,2.0,0.6185899658496495,0.38141003415035046,0.23827747395996726,0.4881367369497683,0.08200615612420142,0.14833231224840285,0.4718728399995579,0.4718728399995579,1.9840585337990762e-16,True,True,True,saddle,-1.5789878548704996,0.0,0.08200615612417267,0.0,1.6609940110032655,0.0,solution
delta,0.007935,False,linear,True,1,1,-,0.45,0.007935,1.5,1.0,0.5,2.0,0.35348297642073223,0.6465170235792678,0.3386691275664397,0.5819528568247085,0.06799707147629372,0.12012414295258744,0.3232585117896339,0.3232585117896339,4.699978289424696e-17,True,True,True,saddle,-0.9989025905170995,0.0,0.06799707147825267,0.0,1.0668996619571636,0.0,solution
delta,0.007935,False,nonlinear,True,1,1,upper,0.45,0.007935,1.5,1.0,0.5,2.0,0.6186543383008514,0.38134566169914863,0.23829326422371555,0.48815291069880506,0.08206706339517923,0.14826412679035847,0.4718422960047743,0.47184229600477423,5.551115123125783e-17,True,True,True,saddle,-1.579097492655505,0.0,0.08206706339550442,0.0,1.6611645560384098,0.0,solution
delta,0.008029999999999999,False,linear,True,1,1,-,0.45,0.008029999999999999,1.5,1.0,0.5,2.0,0.35365188192059993,0.6463481180794001,0.33874311634260174,0.5820164227430371,0.06805086992187777,0.12004173984375553,0.32317405903970003,0.32317405903970003,2.3505025449802163e-17,True,True,True,saddle,-0.9986886545731162,0.0,0.06805086992284123,0.0,1.0667395244633446,0.0,solution
delta,0.008029999999999999,False,nonlinear,True,1,1,upper,0.45,0.008029999999999999,1.5,1.0,0.5,2.0,0.6187186846892602,0.38128131531073983,0.23830905822801857,0.48816908774319023,0.0821279701718548,0.1481959403437096,0.4718117478113039,0.471811747811304,1.1102230246251565e-16,True,True,True,saddle,-1.5792070881786342,0.0,0.08212797017223925,0.0,1.6613350583211353,0.0,solution
delta,0.008125,False,linear,True,1,1,-,0.45,0.008125,1.5,1.0,0.5,2.0,0.35382069695927665,0.6461793030407234,0.3388170897219616,0.5820799684939876,0.06810467139256854,0.11995934278513708,0.3230896515203617,0.3230896515203617,5.642438012187139e-17,True,True,True,saddle,-0.9984749933951095,0.0,0.0681046713947323,0.0,1.066579664757248,0.0,solution
delta,0.008125,False,nonlinear,True,1,1,upper,0.45,0.008125,1.5,1.0,0.5,2.0,0.6187830050321947,0.38121699496780526,0.2383248559675804,0.4881852680771721,0.08218887645509086,0.1481277529101817,0.4717811954310432,0.4717811954310432,1.8852304148542336e-16,True,True,True,saddle,-1.5793166414206803,0.0,0.08218887645488213,0.0,1.6615055178657372,0.0,solution
delta,0.008219999999999998,False,linear,True,1,1,-,0.45,0.008219999999999998,1.5,1.0,0.5,2.0,0.35398942161218616,0.6460105783878138,0.33889104770921746,0.5821434940881994,0.06815847588677008,0.11987695177354017,0.3230052891939069,0.3230052891939069,2.3515290250382228e-17,True,True,True,saddle,-0.998261606405169,0.0,0.06815847588773424,0.0,1.0664200823210876,0.0,solution
delta,0.008219999999999998,False,nonlinear,True,1,1,upper,0.45,0.008219999999999998,1.5,1.0,0.5,2.0,0.6188472993469577,0.3811527006530423,0.23834065743711275,0.4882014516950075,0.08224978224574887,0.14805956449149774,0.4717506388758692,0.47175063887586927,8.269102674718113e-17,True,True,True,saddle,-1.579426152406447,0.0,0.08224978224596192,0.0,1.6616759346358965,0.0,solution
delta,0.008315,False,linear,True,1,1,-,0.45,0.008315,1.5,1.0,0.5,2.0,0.3541580559546661,0.6458419440453339,0.33896499030906513,0.5822069995363034,0.06821228340288783,0.11979456680577566,0.32292097202266695,0.32292097202266695,2.352042104893545e-17,True,True,True,saddle,-0.9980484931902474,0.0,0.06821228340274575,0.0,1.066260776553925,0.0,solution
delta,0.008315,False,nonlinear,True,1,1,upper,0.45,0.008315,1.5,1.0,0.5,2.0,0.6189115676508347,0.38108843234916534,0.23835646263133423,0.488217638590961,0.08231068754468918,0.14799137508937837,0.471720078157642,0.47172007815764194,5.551115123125783e-17,True,True,True,saddle,-1.57953562116036,0.0,0.08231068754490484,0.0,1.6618463087038537,0.0,solution
delta,0.008409999999999999,False,linear,True,1,1,-,0.45,0.008409999999999999,1.5,1.0,0.5,2.0,0.35432660006196615,0.6456733999380339,0.3390389175261982,0.5822704848489215,0.06826609393932843,0.11971218787865688,0.3228366999690169,0.3228366999690169,1.4115330468059055e-17,True,True,True,saddle,-0.9978356530710277,0.0,0.0682660939395672,0.0,1.0661017469790774,0.0,solution
delta,0.008409999999999999,False,nonlinear,True,1,1,upper,0.45,0.008409999999999999,1.5,1.0,0.5,2.0,0.6189758099610957,0.3810241900389043,0.238372271544971,0.48823382875930565,0.08237159235277082,0.14792318470554164,0.47168951328820236,0.47168951328820247,2.6133830449765903e-16,True,True,True,saddle,-1.5796450476907828,0.0,0.08237159235250573,0.0,1.6620166400343956,0.0,solution
delta,0.008504999999999999,False,linear,True,1,1,-,0.45,0.008504999999999999,1.5,1.0,0.5,2.0,0.3544950540092501,0.6455049459907499,0.339112829365308,0.5823339500366675,0.06831990749449987,0.11962981498899976,0.32275247299537496,0.32275247299537496,1.4118407666518007e-16,True,True,True,saddle,-0.9976230855442978,0.0,0.06831990749463482,0.0,1.065942993001958,0.0,solution
delta,0.008504999999999999,False,nonlinear,True,1,1,upper,0.45,0.008504999999999999,1.5,1.0,0.5,2.0,0.6190400262949951,0.3809599737050049,0.2383880841727563,0.4882500221943224,0.08243249667085163,0.14785499334170327,0.4716589442793737,0.47165894427937377,5.551115123125783e-17,True,True,True,saddle,-1.5797544320822345,0.0,0.08243249667141855,0.0,1.6621869287553586,0.0,solution
delta,0.0086,False,linear,True,1,1,-,0.45,0.0086,1.5,1.0,0.5,2.0,0.35466341787159394,0.645336582128406,0.33918672583108367,0.5823973951101461,0.06837372406681141,0.11954744813362284,0.322668291064203,0.322668291064203,7.531458253297788e-17,True,True,True,saddle,-0.9974107900462504,0.0,0.06837372406564782,0.0,1.065784514133523,0.0,solution
delta,0.0086,False,nonlinear,True,1,1,upper,0.45,0.0086,1.5,1.0,0.5,2.0,0.6191042166697699,0.3808957833302301,0.2384039005094307,0.48826621889030036,0.08249340049978827,0.14778680099957656,0.4716283711429612,0.471628371142961,1.6653345369377348e-16,True,True,True,saddle,-1.5798637743539485,0.0,0.08249340049973052,0.0,1.6623571748570443,0.0,solution
delta,0.008695,False,linear,True,1,1,-,0.45,0.008695,1.5,1.0,0.5,2.0,0.3548316917239891,0.6451683082760109,0.33926060692821214,0.5824608200799537,0.06842754365467361,0.11946508730934723,0.32258415413800545,0.32258415413800545,1.0828829443350173e-16,True,True,True,saddle,-0.9971987661695688,0.0,0.06842754365491302,0.0,1.0656263098323586,0.0,solution
delta,0.008695,False,nonlinear,True,1,1,upper,0.45,0.008695,1.5,1.0,0.5,2.0,0.619168381102642,0.38083161889735795,0.23841972054974206,0.4882824188415369,0.08255430384043613,0.14771860768087228,0.47159779389075096,0.4715977938907509,7.279224240173029e-17,True,True,True,saddle,-1.5799730745011864,0.0,0.08255430384039138,0.0,1.6625273783261065,0.0,solution
delta,0.00879,False,linear,True,1,1,-,0.45,0.00879,1.5,1.0,0.5,2.0,0.3549998756413385,0.6450001243586615,0.33933447266137806,0.5825242249566777,0.06848136625649835,0.1193827325129967,0.32250006217933075,0.32250006217933075,7.063817711206831e-17,True,True,True,saddle,-0.99698701328112,0.0,0.06848136625698942,0.0,1.065468379525262,0.0,solution
delta,0.00879,False,nonlinear,True,1,1,upper,0.45,0.00879,1.5,1.0,0.5,2.0,0.6192325196108166,0.3807674803891834,0.23843554428844513,0.48829862204233704,0.08261520669364945,0.14765041338729887,0.4715672125345124,0.47156721253451245,6.948811567899154e-17,True,True,True,saddle,-1.5800823325622968,0.0,0.0826152066934789,0.0,1.6626975392506622,0.0,solution
delta,0.008885,False,linear,True,1,1,-,0.45,0.008885,1.5,1.0,0.5,2.0,0.3551679696984599,0.6448320303015401,0.33940832303526386,0.5825876097508973,0.06853519187069874,0.11930038374139747,0.32241601515077006,0.32241601515077006,1.2717639055681746e-16,True,True,True,saddle,-0.996775530868056,0.0,0.06853519187136216,0.0,1.065310722695821,0.0,solution
delta,0.008885,False,nonlinear,True,1,1,upper,0.45,0.008885,1.5,1.0,0.5,2.0,0.6192966322114831,0.3807033677885169,0.23845137172030229,0.4883148284870144,0.08267610906028118,0.14758221812056233,0.47153662708599636,0.47153662708599625,1.1102230246251565e-16,True,True,True,saddle,-1.5801915485376499,0.0,0.08267610906024421,0.0,1.6628676575977082,0.0,solution
delta,0.008979999999999998,False,linear,True,1,1,-,0.45,0.008979999999999998,1.5,1.0,0.5,2.0,0.35533597397008543,0.6446640260299146,0.3394821580545499,0.5826509744731831,0.0685890204956892,0.1192180409913784,0.3223320130149573,0.3223320130149573,1.4133784062059918e-17,True,True,True,saddle,-0.9965643183354255,0.0,0.06858902049472104,0.0,1.065153338863267,0.0,solution
delta,0.008979999999999998,False,nonlinear,True,1,1,upper,0.45,0.008979999999999998,1.5,1.0,0.5,2.0,0.6193607189218149,0.3806392810781851,0.23846720284008288,0.4883310381698903,0.08273701094118312,0.14751402188236626,0.471506037556935,0.471506037556935,5.625975308234122e-17,True,True,True,saddle,-1.5803007224964143,0.0,0.0827370109415292,0.0,1.663037733415401,0.0,solution
delta,0.009075,False,linear,True,1,1,-,0.45,0.009075,1.5,1.0,0.5,2.0,0.35550388853086,0.64449611146914,0.33955597772391405,0.5827143191340969,0.06864285212988547,0.11913570425977094,0.32224805573457,0.32224805573457,9.424571615454904e-17,True,True,True,saddle,-0.9963533752974518,0.0,0.06864285212954634,0.0,1.0649962273952136,0.0,solution
delta,0.009075,False,nonlinear,True,1,1,upper,0.45,0.009075,1.5,1.0,0.5,2.0,0.6194247797589691,0.38057522024103085,0.23848303764256343,0.48834725108529425,0.08279791233720586,0.14744582467441175,0.47147544395904356,0.47147544395904345,1.1102230246251565e-16,True,True,True,saddle,-1.5804098544822,0.0,0.0827979123367478,0.0,1.6632077668255574,0.0,solution
delta,0.009169999999999998,False,linear,True,1,1,-,0.45,0.009169999999999998,1.5,1.0,0.5,2.0,0.3556717134553439,0.6443282865446561,0.3396297820480323,0.5827776437441919,0.06869668677170454,0.1190533735434091,0.32216414327232806,0.32216414327232806,1.8853240193907455e-17,True,True,True,saddle,-0.9961427011014024,0.0,0.06869668677392415,0.0,1.0648393878427653,0.0,solution
delta,0.009169999999999998,False,nonlinear,True,1,1,upper,0.45,0.009169999999999998,1.5,1.0,0.5,2.0,0.6194888147400868,0.38051118525991323,0.23849887612252774,0.48836346722756374,0.08285881324919878,0.14737762649839756,0.47144484630401845,0.47144484630401845,2.316885756661466e-16,True,True,True,saddle,-1.5805189445002932,0.0,0.082858813249299,0.0,1.6633777577159543,0.0,solution
delta,0.009264999999999999,False,linear,True,1,1,-,0.45,0.009264999999999999,1.5,1.0,0.5,2.0,0.35583944881801055,0.6441605511819894,0.33970357103157817,0.5828409483140131,0.0687505244195647,0.1189710488391294,0.3220802755909947,0.3220802755909947,5.657200891599682e-17,True,True,True,saddle,-0.9959322952206027,0.0,0.06875052441951529,0.0,1.0646828196663616,0.0,solution
delta,0.009264999999999999,False,nonlinear,True,1,1,upper,0.45,0.009264999999999999,1.5,1.0,0.5,2.0,0.6195528238822936,0.3804471761177064,0.23851471827476667,0.4883796865910443,0.08291971367801003,0.14730942735602004,0.47141424460353865,0.4714142446035386,5.551115123125783e-17,True,True,True,saddle,-1.5806279925514424,0.0,0.0829197136786185,0.0,1.6635477062039734,0.0,solution
delta,0.00936,False,linear,True,1,1,-,0.45,0.00936,1.5,1.0,0.5,2.0,0.3560070946932483,0.6439929053067517,0.33977734467922294,0.5829042328540966,0.06880436507188552,0.11888873014377101,0.32199645265337584,0.32199645265337584,9.90225157185787e-17,True,True,True,saddle,-0.9957221572225798,0.0,0.06880436507110105,0.0,1.064526522315277,0.0,solution
delta,0.00936,False,nonlinear,True,1,1,upper,0.45,0.00936,1.5,1.0,0.5,2.0,0.6196168072026984,0.3803831927973016,0.23853056409407827,0.48839590917008946,0.0829806136244866,0.14724122724897318,0.4713836388692649,0.47138363886926493,5.551115123125783e-17,True,True,True,saddle,-1.580736998662989,0.0,0.08298061362476121,0.0,1.6637176123005815,0.0,solution
delta,0.009454999999999998,False,linear,True,1,1,-,0.45,0.009454999999999998,1.5,1.0,0.5,2.0,0.3561746511553606,0.6438253488446394,0.33985110299563603,0.5829674973749703,0.0688582087270878,0.11880641745417558,0.3219126744223197,0.3219126744223197,1.4620782630237912e-16,True,True,True,saddle,-0.9955122865730585,0.0,0.06885820872794601,0.0,1.0643704952723194,0.0,solution
delta,0.009454999999999998,False,nonlinear,True,1,1,upper,0.45,0.009454999999999998,1.5,1.0,0.5,2.0,0.6196807647183943,0.3803192352816057,0.23854641357526762,0.4884121349590606,0.08304151308947426,0.14717302617894848,0.47135302911284055,0.4713530291128407,2.1518227314432641e-16,True,True,True,saddle,-1.5808459629158147,0.0,0.08304151308915408,0.0,1.6638874759830866,0.0,solution
delta,0.00955,False,linear,True,1,1,-,0.45,0.00955,1.5,1.0,0.5,2.0,0.3563421182785642,0.6436578817214358,0.33992484598548417,0.5830307418871531,0.0689120553835937,0.1187241107671874,0.3218289408607179,0.3218289408607179,8.019588301423951e-17,True,True,True,saddle,-0.9953026826155483,0.0,0.06891205538334663,0.0,1.0642147380139129,0.0,solution
delta,0.00955,False,nonlinear,True,1,1,upper,0.45,0.00955,1.5,1.0,0.5,2.0,0.6197446964464591,0.38025530355354087,0.2385622667131471,0.4884283639523273,0.08310241207381756,0.14710482414763518,0.47132241534589087,0.4713224153458907,1.6653345369377348e-16,True,True,True,saddle,-1.5809548852465072,0.0,0.08310241207436413,0.0,1.664057297330635,0.0,solution
delta,0.009645,False,linear,True,1,1,-,0.45,0.009645,1.5,1.0,0.5,2.0,0.3565094961369919,0.6434905038630081,0.3399985736534323,0.5830939664011558,0.06896590503982662,0.11864181007965324,0.32174525193150405,0.32174525193150405,1.2739755762329152e-16,True,True,True,saddle,-0.9950933449933356,0.0,0.06896590503903736,0.0,1.0640592500690242,0.0,solution
delta,0.009645,False,nonlinear,True,1,1,upper,0.45,0.009645,1.5,1.0,0.5,2.0,0.6198086024039539,0.38019139759604614,0.23857812350253618,0.4884445961442671,0.08316331057835995,0.14703662115671987,0.47129179758002265,0.4712917975800226,9.60171606330877e-17,True,True,True,saddle,-1.5810637658577675,0.0,0.08316331057862689,0.0,1.6642270764190732,0.0,solution
delta,0.009739999999999999,False,linear,True,1,1,-,0.45,0.009739999999999999,1.5,1.0,0.5,2.0,0.35667678480469045,0.6433232151953096,0.3400722860041428,0.5831571709274805,0.06901975769421125,0.1185595153884225,0.3216616075976548,0.3216616075976548,2.359725512241942e-17,True,True,True,saddle,-0.9948842731388979,0.0,0.06901975769441257,0.0,1.0639040307925156,0.0,solution
delta,0.009739999999999999,False,nonlinear,True,1,1,upper,0.45,0.009739999999999999,1.5,1.0,0.5,2.0,0.6198724826079242,0.38012751739207584,0.23859398393826128,0.4884608315292653,0.08322420860394354,0.1469684172078871,0.4712611758268259,0.47126117582682586,5.551115123125783e-17,True,True,True,saddle,-1.5811726046032737,0.0,0.0832242086037064,0.0,1.6643968131912086,0.0,solution
delta,0.009835,False,linear,True,1,1,-,0.45,0.009835,1.5,1.0,0.5,2.0,0.3568439843556228,0.6431560156443772,0.3401459830422763,0.5832203554766211,0.06907361334517349,0.11847722669034699,0.3215780078221886,0.3215780078221886,1.9353942482998774e-16,True,True,True,saddle,-0.9946754664456917,0.0,0.06907361334516426,0.0,1.0637490798213816,0.0,solution
delta,0.009835,False,nonlinear,True,1,1,upper,0.45,0.009835,1.5,1.0,0.5,2.0,0.6199363370753994,0.3800636629246006,0.23860984801515595,0.48847707010171515,0.0832851061514094,0.14690021230281877,0.47123055009787224,0.47123055009787235,1.1102230246251565e-16,True,True,True,saddle,-1.5812814015554066,0.0,0.08328510615174377,0.0,1.6645665076996856,0.0,solution
delta,0.009929999999999998,False,linear,True,1,1,-,0.45,0.009929999999999998,1.5,1.0,0.5,2.0,0.35701109486366533,0.6429889051363347,0.3402196647724907,0.5832835200590625,0.06912747199114062,0.11839494398228127,0.32149445256816733,0.32149445256816733,1.416448894727518e-17,True,True,True,saddle,-0.9944669244906973,0.0,0.06912747198993066,0.0,1.0635943965079195,0.0,solution
delta,0.009929999999999998,False,nonlinear,True,1,1,upper,0.45,0.009929999999999998,1.5,1.0,0.5,2.0,0.6200001658233936,0.37999983417660643,0.23862571572806093,0.4884933118560181,0.08334600322159728,0.14683200644319458,0.47119992040471603,0.4711999204047161,5.551115123125783e-17,True,True,True,saddle,-1.5813901567702644,0.0,0.08334600322155597,0.0,1.6647361599949155,0.0,solution
delta,0.01,True,linear,True,1,1,-,0.45,0.01,1.5,1.0,0.5,2.0,0.3571341719877207,0.6428658280122793,0.3402739467810474,0.5833300496126077,0.06916715922477551,0.11833431844955102,0.32143291400613966,0.32143291400613966,5.66669955594591e-17,True,True,True,saddle,-0.9943134311490548,0.0,0.06916715922477172,0.0,1.0634805903403097,0.0,solution
delta,0.01,True,nonlinear,True,1,1,upper,0.45,0.01,1.5,1.0,0.5,2.0,0.620047181084747,0.379952818915253,0.2386374100506793,0.48850528149722117,0.0833908744420835,0.14678174888416698,0.47117734862721194,0.47117734862721194,2.318231537782815e-17,True,True,True,saddle,-1.581470265488004,0.0,0.08339087444221714,0.0,1.6648611399217321,0.0,solution
delta,0.01012,False,linear,True,1,1,-,0.45,0.01012,1.5,1.0,0.5,2.0,0.35734504904616915,0.6426549509538309,0.3403669823277844,0.5834097893657463,0.06923519826180473,0.11823039652360946,0.3213274754769154,0.3213274754769154,1.4170622272593375e-17,True,True,True,saddle,-0.9940506326729073,0.0,0.06923519826142117,0.0,1.0632858309618645,0.0,solution
delta,0.01012,False,nonlinear,True,1,1,upper,0.45,0.01012,1.5,1.0,0.5,2.0,0.620127746228914,0.379872253771086,0.2386574620412997,0.4885258048878275,0.08346779593349253,0.14669559186698508,0.47113864917192344,0.4711386491719233,1.6653345369377348e-16,True,True,True,saddle,-1.5816075420345732,0.0,0.0834677959336885,0.0,1.6650753379674936,0.0,solution
delta,0.010214999999999998,False,linear,True,1,1,-,0.45,0.010214999999999998,1.5,1.0,0.5,2.0,0.3575118928679617,0.6424881071320383,0.3404406181621689,0.5834728941109166,0.0692890658833625,0.118148131766725,0.32124405356601915,0.32124405356601915,2.834737596009459e-17,True,True,True,saddle,-0.993842881800445,0.0,0.06928906588292924,0.0,1.0631319476998204,0.0,solution
delta,0.010214999999999998,False,nonlinear,True,1,1,upper,0.45,0.010214999999999998,1.5,1.0,0.5,2.0,0.6201914979203884,0.3798085020796116,0.23867334063135012,0.48854205615417606,0.08352869157687359,0.1466273831537472,0.4711080076553066,0.4711080076553065,7.949419143993834e-17,True,True,True,saddle,-1.581716172196165,0.0,0.08352869157712545,0.0,1.6652448637446668,0.0,solution
delta,0.01031,False,linear,True,1,1,-,0.45,0.01031,1.5,1.0,0.5,2.0,0.3576786479415285,0.6423213520584715,0.34051423870724523,0.583535978931244,0.06934293649364674,0.11806587298729347,0.32116067602923576,0.32116067602923576,4.2530259152867666e-17,True,True,True,saddle,-0.9936353936134266,0.0,0.06934293649364859,0.0,1.0629783300730475,0.0,solution
delta,0.01031,False,nonlinear,True,1,1,upper,0.45,0.01031,1.5,1.0,0.5,2.0,0.6202552239602784,0.37974477603972157,0.238689222836844,0.48855831058006166,0.08358958674632407,0.14655917349264816,0.4710773622205266,0.47107736222052654,5.551115123125783e-17,True,True,True,saddle,-1.5818247606623677,0.0,0.08358958674650707,0.0,1.6654143473951926,0.0,solution
delta,0.010404999999999998,False,linear,True,1,1,-,0.45,0.010404999999999998,1.5,1.0,0.5,2.0,0.3578453143403245,0.6421546856596755,0.34058784396766056,0.5835990438371713,0.06939681009109097,0.11798362018218195,0.32107734282983774,0.32107734282983774,2.835963497102527e-17,True,True,True,saddle,-0.9934281675306119,0.0,0.06939681009141577,0.0,1.0628249775913665,0.0,solution
delta,0.010404999999999998,False,nonlinear,True,1,1,upper,0.45,0.010404999999999998,1.5,1.0,0.5,2.0,0.6203189243655184,0.3796810756344816,0.2387051086526572,0.488574568159925,0.08365048144267791,0.14649096288535585,0.47104671287904937,0.4710467128790493,1.159444596283005e-16,True,True,True,saddle,-1.5819333075686688,0.0,0.0836504814428358,0.0,1.6655837889804634,0.0,solution
delta,0.010499999999999999,False,linear,True,1,1,-,0.45,0.010499999999999999,1.5,1.0,0.5,2.0,0.35801189213772056,0.6419881078622794,0.34066143394805976,0.5836620888391328,0.06945068667413007,0.11790137334826013,0.3209940539311397,0.3209940539311397,5.673152513564368e-17,True,True,True,saddle,-0.9932212030995308,0.0,0.06945068667401831,0.0,1.0626718897457015,0.0,solution
delta,0.010499999999999999,False,nonlinear,True,1,1,upper,0.45,0.010499999999999999,1.5,1.0,0.5,2.0,0.6203825991530273,0.3796174008469727,0.23872099807367264,0.48859082888821465,0.0837113756667678,0.14642275133353563,0.47101605964232307,0.4710160596423231,2.882239840186418e-16,True,True,True,saddle,-1.5820418127839178,0.0,0.08371137566775483,0.0,1.6657531884441132,0.0,solution
delta,0.010595,False,linear,True,1,1,-,0.45,0.010595,1.5,1.0,0.5,2.0,0.35817838140700387,0.6418216185929961,0.3407350086530858,0.5837251139475548,0.06950456624120012,0.11781913248240024,0.32091080929649807,0.32091080929649807,1.4185944446344043e-17,True,True,True,saddle,-0.9930144997564168,0.0,0.0695045662404502,0.0,1.062519066025433,0.0,solution
delta,0.010595,False,nonlinear,True,1,1,upper,0.45,0.010595,1.5,1.0,0.5,2.0,0.6204462483397087,0.37955375166029126,0.23873689109478027,0.4886070927593871,0.08377226941942527,0.14635453883885055,0.4709854025217783,0.4709854025217784,1.1102230246251565e-16,True,True,True,saddle,-1.5821502765253643,0.0,0.08377226941929465,0.0,1.6659225459442744,0.0,solution
delta,0.010689999999999998,False,linear,True,1,1,-,0.45,0.010689999999999998,1.5,1.0,0.5,2.0,0.3583447822213772,0.6416552177786228,0.3408085680873793,0.5837881191728548,0.06955844879073846,0.11773689758147689,0.3208276088893114,0.3208276088893114,4.256702091901562e-17,True,True,True,saddle,-0.9928080570794976,0.0,0.0695584487901491,0.0,1.0623665059138006,0.0,solution
delta,0.010689999999999998,False,nonlinear,True,1,1,upper,0.45,0.010689999999999998,1.5,1.0,0.5,2.0,0.6205098719424497,0.37949012805755034,0.2387527877108767,0.4886233597679062,0.08383316270148072,0.1462863254029615,0.4709547415288287,0.47095474152882877,5.551115123125783e-17,True,True,True,saddle,-1.582258698702684,0.0,0.08383316270166048,0.0,1.6660918613978482,0.0,solution
delta,0.010785,False,linear,True,1,1,-,0.45,0.010785,1.5,1.0,0.5,2.0,0.35851109465396014,0.6414889053460399,0.34088211225557874,0.5838511045254421,0.06961233432118369,0.11765466864236739,0.32074445267301993,0.32074445267301993,1.892275848545004e-17,True,True,True,saddle,-0.992601874565278,0.0,0.06961233432256347,0.0,1.0622142088665119,0.0,solution
delta,0.010785,False,nonlinear,True,1,1,upper,0.45,0.010785,1.5,1.0,0.5,2.0,0.6205734699781221,0.3794265300218779,0.23876868791686603,0.4886396299082444,0.08389405551376335,0.1462181110275267,0.47092407667486963,0.47092407667486974,1.1102230246251565e-16,True,True,True,saddle,-1.582367079396414,0.0,0.08389405551397988,0.0,1.6662611349191836,0.0,solution
delta,0.01088,False,linear,True,1,1,-,0.45,0.01088,1.5,1.0,0.5,2.0,0.3586773187777883,0.6413226812222117,0.3409556411623203,0.5839140700157176,0.06966622283097569,0.1175724456619514,0.32066134061110585,0.32066134061110585,4.7317100399280096e-18,True,True,True,saddle,-0.9923959516021927,0.0,0.06966622283112284,0.0,1.0620621744415084,0.0,solution
delta,0.01088,False,nonlinear,True,1,1,upper,0.45,0.01088,1.5,1.0,0.5,2.0,0.6206370424635821,0.3793629575364179,0.23878459170765878,0.4886559031748811,0.08395494785710116,0.1461498957142023,0.47089340797127976,0.47089340797127976,9.9414056864835e-18,True,True,True,saddle,-1.5824754186101375,0.0,0.08395494785712994,0.0,1.6664303664403988,0.0,solution
delta,0.010974999999999999,False,linear,True,1,1,-,0.45,0.010974999999999999,1.5,1.0,0.5,2.0,0.358843454665814,0.641156545334186,0.3410291548122382,0.5839770156540737,0.06972011431855561,0.11749022863711123,0.320578272667093,0.320578272667093,4.7327302467625485e-18,True,True,True,saddle,-0.9921902878566194,0.0,0.0697201143187261,0.0,1.0619104021333445,0.0,solution
delta,0.010974999999999999,False,nonlinear,True,1,1,upper,0.45,0.010974999999999999,1.5,1.0,0.5,2.0,0.6207005894156701,0.3792994105843299,0.2388004990781729,0.48867217956230424,0.08401583973232103,0.14608167946464204,0.47086273542941953,0.47086273542941964,1.1102230246251565e-16,True,True,True,saddle,-1.5825837163913652,0.0,0.0840158397321443,0.0,1.666599556109696,0.0,solution
delta,0.01107,False,linear,True,1,1,-,0.45,0.01107,1.5,1.0,0.5,2.0,0.35900950239090645,0.6409904976090935,0.3411026532099644,0.5840399414508947,0.0697740087823658,0.11740801756473161,0.3204952488045468,0.3204952488045468,1.372787570159818e-16,True,True,True,saddle,-0.9919848826724162,0.0,0.06977400878479297,0.0,1.0617588914303568,0.0,solution
delta,0.01107,False,nonlinear,True,1,1,upper,0.45,0.01107,1.5,1.0,0.5,2.0,0.620764110851211,0.37923588914878903,0.23881641002333295,0.48868845906500896,0.08407673114024865,0.14601346228049733,0.4708320590606328,0.47083205906063286,5.551115123125783e-17,True,True,True,saddle,-1.5826919727570805,0.0,0.0840767311405662,0.0,1.666768703870686,0.0,solution
delta,0.011164999999999998,False,linear,True,1,1,-,0.45,0.011164999999999998,1.5,1.0,0.5,2.0,0.3591754620258506,0.6408245379741494,0.34117613636012856,0.584102847416556,0.06982790622084993,0.11732581244169986,0.3204122689870747,0.3204122689870747,9.943017053541253e-17,True,True,True,saddle,-0.9917797356087308,0.0,0.06982790622275742,0.0,1.0616076418010807,0.0,solution
delta,0.011164999999999998,False,nonlinear,True,1,1,upper,0.45,0.011164999999999998,1.5,1.0,0.5,2.0,0.620827606787014,0.379172393212986,0.2388323245380706,0.48870474167749856,0.08413762208170855,0.14594524416341711,0.47080137887624535,0.47080137887624546,1.1102230246251565e-16,True,True,True,saddle,-1.582800187657122,0.0,0.08413762208166681,0.0,1.666937809737154,0.0,solution
delta,0.01126,False,linear,True,1,1,-,0.45,0.01126,1.5,1.0,0.5,2.0,0.35934133364334986,0.6406586663566501,0.3412496042673584,0.5841657335614255,0.06988180663245284,0.11724361326490568,0.32032933317832507,0.32032933317832507,2.367894798761527e-17,True,True,True,saddle,-0.9915748461895385,0.0,0.06988180663124423,0.0,1.0614566527859302,0.0,solution
delta,0.01126,False,nonlinear,True,1,1,upper,0.45,0.01126,1.5,1.0,0.5,2.0,0.6208910772398724,0.37910892276012764,0.23884824261732418,0.4887210273942837,0.08419851255752413,0.14587702511504824,0.47077069488756645,0.47077069488756645,2.5523076265707105e-16,True,True,True,saddle,-1.5829083612675312,0.0,0.08419851255774367,0.0,1.6671068737952657,0.0,solution
delta,0.011355,False,linear,True,1,1,-,0.45,0.011355,1.5,1.0,0.5,2.0,0.35950711731602336,0.6404928826839766,0.3413230569362792,0.584228599895862,0.06993571001562071,0.11716142003124141,0.3202464413419883,0.3202464413419883,7.578894332922008e-17,True,True,True,saddle,-0.9913702138270665,0.0,0.06993571001612535,0.0,1.061305923861779,0.0,solution
delta,0.011355,False,nonlinear,True,1,1,upper,0.45,0.011355,1.5,1.0,0.5,2.0,0.6209545222265648,0.3790454777734352,0.2388641642560394,0.48873731620988325,0.08425940256851751,0.145808805137035,0.47074000710588687,0.47074000710588687,3.3149061864362534e-18,True,True,True,saddle,-1.583016493475557,0.0,0.08425940256862037,0.0,1.667275896023441,0.0,solution
delta,0.011449999999999998,False,linear,True,1,1,-,0.45,0.011449999999999998,1.5,1.0,0.5,2.0,0.3596728131164081,0.6403271868835919,0.3413964943715143,0.5842914464302162,0.0699896163688009,0.1170792327376018,0.32016359344179596,0.32016359344179596,2.3689140536097992e-17,True,True,True,saddle,-0.9911658382192123,0.0,0.06998961636987248,0.0,1.0611554545445694,0.0,solution
delta,0.011449999999999998,False,nonlinear,True,1,1,upper,0.45,0.011449999999999998,1.5,1.0,0.5,2.0,0.6210179417638532,0.37898205823614683,0.2388800894491684,0.4887536081188234,0.08432029211550983,0.14574058423101965,0.47070931554248135,0.4707093155424813,5.551115123125783e-17,True,True,True,saddle,-1.583124584385062,0.0,0.08432029211562811,0.0,1.6674448764921523,0.0,solution
delta,0.011545,False,linear,True,1,1,-,0.45,0.011545,1.5,1.0,0.5,2.0,0.35983842111695774,0.6401615788830423,0.3414699165776848,0.5843542731748308,0.07004352569044205,0.1169970513808841,0.32008078944152113,0.32008078944152113,3.317192931512049e-17,True,True,True,saddle,-0.9909617186741756,0.0,0.07004352569086024,0.0,1.0610052443255338,0.0,solution
delta,0.011545,False,nonlinear,True,1,1,upper,0.45,0.011545,1.5,1.0,0.5,2.0,0.6210813358684845,0.37891866413151554,0.23889601819167028,0.4887699031156381,0.08438118119932093,0.14567236239864192,0.47067862020860646,0.4706786202086065,1.8234415367276804e-16,True,True,True,saddle,-1.5832326340698375,0.0,0.08438118119938932,0.0,1.6676138152280222,0.0,solution
delta,0.011639999999999998,False,linear,True,1,1,-,0.45,0.011639999999999998,1.5,1.0,0.5,2.0,0.36000394139004377,0.6399960586099562,0.3415433235594096,0.5844170801400397,0.07009743797899405,0.11691487595798811,0.3199980293049781,0.3199980293049781,1.0901691274526366e-16,True,True,True,saddle,-0.9907578547580418,0.0,0.07009743797742497,0.0,1.0608552927682804,0.0,solution
delta,0.011639999999999998,False,nonlinear,True,1,1,upper,0.45,0.011639999999999998,1.5,1.0,0.5,2.0,0.6211447045571905,0.3788552954428095,0.23891195047851133,0.4887862011948694,0.08444206982076959,0.14560413964153918,0.4706479211155021,0.4706479211155021,9.946708060475567e-18,True,True,True,saddle,-1.583340642409996,0.0,0.08444206982074391,0.0,1.6677827122278541,0.0,solution
delta,0.011734999999999999,False,linear,True,1,1,-,0.45,0.011734999999999999,1.5,1.0,0.5,2.0,0.3601693740079551,0.6398306259920449,0.34161671532130544,0.5844798673361687,0.07015135323290801,0.11683270646581605,0.31991531299602244,0.31991531299602244,1.090403385971276e-16,True,True,True,saddle,-0.9905542460756194,0.0,0.07015135323292387,0.0,1.0607055992845584,0.0,solution
delta,0.011734999999999999,False,nonlinear,True,1,1,upper,0.45,0.011734999999999999,1.5,1.0,0.5,2.0,0.6212080478466867,0.3787919521533133,0.2389278863046643,0.4888025023510664,0.08450295798067338,0.1455359159613467,0.47061721827439057,0.4706172182743906,6.300001964260923e-17,True,True,True,saddle,-1.5834486095275035,0.0,0.08450295798065,0.0,1.6679515674998093,0.0,solution
delta,0.01183,False,linear,True,1,1,-,0.45,0.01183,1.5,1.0,0.5,2.0,0.3603347190428985,0.6396652809571015,0.341690091867987,0.5845426347735355,0.07020527145063633,0.11675054290127268,0.31983264047855076,0.31983264047855076,5.2160928500742066e-17,True,True,True,saddle,-0.9903508919617152,0.0,0.07020527144978442,0.0,1.0605561634344962,0.0,solution
delta,0.01183,False,nonlinear,True,1,1,upper,0.45,0.01183,1.5,1.0,0.5,2.0,0.6212713657536737,0.3787286342463263,0.23894382566510894,0.48881880657878635,0.08456384567984872,0.14546769135969742,0.47058651169647736,0.4705865116964774,8.953231618533038e-17,True,True,True,saddle,-1.5835565354911438,0.0,0.08456384568011692,0.0,1.6681203811736893,0.0,solution
delta,0.011924999999999998,False,linear,True,1,1,-,0.45,0.011924999999999998,1.5,1.0,0.5,2.0,0.3604999765669976,0.6395000234330024,0.34176345320406665,0.5846053824624493,0.07025919263063261,0.11666838526126522,0.3197500117165012,0.3197500117165012,1.1857301710079908e-16,True,True,True,saddle,-0.9901477920668547,0.0,0.07025919263161942,0.0,1.060406984732054,0.0,solution
delta,0.011924999999999998,False,nonlinear,True,1,1,upper,0.45,0.011924999999999998,1.5,1.0,0.5,2.0,0.6213346582948365,0.3786653417051635,0.23895976855483192,0.488835113872594,0.08462473291911089,0.14539946583822183,0.47055580139295056,0.47055580139295056,3.316232962608411e-18,True,True,True,saddle,-1.5836644202320538,0.0,0.08462473291895221,0.0,1.6682891531500161,0.0,solution
delta,0.01202,False,linear,True,1,1,-,0.45,0.01202,1.5,1.0,0.5,2.0,0.3606651466522949,0.6393348533477051,0.34183679933415473,0.584668110413211,0.07031311677135169,0.11658623354270337,0.31966742667385256,0.31966742667385256,1.4231815698185547e-16,True,True,True,saddle,-0.9899449459088111,0.0,0.0703131167725285,0.0,1.0602580626395686,0.0,solution
delta,0.01202,False,nonlinear,True,1,1,upper,0.45,0.01202,1.5,1.0,0.5,2.0,0.6213979254868442,0.37860207451315575,0.23897571496882664,0.4888514242270617,0.08468561969927407,0.14533123939854817,0.4705250873749812,0.4705250873749812,1.459239875965575e-16,True,True,True,saddle,-1.5837722638700351,0.0,0.0846856196991093,0.0,1.6684578835664359,0.0,solution
delta,0.012115,False,linear,True,1,1,-,0.45,0.012115,1.5,1.0,0.5,2.0,0.3608302293707505,0.6391697706292495,0.3419101302628594,0.5847308186361134,0.07036704387124966,0.11650408774249932,0.31958488531462476,0.31958488531462476,5.219451860843179e-17,True,True,True,saddle,-0.9897423529286207,0.0,0.07036704387187562,0.0,1.0601093967811386,0.0,solution
delta,0.012115,False,nonlinear,True,1,1,upper,0.45,0.012115,1.5,1.0,0.5,2.0,0.6214611673463515,0.3785388326536485,0.23899166490209345,0.48886773763676966,0.08474650602115123,0.14526301204230244,0.4704943696537232,0.4704943696537232,3.648343174682306e-17,True,True,True,saddle,-1.5838800663680692,0.0,0.08474650602102216,0.0,1.6686265723969433,0.0,solution
delta,0.012209999999999999,False,linear,True,1,1,-,0.45,0.012209999999999999,1.5,1.0,0.5,2.0,0.3609952247942422,0.6390047752057578,0.34198344599478653,0.584793507141441,0.07042097392878385,0.11642194785756771,0.3195023876028789,0.3195023876028789,8.54275265514148e-17,True,True,True,saddle,-0.9895400126560847,0.0,0.07042097393012542,0.0,1.0599609865691004,0.0,solution
delta,0.012209999999999999,False,nonlinear,True,1,1,upper,0.45,0.012209999999999999,1.5,1.0,0.5,2.0,0.6215243838897277,0.37847561611027225,0.23900761834957132,0.4888840540962359,0.08480739188556459,0.14519478377112924,0.4704636482404443,0.4704636482404442,3.689285039433189e-13,True,True,True,saddle,-1.5839878277127846,0.0,0.08480739188588918,0.0,1.6687952196052844,0.0,solution
delta,0.012305,False,linear,True,1,1,-,0.45,0.012305,1.5,1.0,0.5,2.0,0.36116013299456684,0.6388398670054332,0.3420567465345401,0.5848561759394698,0.07047490694241286,0.11633981388482573,0.3194199335027166,0.3194199335027166,4.7469909466377206e-18,True,True,True,saddle,-0.9893379245777546,0.0,0.07047490694238477,0.0,1.0598128315647561,0.0,solution
delta,0.012305,False,nonlinear,True,1,1,upper,0.45,0.012305,1.5,1.0,0.5,2.0,0.6215875751344025,0.37841242486559745,0.23902357530647778,0.48890037360026406,0.08486827729329371,0.14512655458658744,0.4704329231458721,0.47043292314587204,2.122955813867813e-16,True,True,True,saddle,-1.5840955480348171,0.0,0.08486827729327759,0.0,1.668963825323353,0.0,solution
delta,0.012399999999999998,False,linear,True,1,1,-,0.45,0.012399999999999998,1.5,1.0,0.5,2.0,0.3613249540434388,0.6386750459565612,0.3421300318867217,0.5849188250404681,0.07052884291059645,0.1162576858211929,0.3193375229782806,0.3193375229782806,4.748007985204718e-18,True,True,True,saddle,-0.9891360883246973,0.0,0.07052884291202521,0.0,1.0596649312055708,0.0,solution
delta,0.012399999999999998,False,nonlinear,True,1,1,upper,0.45,0.012399999999999998,1.5,1.0,0.5,2.0,0.6216507410961779,0.3783492589038221,0.23903953576762996,0.4889166961432489,0.08492916224517934,0.14505832449035866,0.4704021943815015,0.4704021943815014,1.1102230246251565e-16,True,True,True,saddle,-1.584203227325146,0.0,0.08492916224549288,0.0,1.669132389569056,0.0,solution
delta,0.012495,False,linear,True,1,1,-,0.45,0.012495,1.5,1.0,0.5,2.0,0.3614896880124914,0.6385103119875086,0.3422033020559309,0.5849814544546954,0.07058278183179569,0.11617556366359139,0.3192551559937543,0.3192551559937543,7.123537219598469e-17,True,True,True,saddle,-0.9889345032817333,0.0,0.07058278183150751,0.0,1.059517285139157,0.0,solution
delta,0.012495,False,nonlinear,True,1,1,upper,0.45,0.012495,1.5,1.0,0.5,2.0,0.6217138817919148,0.3782861182080852,0.2390554997281229,0.48893302171987,0.08499004674201949,0.14499009348403902,0.4703714619582876,0.4703714619582876,2.654049199614349e-17,True,True,True,saddle,-1.5843108655804055,0.0,0.08499004674174437,0.0,1.6693009123252078,0.0,solution
delta,0.01259,False,linear,True,1,1,-,0.45,0.01259,1.5,1.0,0.5,2.0,0.3616543349732766,0.6383456650267234,0.3422765570467652,0.5850440641924035,0.07063672370447281,0.11609344740894562,0.3191728325133617,0.3191728325133617,4.750041430284307e-18,True,True,True,saddle,-0.9887331690647935,0.0,0.07063672370379342,0.0,1.0593698927881214,0.0,solution
delta,0.01259,False,nonlinear,True,1,1,upper,0.45,0.01259,1.5,1.0,0.5,2.0,0.6217769972381902,0.37822300276180976,0.23907146718299088,0.4889493503247457,0.08505093078462149,0.14492186156924294,0.47034072588729964,0.47034072588729964,2.820115628598161e-16,True,True,True,saddle,-1.5844184628479299,0.0,0.0850509307847752,0.0,1.6694693936164438,0.0,solution
delta,0.012684999999999998,False,linear,True,1,1,-,0.45,0.012684999999999998,1.5,1.0,0.5,2.0,0.3618188949972647,0.6381811050027353,0.3423497968638196,0.5851066542638356,0.07069066852709134,0.11601133705418266,0.31909055250136764,0.31909055250136764,1.4253173510773415e-17,True,True,True,saddle,-0.9885320851336392,0.0,0.07069066852731425,0.0,1.0592227537023984,0.0,solution
delta,0.012684999999999998,False,nonlinear,True,1,1,upper,0.45,0.012684999999999998,1.5,1.0,0.5,2.0,0.6218400874515667,0.3781599125484333,0.23908743812727482,0.48896568195250145,0.08511181437379145,0.1448536287475829,0.47030998617958913,0.47030998617958913,2.6544037870754302e-17,True,True,True,saddle,-1.5845260191445383,0.0,0.08511181437369207,0.0,1.6696378335105202,0.0,solution
delta,0.01278,False,linear,True,1,1,-,0.45,0.01278,1.5,1.0,0.5,2.0,0.36198336815584486,0.6380166318441551,0.3424230215116874,0.5851692246792268,0.07074461629811597,0.11592923259623196,0.31900831592207757,0.31900831592207757,1.2830599889234683e-16,True,True,True,saddle,-0.9883312510725347,0.0,0.0707446162981,0.0,1.0590758673892346,0.0,solution
delta,0.01278,False,nonlinear,True,1,1,upper,0.45,0.01278,1.5,1.0,0.5,2.0,0.6219031524485903,0.3780968475514097,0.23910341255602227,0.48898201659777046,0.08517269751033445,0.14478539502066887,0.4702792428461913,0.4702792428461915,1.6653345369377348e-16,True,True,True,saddle,-1.5846335345450169,0.0,0.08517269751008229,0.0,1.6698062320353642,0.0,solution
delta,0.012874999999999998,False,linear,True,1,1,-,0.45,0.012874999999999998,1.5,1.0,0.5,2.0,0.362147754520326,0.637852245479674,0.3424962309949596,0.5852317754488042,0.0707985670160127,0.1158471340320254,0.318926122739837,0.318926122739837,2.8518540112345524e-17,True,True,True,saddle,-0.9881306663634432,0.0,0.07079856701481661,0.0,1.0589292334028968,0.0,solution
delta,0.012874999999999998,False,nonlinear,True,1,1,upper,0.45,0.012874999999999998,1.5,1.0,0.5,2.0,0.6219661922457925,0.3780338077542075,0.23911939046428757,0.48899835425519333,0.08523358019505434,0.14471716039010868,0.47024849589812473,0.4702484958981248,1.3273792646389258e-16,True,True,True,saddle,-1.5847410089760787,0.0,0.08523358019511143,0.0,1.669974589165367,0.0,solution
delta,0.012969999999999999,False,linear,True,1,1,-,0.45,0.012969999999999999,1.5,1.0,0.5,2.0,0.3623120541619348,0.6376879458380652,0.34256942531822504,0.5852943065827867,0.07085252067924866,0.11576504135849731,0.3188439729190326,0.3188439729190326,1.6163959699638314e-16,True,True,True,saddle,-0.9879303305876029,0.0,0.07085252067998564,0.0,1.0587828512234603,0.0,solution
delta,0.012969999999999999,False,nonlinear,True,1,1,upper,0.45,0.012969999999999999,1.5,1.0,0.5,2.0,0.6220292068596892,0.3779707931403108,0.23913537184713168,0.48901469491941824,0.08529446242875394,0.14464892485750783,0.4702177453463904,0.4702177453463904,5.309871916539681e-17,True,True,True,saddle,-1.5848484425466758,0.0,0.0852944624290287,0.0,1.670142904950693,0.0,solution
delta,0.013065,False,linear,True,1,1,-,0.45,0.013065,1.5,1.0,0.5,2.0,0.3624762671518178,0.6375237328481822,0.3426426044860703,0.5853568180913846,0.0709064772862923,0.11568295457258461,0.3187618664240911,0.3187618664240911,1.1887803397436445e-16,True,True,True,saddle,-0.9877302431195849,0.0,0.070906477285565,0.0,1.0586367204329217,0.0,solution
delta,0.013065,False,nonlinear,True,1,1,upper,0.45,0.013065,1.5,1.0,0.5,2.0,0.6220921963067813,0.37790780369321875,0.2391513566996226,0.48903103858510105,0.08535534421223484,0.14458068842446967,0.4701869912019729,0.47018699120197277,1.7258237267587205e-16,True,True,True,saddle,-1.584955835286901,0.0,0.08535534421241436,0.0,1.6703111794829928,0.0,solution
delta,0.013159999999999998,False,linear,True,1,1,-,0.45,0.013159999999999998,1.5,1.0,0.5,2.0,0.36264039356104094,0.6373596064389591,0.34271576850308,0.5854193099848005,0.07096043683561326,0.11560087367122651,0.31867980321947953,0.31867980321947953,7.609818741884489e-17,True,True,True,saddle,-0.9875304036560416,0.0,0.07096043683405119,0.0,1.0584908405156142,0.0,solution
delta,0.013159999999999998,False,nonlinear,True,1,1,upper,0.45,0.013159999999999998,1.5,1.0,0.5,2.0,0.6221551606035545,0.37784483939644553,0.2391673450168347,0.489047385246905,0.08541622554629758,0.14451245109259517,0.4701562334758396,0.4701562334758396,7.965872795284758e-17,True,True,True,saddle,-1.5850631871614187,0.0,0.08541622554592515,0.0,1.670479412708772,0.0,solution
delta,0.013255,False,linear,True,1,1,-,0.45,0.013255,1.5,1.0,0.5,2.0,0.3628044334605892,0.6371955665394108,0.3427889173738366,0.5854817822732289,0.07101439932568233,0.11551879865136468,0.3185977832697054,0.3185977832697054,3.330006300729183e-17,True,True,True,saddle,-0.9873308116905312,0.0,0.0710143993255469,0.0,1.058345210978691,0.0,solution
delta,0.013255,False,nonlinear,True,1,1,upper,0.45,0.013255,1.5,1.0,0.5,2.0,0.622218099766479,0.377781900233521,0.23918333679384912,0.4890637348995007,0.08547710643174156,0.14444421286348313,0.4701254721789419,0.47012547217894196,5.551115123125783e-17,True,True,True,saddle,-1.5851704982625339,0.0,0.08547710643263222,0.0,1.670647604670795,0.0,solution
delta,0.013349999999999997,False,linear,True,1,1,-,0.45,0.013349999999999997,1.5,1.0,0.5,2.0,0.3629683869213677,0.6370316130786323,0.3428620511029204,0.5855442349668558,0.07106836475497162,0.11543672950994326,0.31851580653931616,0.31851580653931616,1.4274500377675098e-17,True,True,True,saddle,-0.9871314666849104,0.0,0.07106836475552845,0.0,1.0581998314131964,0.0,solution
delta,0.013349999999999997,False,nonlinear,True,1,1,upper,0.45,0.013349999999999997,1.5,1.0,0.5,2.0,0.62228101381201,0.37771898618799005,0.23919933202575358,0.4890800875375664,0.08553798686936503,0.1443759737387301,0.47009470732221414,0.4700947073222141,2.257299150064568e-16,True,True,True,saddle,-1.585277768504864,0.0,0.08553798686928554,0.0,1.6708157553647802,0.0,solution
delta,0.013444999999999999,False,linear,True,1,1,-,0.45,0.013444999999999999,1.5,1.0,0.5,2.0,0.3631322540142007,0.6368677459857993,0.3429351696949096,0.5856066680758593,0.07112233312195444,0.11535466624390889,0.31843387299289966,0.31843387299289966,2.3795907584313993e-17,True,True,True,saddle,-0.9869323682305471,0.0,0.07112233312255399,0.0,1.0580547013129102,0.0,solution
delta,0.013444999999999999,False,nonlinear,True,1,1,upper,0.45,0.013444999999999999,1.5,1.0,0.5,2.0,0.6223439027565877,0.3776560972434123,0.23921533070764278,0.4890964431557878,0.08559886685996515,0.14430773371993033,0.4700639389165732,0.4700639389165732,3.983735519924194e-17,True,True,True,saddle,-1.5853849981202008,0.0,0.0855988668603751,0.0,1.670983864943818,0.0,solution
delta,0.01354,False,linear,True,1,1,-,0.45,0.01354,1.5,1.0,0.5,2.0,0.3632960348098321,0.6367039651901679,0.34300827315438026,0.5856690816104093,0.07117630442510527,0.11527260885021055,0.31835198259508396,0.31835198259508396,3.3321372218129445e-17,True,True,True,saddle,-0.9867335158025536,0.0,0.0711763044273127,0.0,1.057909820184792,0.0,solution
delta,0.01354,False,nonlinear,True,1,1,upper,0.45,0.01354,1.5,1.0,0.5,2.0,0.6224067666166367,0.37759323338336326,0.23923133283461764,0.48911280174885796,0.08565974640433797,0.14423949280867596,0.47003316697292047,0.47003316697292047,1.6600008370297296e-17,True,True,True,saddle,-1.5854921869388043,0.0,0.08565974640368969,0.0,1.6711519333194327,0.0,solution
delta,0.013634999999999998,False,linear,True,1,1,-,0.45,0.013634999999999998,1.5,1.0,0.5,2.0,0.36345972937892623,0.6365402706210738,0.34308136148590634,0.5857314755806677,0.07123027866289984,0.11519055732579968,0.3182701353105369,0.3182701353105369,6.189573436172744e-17,True,True,True,saddle,-0.9865349089739474,0.0,0.07123027866462134,0.0,1.057765187601459,0.0,solution
delta,0.013634999999999998,False,nonlinear,True,1,1,upper,0.45,0.013634999999999998,1.5,1.0,0.5,2.0,0.6224696054085669,0.3775303945914331,0.23924733840178602,0.4891291633114775,0.0857206255032784,0.14417125100655676,0.47000239150213985,0.47000239150213985,8.300559489810914e-17,True,True,True,saddle,-1.5855993350518838,0.0,0.08572062550362046,0.0,1.6713199605296112,0.0,solution
delta,0.01373,False,linear,True,1,1,-,0.45,0.01373,1.5,1.0,0.5,2.0,0.3636233377920669,0.6363766622079331,0.34315443469405954,0.5857938499967882,0.0712842558338151,0.11510851166763021,0.31818833110396655,0.31818833110396655,2.381112214997341e-17,True,True,True,saddle,-0.9863365473094148,0.0,0.07128425583510384,0.0,1.0576208031213135,0.0,solution
delta,0.01373,False,nonlinear,True,1,1,upper,0.45,0.01373,1.5,1.0,0.5,2.0,0.6225324191487729,0.3774675808512271,0.23926334740426225,0.4891455278383543,0.08578150415758018,0.1441030083151604,0.4699716125150988,0.4699716125150989,1.1102230246251565e-16,True,True,True,saddle,-1.5857064425408356,0.0,0.08578150415753079,0.0,1.671487946669855,0.0,solution
delta,0.013825,False,linear,True,1,1,-,0.45,0.013825,1.5,1.0,0.5,2.0,0.36378686011975847,0.6362131398802415,0.34322749278340964,0.5858562048689163,0.07133823593632922,0.11502647187265845,0.31810656994012076,0.31810656994012076,2.3816191573281633e-17,True,True,True,saddle,-0.9861384302431946,0.0,0.07133823593527513,0.0,1.0574766662128101,0.0,solution
delta,0.013825,False,nonlinear,True,1,1,upper,0.45,0.013825,1.5,1.0,0.5,2.0,0.622595207853634,0.377404792146366,0.23927935983716736,0.48916189532420384,0.0858423823680361,0.14403476473607218,0.4699408300226486,0.4699408300226486,1.5939207276527468e-16,True,True,True,saddle,-1.5858135093683658,0.0,0.085842382367904,0.0,1.6716558917215523,0.0,solution
delta,0.013919999999999998,False,linear,True,1,1,-,0.45,0.013919999999999998,1.5,1.0,0.5,2.0,0.36395029643242516,0.6360497035675748,0.3433005357585242,0.5859185402071897,0.07139221896892155,0.1149444379378431,0.3180248517837874,0.3180248517837874,3.3349763926960725e-17,True,True,True,saddle,-0.9859405575002508,0.0,0.07139221897027442,0.0,1.0573327764234384,0.0,solution
delta,0.013919999999999998,False,nonlinear,True,1,1,upper,0.45,0.013919999999999998,1.5,1.0,0.5,2.0,0.6226579715395151,0.3773420284604849,0.239295375695629,0.48917826576374895,0.08590326013543766,0.14396652027087534,0.4699100440356231,0.46991004403562303,5.551115123125783e-17,True,True,True,saddle,-1.5859205355463883,0.0,0.08590326013590752,0.0,1.671823795664692,0.0,solution
delta,0.014015,False,linear,True,1,1,-,0.45,0.014015,1.5,1.0,0.5,2.0,0.3641136468004117,0.6358863531995883,0.3433735636239687,0.5859808560217379,0.07144620493007266,0.1148624098601453,0.31794317659979415,0.31794317659979415,1.4295796364359543e-17,True,True,True,saddle,-0.9857429284314061,0.0,0.0714462049306436,0.0,1.0571891333313108,0.0,solution
delta,0.014015,False,nonlinear,True,1,1,upper,0.45,0.014015,1.5,1.0,0.5,2.0,0.6227207102227651,0.3772792897772349,0.23931139497478135,0.4891946391517198,0.08596413746057537,0.14389827492115073,0.46987925456484014,0.46987925456484025,1.1102230246251565e-16,True,True,True,saddle,-1.5860275211645658,0.0,0.0859641374604982,0.0,1.671991658611162,0.0,solution
delta,0.014109999999999998,False,linear,True,1,1,-,0.45,0.014109999999999998,1.5,1.0,0.5,2.0,0.3642769112939833,0.6357230887060167,0.3434465763843064,0.5860431523226821,0.07150019381826435,0.11478038763652872,0.31786154435300834,0.31786154435300834,3.3363950972672206e-17,True,True,True,saddle,-0.9855455426594403,0.0,0.07150019381770281,0.0,1.0570457364202075,0.0,solution
delta,0.014109999999999998,False,nonlinear,True,1,1,upper,0.45,0.014109999999999998,1.5,1.0,0.5,2.0,0.6227834239197185,0.3772165760802815,0.23932741766976517,0.48921101548285395,0.08602501434423859,0.14383002868847716,0.4698484616211013,0.4698484616211014,1.594240857126329e-16,True,True,True,saddle,-1.5861344662222825,0.0,0.0860250143442746,0.0,1.672159480553565,0.0,solution
delta,0.014204999999999999,False,linear,True,1,1,-,0.45,0.014204999999999999,1.5,1.0,0.5,2.0,0.364440089983326,0.635559910016674,0.3435195740440986,0.5861054291201359,0.07155418563197961,0.11469837126395925,0.317779955008337,0.317779955008337,1.430187526924442e-17,True,True,True,saddle,-0.9853483996438819,0.0,0.07155418563220699,0.0,1.0569025853127993,0.0,solution
delta,0.014204999999999999,False,nonlinear,True,1,1,upper,0.45,0.014204999999999999,1.5,1.0,0.5,2.0,0.6228461126466949,0.37715388735330513,0.23934344377572794,0.48922739475189647,0.08608589078721555,0.14376178157443106,0.4698176652151911,0.4698176652151911,4.318024783684459e-17,True,True,True,saddle,-1.586241370725444,0.0,0.08608589078663302,0.0,1.6723272614930407,0.0,solution
delta,0.0143,False,linear,True,1,1,-,0.45,0.0143,1.5,1.0,0.5,2.0,0.364603182938546,0.635396817061454,0.3435925566079045,0.5861676864242045,0.07160818036970266,0.11461636073940533,0.317698408530727,0.317698408530727,5.245135052243873e-17,True,True,True,saddle,-0.9851514991115351,0.0,0.07160818036993452,0.0,1.0567596794531138,0.0,solution
delta,0.0143,False,nonlinear,True,1,1,upper,0.45,0.0143,1.5,1.0,0.5,2.0,0.6229087764199982,0.3770912235800018,0.23935947328782342,0.4892437769535995,0.08614676679029341,0.1436935335805868,0.46978686535787767,0.4697868653578778,1.1102230246251565e-16,True,True,True,saddle,-1.586348234743892,0.0,0.0861467667900202,0.0,1.6724950015060909,0.0,solution
delta,0.014394999999999998,False,linear,True,1,1,-,0.45,0.014394999999999998,1.5,1.0,0.5,2.0,0.3647661902296705,0.6352338097703295,0.3436655240802809,0.586229924244985,0.07166217802991892,0.11453435605983785,0.31761690488516475,0.31761690488516475,1.1446361328113971e-16,True,True,True,saddle,-0.9849548404222519,0.0,0.07166217803088448,0.0,1.0566170184185988,0.0,solution
delta,0.014394999999999998,False,nonlinear,True,1,1,upper,0.45,0.014394999999999998,1.5,1.0,0.5,2.0,0.622971415255918,0.37702858474408196,0.2393755062012122,0.4892601620827228,0.08620764235425825,0.1436252847085165,0.46975606205991316,0.46975606205991316,2.989802233303737e-17,True,True,True,saddle,-1.5864550582433026,0.0,0.08620764235457887,0.0,1.6726627005951276,0.0,solution
delta,0.01449,False,linear,True,1,1,-,0.45,0.01449,1.5,1.0,0.5,2.0,0.3649291119266481,0.6350708880733519,0.34373847646578287,0.586292142592567,0.07171617861111496,0.1144523572222299,0.31753544403667594,0.31753544403667594,5.72439556532827e-17,True,True,True,saddle,-0.9847584231942631,0.0,0.07171617861097031,0.0,1.0564746017889433,0.0,solution
delta,0.01449,False,nonlinear,True,1,1,upper,0.45,0.01449,1.5,1.0,0.5,2.0,0.6230340291707286,0.3769659708292714,0.23939154251106137,0.4892765501340335,0.08626851747989499,0.14355703495978997,0.46972525533203263,0.46972525533203263,6.312227556912417e-17,True,True,True,saddle,-1.5865618413102187,0.0,0.08626851747975864,0.0,1.672830358787556,0.0,solution
delta,0.014584999999999997,False,linear,True,1,1,-,0.45,0.014584999999999997,1.5,1.0,0.5,2.0,0.36509194809934786,0.6349080519006521,0.3438114137689632,0.5863543414770315,0.07177018211177862,0.11437036422355723,0.31745402595032607,0.31745402595032607,5.2484760308094055e-17,True,True,True,saddle,-0.9845622469895399,0.0,0.07177018211280456,0.0,1.0563324290790745,0.0,solution
delta,0.014584999999999997,False,nonlinear,True,1,1,upper,0.45,0.014584999999999997,1.5,1.0,0.5,2.0,0.6230966181806892,0.3769033818193108,0.2394075822125444,0.4892929411023057,0.08632939216798748,0.14348878433597498,0.46969444518495523,0.46969444518495523,9.967342876582758e-18,True,True,True,saddle,-1.5866685838977377,0.0,0.08632939216860933,0.0,1.6729979760558389,0.0,solution
delta,0.014679999999999999,False,linear,True,1,1,-,0.45,0.014679999999999999,1.5,1.0,0.5,2.0,0.36525469881756034,0.6347453011824397,0.34388433599437246,0.5864165209084516,0.07182418853039892,0.11428837706079785,0.31737265059121983,0.31737265059121983,2.386176922680536e-17,True,True,True,saddle,-0.984366311289156,0.0,0.0718241885314406,0.0,1.0561904998068432,0.0,solution
delta,0.014679999999999999,False,nonlinear,True,1,1,upper,0.45,0.014679999999999999,1.5,1.0,0.5,2.0,0.6231591823020445,0.3768408176979555,0.23942362530084133,0.4893093349823211,0.0863902664193185,0.143420532838637,0.4696636316293835,0.46966363162938357,5.551115123125783e-17,True,True,True,saddle,-1.5867752861532385,0.0,0.08639026641889486,0.0,1.6731655525720137,0.0,solution
delta,0.014775,False,linear,True,1,1,-,0.45,0.014775,1.5,1.0,0.5,2.0,0.3654173641509971,0.6345826358490029,0.3439572431465594,0.5864786808968928,0.07187819786546608,0.11420639573093215,0.31729131792450144,0.31729131792450144,6.205375325953433e-17,True,True,True,saddle,-0.9841706157052321,0.0,0.07187819786727838,0.0,1.056048813539385,0.0,solution
delta,0.014775,False,nonlinear,True,1,1,upper,0.45,0.014775,1.5,1.0,0.5,2.0,0.623221721551024,0.37677827844897605,0.23943967177113887,0.48932573176886873,0.0864511402346697,0.14335228046933937,0.46963281467600376,0.4696328146760038,5.551115123125783e-17,True,True,True,saddle,-1.5868819479954361,0.0,0.08645114023459889,0.0,1.673333088232197,0.0,solution
delta,0.014869999999999998,False,linear,True,1,1,-,0.45,0.014869999999999998,1.5,1.0,0.5,2.0,0.3655799441692912,0.6344200558307088,0.34403013523007037,0.586540821452412,0.07193221011547153,0.11412442023094306,0.3172100279153544,0.3172100279153544,5.251814937838292e-17,True,True,True,saddle,-0.9839751597745003,0.0,0.07193221011656142,0.0,1.0559073698679862,0.0,solution
delta,0.014869999999999998,False,nonlinear,True,1,1,upper,0.45,0.014869999999999998,1.5,1.0,0.5,2.0,0.6232842359438422,0.3767157640561578,0.23945572161863002,0.4893421314567447,0.08651201361482164,0.14328402722964326,0.46960199433548605,0.4696019943354861,1.3292462775961746e-16,True,True,True,saddle,-1.5869885694725592,0.0,0.08651201361436288,0.0,1.6735005830829914,0.0,solution
delta,0.014965,False,linear,True,1,1,-,0.45,0.014965,1.5,1.0,0.5,2.0,0.3657424389419972,0.6342575610580028,0.3441030122494499,0.5866029425850589,0.07198622527890784,0.11404245055781569,0.3171287805290014,0.3171287805290014,8.118160599646995e-17,True,True,True,saddle,-0.9837799429928004,0.0,0.07198622527916135,0.0,1.0557661682994044,0.0,solution
delta,0.014965,False,nonlinear,True,1,1,upper,0.45,0.014965,1.5,1.0,0.5,2.0,0.6233467254966992,0.3766532745033008,0.23947177483851434,0.4893585340407525,0.08657288656055379,0.1432157731211076,0.46957117061848386,0.46957117061848386,3.988006172603548e-17,True,True,True,saddle,-1.5870951506235598,0.0,0.08657288656035649,0.0,1.6736680371812827,0.0,solution
delta,0.01506,False,linear,True,1,1,-,0.45,0.01506,1.5,1.0,0.5,2.0,0.36590484853859173,0.6340951514614083,0.34417587420924023,0.5866650443048744,0.07204024335426884,0.11396048670853769,0.31704757573070413,0.31704757573070413,3.821119800675901e-17,True,True,True,saddle,-0.9835849650084246,0.0,0.07204024335577047,0.0,1.0556252083463005,0.0,solution
delta,0.01506,False,nonlinear,True,1,1,upper,0.45,0.01506,1.5,1.0,0.5,2.0,0.6234091902257797,0.3765908097742203,0.23948783142599803,0.48937493951570304,0.08663375907264455,0.14314751814528912,0.4695403435356347,0.4695403435356347,3.6559174377920034e-17,True,True,True,saddle,-1.5872016914489036,0.0,0.08663375907172109,0.0,1.6738354505121313,0.0,solution
delta,0.015154999999999998,False,linear,True,1,1,-,0.45,0.015154999999999998,1.5,1.0,0.5,2.0,0.36606717302847236,0.6339328269715276,0.3442487211139815,0.5867271266218919,0.07209426434004955,0.11387852868009911,0.3169664134857638,0.3169664134857638,5.2551517752044655e-17,True,True,True,saddle,-0.983390225296387,0.0,0.07209426433969947,0.0,1.0554844896484308,0.0,solution
delta,0.015154999999999998,False,nonlinear,True,1,1,upper,0.45,0.015154999999999998,1.5,1.0,0.5,2.0,0.6234716301472538,0.3765283698527462,0.23950389137629352,0.48939134787641425,0.0866946311518712,0.14307926230374238,0.46950951309755934,0.4695095130975595,1.6653345369377348e-16,True,True,True,saddle,-1.5873081920338845,0.0,0.086694631151668,0.0,1.6740028231656114,0.0,solution
delta,0.01525,False,linear,True,1,1,-,0.45,0.01525,1.5,1.0,0.5,2.0,0.36622941248095886,0.6337705875190411,0.34432155296821193,0.5867891895461367,0.07214828823474616,0.11379657646949233,0.31688529375952057,0.31688529375952057,4.778421449749991e-18,True,True,True,saddle,-0.9831957234653032,0.0,0.07214828823441762,0.0,1.0553440117140938,0.0,solution
delta,0.01525,False,nonlinear,True,1,1,upper,0.45,0.01525,1.5,1.0,0.5,2.0,0.6235340452772767,0.37646595472272326,0.2395199546846197,0.4894077591177113,0.08675550279900997,0.14301100559801994,0.4694786793148635,0.4694786793148635,9.972021320551459e-18,True,True,True,saddle,-1.5874146523399295,0.0,0.08675550279923054,0.0,1.674170155139875,0.0,solution
delta,0.015344999999999998,False,linear,True,1,1,-,0.45,0.015344999999999998,1.5,1.0,0.5,2.0,0.3663915669652933,0.6336084330347067,0.3443943697764675,0.5868512330876263,0.07220231503685605,0.11371463007371212,0.31680421651735335,0.31680421651735335,8.125034376138467e-17,True,True,True,saddle,-0.9830014590302127,0.0,0.07220231503589113,0.0,1.0552037740728524,0.0,solution
delta,0.015344999999999998,False,nonlinear,True,1,1,upper,0.45,0.015344999999999998,1.5,1.0,0.5,2.0,0.623596435631989,0.37640356436801103,0.2395360213462022,0.4894241732344268,0.086816374014836,0.14294274802967197,0.4694478421981351,0.46944784219813523,1.1102230246251565e-16,True,True,True,saddle,-1.5875210724675817,0.0,0.08681637401467066,0.0,1.6743374464634346,0.0,solution
delta,0.015439999999999999,False,linear,True,1,1,-,0.45,0.015439999999999999,1.5,1.0,0.5,2.0,0.366553636550639,0.633446363449361,0.3444671715432821,0.5869132572563701,0.07225634474487781,0.11363268948975563,0.3167231817246805,0.3167231817246805,5.2584865447792605e-17,True,True,True,saddle,-0.9828074315520422,0.0,0.07225634474331802,0.0,1.0550637763369197,0.0,solution
delta,0.015439999999999999,False,nonlinear,True,1,1,upper,0.45,0.015439999999999999,1.5,1.0,0.5,2.0,0.6236588012275162,0.37634119877248384,0.23955209135627273,0.48944059022140035,0.08687724480012328,0.14287448960024657,0.4694170017579473,0.4694170017579473,4.986679639140805e-17,True,True,True,saddle,-1.5876274523354554,0.0,0.08687724479938211,0.0,1.6745046971436321,0.0,solution
delta,0.015535,False,linear,True,1,1,-,0.45,0.015535,1.5,1.0,0.5,2.0,0.3667156213060825,0.6332843786939175,0.3445399582731876,0.5869752620623697,0.07231037735731122,0.11355075471462243,0.31664218934695876,0.31664218934695876,5.737742918674254e-17,True,True,True,saddle,-0.9826136405861123,0.0,0.07231037735838959,0.0,1.0549240179573802,0.0,solution
delta,0.015535,False,nonlinear,True,1,1,upper,0.45,0.015535,1.5,1.0,0.5,2.0,0.6237211420799692,0.3762788579200308,0.2395681647100697,0.48945701007347897,0.08693811515564483,0.14280623031128967,0.4693861580048561,0.46938615800485617,5.551115123125783e-17,True,True,True,saddle,-1.587733792111066,0.0,0.0869381151559297,0.0,1.6746719072592036,0.0,solution
delta,0.015629999999999998,False,linear,True,1,1,-,0.45,0.015629999999999998,1.5,1.0,0.5,2.0,0.3668775213006318,0.6331224786993682,0.3446127299707139,0.5870372475156188,0.07236441287265717,0.11346882574531436,0.3165612393496841,0.3165612393496841,4.304216108164706e-17,True,True,True,saddle,-0.9824200857607897,0.0,0.07236441287384261,0.0,1.0547844986029637,0.0,solution
delta,0.015629999999999998,False,nonlinear,True,1,1,upper,0.45,0.015629999999999998,1.5,1.0,0.5,2.0,0.623783458205444,0.376216541794556,0.23958424140283774,0.4894734327855167,0.0869989850821725,0.142737970164345,0.46935531094940214,0.4693553109494022,2.1611845217851052e-16,True,True,True,saddle,-1.5878400916248256,0.0,0.08699898508242257,0.0,1.6748390767059869,0.0,solution
delta,0.015725,False,linear,True,1,1,-,0.45,0.015725,1.5,1.0,0.5,2.0,0.36703933660321775,0.6329606633967823,0.3446854866403885,0.587099213626103,0.07241845128941789,0.11338690257883578,0.3164803316983911,0.3164803316983911,6.218513657237149e-17,True,True,True,saddle,-0.9822267665366949,0.0,0.07241845129007232,0.0,1.0546452177995929,0.0,solution
delta,0.015725,False,nonlinear,True,1,1,upper,0.45,0.015725,1.5,1.0,0.5,2.0,0.6238457496200225,0.3761542503799775,0.2396003214298281,0.48948985835237496,0.0870598545804771,0.14266970916095417,0.46932446060210936,0.4693244606021094,6.650244838974586e-17,True,True,True,saddle,-1.5879463511441472,0.0,0.08705985458053596,0.0,1.6750062056901127,0.0,solution
delta,0.015819999999999997,False,linear,True,1,1,-,0.45,0.015819999999999997,1.5,1.0,0.5,2.0,0.3672010672826933,0.6327989327173067,0.344758228286737,0.5871611604038001,0.07247249260609666,0.11330498521219333,0.31639946635865335,0.31639946635865335,3.3491370760129743e-17,True,True,True,saddle,-0.9820336824580015,0.0,0.07247249260441008,0.0,1.0545061751061038,0.0,solution
delta,0.015819999999999997,False,nonlinear,True,1,1,upper,0.45,0.015819999999999997,1.5,1.0,0.5,2.0,0.6239080163397707,0.37609198366022933,0.23961640478629803,0.48950628676892194,0.08712072365132838,0.14260144730265675,0.4692936069734864,0.46929360697348627,1.3633917045672043e-16,True,True,True,saddle,-1.5880525705085982,0.0,0.08712072365190356,0.0,1.6751732941275228,0.0,solution
delta,0.015915,False,linear,True,1,1,-,0.45,0.015915,1.5,1.0,0.5,2.0,0.3673627134078348,0.6326372865921652,0.344830954914283,0.58722308785868,0.07252653682119799,0.11322307364239599,0.3163186432960826,0.3163186432960826,6.221138068426389e-17,True,True,True,saddle,-0.9818408331879815,0.0,0.0725265368212729,0.0,1.0543673700439875,0.0,solution
delta,0.015915,False,nonlinear,True,1,1,upper,0.45,0.015915,1.5,1.0,0.5,2.0,0.6239702583807409,0.37602974161925906,0.23963249146751173,0.48952271803003355,0.08718159229549498,0.14253318459098993,0.4692627500740248,0.4692627500740247,1.1102230246251565e-16,True,True,True,saddle,-1.5881587497919025,0.0,0.08718159229487989,0.0,1.675340342075046,0.0,solution
delta,0.01601,False,linear,True,1,1,-,0.45,0.01601,1.5,1.0,0.5,2.0,0.3675242750473403,0.6324757249526597,0.34490366652754795,0.5872849960007048,0.07258058393322761,0.11314116786645523,0.31623786247632985,0.31623786247632985,4.786499898206508e-17,True,True,True,saddle,-0.9816482182875864,0.0,0.07258058393422331,0.0,1.0542288021924944,0.0,solution
delta,0.01601,False,nonlinear,True,1,1,upper,0.45,0.01601,1.5,1.0,0.5,2.0,0.6240324757589705,0.3759675242410295,0.2396485814687394,0.4895391521305925,0.08724246051374446,0.14246492102748892,0.46923188991420084,0.4692318899142008,5.551115123125783e-17,True,True,True,saddle,-1.5882648890662994,0.0,0.08724246051379782,0.0,1.6755073495554405,0.0,solution
delta,0.016104999999999998,False,linear,True,1,1,-,0.45,0.016104999999999998,1.5,1.0,0.5,2.0,0.3676857522698319,0.6323142477301681,0.3449763631310512,0.5873468848398289,0.07263463394069233,0.11305926788138466,0.31615712386508404,0.31615712386508404,6.702512272741984e-17,True,True,True,saddle,-0.981455837206942,0.0,0.07263463394100075,0.0,1.054090471126845,0.0,solution
delta,0.016104999999999998,False,nonlinear,True,1,1,upper,0.45,0.016104999999999998,1.5,1.0,0.5,2.0,0.6240946684904817,0.3759053315095183,0.23966467478525752,0.48955558906548857,0.08730332830684338,0.14239665661368675,0.4692010265044749,0.4692010265044749,1.363666355696452e-16,True,True,True,saddle,-1.5883709882935326,0.0,0.08730332830669868,0.0,1.6756743165815366,0.0,solution
delta,0.0162,False,linear,True,1,1,-,0.45,0.0162,1.5,1.0,0.5,2.0,0.36784714514385364,0.6321528548561464,0.3450490447293099,0.5874087543859982,0.07268868684210028,0.11297737368420056,0.3160764274280732,0.3160764274280732,0.0,True,True,True,saddle,-0.9812636895405673,0.0,0.07268868684204814,0.0,1.0539523764337195,0.0,solution
delta,0.0162,False,nonlinear,True,1,1,upper,0.45,0.0162,1.5,1.0,0.5,2.0,0.624156836591283,0.37584316340871704,0.23968077141234934,0.48957202882961903,0.08736419567555714,0.1423283913511143,0.4691701598552909,0.4691701598552909,9.313468884366823e-17,True,True,True,saddle,-1.588477047574115,0.0,0.0873641956756498,0.0,1.6758412432199563,0.0,solution
delta,0.016294999999999997,False,linear,True,1,1,-,0.45,0.016294999999999997,1.5,1.0,0.5,2.0,0.36800845373787305,0.631991546262127,0.34512171132683944,0.5874706046491514,0.07274274263596063,0.11289548527192127,0.3159957731310635,0.3159957731310635,5.26847846543004e-17,True,True,True,saddle,-0.9810717750021379,0.0,0.07274274263729671,0.0,1.0538145175953877,0.0,solution
delta,0.016294999999999997,False,nonlinear,True,1,1,upper,0.45,0.016294999999999997,1.5,1.0,0.5,2.0,0.6242189800773672,0.3757810199226328,0.2396968713453039,0.48958847141788775,0.08742506262065015,0.14226012524130036,0.46913928997707743,0.4691392899770773,1.1102230246251565e-16,True,True,True,saddle,-1.5885830668616328,0.0,0.08742506262055626,0.0,1.6760081294746685,0.0,solution
delta,0.01639,False,linear,True,1,1,-,0.45,0.01639,1.5,1.0,0.5,2.0,0.3681696781202809,0.6318303218797191,0.3451943629281529,0.5875324356392189,0.07279680132078384,0.11281360264156769,0.31591516093985955,0.31591516093985955,6.706747769638839e-17,True,True,True,saddle,-0.9808800929941304,0.0,0.07279680132004683,0.0,1.0536768943141253,0.0,solution
delta,0.01639,False,nonlinear,True,1,1,upper,0.45,0.01639,1.5,1.0,0.5,2.0,0.6242810989647133,0.3757189010352867,0.23971297457941712,0.48960491682520624,0.08748592914288572,0.14219185828577147,0.4691084168802464,0.4691084168802463,1.1102230246251565e-16,True,True,True,saddle,-1.5886890461872076,0.0,0.08748592914271938,0.0,1.6761749753303763,0.0,solution
delta,0.016485,False,linear,True,1,1,-,0.45,0.016485,1.5,1.0,0.5,2.0,0.3683308183593915,0.6316691816406085,0.3452669995377614,0.5875942473661238,0.07285086289508144,0.11273172579016288,0.31583459082030424,0.31583459082030424,6.708159019276155e-17,True,True,True,saddle,-0.98068864311093,0.0,0.07285086289726746,0.0,1.0535395059609574,0.0,solution
delta,0.016485,False,nonlinear,True,1,1,upper,0.45,0.016485,1.5,1.0,0.5,2.0,0.6243431932692854,0.37565680673071455,0.23972908110999094,0.4896213650464928,0.08754679524302607,0.14212359048605216,0.4690775405751943,0.46907754057519424,5.551115123125783e-17,True,True,True,saddle,-1.5887949856528287,0.0,0.08754679524364044,0.0,1.6763417808690513,0.0,solution
delta,0.016579999999999998,False,linear,True,1,1,-,0.45,0.016579999999999998,1.5,1.0,0.5,2.0,0.368491874523442,0.631508125476558,0.34533962116017386,0.5876560398397807,0.07290492735736624,0.11264985471473248,0.315754062738279,0.315754062738279,5.2718049825011167e-17,True,True,True,saddle,-0.9804974249674594,0.0,0.07290492735735138,0.0,1.0534023523443923,0.0,solution
delta,0.016579999999999998,False,nonlinear,True,1,1,upper,0.45,0.016579999999999998,1.5,1.0,0.5,2.0,0.624405263007033,0.37559473699296697,0.2397451909323337,0.48963781607667284,0.08760766092183242,0.14205532184366484,0.4690466610723018,0.46904666107230186,1.1977678395730403e-16,True,True,True,saddle,-1.5889008852255502,0.0,0.08760766092175232,0.0,1.6765085461229405,0.0,solution
delta,0.016675,False,linear,True,1,1,-,0.45,0.016675,1.5,1.0,0.5,2.0,0.3686528466805934,0.6313471533194066,0.34541222779989733,0.5877178130700969,0.07295899470615214,0.11256798941230428,0.3156735766597033,0.3156735766597033,9.587115207262889e-17,True,True,True,saddle,-0.9803064381398253,0.0,0.07295899470530944,0.0,1.0532654328592816,0.0,solution
delta,0.016675,False,nonlinear,True,1,1,upper,0.45,0.016675,1.5,1.0,0.5,2.0,0.6244673081938913,0.3755326918061087,0.23976130404176,0.4896542699106789,0.08766852618006483,0.14198705236012965,0.4690157783819336,0.46901577838193376,1.6653345369377348e-16,True,True,True,saddle,-1.5890067448730683,0.0,0.08766852618006563,0.0,1.6766752710393762,0.0,solution
delta,0.01677,False,linear,True,1,1,-,0.45,0.01677,1.5,1.0,0.5,2.0,0.3688137348989301,0.6311862651010699,0.34548481946143655,0.5877795670669715,0.07301306493995428,0.11248612987990854,0.31559313255053495,0.31559313255053495,8.150760526021735e-17,True,True,True,saddle,-0.9801156821901958,0.0,0.0730130649396582,0.0,1.0531287470998207,0.0,solution
delta,0.01677,False,nonlinear,True,1,1,upper,0.45,0.01677,1.5,1.0,0.5,2.0,0.6245293288457804,0.3754706711542196,0.23977742043359057,0.4896707265434504,0.08772939101848243,0.1419187820369649,0.46898489251443903,0.468984892514439,5.551115123125783e-17,True,True,True,saddle,-1.5891125647355284,0.0,0.08772939101830357,0.0,1.6768419557391503,0.0,solution
delta,0.016864999999999998,False,linear,True,1,1,-,0.45,0.016864999999999998,1.5,1.0,0.5,2.0,0.36897453924646095,0.631025460753539,0.3455573961492945,0.5878413018402964,0.07306713805728887,0.11240427611457776,0.3155127303767695,0.3155127303767695,1.9182288876723157e-17,True,True,True,saddle,-0.9799251566240296,0.0,0.07306713805767008,0.0,1.0529922946945167,0.0,solution
delta,0.016864999999999998,False,nonlinear,True,1,1,upper,0.45,0.016864999999999998,1.5,1.0,0.5,2.0,0.6245913249786063,0.37540867502139375,0.23979354010315282,0.4896871859699341,0.08779025543784323,0.14185051087568645,0.46895400348015065,0.46895400348015065,1.3643995855668425e-16,True,True,True,saddle,-1.5892183447471264,0.0,0.08779025543784234,0.0,1.677008600192117,0.0,solution
delta,0.01696,False,linear,True,1,1,-,0.45,0.01696,1.5,1.0,0.5,2.0,0.36913525979111794,0.6308647402088821,0.3456299578679718,0.587903017399955,0.07312121405667342,0.11232242811334685,0.31543237010444103,0.31543237010444103,5.2762371368471197e-17,True,True,True,saddle,-0.9797348611080124,0.0,0.07312121405650245,0.0,1.0528560751959777,0.0,solution
delta,0.01696,False,nonlinear,True,1,1,upper,0.45,0.01696,1.5,1.0,0.5,2.0,0.6246532966082605,0.3753467033917395,0.2398096630457802,0.48970364818508366,0.08785111943890411,0.14178223887780825,0.4689231112893862,0.4689231112893861,1.1102230246251565e-16,True,True,True,saddle,-1.5893240850282908,0.0,0.08785111943969047,0.0,1.6771752044315276,0.0,solution
delta,0.017055,False,linear,True,1,1,-,0.45,0.017055,1.5,1.0,0.5,2.0,0.369295896600757,0.630704103399243,0.34570250462196717,0.5879647137558233,0.07317529293662652,0.11224058587325303,0.3153520516996215,0.3153520516996215,3.35831020264156e-17,True,True,True,saddle,-0.9795447952119438,0.0,0.07317529293840234,0.0,1.0527200881062058,0.0,solution
delta,0.017055,False,nonlinear,True,1,1,upper,0.45,0.017055,1.5,1.0,0.5,2.0,0.6247152437506199,0.37528475624938007,0.23982578925681242,0.4897201131838598,0.08791198302242105,0.14171396604484207,0.468892215952447,0.4688922159524469,1.1102230246251565e-16,True,True,True,saddle,-1.5894297855079718,0.0,0.08791198302255845,0.0,1.6773417685201153,0.0,solution
delta,0.01715,False,linear,True,1,1,-,0.45,0.01715,1.5,1.0,0.5,2.0,0.3694564497431586,0.6305435502568414,0.34577503641577734,0.5880263909177694,0.07322937469566791,0.11215874939133584,0.3152717751284207,0.3152717751284207,4.318733326155727e-17,True,True,True,saddle,-0.979354958437889,0.0,0.0732293746960946,0.0,1.0525843330950655,0.0,solution
delta,0.01715,False,nonlinear,True,1,1,upper,0.45,0.01715,1.5,1.0,0.5,2.0,0.6247771664215468,0.3752228335784532,0.2398419187315954,0.48973658096123,0.08797284618914884,0.1416456923782977,0.4688613174796193,0.46886131747961923,1.4978138650092722e-16,True,True,True,saddle,-1.5895354462746025,0.0,0.08797284618944459,0.0,1.677508292441583,0.0,solution
delta,0.017245,False,linear,True,1,1,-,0.45,0.017245,1.5,1.0,0.5,2.0,0.36961691928602736,0.6303830807139726,0.3458475532538969,0.5880880488956538,0.0732834593323186,0.11207691866463719,0.3151915403569863,0.3151915403569863,3.359719270536574e-17,True,True,True,saddle,-0.9791653503925613,0.0,0.07328345933432566,0.0,1.0524488097009006,0.0,solution
delta,0.017245,False,nonlinear,True,1,1,upper,0.45,0.017245,1.5,1.0,0.5,2.0,0.6248390646368894,0.37516093536311057,0.23985805146548145,0.4897530515121692,0.08803370893984129,0.14157741787968256,0.4688304158811732,0.4688304158811731,1.1102230246251565e-16,True,True,True,saddle,-1.589641067326906,0.0,0.08803370894045359,0.0,1.6776747762460542,0.0,solution
delta,0.017339999999999998,False,linear,True,1,1,-,0.45,0.017339999999999998,1.5,1.0,0.5,2.0,0.3697773052969916,0.6302226947030084,0.3459200551408182,0.588149687699329,0.07333754684510065,0.11199509369020132,0.3151113473515042,0.3151113473515042,3.360423586598226e-17,True,True,True,saddle,-0.9789759706745051,0.0,0.0733375468459609,0.0,1.0523135175020013,0.0,solution
delta,0.017339999999999998,False,nonlinear,True,1,1,upper,0.45,0.017339999999999998,1.5,1.0,0.5,2.0,0.6249009384124811,0.37509906158751893,0.23987418745382896,0.4897695248316589,0.08809457127525117,0.14150914255050231,0.4687995111673633,0.46879951116736324,5.551115123125783e-17,True,True,True,saddle,-1.5897466487007557,0.0,0.08809457127506533,0.0,1.6778412199792199,0.0,solution
delta,0.017435,False,linear,True,1,1,-,0.45,0.017435,1.5,1.0,0.5,2.0,0.36993760784360485,0.6300623921563951,0.345992542081032,0.58821130733864,0.07339163723253733,0.11191327446507465,0.3150311960781976,0.3150311960781976,1.9206444328347504e-17,True,True,True,saddle,-0.9787868188638169,0.0,0.07339163723277575,0.0,1.052178456049223,0.0,solution
delta,0.017435,False,nonlinear,True,1,1,upper,0.45,0.017435,1.5,1.0,0.5,2.0,0.6249627877641409,0.37503721223585906,0.2398903266920027,0.48978600091468794,0.08815543319613013,0.14144086639226028,0.4687686033484287,0.4687686033484285,1.6653345369377348e-16,True,True,True,saddle,-1.5898521904209417,0.0,0.08815543319579834,0.0,1.6780076236171646,0.0,solution
delta,0.01753,False,linear,True,1,1,-,0.45,0.01753,1.5,1.0,0.5,2.0,0.3700978269933445,0.6299021730066555,0.34606501407902646,0.5882729078234238,0.0734457304931531,0.11183146098630621,0.31495108650332776,0.31495108650332776,2.4013084165485258e-17,True,True,True,saddle,-0.9785978945153424,0.0,0.0734457304948646,0.0,1.0520436249658138,0.0,solution
delta,0.01753,False,nonlinear,True,1,1,upper,0.45,0.01753,1.5,1.0,0.5,2.0,0.6250246127076737,0.37497538729232627,0.2399064691753735,0.48980247975625185,0.08821629470322889,0.14137258940645778,0.4687376924345925,0.4687376924345924,1.1102230246251565e-16,True,True,True,saddle,-1.5899576925191639,0.0,0.0882162947029237,0.0,1.6781739872139512,0.0,solution
delta,0.017625,False,linear,True,1,1,-,0.45,0.017625,1.5,1.0,0.5,2.0,0.3702579628136129,0.6297420371863871,0.34613747113928817,0.5883344891635099,0.07349982662547351,0.11174965325094703,0.31487101859319355,0.31487101859319355,4.803622376804542e-18,True,True,True,saddle,-0.9784091972026366,0.0,0.07349982662545014,0.0,1.0519090238600386,0.0,solution
delta,0.017625,False,nonlinear,True,1,1,upper,0.45,0.017625,1.5,1.0,0.5,2.0,0.6250864132588697,0.3749135867411303,0.23992261489931851,0.4898189613513533,0.088277155797297,0.14130431159459403,0.46870677843606245,0.4687067784360625,7.991028335684941e-17,True,True,True,saddle,-1.5900631549726694,0.0,0.08827715579744255,0.0,1.6783403107562753,0.0,solution
delta,0.01772,False,linear,True,1,1,-,0.45,0.01772,1.5,1.0,0.5,2.0,0.370418015371737,0.629581984628263,0.34620991326630135,0.58839605136872,0.07355392562802533,0.11166785125605068,0.3147909923141315,0.3147909923141315,3.3632393992901044e-17,True,True,True,saddle,-0.9782207266012016,0.0,0.07355392562967472,0.0,1.0517746521888436,0.0,solution
delta,0.01772,False,nonlinear,True,1,1,upper,0.45,0.01772,1.5,1.0,0.5,2.0,0.6251481894335049,0.3748518105664951,0.23993876385922103,0.48983544569500176,0.08833801647908307,0.1412360329581661,0.46867586136303113,0.46867586136303113,6.659638503415139e-17,True,True,True,saddle,-1.5901685778886943,0.0,0.08833801647880671,0.0,1.6785065943468165,0.0,solution
delta,0.017815,False,linear,True,1,1,-,0.45,0.017815,1.5,1.0,0.5,2.0,0.3705779847349687,0.6294220152650313,0.3462823404645483,0.5884575944488679,0.07360802749933648,0.11158605499867297,0.31471100763251564,0.31471100763251564,1.1533518822144872e-16,True,True,True,saddle,-0.9780324821828535,0.0,0.07360802749996866,0.0,1.0516405096472816,0.0,solution
delta,0.017815,False,nonlinear,True,1,1,upper,0.45,0.017815,1.5,1.0,0.5,2.0,0.625209941247341,0.374790058752659,0.23995491605047048,0.4898519327822138,0.08839887674933461,0.14116775349866922,0.46864494122567485,0.46864494122567485,3.996052090068433e-17,True,True,True,saddle,-1.5902739612179537,0.0,0.08839887674938954,0.0,1.6786728379565792,0.0,solution
delta,0.01791,False,linear,True,1,1,-,0.45,0.01791,1.5,1.0,0.5,2.0,0.37073787097048494,0.6292621290295151,0.3463547527385094,0.5885191184137601,0.07366213223793598,0.11150426447587196,0.31463106451475753,0.31463106451475753,6.248629094153e-17,True,True,True,saddle,-0.9778444635226388,0.0,0.07366213223706905,0.0,1.0515065957818635,0.0,solution
delta,0.01791,False,nonlinear,True,1,1,upper,0.45,0.01791,1.5,1.0,0.5,2.0,0.625271668716125,0.37472833128387495,0.23997107146846255,0.4898684226080127,0.08845973660879808,0.14109947321759617,0.4686140180341548,0.4686140180341548,3.996321131823842e-17,True,True,True,saddle,-1.5903793050402444,0.0,0.08845973660885656,0.0,1.6788390416206485,0.0,solution
delta,0.018005,False,linear,True,1,1,-,0.45,0.018005,1.5,1.0,0.5,2.0,0.37089767414538743,0.6291023258546126,0.34642715009266273,0.588580623273195,0.07371623984235408,0.11142247968470816,0.3145511629273063,0.3145511629273063,3.365349735896305e-17,True,True,True,saddle,-0.9776566703508393,0.0,0.07371623984270037,0.0,1.0513729101844291,0.0,solution
delta,0.018005,False,nonlinear,True,1,1,upper,0.45,0.018005,1.5,1.0,0.5,2.0,0.62533337185559,0.37466662814441,0.23998723010859904,0.48988491516742894,0.08852059605821899,0.141031192116438,0.46858309179861696,0.4685830917986168,1.6653345369377348e-16,True,True,True,saddle,-1.5904846093481062,0.0,0.08852059605815786,0.0,1.6790052053799331,0.0,solution
delta,0.018099999999999998,False,linear,True,1,1,-,0.45,0.018099999999999998,1.5,1.0,0.5,2.0,0.37105739432670304,0.628942605673297,0.34649953253148447,0.5886421090369636,0.07377035031112213,0.11134070062224427,0.3144713028366485,0.3144713028366485,4.808646987978844e-18,True,True,True,saddle,-0.9774691020725139,0.0,0.07377035030991244,0.0,1.0512394524034026,0.0,solution
delta,0.018099999999999998,False,nonlinear,True,1,1,upper,0.45,0.018099999999999998,1.5,1.0,0.5,2.0,0.6253950506814545,0.3746049493185455,0.24000339196628798,0.4899014104554997,0.08858145509834171,0.14096291019668342,0.46855216252919096,0.4685521625291909,1.0325220055277983e-16,True,True,True,saddle,-1.5905898741699402,0.0,0.08858145509853599,0.0,1.6791713292720754,0.0,solution
delta,0.018195,False,linear,True,1,1,-,0.45,0.018195,1.5,1.0,0.5,2.0,0.3712170315813843,0.6287829684186157,0.3465719000594489,0.588703575714849,0.07382446364277266,0.11125892728554532,0.31439148420930785,0.31439148420930785,9.138337449434609e-17,True,True,True,saddle,-0.9772817584021715,0.0,0.0738244636430413,0.0,1.051106222069806,0.0,solution
delta,0.018195,False,nonlinear,True,1,1,upper,0.45,0.018195,1.5,1.0,0.5,2.0,0.6254567052094231,0.3745432947905769,0.2400195570369434,0.489917908467269,0.08864231372990965,0.14089462745981932,0.4685212302359919,0.46852123023599185,6.994975012797071e-17,True,True,True,saddle,-1.5906950995284568,0.0,0.08864231373060141,0.0,1.6793374132597032,0.0,solution
delta,0.01829,False,linear,True,1,1,-,0.45,0.01829,1.5,1.0,0.5,2.0,0.3713765859763085,0.6286234140236915,0.34664425268102783,0.5887650233166266,0.07387857983583934,0.11117715967167868,0.31431170701184574,0.31431170701184574,3.8485243068045775e-17,True,True,True,saddle,-0.9770946388929834,0.0,0.0738785798365299,0.0,1.05097321876982,0.0,solution
delta,0.01829,False,nonlinear,True,1,1,upper,0.45,0.01829,1.5,1.0,0.5,2.0,0.6255183354551856,0.37448166454481435,0.24003572531598566,0.4899344091977881,0.08870317195366513,0.14082634390733026,0.468490294929119,0.468490294929119,9.993494586690256e-18,True,True,True,saddle,-1.5908002855115784,0.0,0.08870317195367951,0.0,1.679503457440796,0.0,solution
delta,0.018385,False,linear,True,1,1,-,0.45,0.018385,1.5,1.0,0.5,2.0,0.37153605757827923,0.6284639424217208,0.34671659040069164,0.5888264518520645,0.07393269888885699,0.11109539777771398,0.3142319712108604,0.3142319712108604,3.368161489720802e-17,True,True,True,saddle,-0.9769077431570987,0.0,0.07393269888819447,0.0,1.050840441995631,0.0,solution
delta,0.018385,False,nonlinear,True,1,1,upper,0.45,0.018385,1.5,1.0,0.5,2.0,0.625579941434418,0.374420058565582,0.24005189679884095,0.48995091264211454,0.08876402977034947,0.14075805954069898,0.46845935661865623,0.4684593566186563,7.995334287930454e-17,True,True,True,saddle,-1.5909054320341895,0.0,0.0887640297699524,0.0,1.679669461791843,0.0,solution
delta,0.01848,False,linear,True,1,1,-,0.45,0.01848,1.5,1.0,0.5,2.0,0.37169544645402486,0.6283045535459751,0.3467889132229081,0.5888878613309227,0.07398682080036159,0.11101364160072319,0.31415227677298757,0.31415227677298757,1.0587858493982219e-16,True,True,True,saddle,-0.9767210707225921,0.0,0.07398682080157959,0.0,1.0507078914892944,0.0,solution
delta,0.01848,False,nonlinear,True,1,1,upper,0.45,0.01848,1.5,1.0,0.5,2.0,0.6256415231627819,0.3743584768372181,0.240068071480942,0.48996741879531336,0.08882488718070301,0.140689774361406,0.4684284153146723,0.4684284153146723,4.9974206331656196e-17,True,True,True,saddle,-1.5910105392126486,0.0,0.08882488718024048,0.0,1.6798354263966968,0.0,solution
delta,0.018574999999999998,False,linear,True,1,1,-,0.45,0.018574999999999998,1.5,1.0,0.5,2.0,0.3718547526702002,0.6281452473297998,0.34686122115214346,0.5889492517629541,0.07404094556889022,0.11093189113778044,0.3140726236648999,0.3140726236648999,1.4440999277726553e-17,True,True,True,saddle,-0.9765346212040983,0.0,0.07404094556916985,0.0,1.050575566731436,0.0,solution
delta,0.018574999999999998,False,nonlinear,True,1,1,upper,0.45,0.018574999999999998,1.5,1.0,0.5,2.0,0.6257030806559244,0.3742969193440756,0.24008424935772715,0.4899839276524559,0.08888574418546495,0.1406214883709299,0.46839747102722024,0.46839747102722035,1.1102230246251565e-16,True,True,True,saddle,-1.5911156070453425,0.0,0.08888574418574022,0.0,1.6800013512075347,0.0,solution
delta,0.01867,False,linear,True,1,1,-,0.45,0.01867,1.5,1.0,0.5,2.0,0.37201397629338495,0.627986023706615,0.3469335141928615,0.5890106231579032,0.07409507319298118,0.11085014638596237,0.3139930118533075,0.3139930118533075,6.259070601404292e-17,True,True,True,saddle,-0.9763483941699456,0.0,0.07409507319314038,0.0,1.0504434673923815,0.0,solution
delta,0.01867,False,nonlinear,True,1,1,upper,0.45,0.01867,1.5,1.0,0.5,2.0,0.625764613929479,0.374235386070521,0.2401004304246413,0.4900004392086208,0.08894660078537354,0.1405532015707471,0.46836652376633814,0.4683665237663382,5.664506804196754e-17,True,True,True,saddle,-1.5912206355100347,0.0,0.08894660078539489,0.0,1.6801672362803248,0.0,solution
delta,0.018765,False,linear,True,1,1,-,0.45,0.018765,1.5,1.0,0.5,2.0,0.37217311739008574,0.6278268826099143,0.3470057923495243,0.5890719755255076,0.07414920367117386,0.11076840734234772,0.31391344130495713,0.31391344130495713,6.741941856032912e-17,True,True,True,saddle,-0.9761623893148066,0.0,0.07414920367063746,0.0,1.050311593010967,0.0,solution
delta,0.018765,False,nonlinear,True,1,1,upper,0.45,0.018765,1.5,1.0,0.5,2.0,0.6258261229990645,0.3741738770009355,0.24011661467713508,0.4900169534588932,0.08900745698116602,0.14048491396233206,0.4683355735420487,0.4683355735420486,1.1102230246251565e-16,True,True,True,saddle,-1.5913256246419334,0.0,0.08900745698073041,0.0,1.68033308163041,0.0,solution
delta,0.01886,False,linear,True,1,1,-,0.45,0.01886,1.5,1.0,0.5,2.0,0.37233217602673474,0.6276678239732653,0.34707805562659166,0.589133308875497,0.07420333700200879,0.11068667400401759,0.31383391198663263,0.31383391198663263,1.252335658271012e-16,True,True,True,saddle,-0.9759766061559701,0.0,0.07420333700233916,0.0,1.050179943133103,0.0,solution
delta,0.01886,False,nonlinear,True,1,1,upper,0.45,0.01886,1.5,1.0,0.5,2.0,0.6258876078802856,0.37411239211971437,0.2401328021106654,0.49003347039836515,0.08906831277357856,0.14041662554715714,0.4683046203643589,0.4683046203643589,1.2330294671534541e-16,True,True,True,saddle,-1.5914305745953101,0.0,0.08906831277418173,0.0,1.6804988873646387,0.0,solution
delta,0.018955,False,linear,True,1,1,-,0.45,0.018955,1.5,1.0,0.5,2.0,0.37249115226968976,0.6275088477303102,0.3471503040285216,0.5891946232175932,0.07425747318402769,0.11060494636805539,0.3137544238651551,0.3137544238651551,9.153588687779588e-17,True,True,True,saddle,-0.9757910443180016,0.0,0.07425747318532414,0.0,1.0500485174687477,0.0,solution
delta,0.018955,False,nonlinear,True,1,1,upper,0.45,0.018955,1.5,1.0,0.5,2.0,0.6259490685887333,0.37405093141126666,0.24014899272069518,0.49004999002213556,0.08912916816334632,0.14034833632669266,0.4682736642432612,0.4682736642432611,1.1102230246251565e-16,True,True,True,saddle,-1.5915354852410766,0.0,0.08912916816344862,0.0,1.6806646534078307,0.0,solution
delta,0.01905,False,linear,True,1,1,-,0.45,0.01905,1.5,1.0,0.5,2.0,0.3726500461852357,0.6273499538147643,0.3472225375597698,0.5892559185615107,0.07431161221577338,0.11052322443154677,0.31367497690738216,0.31367497690738216,1.4456042095036112e-17,True,True,True,saddle,-0.9756057033590355,0.0,0.07431161221660966,0.0,1.0499173155526935,0.0,solution
delta,0.01905,False,nonlinear,True,1,1,upper,0.45,0.01905,1.5,1.0,0.5,2.0,0.626010505139984,0.373989494860016,0.2401651865026935,0.4900665123253103,0.08919002315120346,0.1402800463024069,0.468242705188732,0.4682427051887321,1.1102230246251565e-16,True,True,True,saddle,-1.591640356668161,0.0,0.08919002315134511,0.0,1.680830379813355,0.0,solution
delta,0.019145,False,linear,True,1,1,-,0.45,0.019145,1.5,1.0,0.5,2.0,0.3728088578395834,0.6271911421604166,0.34729475622479034,0.5893171949169567,0.07436575409578984,0.11044150819157968,0.3135955710802083,0.3135955710802083,4.819682933654289e-18,True,True,True,saddle,-0.9754205828270888,0.0,0.0743657540950533,0.0,1.0497863369609317,0.0,solution
delta,0.019145,False,nonlinear,True,1,1,upper,0.45,0.019145,1.5,1.0,0.5,2.0,0.6260719175496,0.3739280824504,0.2401813834521351,0.49008303730300146,0.08925087773788311,0.14021175547576625,0.4682117432107338,0.4682117432107337,8.332965687340124e-17,True,True,True,saddle,-1.5917451888967336,0.0,0.08925087773770152,0.0,1.6809960666099024,0.0,solution
delta,0.01924,False,linear,True,1,1,-,0.45,0.01924,1.5,1.0,0.5,2.0,0.3729675872988698,0.6270324127011302,0.3473669600280349,0.5893784522936302,0.07441989882262214,0.11035979764524428,0.3135162063505651,0.3135162063505651,1.4944123384415367e-16,True,True,True,saddle,-0.9752356824651132,0.0,0.07441989882159417,0.0,1.0496555813149724,0.0,solution
delta,0.01924,False,nonlinear,True,1,1,upper,0.45,0.01924,1.5,1.0,0.5,2.0,0.6261333058331295,0.37386669416687046,0.24019758356450124,0.49009956495032847,0.0893117319241174,0.14014346384823478,0.4681807783192125,0.4681807783192124,1.1102230246251565e-16,True,True,True,saddle,-1.591849981890653,0.0,0.08931173192389287,0.0,1.681161713799347,0.0,solution
delta,0.019334999999999998,False,linear,True,1,1,-,0.45,0.019334999999999998,1.5,1.0,0.5,2.0,0.3731262346291594,0.6268737653708406,0.34743914897395345,0.589439690701223,0.07447404639481654,0.11027809278963309,0.3134368826854203,0.3134368826854203,5.303855464146978e-17,True,True,True,saddle,-0.9750510018368599,0.0,0.07447404639682376,0.0,1.0495250482069969,0.0,solution
delta,0.019334999999999998,False,nonlinear,True,1,1,upper,0.45,0.019334999999999998,1.5,1.0,0.5,2.0,0.6261946700061071,0.37380532999389293,0.240213786835279,0.4901160952624174,0.08937258571063739,0.1400751714212748,0.46814981052409943,0.4681498105240995,5.551115123125783e-17,True,True,True,saddle,-1.591954735791726,0.0,0.08937258571037712,0.0,1.681327321515902,0.0,solution
delta,0.01943,False,linear,True,1,1,-,0.45,0.01943,1.5,1.0,0.5,2.0,0.37328479989644225,0.6267152001035577,0.34751132306699367,0.5895009101494193,0.07452819681092045,0.11019639362184087,0.3133576000517789,0.3133576000517789,1.4468065207009786e-17,True,True,True,saddle,-0.9748665404780579,0.0,0.07452819681149112,0.0,1.0493947372641228,0.0,solution
delta,0.01943,False,nonlinear,True,1,1,upper,0.45,0.01943,1.5,1.0,0.5,2.0,0.6262560100840526,0.37374398991594737,0.24022999325996133,0.4901326282344008,0.08943343909817321,0.14000687819634644,0.4681188398353113,0.4681188398353112,6.334335655915436e-17,True,True,True,saddle,-1.5920594505967336,0.0,0.08943343909821343,0.0,1.6814928896703278,0.0,solution
delta,0.019525,False,linear,True,1,1,-,0.45,0.019525,1.5,1.0,0.5,2.0,0.3734432831666358,0.6265567168333642,0.3475834823116014,0.5895621106478955,0.07458235006948234,0.11011470013896467,0.3132783584166821,0.3132783584166821,4.341320831719471e-17,True,True,True,saddle,-0.9746822979976878,0.0,0.07458235007015256,0.0,1.0492646480255876,0.0,solution
delta,0.019525,False,nonlinear,True,1,1,upper,0.45,0.019525,1.5,1.0,0.5,2.0,0.6263173260824724,0.37368267391752763,0.24024620283404757,0.4901491638614184,0.0894942920874539,0.13993858417490782,0.46808786626274873,0.4680878662627487,5.551115123125783e-17,True,True,True,saddle,-1.5921641262406676,0.0,0.0894942920875313,0.0,1.681658418302481,0.0,solution
delta,0.01962,False,linear,True,1,1,-,0.45,0.01962,1.5,1.0,0.5,2.0,0.37360168450558384,0.6263983154944162,0.3476556267122204,0.5896232922063208,0.07463650616905187,0.11003301233810375,0.3131991577472081,0.3131991577472081,1.9298764070819784e-17,True,True,True,saddle,-0.9744982739580371,0.0,0.07463650616868536,0.0,1.049134780180771,0.0,solution
delta,0.01962,False,nonlinear,True,1,1,upper,0.45,0.01962,1.5,1.0,0.5,2.0,0.6263786180168582,0.37362138198314176,0.24026241555304267,0.49016570213861627,0.08955514467920755,0.1398702893584151,0.46805688981629806,0.46805688981629806,1.0669794627961812e-16,True,True,True,saddle,-1.5922687628430412,0.0,0.08955514467870734,0.0,1.6818239075009689,0.0,solution
delta,0.019715,False,linear,True,1,1,-,0.45,0.019715,1.5,1.0,0.5,2.0,0.37376000397905773,0.6262399960209423,0.3477277562732924,0.5896844548343566,0.07469066510817984,0.10995133021635968,0.31311999801047113,0.31311999801047113,9.651384032896348e-17,True,True,True,saddle,-0.9743144681305255,0.0,0.07469066510959137,0.0,1.049005133225781,0.0,solution
delta,0.019715,False,nonlinear,True,1,1,upper,0.45,0.019715,1.5,1.0,0.5,2.0,0.6264398859026885,0.3735601140973115,0.24027863141245784,0.49018224306114744,0.08961599687416123,0.13980199374832245,0.46802591050583014,0.4680259105058302,5.551115123125783e-17,True,True,True,saddle,-1.5923733603116583,0.0,0.08961599687371358,0.0,1.6819893571933704,0.0,solution
delta,0.019809999999999998,False,linear,True,1,1,-,0.45,0.019809999999999998,1.5,1.0,0.5,2.0,0.37391824165275567,0.6260817583472443,0.3477998709992573,0.589745598541657,0.07474482688541811,0.10986965377083624,0.31304087917362217,0.31304087917362217,1.9306771237251735e-17,True,True,True,saddle,-0.9741308799746439,0.0,0.07474482688600652,0.0,1.0488757068415384,0.0,solution
delta,0.019809999999999998,False,nonlinear,True,1,1,upper,0.45,0.019809999999999998,1.5,1.0,0.5,2.0,0.6265011297554272,0.37349887024457284,0.2402948504078099,0.4901987866241714,0.08967684867304095,0.13973369734608193,0.4679949283412013,0.46799492834120116,1.6653345369377348e-16,True,True,True,saddle,-1.592477918863148,0.0,0.08967684867302964,0.0,1.6821547675364896,0.0,solution
delta,0.019905,False,linear,True,1,1,-,0.45,0.019905,1.5,1.0,0.5,2.0,0.3740763975923028,0.6259236024076972,0.34787197089455274,0.5898067233378683,0.07479899149931975,0.10978798299863951,0.3129618012038486,0.3129618012038486,1.01381561323577e-16,True,True,True,saddle,-0.9739475091472872,0.0,0.0747989915002062,0.0,1.0487465005979197,0.0,solution
delta,0.019905,False,nonlinear,True,1,1,upper,0.45,0.019905,1.5,1.0,0.5,2.0,0.6265623495905241,0.37343765040947585,0.2403110725346222,0.4902153328228547,0.08973770007657178,0.1396654001531436,0.4679639433322519,0.4679639433322519,5.335977716006073e-17,True,True,True,saddle,-1.5925824383834057,0.0,0.08973770007637748,0.0,1.6823201384414976,0.0,solution
delta,0.02,False,linear,True,1,1,-,0.45,0.02,1.5,1.0,0.5,2.0,0.37423447186325187,0.6257655281367481,0.34794405596361444,0.5898678292326294,0.07485315894843893,0.10970631789687786,0.31288276406837406,0.31288276406837406,8.208779422010711e-17,True,True,True,saddle,-0.9737643552039119,0.0,0.07485315894878933,0.0,1.0486175141210452,0.0,solution
delta,0.02,False,nonlinear,True,1,1,upper,0.45,0.02,1.5,1.0,0.5,2.0,0.6266235454234156,0.3733764545765844,0.24032729778842354,0.49023188165237025,0.08979855108547778,0.13959710217095558,0.4679329554888085,0.4679329554888084,7.003943610579675e-17,True,True,True,saddle,-1.5926869188742943,0.0,0.08979855108594248,0.0,1.6824854699431868,0.0,solution
