model,E0_target,success,status,epsilon,lambda_stable,E_star,x_star,tau_star,u_star,E_0,x_0,tau_0,u_0,time_horizon,initial_distance,terminal_distance,admissible_path,distance_monotone,E_monotone,crosses_midpoint,min_E,max_E,min_x,max_x,min_tau,max_tau,min_u,max_u
linear,0.05,True,target_reached,1e-07,-0.9943134311490548,0.3571341719877207,0.06916715922477551,0.3402739467810474,0.5833300496126077,0.05000000000000014,0.127029027079844,0.7419798256722647,0.8613825083389288,14.942799445842573,0.5089666084234068,9.999999999001218e-08,True,True,True,False,0.05000000000000014,0.35713408044775125,0.06916716441621996,0.127029027079844,0.3402739866995005,0.7419798256722647,0.5833300838286163,0.8613825083389288
linear,0.055,True,target_reached,1e-07,-0.9943134311490548,0.3571341719877207,0.06916715922477551,0.3402739467810474,0.5833300496126077,0.054999999999999674,0.12320646841605484,0.7176891241094153,0.8471653463813398,14.930200991536946,0.4864643058831551,9.999999999001218e-08,True,True,True,False,0.054999999999999674,0.35713408044775125,0.06916716441621996,0.12320646841605484,0.3402739866995005,0.7176891241094153,0.5833300838286163,0.8471653463813398
linear,0.06,True,target_reached,1e-07,-0.9943134311490548,0.3571341719877207,0.06916715922477551,0.3402739467810474,0.5833300496126077,0.060000000000000074,0.11982537815795793,0.6959886090887133,0.8342593176517199,14.917243967484497,0.4662487450803137,9.999999999001218e-08,True,True,True,False,0.060000000000000074,0.35713408044775125,0.06916716441621996,0.11982537815795793,0.3402739866995005,0.6959886090887133,0.5833300838286163,0.8342593176517199
linear,0.065,True,target_reached,1e-07,-0.9943134311490548,0.3571341719877207,0.06916715922477551,0.3402739467810474,0.5833300496126077,0.06500000000000009,0.11680408010568166,0.6764191909402207,0.822447074856626,14.903925415270384,0.4478898032382464,9.999999999001218e-08,True,True,True,False,0.06500000000000009,0.35713408044775125,0.06916716441621996,0.11680408010568166,0.3402739866995005,0.6764191909402207,0.5833300838286163,0.822447074856626
linear,0.07,True,target_reached,1e-07,-0.9943134311490548,0.3571341719877207,0.06916715922477551,0.3402739467810474,0.5833300496126077,0.06999999999999995,0.1140808787831914,0.6586310804461762,0.8115608913976673,14.890240989191364,0.4310621062945834,9.999999999001218e-08,True,True,True,False,0.06999999999999995,0.35713408044775125,0.06916716441621996,0.1140808787831914,0.3402739866995005,0.6586310804461762,0.5833300838286163,0.8115608913976673
linear,0.075,True,target_reached,1e-07,-0.9943134311490548,0.3571341719877207,0.06916715922477551,0.3402739467810474,0.5833300496126077,0.0749999999999998,0.11160814099261675,0.6423520276321291,0.8014686691519071,14.876185103842907,0.4155142535067693,9.999999999001218e-08,True,True,True,False,0.0749999999999998,0.35713408044775125,0.06916716441621996,0.11160814099261675,0.3402739866995005,0.6423520276321291,0.5833300838286163,0.8014686691519071
linear,0.08,True,target_reached,1e-07,-0.9943134311490548,0.3571341719877207,0.06916715922477551,0.3402739467810474,0.5833300496126077,0.08000000000000015,0.10934839690362402,0.6273662424987361,0.7920645444019926,14.86175103246902,0.4010484601705589,9.999999999001218e-08,True,True,True,False,0.08000000000000015,0.35713408044775125,0.06916716441621996,0.10934839690362402,0.3402739866995005,0.6273662424987361,0.5833300838286163,0.7920645444019926
linear,0.08499999999999999,True,target_reached,1e-07,-0.9943134311490548,0.3571341719877207,0.06916715922477551,0.3402739467810474,0.5833300496126077,0.08500000000000016,0.10727169157179835,0.6134999760887667,0.7832623928727631,14.846930969671522,0.3875066787038518,9.999999999001218e-08,True,True,True,False,0.08500000000000016,0.35713408044775125,0.06916716441621996,0.10727169157179835,0.3402739866995005,0.6134999760887667,0.5833300838286163,0.7832623928727631
linear,0.09,True,target_reached,1e-07,-0.9943134311490548,0.3571341719877207,0.06916715922477551,0.3402739467810474,0.5833300496126077,0.09000000000000014,0.10535373759610711,0.6006113968329083,0.7749912237134743,14.831716067247688,0.37476088669616364,9.999999999001218e-08,True,True,True,False,0.09000000000000014,0.35713408044775125,0.06916716441621996,0.10535373759610711,0.3402739866995005,0.6006113968329083,0.5833300838286163,0.7749912237134743
linear,0.095,True,target_reached,1e-07,-0.9943134311490548,0.3571341719877207,0.06916715922477551,0.3402739467810474,0.5833300496126077,0.095,0.10357459665768656,0.5885833201515492,0.7671918405141893,14.816096448825842,0.3627061355671267,9.999999999001218e-08,True,True,True,False,0.095,0.35713408044775125,0.06916716441621996,0.10357459665768656,0.3402739866995005,0.5885833201515492,0.5833300838286163,0.7671918405141893
linear,0.09999999999999999,True,target_reached,1e-07,-0.9943134311490548,0.3571341719877207,0.06916715922477551,0.3402739467810474,0.5833300496126077,0.10000000000000016,0.10191771922251883,0.5773178817153688,0.7598143731960911,14.800061207393108,0.3512554749368659,9.999999999001218e-08,True,True,True,False,0.10000000000000016,0.35713408044775125,0.06916716441621996,0.10191771922251883,0.3402739866995005,0.5773178817153688,0.5833300838286163,0.7598143731960911
linear,0.105,True,target_reached,1e-07,-0.9943134311490548,0.3571341719877207,0.06916715922477551,0.3402739467810474,0.5833300496126077,0.10500000000000016,0.10036923253573825,0.5667325656099337,0.7528164222504273,14.783598387723794,0.34033618101036944,9.999999999001218e-08,True,True,True,False,0.10500000000000016,0.35713408044775125,0.06916716441621996,0.10036923253573825,0.3402739866995005,0.5667325656099337,0.5833300838286163,0.7528164222504273
linear,0.10999999999999999,True,target_reached,1e-07,-0.9943134311490548,0.3571341719877207,0.06916715922477551,0.3402739467810474,0.5833300496126077,0.11000000000000008,0.09891740418376158,0.5567571957840644,0.7461616418605719,14.766694955788422,0.3298869096191575,9.999999999001218e-08,True,True,True,False,0.11000000000000008,0.35713408044775125,0.06916716441621996,0.09891740418376158,0.3402739866995005,0.5567571957840644,0.5833300838286163,0.7461616418605719
linear,0.11499999999999999,True,target_reached,1e-07,-0.9943134311490548,0.3571341719877207,0.06916715922477551,0.3402739467810474,0.5833300496126077,0.11499999999999971,0.09755223206114018,0.5473316244954343,0.7398186429763948,14.749336755777586,0.31985551660801453,9.999999999001218e-08,True,True,True,False,0.11499999999999971,0.35713408044775125,0.06916716441621996,0.09755223206114018,0.3402739866995005,0.5473316244954343,0.5833300838286163,0.7398186429763948
linear,0.12,True,target_reached,1e-07,-0.9943134311490548,0.3571341719877207,0.06916715922477551,0.3402739467810474,0.5833300496126077,0.12000000000000027,0.09626512692105901,0.5384039338256766,0.7337601337124255,14.731508455064802,0.3101973680479503,9.999999999001218e-08,True,True,True,False,0.12000000000000027,0.35713408044775125,0.06916716441621996,0.09626512692105901,0.3402739866995005,0.5384039338256766,0.5833300838286163,0.7337601337124255
linear,0.12499999999999999,True,target_reached,1e-07,-0.9943134311490548,0.3571341719877207,0.06916715922477551,0.3402739467810474,0.5833300496126077,0.12499999999999985,0.09504866366756153,0.52992901993014,0.7279622379836334,14.71319347735178,0.30087401490962024,9.999999999001218e-08,True,True,True,False,0.12499999999999985,0.35713408044775125,0.06916716441621996,0.09504866366756153,0.3402739866995005,0.52992901993014,0.5833300838286163,0.7279622379836334
linear,0.13,True,target_reached,1e-07,-0.9943134311490548,0.3571341719877207,0.06916715922477551,0.3402739467810474,0.5833300496126077,0.1299999999999998,0.09389638440209142,0.5218674667209292,0.7224039498237321,14.694373923351145,0.2918521426109019,9.999999999001218e-08,True,True,True,False,0.1299999999999998,0.35713408044775125,0.06916716441621996,0.09389638440209142,0.3402739866995005,0.5218674667209292,0.5833300838286163,0.7224039498237321
linear,0.135,True,target_reached,1e-07,-0.9943134311490548,0.3571341719877207,0.06916715922477551,0.3402739467810474,0.5833300496126077,0.135,0.09280264093608635,0.514184641261289,0.7170666923385084,14.675030478429452,0.2831027304972453,9.999999999001218e-08,True,True,True,False,0.135,0.35713408044775125,0.06916716441621996,0.09280264093608635,0.3402739866995005,0.514184641261289,0.5833300838286163,0.7170666923385084
linear,0.13999999999999999,True,target_reached,1e-07,-0.9943134311490548,0.3571341719877207,0.06916715922477551,0.3402739467810474,0.5833300496126077,0.14000000000000007,0.09176246770308491,0.5068499606428937,0.7119339580627502,14.655142306200291,0.27460037327746845,9.999999999001218e-08,True,True,True,False,0.14000000000000007,0.35713408044775125,0.06916716441621996,0.09176246770308491,0.3402739866995005,0.5068499606428937,0.5833300838286163,0.7119339580627502
linear,0.145,True,target_reached,1e-07,-0.9943134311490548,0.3571341719877207,0.06916715922477551,0.3402739467810474,0.5833300496126077,0.14499999999999985,0.09077147835641239,0.4998362930156376,0.7069910133910031,14.634686926594734,0.26632272878210145,9.999999999001218e-08,True,True,True,False,0.14499999999999985,0.35713408044775125,0.06916716441621996,0.09077147835641239,0.3402739866995005,0.4998362930156376,0.5833300838286163,0.7069910133910031
linear,0.14999999999999997,True,target_reached,1e-07,-0.9943134311490548,0.3571341719877207,0.06916715922477551,0.3402739467810474,0.5833300496126077,0.15000000000000013,0.0898257809856538,0.493119464502772,0.7022246538699507,14.613640076850485,0.25825006514175297,9.999999999001218e-08,True,True,True,False,0.15000000000000013,0.35713408044775125,0.06916716441621996,0.0898257809856538,0.3402739866995005,0.493119464502772,0.5833300838286163,0.7022246538699507
linear,0.15499999999999997,True,target_reached,1e-07,-0.9943134311490548,0.3571341719877207,0.06916715922477551,0.3402739467810474,0.5833300496126077,0.15499999999999994,0.08892190810031163,0.48667785040795447,0.6976230001999321,14.591975553229904,0.25036488688610803,9.999999999001218e-08,True,True,True,False,0.15499999999999994,0.35713408044775125,0.06916716441621996,0.08892190810031163,0.3402739866995005,0.48667785040795447,0.5833300838286163,0.6976230001999321
linear,0.15999999999999998,True,target_reached,1e-07,-0.9943134311490548,0.3571341719877207,0.06916715922477551,0.3402739467810474,0.5833300496126077,0.15999999999999984,0.08805675842620965,0.4804920341069148,0.6931753271048493,14.56966503094585,0.24265162421999098,9.999999999001218e-08,True,True,True,False,0.15999999999999984,0.35713408044775125,0.06916716441621996,0.08805675842620965,0.3402739866995005,0.4804920341069148,0.5833300838286163,0.6931753271048493
linear,0.16499999999999998,True,target_reached,1e-07,-0.9943134311490548,0.3571341719877207,0.06916715922477551,0.3402739467810474,0.5833300496126077,0.16499999999999984,0.08722754821882944,0.474544520665412,0.6888719189119353,14.546677859261516,0.2350963732328941,9.999999999001218e-08,True,True,True,False,0.16499999999999984,0.35713408044775125,0.06916716441621996,0.08722754821882944,0.3402739866995005,0.474544520665412,0.5833300838286163,0.6888719189119353
linear,0.16999999999999998,True,target_reached,1e-07,-0.9943134311490548,0.3571341719877207,0.06916715922477551,0.3402739467810474,0.5833300496126077,0.17000000000000004,0.08643177030262943,0.4688194950401176,0.684703947002,14.522980828035474,0.22768667747240795,9.999999999001218e-08,True,True,True,False,0.17000000000000004,0.35713408044775125,0.06916716441621996,0.08643177030262943,0.3402739866995005,0.4688194950401176,0.5833300838286163,0.684703947002
linear,0.175,True,target_reached,1e-07,-0.9943134311490548,0.3571341719877207,0.06916715922477551,0.3402739467810474,0.5833300496126077,0.1749999999999998,0.08566715942209412,0.46330261682786633,0.6806633652752778,14.498537901334915,0.2204113433234625,9.999999999001218e-08,True,True,True,False,0.1749999999999998,0.35713408044775125,0.06916716441621996,0.08566715942209412,0.3402739866995005,0.46330261682786633,0.5833300838286163,0.6806633652752778
linear,0.18,True,target_reached,1e-07,-0.9943134311490548,0.3571341719877207,0.06916715922477551,0.3402739467810474,0.5833300496126077,0.17999999999999985,0.08493166278250673,0.4579808451649111,0.676742820549218,14.473309912759307,0.21326028318781348,9.999999999001218e-08,True,True,True,False,0.17999999999999985,0.35713408044775125,0.06916716441621996,0.08493166278250673,0.3402739866995005,0.4579808451649111,0.5833300838286163,0.676742820549218
linear,0.185,True,target_reached,1e-07,-0.9943134311490548,0.3571341719877207,0.06916715922477551,0.3402739467810474,0.5833300496126077,0.18500000000000008,0.0842234148829904,0.4528422886447177,0.672935575404301,14.447254216081408,0.20622438165813434,9.999999999001218e-08,True,True,True,False,0.18500000000000008,0.35713408044775125,0.06916716441621996,0.0842234148829904,0.3402739866995005,0.4528422886447177,0.5833300838286163,0.672935575404301
linear,0.19,True,target_reached,1e-07,-0.9943134311490548,0.3571341719877207,0.06916715922477551,0.3402739467810474,0.5833300496126077,0.19,0.08354071591889144,0.4478760761056694,0.6692354414596327,14.420324283419527,0.1992953808126336,9.999999999001218e-08,True,True,True,False,0.19,0.35713408044775125,0.06916716441621996,0.08354071591889144,0.3402739866995005,0.4478760761056694,0.5833300838286163,0.6692354414596327
linear,0.195,True,target_reached,1e-07,-0.9943134311490548,0.3571341719877207,0.06916715922477551,0.3402739467810474,0.5833300496126077,0.19499999999999995,0.08288201316831839,0.4430722449217568,0.6656367214342647,14.392469241510613,0.19246578149235435,9.999999999001218e-08,True,True,True,False,0.19499999999999995,0.35713408044775125,0.06916716441621996,0.08288201316831839,0.3402739866995005,0.4430722449217568,0.5833300838286163,0.6656367214342647
linear,0.19999999999999996,True,target_reached,1e-07,-0.9943134311490548,0.3571341719877207,0.06916715922477551,0.3402739467810474,0.5833300496126077,0.19999999999999998,0.08224588488559023,0.43842164404116474,0.6621341586424648,14.363633334541582,0.1857287580011267,9.999999999001218e-08,True,True,True,False,0.19999999999999998,0.35713408044775125,0.06916716441621996,0.08224588488559023,0.3402739866995005,0.43842164404116474,0.5833300838286163,0.6621341586424648
linear,0.20499999999999996,True,target_reached,1e-07,-0.9943134311490548,0.3571341719877207,0.06916715922477551,0.3402739467810474,0.5833300496126077,0.20499999999999985,0.08163102631070251,0.43391584951021434,0.6587228928086638,14.333755299386638,0.17907808413053744,9.999999999001218e-08,True,True,True,False,0.20499999999999985,0.35713408044775125,0.06916716441621996,0.08163102631070251,0.3402739866995005,0.43391584951021434,0.5833300838286163,0.6587228928086638
linear,0.20999999999999996,True,target_reached,1e-07,-0.9943134311490548,0.3571341719877207,0.06916715922477551,0.3402739467810474,0.5833300496126077,0.21,0.08103623747274741,0.42954709061288054,0.6553984212773788,14.30276763575498,0.17250806878110897,9.999999999001218e-08,True,True,True,False,0.21,0.35713408044775125,0.06916716441621996,0.08103623747274741,0.3402739866995005,0.42954709061288054,0.5833300838286163,0.6553984212773788
linear,0.21499999999999997,True,target_reached,1e-07,-0.9943134311490548,0.3571341719877207,0.06916715922477551,0.3402739467810474,0.5833300496126077,0.21499999999999989,0.08046041252059281,0.4253081850733291,0.6521565648472222,14.27059574951846,0.16601349974802362,9.999999999001218e-08,True,True,True,False,0.21499999999999989,0.35713408044775125,0.06916716441621996,0.08046041252059281,0.3402739866995005,0.4253081850733291,0.5833300838286163,0.6521565648472222
linear,0.21999999999999997,True,target_reached,1e-07,-0.9943134311490548,0.3571341719877207,0.06916715922477551,0.3402739467810474,0.5833300496126077,0.22000000000000008,0.07990253035904465,0.4211924820269168,0.648993437583861,14.237156942018174,0.15958959448060905,9.999999999001218e-08,True,True,True,False,0.22000000000000008,0.35713408044775125,0.06916716441621996,0.07990253035904465,0.3402739866995005,0.4211924820269168,0.5833300838286163,0.648993437583861
linear,0.22499999999999998,True,target_reached,1e-07,-0.9943134311490548,0.3571341719877207,0.06916715922477551,0.3402739467810474,0.5833300496126077,0.22499999999999995,0.07936164640510066,0.4171938116745081,0.6459054200689974,14.202359211067234,0.1532319568203011,9.999999999001218e-08,True,True,True,False,0.22499999999999995,0.35713408044775125,0.06916716441621996,0.07936164640510066,0.3402739866995005,0.4171938116745081,0.5833300838286163,0.6459054200689974
linear,0.22999999999999998,True,target_reached,1e-07,-0.9943134311490548,0.3571341719877207,0.06916715922477551,0.3402739467810474,0.5833300496126077,0.23000000000000004,0.07883688530875009,0.41330644070732886,0.642889135627076,14.166099820094146,0.14693653888204516,9.999999999001218e-08,True,True,True,False,0.23000000000000004,0.35713408044775125,0.06916716441621996,0.07883688530875009,0.3402739866995005,0.41330644070732886,0.5833300838286163,0.642889135627076
linear,0.235,True,target_reached,1e-07,-0.9943134311490548,0.3571341719877207,0.06916715922477551,0.3402739467810474,0.5833300496126077,0.235,0.0783274345072293,0.4095250327311041,0.6399414291410613,14.128263579619516,0.14069960737556667,9.999999999001218e-08,True,True,True,False,0.235,0.35713408044775125,0.06916716441621996,0.0783274345072293,0.3402739866995005,0.4095250327311041,0.5833300838286163,0.6399414291410613
linear,0.24,True,target_reached,1e-07,-0.9943134311490548,0.3571341719877207,0.06916715922477551,0.3402739467810474,0.5833300496126077,0.23999999999999996,0.07783253850183153,0.4058446130353273,0.6370593481264735,14.088720768911063,0.13451771377143731,9.999999999001218e-08,True,True,True,False,0.23999999999999996,0.35713408044775125,0.06916716441621996,0.07783253850183153,0.3402739866995005,0.4058446130353273,0.5833300838286163,0.6370593481264735
linear,0.245,True,target_reached,1e-07,-0.9943134311490548,0.3571341719877207,0.06916715922477551,0.3402739467810474,0.5833300496126077,0.245,0.07735149376310907,0.40226053715091004,0.6342401257811666,14.047324603599744,0.128387667806874,9.999999999001218e-08,True,True,True,False,0.245,0.35713408044775125,0.06916716441621996,0.07735149376310907,0.3402739866995005,0.40226053715091004,0.5833300838286163,0.6342401257811666
linear,0.24999999999999994,True,target_reached,1e-07,-0.9943134311490548,0.3571341719877207,0.06916715922477551,0.3402739467810474,0.5833300496126077,0.24999999999999992,0.07688364418421834,0.3987684627205417,0.6314811657686568,14.003908124921207,0.12230651390101673,9.999999999001218e-08,True,True,True,False,0.24999999999999992,0.35713408044775125,0.06916716441621996,0.07688364418421834,0.3402739866995005,0.3987684627205417,0.5833300838286163,0.6314811657686568
linear,0.25499999999999995,True,target_reached,1e-07,-0.9943134311490548,0.3571341719877207,0.06916715922477551,0.3402739467810474,0.5833300496126077,0.2549999999999999,0.07642837701379014,0.39536432427408724,0.6287800285267394,13.95828034459631,0.11627151011198945,9.999999999001218e-08,True,True,True,False,0.2549999999999999,0.35713408044775125,0.06916716441621996,0.07642837701379014,0.3402739866995005,0.39536432427408724,0.5833300838286163,0.6287800285267394
linear,0.25999999999999995,True,target_reached,1e-07,-0.9943134311490548,0.3571341719877207,0.06916715922477551,0.3402739467810474,0.5833300496126077,0.25999999999999995,0.07598511920945711,0.3920443105584343,0.6261344189217155,13.910221420968453,0.1102801093204745,9.999999999001218e-08,True,True,True,False,0.25999999999999995,0.35713408044775125,0.06916716441621996,0.07598511920945711,0.3402739866995005,0.3920443105584343,0.5833300838286163,0.6261344189217155
linear,0.26499999999999996,True,target_reached,1e-07,-0.9943134311490548,0.3571341719877207,0.06916715922477551,0.3402739467810474,0.5833300496126077,0.265,0.07555333416137736,0.3888048441194012,0.6235421750927528,13.859476558892466,0.10432994236866812,9.999999999001218e-08,True,True,True,False,0.265,0.35713408044775125,0.06916716441621996,0.07555333416137736,0.3402739866995005,0.3888048441194012,0.5833300838286163,0.6235421750927528
linear,0.26999999999999996,True,target_reached,1e-07,-0.9943134311490548,0.3571341719877207,0.06916715922477551,0.3402739467810474,0.5833300496126077,0.2699999999999999,0.07513251874202438,0.38564256287408744,0.6210012583514525,13.805748205582182,0.0984188029207498,9.999999999001218e-08,True,True,True,False,0.2699999999999999,0.35713408044775125,0.06916716441621996,0.07513251874202438,0.3402739866995005,0.38564256287408744,0.5833300838286163,0.6210012583514525
linear,0.27499999999999997,True,target_reached,1e-07,-0.9943134311490548,0.3571341719877207,0.06916715922477551,0.3402739467810474,0.5833300496126077,0.2749999999999999,0.07472220064438627,0.38255430344668345,0.6185097440191896,13.748685937363398,0.09254463384257071,9.999999999001218e-08,True,True,True,False,0.2749999999999999,0.35713408044775125,0.06916716441621996,0.07472220064438627,0.3402739866995005,0.38255430344668345,0.5833300838286163,0.6185097440191896
linear,0.27999999999999997,True,target_reached,1e-07,-0.9943134311490548,0.3571341719877207,0.06916715922477551,0.3402739467810474,0.5833300496126077,0.28,0.07432193597571077,0.3795370860702655,0.6160658130997576,13.687873165767765,0.08670551492510609,9.999999999001218e-08,True,True,True,False,0.28,0.35713408044775125,0.06916716441621996,0.07432193597571077,0.3402739866995005,0.3795370860702655,0.5833300838286163,0.6160658130997576
linear,0.285,True,target_reached,1e-07,-0.9943134311490548,0.3571341719877207,0.06916715922477551,0.3402739467810474,0.5833300496126077,0.285,0.07393130707819086,0.3765881008823149,0.613667744697662,13.622809381669834,0.08089965179908921,9.999999999001218e-08,True,True,True,False,0.285,0.35713408044775125,0.06916716441621996,0.07393130707819086,0.3402739866995005,0.3765881008823149,0.5833300838286163,0.613667744697662
linear,0.29,True,target_reached,1e-07,-0.9943134311490548,0.3571341719877207,0.06916715922477551,0.3402739467810474,0.5833300496126077,0.29,0.07354992055162739,0.37370469546331814,0.6113139091034312,13.552886010351068,0.0751253659078088,9.999999999001218e-08,True,True,True,False,0.29,0.35713408044775125,0.06916716441621996,0.07354992055162739,0.3402739866995005,0.37370469546331814,0.5833300838286163,0.6113139091034312
linear,0.295,True,target_reached,1e-07,-0.9943134311490548,0.3571341719877207,0.06916715922477551,0.3402739467810474,0.5833300496126077,0.29499999999999993,0.07317740545623018,0.37088436348638354,0.6090027614768126,13.477352903477412,0.0693810854218272,9.999999999001218e-08,True,True,True,False,0.29499999999999993,0.35713408044775125,0.06916716441621996,0.07317740545623018,0.3402739866995005,0.37088436348638354,0.5833300838286163,0.6090027614768126
linear,0.3,True,target_reached,1e-07,-0.9943134311490548,0.3571341719877207,0.06916715922477551,0.3402739467810474,0.5833300496126077,0.29999999999999993,0.07281341167640609,0.3681247343618214,0.6067328360669311,13.395270742018212,0.06366533699379022,9.999999999001218e-08,True,True,True,False,0.29999999999999993,0.35713408044775125,0.06916716441621996,0.07281341167640609,0.3402739866995005,0.3681247343618214,0.5833300838286163,0.6067328360669311
linear,0.30499999999999994,True,target_reached,1e-07,-0.9943134311490548,0.3571341719877207,0.06916715922477551,0.3402739467810474,0.5833300496126077,0.30499999999999994,0.07245760842870054,0.36542356377447865,0.6045027409156046,13.305441583407461,0.05797673826393776,9.999999999001218e-08,True,True,True,False,0.30499999999999994,0.35713408044775125,0.06916716441621996,0.07245760842870054,0.3402739866995005,0.36542356377447865,0.5833300838286163,0.6045027409156046
linear,0.30999999999999994,True,target_reached,1e-07,-0.9943134311490548,0.3571341719877207,0.06916715922477551,0.3402739467810474,0.5833300496126077,0.31,0.07210968289906336,0.3627787250236033,0.6023111529961929,13.206304281227501,0.05231399103766024,9.999999999001218e-08,True,True,True,False,0.31,0.35713408044775125,0.06916716441621996,0.07210968289906336,0.3402739866995005,0.3627787250236033,0.5833300838286163,0.6023111529961929
linear,0.31499999999999995,True,target_reached,1e-07,-0.9943134311490548,0.3571341719877207,0.06916715922477551,0.3402739467810474,0.5833300496126077,0.31499999999999995,0.07176933899634777,0.36018820108543803,0.6001568137457394,13.095771033760364,0.0466758750657591,9.999999999001218e-08,True,True,True,False,0.31499999999999995,0.35713408044775125,0.06916716441621996,0.07176933899634777,0.3402739866995005,0.36018820108543803,0.5833300838286163,0.6001568137457394
linear,0.31999999999999995,True,target_reached,1e-07,-0.9943134311490548,0.3571341719877207,0.06916715922477551,0.3402739467810474,0.5833300496126077,0.31999999999999995,0.07143629621046049,0.35765007732780035,0.5980385249528665,12.970960189025245,0.04106124236614411,9.999999999001218e-08,True,True,True,False,0.31999999999999995,0.35713408044775125,0.06916716441621996,0.07143629621046049,0.3402739866995005,0.35765007732780035,0.5833300838286163,0.5980385249528665
linear,0.32499999999999996,True,target_reached,1e-07,-0.9943134311490548,0.3571341719877207,0.06916715922477551,0.3402739467810474,0.5833300496126077,0.32499999999999996,0.07111028856489665,0.3551625348138268,0.5959551449679974,12.827734645849754,0.035469012032740325,9.999999999001218e-08,True,True,True,False,0.32499999999999996,0.35713408044775125,0.06916716441621996,0.07111028856489665,0.3402739866995005,0.3551625348138268,0.5833300838286163,0.5959551449679974
linear,0.32999999999999996,True,target_reached,1e-07,-0.9943134311490548,0.3571341719877207,0.06916715922477551,0.3402739467810474,0.5833300496126077,0.32999999999999996,0.07079106365454112,0.35272384413897473,0.5939055852060786,12.659846747358962,0.029898165483506618,9.999999999001218e-08,True,True,True,False,0.32999999999999996,0.35713408044775125,0.06916716441621996,0.07079106365454112,0.3402739866995005,0.35272384413897473,0.5833300838286163,0.5939055852060786
linear,0.33499999999999996,True,target_reached,1e-07,-0.9943134311490548,0.3571341719877207,0.06916715922477551,0.3402739467810474,0.5833300496126077,0.3349999999999999,0.07047838176062186,0.35033235975144184,0.5918888069151518,12.457202720687782,0.024347742104834147,9.999999999001218e-08,True,True,True,False,0.3349999999999999,0.35713408044775125,0.06916716441621996,0.07047838176062186,0.3402739866995005,0.35033235975144184,0.5833300838286163,0.5918888069151518
linear,0.33999999999999997,True,target_reached,1e-07,-0.9943134311490548,0.3571341719877207,0.06916715922477551,0.3402739467810474,0.5833300496126077,0.3399999999999999,0.07017201503558199,0.34798651471149206,0.5899038181869075,12.201869336523114,0.018816835254288386,9.999999999001218e-08,True,True,True,False,0.3399999999999999,0.35713408044775125,0.06916716441621996,0.07017201503558199,0.3402739866995005,0.34798651471149206,0.5833300838286163,0.5899038181869075
linear,0.3449999999999999,True,target_reached,1e-07,-0.9943134311490548,0.3571341719877207,0.06916715922477551,0.3402739467810474,0.5833300496126077,0.3449999999999999,0.06987174675141047,0.3456848158498633,0.587949671187818,11.8570125467903,0.01330458858778226,9.999999999001218e-08,True,True,True,False,0.3449999999999999,0.35713408044775125,0.06916716441621996,0.06987174675141047,0.3402739866995005,0.3456848158498633,0.5833300838286163,0.587949671187818
linear,0.3499999999999999,True,target_reached,1e-07,-0.9943134311490548,0.3571341719877207,0.06916715922477551,0.3402739467810474,0.5833300496126077,0.3499999999999999,0.06957737060565236,0.34342583928956644,0.5860254595916174,11.324998584072489,0.007810192680890722,9.999999999001218e-08,True,True,True,False,0.3499999999999999,0.35713408044775125,0.06916716441621996,0.06957737060565236,0.3402739866995005,0.34342583928956644,0.5833300838286163,0.5860254595916174
linear,0.3549999999999999,True,target_reached,1e-07,-0.9943134311490548,0.3571341719877207,0.06916715922477551,0.3402739467810474,0.5833300496126077,0.3549999999999999,0.06928869007992008,0.34120822629903935,0.5841303161958291,10.113419683352847,0.002332881917213864,9.999999999001218e-08,True,True,True,False,0.3549999999999999,0.35713408044775125,0.06916716441621996,0.06928869007992008,0.3402739866995005,0.34120822629903935,0.5833300838286163,0.5841303161958291
linear,0.35999999999999993,True,target_reached,1e-07,-0.9943134311490548,0.3571341719877207,0.06916715922477551,0.3402739467810474,0.5833300496126077,0.35999999999999993,0.0690055178462579,0.3390306794478522,0.5822634107067455,10.41201201908074,0.003128068380487193,9.999999999001218e-08,True,True,True,False,0.3571342635276901,0.35999999999999993,0.0690055178462579,0.06916715403333105,0.3390306794478522,0.3402739068625943,0.5822634107067455,0.5833300153965971
linear,0.36499999999999994,True,target_reached,1e-07,-0.9943134311490548,0.3571341719877207,0.06916715922477551,0.3402739467810474,0.5833300496126077,0.36499999999999994,0.06872767521718125,0.3368919590390232,0.5804239476787835,11.42957281043451,0.008573344598165292,9.999999999001218e-08,True,True,True,False,0.3571342635276901,0.36499999999999994,0.06872767521718125,0.06916715403333105,0.3368919590390232,0.3402739068625943,0.5804239476787835,0.5833300153965971
linear,0.36999999999999994,True,target_reached,1e-07,-0.9943134311490548,0.3571341719877207,0.06916715922477551,0.3402739467810474,0.5833300496126077,0.36999999999999994,0.06845499163562921,0.33479087979455635,0.5786111645954961,11.926537787995061,0.014003597276947374,9.999999999001218e-08,True,True,True,False,0.3571342635276901,0.36999999999999994,0.06845499163562921,0.06916715403333105,0.33479087979455635,0.3402739068625943,0.5786111645954961,0.5833300153965971
linear,0.37499999999999994,True,target_reached,1e-07,-0.9943134311490548,0.3571341719877207,0.06916715922477551,0.3402739467810474,0.5833300496126077,0.37499999999999994,0.06818730420143918,0.33272630777307277,0.5768243300807212,12.258822608014997,0.019419443375797357,9.999999999001218e-08,True,True,True,False,0.3571342635276901,0.37499999999999994,0.06818730420143918,0.06916715403333105,0.33272630777307277,0.3402739068625943,0.5768243300807212,0.5833300153965971
linear,0.37999999999999995,True,target_reached,1e-07,-0.9943134311490548,0.3571341719877207,0.06916715922477551,0.3402739467810474,0.5833300496126077,0.37999999999999995,0.06792445723127995,0.33069715750043044,0.5750627422294288,12.509068053491177,0.02482146836625732,9.999999999001218e-08,True,True,True,False,0.3571342635276901,0.37999999999999995,0.06792445723127995,0.06916715403333105,0.33069715750043044,0.3402739068625943,0.5750627422294288,0.5833300153965971
linear,0.38499999999999995,True,target_reached,1e-07,-0.9943134311490548,0.3571341719877207,0.06916715922477551,0.3402739467810474,0.5833300496126077,0.38499999999999995,0.06766630184927519,0.32870238929602286,0.5733257270487893,12.710025681754043,0.030210228173596254,9.999999999001218e-08,True,True,True,False,0.3571342635276901,0.38499999999999995,0.06766630184927519,0.06916715403333105,0.32870238929602286,0.3402739068625943,0.5733257270487893,0.5833300153965971
linear,0.38999999999999996,True,target_reached,1e-07,-0.9943134311490548,0.3571341719877207,0.06916715922477551,0.3402739467810474,0.5833300496126077,0.38999999999999996,0.06741269560580936,0.3267410067790677,0.571612637000852,12.87805963801743,0.03558625097731115,9.999999999001218e-08,True,True,True,False,0.3571342635276901,0.38999999999999996,0.06741269560580936,0.06916715403333105,0.3267410067790677,0.3402739068625943,0.571612637000852,0.5833300153965971
linear,0.39499999999999996,True,target_reached,1e-07,-0.9943134311490548,0.3571341719877207,0.06916715922477551,0.3402739467810474,0.5833300496126077,0.39499999999999996,0.06716350212224308,0.32481205454062984,0.5699228496389926,13.022531866200922,0.04095003888269616,9.999999999001218e-08,True,True,True,False,0.3571342635276901,0.39499999999999996,0.06716350212224308,0.06916715403333105,0.32481205454062984,0.3402739068625943,0.5699228496389926,0.5833300153965971
linear,0.3999999999999999,True,target_reached,1e-07,-0.9943134311490548,0.3571341719877207,0.06916715922477551,0.3402739467810474,0.5833300496126077,0.39999999999999997,0.06691859075947439,0.3229146159684214,0.5682557663309906,13.14930283517966,0.04630206947409197,9.999999999001218e-08,True,True,True,False,0.3571342635276901,0.39999999999999997,0.06691859075947439,0.06916715403333105,0.3229146159684214,0.3402739068625943,0.5682557663309906,0.5833300153965971
linear,0.4049999999999999,True,target_reached,1e-07,-0.9943134311490548,0.3571341719877207,0.06916715922477551,0.3402739467810474,0.5833300496126077,0.4049999999999999,0.06667783630846981,0.32104781121258386,0.5666108110622174,13.262285680059076,0.05164279725944053,9.999999999001218e-08,True,True,True,False,0.3571342635276901,0.4049999999999999,0.06667783630846981,0.06916715403333105,0.32104781121258386,0.3402739068625943,0.5666108110622174,0.5833300153965971
linear,0.4099999999999999,True,target_reached,1e-07,-0.9943134311490548,0.3571341719877207,0.06916715922477551,0.3402739467810474,0.5833300496126077,0.40999999999999986,0.06644111870105834,0.31921079528169655,0.5649874293129862,13.364223575761342,0.05697265501488794,9.999999999001218e-08,True,True,True,False,0.3571342635276901,0.40999999999999986,0.06644111870105834,0.06916715403333105,0.31921079528169655,0.3402739068625943,0.5649874293129862,0.5833300153965971
linear,0.4149999999999999,True,target_reached,1e-07,-0.9943134311490548,0.3571341719877207,0.06916715922477551,0.3402739467810474,0.5833300496126077,0.4149999999999999,0.06620832273943304,0.31740275625920256,0.5633850870046194,13.457114165122203,0.06229205503738177,9.999999999001218e-08,True,True,True,False,0.3571342635276901,0.4149999999999999,0.06620832273943304,0.06916715403333105,0.31740275625920256,0.3402739068625943,0.5633850870046194,0.5833300153965971
linear,0.41999999999999993,True,target_reached,1e-07,-0.9943134311490548,0.3571341719877207,0.06916715922477551,0.3402739467810474,0.5833300496126077,0.41999999999999993,0.06597933784294098,0.3156229136312857,0.5618032695092524,13.542457427259965,0.06760139031249732,9.999999999001218e-08,True,True,True,False,0.3571342635276901,0.41999999999999993,0.06597933784294098,0.06916715403333105,0.3156229136312857,0.3402739068625943,0.5618032695092524,0.5833300153965971
linear,0.42499999999999993,True,target_reached,1e-07,-0.9943134311490548,0.3571341719877207,0.06916715922477551,0.3402739467810474,0.5833300496126077,0.42499999999999993,0.06575405781086616,0.31387051671800076,0.5602414807188064,13.62140839307774,0.07290103560408516,9.999999999001218e-08,True,True,True,False,0.3571342635276901,0.42499999999999993,0.06575405781086616,0.06916715403333105,0.31387051671800076,0.3402739068625943,0.5602414807188064,0.5833300153965971
linear,0.42999999999999994,True,target_reached,1e-07,-0.9943134311490548,0.3571341719877207,0.06916715922477551,0.3402739467810474,0.5833300496126077,0.43,0.06553238060002041,0.3121448432001501,0.5586992421689421,13.69487543269541,0.0781913484717516,9.999999999001218e-08,True,True,True,False,0.3571342635276901,0.43,0.06553238060002041,0.06916715403333105,0.3121448432001501,0.3402739068625943,0.5586992421689421,0.5833300153965971
linear,0.43499999999999994,True,target_reached,1e-07,-0.9943134311490548,0.3571341719877207,0.06916715922477551,0.3402739467810474,0.5833300496126077,0.435,0.0653142081160581,0.31044519773502544,0.557176092214145,13.76358585177524,0.08347267022166348,9.999999999001218e-08,True,True,True,False,0.3571342635276901,0.435,0.0653142081160581,0.06916715403333105,0.31044519773502544,0.3402739068625943,0.557176092214145,0.5833300153965971
linear,0.43999999999999995,True,target_reached,1e-07,-0.9943134311490548,0.3571341719877207,0.06916715922477551,0.3402739467810474,0.5833300496126077,0.4399999999999999,0.06509944601752118,0.30877091065470186,0.5556715852504084,13.828131034791992,0.08874532679569636,9.999999999001218e-08,True,True,True,False,0.3571342635276901,0.4399999999999999,0.06509944601752118,0.06916715403333105,0.30877091065470186,0.3402739068625943,0.5556715852504084,0.5833300153965971
linear,0.44499999999999995,True,target_reached,1e-07,-0.9943134311490548,0.3571341719877207,0.06916715922477551,0.3402739467810474,0.5833300496126077,0.4449999999999999,0.06488800353170326,0.30712133674108577,0.5541852909822542,13.88899834084702,0.09400962960351852,9.999999999001218e-08,True,True,True,False,0.3571342635276901,0.4449999999999999,0.06488800353170326,0.06916715403333105,0.30712133674108577,0.3402739068625943,0.5541852909822542,0.5833300153965971
linear,0.4499999999999999,True,target_reached,1e-07,-0.9943134311490548,0.3571341719877207,0.06916715922477551,0.3402739467810474,0.5833300496126077,0.44999999999999984,0.06467979328149658,0.3054958540723853,0.5527167937310982,13.946594159553362,0.09926587630181587,9.999999999001218e-08,True,True,True,False,0.3571342635276901,0.44999999999999984,0.06467979328149658,0.06916715403333105,0.3054958540723853,0.3402739068625943,0.5527167937310982,0.5833300153965971
linear,0.4549999999999999,True,target_reached,1e-07,-0.9943134311490548,0.3571341719877207,0.06916715922477551,0.3402739467810474,0.5833300496126077,0.45499999999999996,0.06447473112245249,0.30389386293609616,0.5512656917821896,14.00126091321327,0.10451435152451638,9.999999999001218e-08,True,True,True,False,0.3571342635276901,0.45499999999999996,0.06447473112245249,0.06916715403333105,0.30389386293609616,0.3402739068625943,0.5512656917821896,0.5833300153965971
linear,0.4599999999999999,True,target_reached,1e-07,-0.9943134311490548,0.3571341719877207,0.06916715922477551,0.3402739467810474,0.5833300496126077,0.45999999999999985,0.06427273598934903,0.30231478480398716,0.5498315967675804,14.053289817902522,0.10975532756754897,9.999999999001218e-08,True,True,True,False,0.3571342635276901,0.45999999999999985,0.06427273598934903,0.06916715403333105,0.30231478480398716,0.3402739068625943,0.5498315967675804,0.5833300153965971
linear,0.4649999999999999,True,target_reached,1e-07,-0.9943134311490548,0.3571341719877207,0.06916715922477551,0.3402739467810474,0.5833300496126077,0.46499999999999986,0.06407372975161385,0.30075806136491323,0.5484141330827582,14.102930612866766,0.11498906503139203,9.999999999001218e-08,True,True,True,False,0.3571342635276901,0.46499999999999986,0.06407372975161385,0.06916715403333105,0.30075806136491323,0.3402739068625943,0.5484141330827582,0.5833300153965971
linear,0.4699999999999999,True,target_reached,1e-07,-0.9943134311490548,0.3571341719877207,0.06916715922477551,0.3402739467810474,0.5833300496126077,0.4699999999999999,0.06387763707700286,0.29922315361161694,0.5470129373347736,14.150399083466832,0.12021581342439326,9.999999999001218e-08,True,True,True,False,0.3571342635276901,0.4699999999999999,0.06387763707700286,0.06916715403333105,0.29922315361161694,0.3402739068625943,0.5470129373347736,0.5833300153965971
linear,0.4749999999999999,True,target_reached,1e-07,-0.9943134311490548,0.3571341719877207,0.06916715922477551,0.3402739467810474,0.5833300496126077,0.47499999999999987,0.06368438530298087,0.2977095409779621,0.5456276578198379,14.195882952172841,0.12543581172961496,9.999999999001218e-08,True,True,True,False,0.3571342635276901,0.47499999999999987,0.06368438530298087,0.06916715403333105,0.2977095409779621,0.3402739068625943,0.5456276578198379,0.5833300153965971
linear,0.4799999999999999,True,target_reached,1e-07,-0.9943134311490548,0.3571341719877207,0.06916715922477551,0.3402739467810474,0.5833300496126077,0.48,0.06349390431529342,0.296216720523319,0.5442579540285277,14.23954654482616,0.1306492889377345,9.999999999001218e-08,True,True,True,False,0.3571342635276901,0.48,0.06349390431529342,0.06916715403333105,0.296216720523319,0.3402739068625943,0.5442579540285277,0.5833300153965971
linear,0.48499999999999993,True,target_reached,1e-07,-0.9943134311490548,0.3571341719877207,0.06916715922477551,0.3402739467810474,0.5833300496126077,0.4849999999999998,0.0633061264332575,0.2947442061610633,0.5429034961768651,14.281534525557975,0.13585646454833142,9.999999999001218e-08,True,True,True,False,0.3571342635276901,0.4849999999999998,0.0633061264332575,0.06916715403333105,0.2947442061610633,0.3402739068625943,0.5429034961768651,0.5833300153965971
linear,0.48999999999999994,True,target_reached,1e-07,-0.9943134311490548,0.3571341719877207,0.06916715922477551,0.3402739467810474,0.5833300496126077,0.49,0.0631209863013346,0.2932915279283741,0.5415639647616651,14.32197491489562,0.1410575490417183,9.999999999001218e-08,True,True,True,False,0.3571342635276901,0.49,0.0631209863013346,0.06916715403333105,0.2932915279283741,0.3402739068625943,0.5415639647616651,0.5833300153965971
linear,0.49499999999999994,True,target_reached,1e-07,-0.9943134311490548,0.3571341719877207,0.06916715922477551,0.3402739467810474,0.5833300496126077,0.495,0.06293842078658198,0.29185823129472704,0.540239050138665,14.36098155006036,0.1462527443232951,9.999999999001218e-08,True,True,True,False,0.3571342635276901,0.495,0.06293842078658198,0.06916715403333105,0.29185823129472704,0.3402739068625943,0.540239050138665,0.5833300153965971
linear,0.49999999999999994,True,target_reached,1e-07,-0.9943134311490548,0.3571341719877207,0.06916715922477551,0.3402739467810474,0.5833300496126077,0.5,0.06275836888160757,0.2904438765066623,0.538928452122044,14.398656106774524,0.1514422441422703,9.999999999001218e-08,True,True,True,False,0.3571342635276901,0.5,0.06275836888160757,0.06916715403333105,0.2904438765066623,0.3402739068625943,0.538928452122044,0.5833300153965971
linear,0.5049999999999999,True,target_reached,1e-07,-0.9943134311490548,0.3571341719877207,0.06916715922477551,0.3402739467810474,0.5833300496126077,0.5049999999999998,0.06258077161268193,0.2890480379665847,0.5376318796040509,14.435089773141426,0.15662623448644003,9.999999999001218e-08,True,True,True,True,0.3571342635276901,0.5049999999999998,0.06258077161268193,0.06916715403333105,0.2890480379665847,0.3402739068625943,0.5376318796040509,0.5833300153965971
linear,0.5099999999999999,True,target_reached,1e-07,-0.9943134311490548,0.3571341719877207,0.06916715922477551,0.3402739467810474,0.5833300496126077,0.51,0.06240557195268473,0.2876703036435105,0.5363490501935382,14.470364645063876,0.16180489395459952,9.999999999001218e-08,True,True,True,True,0.3571342635276901,0.51,0.06240557195268473,0.06916715403333105,0.2876703036435105,0.3402739068625943,0.5363490501935382,0.5833300153965971
linear,0.5149999999999999,True,target_reached,1e-07,-0.9943134311490548,0.3571341719877207,0.06916715922477551,0.3402739467810474,0.5833300496126077,0.5149999999999999,0.06223271473858749,0.2863102745138246,0.5350796898722887,14.504554897005859,0.16697839410803653,9.999999999001218e-08,True,True,True,True,0.3571342635276901,0.5149999999999999,0.06223271473858749,0.06916715403333105,0.2863102745138246,0.3402739068625943,0.5350796898722887,0.5833300153965971
linear,0.5199999999999999,True,target_reached,1e-07,-0.9943134311490548,0.3571341719877207,0.06916715922477551,0.3402739467810474,0.5833300496126077,0.5199999999999999,0.062062146593194124,0.2849675640302427,0.5338235326680931,14.537727770150571,0.1721468998024616,9.999999999001218e-08,True,True,True,True,0.3571342635276901,0.5199999999999999,0.062062146593194124,0.06916715403333105,0.2849675640302427,0.3402739068625943,0.5338235326680931,0.5833300153965971
linear,0.5249999999999999,True,target_reached,1e-07,-0.9943134311490548,0.3571341719877207,0.06916715922477551,0.3402739467810474,0.5833300496126077,0.525,0.061893815850881634,0.283641797617303,0.5325803203436107,14.569944411101197,0.17731056950161575,9.999999999001218e-08,True,True,True,True,0.3571342635276901,0.525,0.061893815850881634,0.06916715403333105,0.283641797617303,0.3402739068625943,0.5325803203436107,0.5833300153965971
linear,0.5299999999999999,True,target_reached,1e-07,-0.9943134311490548,0.3571341719877207,0.06916715922477551,0.3402739467810474,0.5833300496126077,0.5300000000000004,0.06172767248710039,0.28233261219182204,0.5313498021001062,14.601260587456897,0.1824695555737221,9.999999999001218e-08,True,True,True,True,0.3571342635276901,0.5300000000000004,0.06172767248710039,0.06916715403333105,0.28233261219182204,0.3402739068625943,0.5313498021001062,0.5833300153965971
linear,0.5349999999999999,True,target_reached,1e-07,-0.9943134311490548,0.3571341719877207,0.06916715922477551,0.3402739467810474,0.5833300496126077,0.5349999999999999,0.06156366805141033,0.2810396557068586,0.5301317342952209,14.631727301337776,0.18762400457185338,9.999999999001218e-08,True,True,True,True,0.3571342635276901,0.5349999999999999,0.06156366805141033,0.06916715403333105,0.2810396557068586,0.3402739068625943,0.5301317342952209,0.5833300153965971
linear,0.5399999999999999,True,target_reached,1e-07,-0.9943134311490548,0.3571341719877207,0.06916715922477551,0.3402739467810474,0.5833300496126077,0.54,0.06140175560384439,0.27976258671782395,0.5289258801739842,14.661391317840954,0.19277405749922258,9.999999999001218e-08,True,True,True,True,0.3571342635276901,0.54,0.06140175560384439,0.06916715403333105,0.27976258671782395,0.3402739068625943,0.5289258801739842,0.5833300153965971
linear,0.5449999999999999,True,target_reached,1e-07,-0.9943134311490548,0.3571341719877207,0.06916715922477551,0.3402739467810474,0.5833300496126077,0.5449999999999999,0.06124188965440531,0.278501073969472,0.5277320096123335,14.690295622201573,0.19791985006031454,9.999999999001218e-08,True,True,True,True,0.3571342635276901,0.5449999999999999,0.06124188965440531,0.06916715403333105,0.278501073969472,0.3402739068625943,0.5277320096123335,0.5833300153965971
linear,0.5499999999999999,True,target_reached,1e-07,-0.9943134311490548,0.3571341719877207,0.06916715922477551,0.3402739467810474,0.5833300496126077,0.55,0.06108402610551377,0.27725479600258107,0.5265498988724441,14.718479816899016,0.20306151289873936,9.999999999001218e-08,True,True,True,True,0.3571342635276901,0.55,0.06108402610551377,0.06916715403333105,0.27725479600258107,0.3402739068625943,0.5265498988724441,0.5833300153965971
linear,0.5549999999999999,True,target_reached,1e-07,-0.9943134311490548,0.3571341719877207,0.06916715922477551,0.3402739467810474,0.5833300496126077,0.5549999999999998,0.06092812219723915,0.27602344077922114,0.5253793303692306,14.745980467933801,0.2081991718226003,9.999999999001218e-08,True,True,True,True,0.3571342635276901,0.5549999999999998,0.06092812219723915,0.06916715403333105,0.27602344077922114,0.3402739068625943,0.5253793303692306,0.5833300153965971
linear,0.5599999999999999,True,target_reached,1e-07,-0.9943134311490548,0.3571341719877207,0.06916715922477551,0.3402739467810474,0.5833300496126077,0.56,0.06077413645515428,0.2748067053255685,0.5242200924474075,14.772831407888514,0.21333294801813682,9.999999999001218e-08,True,True,True,True,0.3571342635276901,0.56,0.06077413645515428,0.06916715403333105,0.2748067053255685,0.3402739068625943,0.5242200924474075,0.5833300153965971
linear,0.565,True,target_reached,1e-07,-0.9943134311490548,0.3571341719877207,0.06916715922477551,0.3402739467810474,0.5833300496126077,0.5650000000000001,0.060622028640666695,0.2736042953912993,0.5230719791685455,14.799064002087947,0.21846295825233283,9.999999999001218e-08,True,True,True,True,0.3571342635276901,0.5650000000000001,0.060622028640666695,0.06916715403333105,0.2736042953912993,0.3402739068625943,0.5230719791685455,0.5833300153965971
linear,0.57,True,target_reached,1e-07,-0.9943134311490548,0.3571341719877207,0.06916715922477551,0.3402739467810474,0.5833300496126077,0.5699999999999998,0.06047175970368767,0.2724159251246525,0.5219347901075886,14.824707383122586,0.2235893150651531,9.999999999001218e-08,True,True,True,True,0.3571342635276901,0.5699999999999998,0.06047175970368767,0.06916715403333105,0.2724159251246525,0.3402739068625943,0.5219347901075886,0.5833300153965971
linear,0.575,True,target_reached,1e-07,-0.9943134311490548,0.3571341719877207,0.06916715922477551,0.3402739467810474,0.5833300496126077,0.5750000000000001,0.060323291737510026,0.27124131676231183,0.5208083301583336,14.84978865814369,0.22871212695200935,9.999999999001218e-08,True,True,True,True,0.3571342635276901,0.5750000000000001,0.060323291737510026,0.06916715403333105,0.27124131676231183,0.3402739068625943,0.5208083301583336,0.5833300153965971
linear,0.58,True,target_reached,1e-07,-0.9943134311490548,0.3571341719877207,0.06916715922477551,0.3402739467810474,0.5833300496126077,0.58,0.060176587935773226,0.27008020033330926,0.5196924093474036,14.874333092637826,0.2338314985370252,9.999999999001218e-08,True,True,True,True,0.3571342635276901,0.58,0.060176587935773226,0.06916715403333105,0.27008020033330926,0.3402739068625943,0.5196924093474036,0.5833300153965971
linear,0.585,True,target_reached,1e-07,-0.9943134311490548,0.3571341719877207,0.06916715922477551,0.3402739467810474,0.5833300496126077,0.5850000000000001,0.0600316125514021,0.26893231337620016,0.5185868426562712,14.89836427381272,0.2389475307376385,9.999999999001218e-08,True,True,True,True,0.3571342635276901,0.5850000000000001,0.0600316125514021,0.06916715403333105,0.26893231337620016,0.3402739068625943,0.5185868426562712,0.5833300153965971
linear,0.59,True,target_reached,1e-07,-0.9943134311490548,0.3571341719877207,0.06916715922477551,0.3402739467810474,0.5833300496126077,0.59,0.059888330857413005,0.2677974006688096,0.5174914498509222,14.921904256250228,0.2440603209210271,9.999999999001218e-08,True,True,True,True,0.3571342635276901,0.59,0.059888330857413005,0.06916715403333105,0.2677974006688096,0.3402739068625943,0.5174914498509222,0.5833300153965971
linear,0.595,True,target_reached,1e-07,-0.9943134311490548,0.3571341719877207,0.06916715922477551,0.3402739467810474,0.5833300496126077,0.5950000000000001,0.05974670910948722,0.2666752139698879,0.5164060553187655,14.944973692087233,0.2491699630528334,9.999999999001218e-08,True,True,True,True,0.3571342635276901,0.5950000000000001,0.05974670910948722,0.06916715403333105,0.2666752139698879,0.3402739068625943,0.5164060553187655,0.5833300153965971
linear,0.6,True,target_reached,1e-07,-0.9943134311490548,0.3571341719877207,0.06916715922477551,0.3402739467810474,0.5833300496126077,0.5999999999999999,0.059606714510217984,0.2655655117720581,0.5153304879124251,14.967591947655952,0.25427654783861303,9.999999999001218e-08,True,True,True,True,0.3571342635276901,0.5999999999999999,0.059606714510217984,0.06916715403333105,0.2655655117720581,0.3402739068625943,0.5153304879124251,0.5833300153965971
linear,0.605,True,target_reached,1e-07,-0.9943134311490548,0.3571341719877207,0.06916715922477551,0.3402739467810474,0.5833300496126077,0.6050000000000001,0.05946831517494304,0.2644680590654699,0.5142645808000682,14.989777208239556,0.259380162858424,9.999999999001218e-08,True,True,True,True,0.3571342635276901,0.6050000000000001,0.05946831517494304,0.06916715403333105,0.2644680590654699,0.3402739068625943,0.5142645808000682,0.5833300153965971
linear,0.61,True,target_reached,1e-07,-0.9943134311490548,0.3571341719877207,0.06916715922477551,0.3402739467810474,0.5833300496126077,0.6099999999999999,0.05933148009907997,0.2633826271116146,0.5132081713219447,15.011546572367422,0.26448089269492814,9.999999999001218e-08,True,True,True,True,0.3571342635276901,0.6099999999999999,0.05933148009907997,0.06916715403333105,0.2633826271116146,0.3402739068625943,0.5132081713219447,0.5833300153965971
linear,0.615,True,target_reached,1e-07,-0.9943134311490548,0.3571341719877207,0.06916715922477551,0.3402739467810474,0.5833300496126077,0.6150000000000001,0.05919617912688653,0.26230899322678286,0.5121611008528302,15.032916136879155,0.2695788190553731,9.999999999001218e-08,True,True,True,True,0.3571342635276901,0.6150000000000001,0.05919617912688653,0.06916715403333105,0.26230899322678286,0.3402739068625943,0.5121611008528302,0.5833300153965971
linear,0.62,True,target_reached,1e-07,-0.9943134311490548,0.3571341719877207,0.06916715922477551,0.3402739467810474,0.5833300496126077,0.6199999999999998,0.059062382921572856,0.2612469405746821,0.5111232146700854,15.053901073821123,0.2746740208877785,9.999999999001218e-08,True,True,True,True,0.3571342635276901,0.6199999999999998,0.059062382921572856,0.06916715403333105,0.2612469405746821,0.3402739068625943,0.5111232146700854,0.5833300153965971
linear,0.625,True,target_reached,1e-07,-0.9943134311490548,0.3571341719877207,0.06916715922477551,0.3402739467810474,0.5833300496126077,0.6249999999999999,0.05893006293669656,0.26019625796775275,0.5100943618270573,15.074515700099052,0.279766574491654,9.999999999001218e-08,True,True,True,True,0.3571342635276901,0.6249999999999999,0.05893006293669656,0.06916715403333105,0.26019625796775275,0.3402739068625943,0.5100943618270573,0.5833300153965971
linear,0.63,True,target_reached,1e-07,-0.9943134311490548,0.3571341719877207,0.06916715922477551,0.3402739467810474,0.5833300496126077,0.6300000000000002,0.058799191388776144,0.259156739676756,0.509074395031567,15.094773540690527,0.28485655362353124,9.999999999001218e-08,True,True,True,True,0.3571342635276901,0.6300000000000002,0.058799191388776144,0.06916715403333105,0.259156739676756,0.3402739068625943,0.509074395031567,0.5833300153965971
linear,0.635,True,target_reached,1e-07,-0.9943134311490548,0.3571341719877207,0.06916715922477551,0.3402739467810474,0.5833300496126077,0.635,0.058669741231061404,0.25812818524822356,0.50806317052924,15.114687386119131,0.28994402959759646,9.999999999001218e-08,True,True,True,True,0.3571342635276901,0.635,0.058669741231061404,0.06916715403333105,0.25812818524822356,0.3402739068625943,0.50806317052924,0.5833300153965971
linear,0.6399999999999999,True,target_reached,1e-07,-0.9943134311490548,0.3571341719877207,0.06916715922477551,0.3402739467810474,0.5833300496126077,0.64,0.058541686128403374,0.257110399329386,0.5070605479914465,15.134269344804316,0.2950290713816841,9.999999999001218e-08,True,True,True,True,0.3571342635276901,0.64,0.058541686128403374,0.06916715403333105,0.257110399329386,0.3402739068625943,0.5070605479914465,0.5833300153965971
linear,0.6449999999999999,True,target_reached,1e-07,-0.9943134311490548,0.3571341719877207,0.06916715922477551,0.3402739467810474,0.5833300496126077,0.6449999999999999,0.05841500043316963,0.2561031915002204,0.5060663904076425,15.15353089082572,0.3001117456888682,9.999999999001218e-08,True,True,True,True,0.3571342635276901,0.6449999999999999,0.05841500043316963,0.06916715403333105,0.2561031915002204,0.3402739068625943,0.5060663904076425,0.5833300153965971
linear,0.6499999999999999,True,target_reached,1e-07,-0.9943134311490548,0.3571341719877207,0.06916715922477551,0.3402739467810474,0.5833300496126077,0.65,0.058289659162153624,0.2551063761122713,0.5050805639818972,15.172482907575782,0.30519211706489285,9.999999999001218e-08,True,True,True,True,0.3571342635276901,0.65,0.058289659162153624,0.06916715403333105,0.2551063761122713,0.3402739068625943,0.5050805639818972,0.5833300153965971
linear,0.6549999999999999,True,target_reached,1e-07,-0.9943134311490548,0.3571341719877207,0.06916715922477551,0.3402739467810474,0.5833300496126077,0.655,0.058165637974429904,0.2541197721339263,0.5041029380334202,15.191135727718263,0.3102702479716501,9.999999999001218e-08,True,True,True,True,0.3571342635276901,0.655,0.058165637974429904,0.06916715403333105,0.2541197721339263,0.3402739068625943,0.5041029380334202,0.5833300153965971
linear,0.6599999999999999,True,target_reached,1e-07,-0.9943134311490548,0.3571341719877207,0.06916715922477551,0.3402739467810474,0.5833300496126077,0.6599999999999998,0.05804291315010934,0.2531432030018365,0.5031333849008993,15.20949916982169,0.3153461988669146,9.999999999001218e-08,True,True,True,True,0.3571342635276901,0.6599999999999998,0.05804291315010934,0.06916715403333105,0.2531432030018365,0.3402739068625943,0.5031333849008993,0.5833300153965971
linear,0.6649999999999999,True,target_reached,1e-07,-0.9943134311490548,0.3571341719877207,0.06916715922477551,0.3402739467810474,0.5833300496126077,0.6649999999999999,0.057921461569951614,0.25217649647819823,0.5021717798504793,15.22758257199436,0.32042002828052585,9.999999999001218e-08,True,True,True,True,0.3571342635276901,0.6649999999999999,0.057921461569951614,0.06916715403333105,0.25217649647819823,0.3402739068625943,0.5021717798504793,0.5833300153965971
linear,0.6699999999999999,True,target_reached,1e-07,-0.9943134311490548,0.3571341719877207,0.06916715922477551,0.3402739467810474,0.5833300496126077,0.6699999999999999,0.05780126069579398,0.2512194845136183,0.5012180009872135,15.245394822810765,0.32549179288719576,9.999999999001218e-08,True,True,True,True,0.3571342635276901,0.6699999999999999,0.05780126069579398,0.06916715403333105,0.2512194845136183,0.3402739068625943,0.5012180009872135,0.5833300153965971
linear,0.6749999999999999,True,target_reached,1e-07,-0.9943134311490548,0.3571341719877207,0.06916715922477551,0.3402739467810474,0.5833300496126077,0.6749999999999999,0.05768228855175793,0.250272003115308,0.5002719291698347,15.262944389787101,0.33056154757611894,9.999999999001218e-08,True,True,True,True,0.3571342635276901,0.6749999999999999,0.05768228855175793,0.06916715403333105,0.250272003115308,0.3402739068625943,0.5002719291698347,0.5833300153965971
linear,0.6799999999999999,True,target_reached,1e-07,-0.9943134311490548,0.3571341719877207,0.06916715922477551,0.3402739467810474,0.5833300496126077,0.6800000000000002,0.05756452370619731,0.24933389222035934,0.4993334479286956,15.280239345635358,0.3356293455175407,9.999999999001218e-08,True,True,True,True,0.3571342635276901,0.6800000000000002,0.05756452370619731,0.06916715403333105,0.24933389222035934,0.3402739068625943,0.4993334479286956,0.5833300153965971
linear,0.6849999999999999,True,target_reached,1e-07,-0.9943134311490548,0.3571341719877207,0.06916715922477551,0.3402739467810474,0.5833300496126077,0.6850000000000005,0.05744794525435347,0.24840499557387222,0.49840244338673967,15.297287392500817,0.34069523822643705,9.999999999001218e-08,True,True,True,True,0.3571342635276901,0.6850000000000005,0.05744794525435347,0.06916715403333105,0.24840499557387222,0.3402739068625943,0.49840244338673967,0.5833300153965971
linear,0.69,True,target_reached,1e-07,-0.9943134311490548,0.3571341719877207,0.06916715922477551,0.3402739467810474,0.5833300496126077,0.69,0.0573325328016848,0.24748516061171394,0.49747880418336815,15.314095884366072,0.34575927562344977,9.999999999001218e-08,True,True,True,True,0.3571342635276901,0.69,0.0573325328016848,0.06916715403333105,0.24748516061171394,0.3402739068625943,0.49747880418336815,0.5833300153965971
linear,0.695,True,target_reached,1e-07,-0.9943134311490548,0.3571341719877207,0.06916715922477551,0.3402739467810474,0.5833300496126077,0.6950000000000001,0.05721826644783971,0.24657423834770104,0.49656242140107726,15.330671847785602,0.3508215060932154,9.999999999001218e-08,True,True,True,True,0.3571342635276901,0.6950000000000001,0.05721826644783971,0.06916715403333105,0.24657423834770104,0.3402739068625943,0.49656242140107726,0.5833300153965971
linear,0.7,True,target_reached,1e-07,-0.9943134311490548,0.3571341719877207,0.06916715922477551,0.3402739467810474,0.5833300496126077,0.699999999999999,0.05710512677124402,0.24567208326500944,0.49565318849474727,15.347022001097974,0.355881976540204,9.999999999001218e-08,True,True,True,True,0.3571342635276901,0.699999999999999,0.05710512677124402,0.06916715403333105,0.24567208326500944,0.3402739068625943,0.49565318849474727,0.5833300153965971
linear,0.705,True,target_reached,1e-07,-0.9943134311490548,0.3571341719877207,0.06916715922477551,0.3402739467810474,0.5833300496126077,0.705,0.05699309481427462,0.24477855321162112,0.49475100122346505,15.363152772247993,0.36094073244221037,9.999999999001218e-08,True,True,True,True,0.3571342635276901,0.705,0.05699309481427462,0.06916715403333105,0.24477855321162112,0.3402739068625943,0.49475100122346505,0.5833300153965971
linear,0.71,True,target_reached,1e-07,-0.9943134311490548,0.3571341719877207,0.06916715922477551,0.3402739467810474,0.5833300496126077,0.7099999999999997,0.056882152068993753,0.2438935092996356,0.4938557575847786,15.379070315337703,0.3659978179015788,9.999999999001218e-08,True,True,True,True,0.3571342635276901,0.7099999999999997,0.056882152068993753,0.06916715403333105,0.2438935092996356,0.3402739068625943,0.4938557575847786,0.5833300153965971
linear,0.715,True,target_reached,1e-07,-0.9943134311490548,0.3571341719877207,0.06916715922477551,0.3402739467810474,0.5833300496126077,0.7150000000000002,0.05677228046341806,0.24301681580827095,0.4929673577512724,15.394780526013667,0.3710532756943118,9.999999999001218e-08,True,True,True,True,0.3571342635276901,0.7150000000000002,0.05677228046341806,0.06916715403333105,0.24301681580827095,0.3402739068625943,0.4929673577512724,0.5833300153965971
linear,0.72,True,target_reached,1e-07,-0.9943134311490548,0.3571341719877207,0.06916715922477551,0.3402739467810474,0.5833300496126077,0.7199999999999999,0.05666346234829972,0.2421483400904005,0.49208570400937324,15.41028905578727,0.37610714731712197,9.999999999001218e-08,True,True,True,True,0.3571342635276901,0.7199999999999999,0.05666346234829972,0.06916715403333105,0.2421483400904005,0.3402739068625943,0.49208570400937324,0.5833300153965971
linear,0.725,True,target_reached,1e-07,-0.9943134311490548,0.3571341719877207,0.06916715922477551,0.3402739467810474,0.5833300496126077,0.725,0.05655568048439646,0.24128795248246823,0.4912107007002883,15.425601325375736,0.38115947303255787,9.999999999001218e-08,True,True,True,True,0.3571342635276901,0.725,0.05655568048439646,0.06916715403333105,0.24128795248246823,0.3402739068625943,0.4912107007002883,0.5833300153965971
linear,0.73,True,target_reached,1e-07,-0.9943134311490548,0.3571341719877207,0.06916715922477551,0.3402739467810474,0.5833300496126077,0.7300000000000001,0.05644891803020954,0.24043552621764197,0.49034225416298965,15.4407225371431,0.3862102919122707,9.999999999001218e-08,True,True,True,True,0.3571342635276901,0.7300000000000001,0.05644891803020954,0.06916715403333105,0.24043552621764197,0.3402739068625943,0.49034225416298965,0.5833300153965971
linear,0.735,True,target_reached,1e-07,-0.9943134311490548,0.3571341719877207,0.06916715922477551,0.3402739467810474,0.5833300496126077,0.7349999999999999,0.05634315853016927,0.2395909373420641,0.4894802726791593,15.455657686713124,0.3912596418785242,9.999999999001218e-08,True,True,True,True,0.3571342635276901,0.7349999999999999,0.05634315853016927,0.06916715403333105,0.2395909373420641,0.3402739068625943,0.4894802726791593,0.5833300153965971
linear,0.74,True,target_reached,1e-07,-0.9943134311490548,0.3571341719877207,0.06916715922477551,0.3402739467810474,0.5833300496126077,0.74,0.05623838590324884,0.23875406463407067,0.48862466642001473,15.470411573819394,0.3963075597440247,9.999999999001218e-08,True,True,True,True,0.3571342635276901,0.74,0.05623838590324884,0.06916715403333105,0.23875406463407067,0.3402739068625943,0.48862466642001473,0.5833300153965971
linear,0.7449999999999999,True,target_reached,1e-07,-0.9943134311490548,0.3571341719877207,0.06916715922477551,0.3402739467810474,0.5833300496126077,0.7450000000000001,0.05613458443198822,0.23792478952625448,0.4877753473949401,15.484988812452013,0.40135408125014377,9.999999999001218e-08,True,True,True,True,0.3571342635276901,0.7450000000000001,0.05613458443198822,0.06916715403333105,0.23792478952625448,0.3402739068625943,0.4877753473949401,0.5833300153965971
linear,0.7499999999999999,True,target_reached,1e-07,-0.9943134311490548,0.3571341719877207,0.06916715922477551,0.3402739467810474,0.5833300496126077,0.7499999999999998,0.05603173875191065,0.23710299603025303,0.4869322294018471,15.499393840354916,0.4063992411036165,9.999999999001218e-08,True,True,True,True,0.3571342635276901,0.7499999999999998,0.05603173875191065,0.06916715403333105,0.23710299603025303,0.3402739068625943,0.4869322294018471,0.5833300153965971
linear,0.7549999999999999,True,target_reached,1e-07,-0.9943134311490548,0.3571341719877207,0.06916715922477551,0.3402739467810474,0.5833300496126077,0.7549999999999996,0.05592983384131518,0.23628857066414877,0.4860952279791983,15.513630927923087,0.4114430730117798,9.999999999001218e-08,True,True,True,True,0.3571342635276901,0.7549999999999996,0.05592983384131518,0.06916715403333105,0.23628857066414877,0.3402739068625943,0.4860952279791983,0.5833300153965971
linear,0.7599999999999999,True,target_reached,1e-07,-0.9943134311490548,0.3571341719877207,0.06916715922477551,0.3402739467810474,0.5833300496126077,0.76,0.055828855011429625,0.23548140238237544,0.48526426035962655,15.527704186544607,0.41648560971641607,9.999999999001218e-08,True,True,True,True,0.3571342635276901,0.76,0.055828855011429625,0.06916715403333105,0.23548140238237544,0.3402739068625943,0.48526426035962655,0.5833300153965971
linear,0.7649999999999999,True,target_reached,1e-07,-0.9943134311490548,0.3571341719877207,0.06916715922477551,0.3402739467810474,0.5833300496126077,0.7649999999999998,0.055728787896908806,0.23468138250802714,0.48443924542508643,15.541617576428633,0.42152688302626634,9.999999999001218e-08,True,True,True,True,0.3571342635276901,0.7649999999999998,0.055728787896908806,0.06916715403333105,0.23468138250802714,0.3402739068625943,0.48443924542508643,0.5833300153965971
linear,0.7699999999999999,True,target_reached,1e-07,-0.9943134311490548,0.3571341719877207,0.06916715922477551,0.3402739467810474,0.5833300496126077,0.7699999999999996,0.05562961844666377,0.23388840466747243,0.4836201036634772,15.55537491395688,0.4265669238482784,9.999999999001218e-08,True,True,True,True,0.3571342635276901,0.7699999999999996,0.05562961844666377,0.06916715403333105,0.23388840466747243,0.3402739068625943,0.4836201036634772,0.5833300153965971
linear,0.7749999999999999,True,target_reached,1e-07,-0.9943134311490548,0.3571341719877207,0.06916715922477551,0.3402739467810474,0.5833300496126077,0.775,0.05553133291500859,0.23310236472718182,0.48280675712668086,15.568979878592993,0.4316057622176358,9.999999999001218e-08,True,True,True,True,0.3571342635276901,0.775,0.05553133291500859,0.06916715403333105,0.23310236472718182,0.3402739068625943,0.48280675712668086,0.5833300153965971
linear,0.7799999999999999,True,target_reached,1e-07,-0.9943134311490548,0.3571341719877207,0.06916715922477551,0.3402739467810474,0.5833300496126077,0.7800000000000002,0.055433917853111705,0.2323231607326797,0.4819991293899603,15.582436019381356,0.4366434273266273,9.999999999001218e-08,True,True,True,True,0.3571342635276901,0.7800000000000002,0.055433917853111705,0.06916715403333105,0.2323231607326797,0.3402739068625943,0.4819991293899603,0.5833300153965971
linear,0.7849999999999999,True,target_reached,1e-07,-0.9943134311490548,0.3571341719877207,0.06916715922477551,0.3402739467810474,0.5833300496126077,0.7849999999999997,0.055337360100739266,0.23155069284953517,0.4811971455126632,15.595746761064312,0.44167994755241086,9.999999999001218e-08,True,True,True,True,0.3571342635276901,0.7849999999999997,0.055337360100739266,0.06916715403333105,0.23155069284953517,0.3402739068625943,0.4811971455126632,0.5833300153965971
linear,0.7899999999999999,True,target_reached,1e-07,-0.9943134311490548,0.3571341719877207,0.06916715922477551,0.3402739467810474,0.5833300496126077,0.7899999999999999,0.05524164677827895,0.2307848633063122,0.4804007320001836,15.608915409844348,0.4467153504837182,9.999999999001218e-08,True,True,True,True,0.3571342635276901,0.7899999999999999,0.05524164677827895,0.06916715403333105,0.2307848633063122,0.3402739068625943,0.4804007320001836,0.5833300153965971
linear,0.7949999999999999,True,target_reached,1e-07,-0.9943134311490548,0.3571341719877207,0.06916715922477551,0.3402739467810474,0.5833300496126077,0.7949999999999997,0.055146765279033054,0.23002557633940304,0.47960981676713316,15.621945158815713,0.45174966294653784,9.999999999001218e-08,True,True,True,True,0.3571342635276901,0.7949999999999997,0.055146765279033054,0.06916715403333105,0.23002557633940304,0.3402739068625943,0.47960981676713316,0.5833300153965971
linear,0.7999999999999999,True,target_reached,1e-07,-0.9943134311490548,0.3571341719877207,0.06916715922477551,0.3402739467810474,0.5833300496126077,0.8000000000000003,0.05505270326176986,0.22927273813966847,0.4788243291016743,15.634839093088,0.45678291102883933,9.999999999001218e-08,True,True,True,True,0.3571342635276901,0.8000000000000003,0.05505270326176986,0.06916715403333105,0.22927273813966847,0.3402739068625943,0.4788243291016743,0.5833300153965971
linear,0.8049999999999999,True,target_reached,1e-07,-0.9943134311490548,0.3571341719877207,0.06916715922477551,0.3402739467810474,0.5833300496126077,0.8050000000000005,0.0549594486435234,0.22852625680081873,0.4780441996309742,15.647600194622406,0.4618151201043583,9.999999999001218e-08,True,True,True,True,0.3571342635276901,0.8050000000000005,0.0549594486435234,0.06916715403333105,0.22852625680081873,0.3402739068625943,0.4780441996309742,0.5833300153965971
linear,0.8099999999999999,True,target_reached,1e-07,-0.9943134311490548,0.3571341719877207,0.06916715922477551,0.3402739467810474,0.5833300496126077,0.8100000000000003,0.0548669895926316,0.22778604226946442,0.47726936028773564,15.660231346799815,0.4668463148555022,9.999999999001218e-08,True,True,True,True,0.3571342635276901,0.8100000000000003,0.0548669895926316,0.06916715403333105,0.22778604226946442,0.3402739068625943,0.47726936028773564,0.5833300153965971
linear,0.815,True,target_reached,1e-07,-0.9943134311490548,0.3571341719877207,0.06916715922477551,0.3402739467810474,0.5833300496126077,0.8149999999999997,0.05477531452200365,0.22705200629677563,0.4764997442777652,15.672735338738374,0.4718765192954006,9.999999999001218e-08,True,True,True,True,0.3571342635276901,0.8149999999999997,0.05477531452200365,0.06916715403333105,0.22705200629677563,0.3402739068625943,0.4764997442777652,0.5833300153965971
linear,0.82,True,target_reached,1e-07,-0.9943134311490548,0.3571341719877207,0.06916715922477551,0.3402739467810474,0.5833300496126077,0.82,0.05468441208260761,0.22632406239168748,0.4757352860485414,15.685114869376855,0.47690575678914315,9.999999999001218e-08,True,True,True,True,0.3571342635276901,0.82,0.05468441208260761,0.06916715403333105,0.22632406239168748,0.3402739068625943,0.4757352860485414,0.5833300153965971
linear,0.825,True,target_reached,1e-07,-0.9943134311490548,0.3571341719877207,0.06916715922477551,0.3402739467810474,0.5833300496126077,0.825000000000001,0.054594271157169895,0.22560212577559366,0.47497592125874516,15.697372551338916,0.4819340500742341,9.999999999001218e-08,True,True,True,True,0.3571342635276901,0.825000000000001,0.054594271157169895,0.06916715403333105,0.22560212577559366,0.3402739068625943,0.47497592125874516,0.5833300153965971
linear,0.83,True,target_reached,1e-07,-0.9943134311490548,0.3571341719877207,0.06916715922477551,0.3402739467810474,0.5833300496126077,0.8300000000000002,0.05450488085407836,0.22488611333847175,0.4742215867487179,15.709510914592206,0.4869614212803003,9.999999999001218e-08,True,True,True,True,0.3571342635276901,0.8300000000000002,0.05450488085407836,0.06916715403333105,0.22488611333847175,0.3402739068625943,0.4742215867487179,0.5833300153965971
linear,0.835,True,target_reached,1e-07,-0.9943134311490548,0.3571341719877207,0.06916715922477551,0.3402739467810474,0.5833300496126077,0.8350000000000003,0.05441623050148116,0.22417594359638596,0.47347222051181204,15.721532409915312,0.4919878919480915,9.999999999001218e-08,True,True,True,True,0.3571342635276901,0.8350000000000003,0.05441623050148116,0.06916715403333105,0.22417594359638596,0.3402739068625943,0.47347222051181204,0.5833300153965971
linear,0.84,True,target_reached,1e-07,-0.9943134311490548,0.3571341719877207,0.06916715922477551,0.3402739467810474,0.5833300496126077,0.8400000000000004,0.05432830964157431,0.22347153665031888,0.4727277616666054,15.733439412184444,0.49701348304777837,9.999999999001218e-08,True,True,True,True,0.3571342635276901,0.8400000000000004,0.05432830964157431,0.06916715403333105,0.22347153665031888,0.3402739068625943,0.4727277616666054,0.5833300153965971
linear,0.845,True,target_reached,1e-07,-0.9943134311490548,0.3571341719877207,0.06916715922477551,0.3402739467810474,0.5833300496126077,0.845,0.0542411080250705,0.2227728141462798,0.4719881504299444,15.745234223491089,0.502038214996604,9.999999999001218e-08,True,True,True,True,0.3571342635276901,0.845,0.0542411080250705,0.06916715403333105,0.2227728141462798,0.3402739068625943,0.4719881504299444,0.5833300153965971
linear,0.8499999999999999,True,target_reached,1e-07,-0.9943134311490548,0.3571341719877207,0.06916715922477551,0.3402739467810474,0.5833300496126077,0.8499999999999996,0.05415461560584244,0.22207969923664475,0.4712533280907889,15.756919076100925,0.5070621076759012,9.999999999001218e-08,True,True,True,True,0.3571342635276901,0.8499999999999996,0.05415461560584244,0.06916715403333105,0.22207969923664475,0.3402739068625943,0.4712533280907889,0.5833300153965971
linear,0.8549999999999999,True,target_reached,1e-07,-0.9943134311490548,0.3571341719877207,0.06916715922477551,0.3402739467810474,0.5833300496126077,0.8549999999999998,0.05406882253573445,0.22139211654268273,0.47052323698483023,15.768496135263598,0.5120851804475026,9.999999999001218e-08,True,True,True,True,0.3571342635276901,0.8549999999999998,0.05406882253573445,0.06916715403333105,0.22139211654268273,0.3402739068625943,0.47052323698483023,0.5833300153965971
linear,0.8599999999999999,True,target_reached,1e-07,-0.9943134311490548,0.3571341719877207,0.06916715922477551,0.3402739467810474,0.5833300496126077,0.8600000000000001,0.05398371915953575,0.22070999211822528,0.46979782046985413,15.779967501882322,0.5171074521695694,9.999999999001218e-08,True,True,True,True,0.3571342635276901,0.8600000000000001,0.05398371915953575,0.06916715403333105,0.22070999211822528,0.3402739068625943,0.46979782046985413,0.5833300153965971
linear,0.8649999999999999,True,target_reached,1e-07,-0.9943134311490548,0.3571341719877207,0.06916715922477551,0.3402739467810474,0.5833300496126077,0.8649999999999999,0.053899296010109794,0.2200332534144376,0.46907702290182324,15.79133521505159,0.5221289412118646,9.999999999001218e-08,True,True,True,True,0.3571342635276901,0.8649999999999999,0.053899296010109794,0.06916715403333105,0.2200332534144376,0.3402739068625943,0.46907702290182324,0.5833300153965971
linear,0.8699999999999999,True,target_reached,1e-07,-0.9943134311490548,0.3571341719877207,0.06916715922477551,0.3402739467810474,0.5833300496126077,0.8699999999999996,0.05381554380367369,0.21936182924565203,0.468360789611654,15.802601254470789,0.5271496654704915,9.999999999001218e-08,True,True,True,True,0.3571342635276901,0.8699999999999996,0.05381554380367369,0.06916715403333105,0.21936182924565203,0.3402739068625943,0.468360789611654,0.5833300153965971
linear,0.8749999999999999,True,target_reached,1e-07,-0.9943134311490548,0.3571341719877207,0.06916715922477551,0.3402739467810474,0.5833300496126077,0.8749999999999998,0.05373245343522244,0.2186956497562262,0.46764906688266383,15.813767542740871,0.5321696423821158,9.999999999001218e-08,True,True,True,True,0.3571342635276901,0.8749999999999998,0.05373245343522244,0.06916715403333105,0.2186956497562262,0.3402739068625943,0.46764906688266383,0.5833300153965971
linear,0.8799999999999999,True,target_reached,1e-07,-0.9943134311490548,0.3571341719877207,0.06916715922477551,0.3402739467810474,0.5833300496126077,0.88,0.053650015974092705,0.21803464638838954,0.46694180192866597,15.824835947550888,0.5371888889376949,9.999999999001218e-08,True,True,True,True,0.3571342635276901,0.88,0.053650015974092705,0.06916715403333105,0.21803464638838954,0.3402739068625943,0.46694180192866597,0.5833300153965971
linear,0.8849999999999999,True,target_reached,1e-07,-0.9943134311490548,0.3571341719877207,0.06916715922477551,0.3402739467810474,0.5833300496126077,0.8849999999999999,0.05356822265966099,0.2173787518510423,0.46623894287268874,15.83580828376062,0.5422074216957341,9.999999999001218e-08,True,True,True,True,0.3571342635276901,0.8849999999999999,0.05356822265966099,0.06916715403333105,0.2173787518510423,0.3402739068625943,0.46623894287268874,0.5833300153965971
linear,0.8899999999999999,True,target_reached,1e-07,-0.9943134311490548,0.3571341719877207,0.06916715922477551,0.3402739467810474,0.5833300496126077,0.8899999999999986,0.053487064897171574,0.216727900089475,0.4655404387262991,15.846686315385211,0.5472252567950873,9.999999999001218e-08,True,True,True,True,0.3571342635276901,0.8899999999999986,0.053487064897171574,0.06916715403333105,0.216727900089475,0.3402739068625943,0.4655404387262991,0.5833300153965971
linear,0.8949999999999999,True,target_reached,1e-07,-0.9943134311490548,0.3571341719877207,0.06916715922477551,0.3402739467810474,0.5833300496126077,0.8949999999999996,0.05340653425368939,0.2160820262559749,0.46484623936950903,15.857471757487277,0.5522424099673254,9.999999999001218e-08,True,True,True,True,0.3571342635276901,0.8949999999999996,0.05340653425368939,0.06916715403333105,0.2160820262559749,0.3402739068625943,0.46484623936950903,0.5833300153965971
linear,0.8999999999999999,True,target_reached,1e-07,-0.9943134311490548,0.3571341719877207,0.06916715922477551,0.3402739467810474,0.5833300496126077,0.9000000000000001,0.05332662245417379,0.21544106668129098,0.4641562955312477,15.868166277981599,0.5572588965486677,9.999999999001218e-08,True,True,True,True,0.3571342635276901,0.9000000000000001,0.05332662245417379,0.06916715403333105,0.21544106668129098,0.3402739068625943,0.4641562955312477,0.5833300153965971
linear,0.9049999999999999,True,target_reached,1e-07,-0.9943134311490548,0.3571341719877207,0.06916715922477551,0.3402739467810474,0.5833300496126077,0.9049999999999996,0.05324732137766851,0.21480495884692447,0.4634705587703759,15.878771499357272,0.5622747314915292,9.999999999001218e-08,True,True,True,True,0.3571342635276901,0.9049999999999996,0.05324732137766851,0.06916715403333105,0.21480495884692447,0.3402739068625943,0.4634705587703759,0.5833300153965971
linear,0.9099999999999999,True,target_reached,1e-07,-0.9943134311490548,0.3571341719877207,0.06916715922477551,0.3402739467810474,0.5833300496126077,0.9099999999999998,0.05316862305360391,0.21417364135821876,0.46278898145722824,15.889289000321744,0.5672899293756711,9.999999999001218e-08,True,True,True,True,0.3571342635276901,0.9099999999999998,0.05316862305360391,0.06916715403333105,0.21417364135821876,0.3402739068625943,0.46278898145722824,0.5833300153965971
linear,0.9149999999999999,True,target_reached,1e-07,-0.9943134311490548,0.3571341719877207,0.06916715922477551,0.3402739467810474,0.5833300496126077,0.9150000000000003,0.05309051965820794,0.2135470539182222,0.46211151675566603,15.89972031737097,0.5723045044189724,9.999999999001218e-08,True,True,True,True,0.3571342635276901,0.9150000000000003,0.05309051965820794,0.06916715403333105,0.2135470539182222,0.3402739068625943,0.46211151675566603,0.5833300153965971
linear,0.9199999999999999,True,target_reached,1e-07,-0.9943134311490548,0.3571341719877207,0.06916715922477551,0.3402739467810474,0.5833300496126077,0.9199999999999999,0.053013003511021485,0.2129251373022954,0.4614381186056213,15.910066946289666,0.5773184704878481,9.999999999001218e-08,True,True,True,True,0.3571342635276901,0.9199999999999999,0.053013003511021485,0.06916715403333105,0.2129251373022954,0.3402739068625943,0.4614381186056213,0.5833300153965971
linear,0.9249999999999999,True,target_reached,1e-07,-0.9943134311490548,0.3571341719877207,0.06916715922477551,0.3402739467810474,0.5833300496126077,0.9249999999999997,0.052936067071514895,0.21230783333343853,0.4607687417061172,15.920330343585336,0.5823318411073236,9.999999999001218e-08,True,True,True,True,0.3571342635276901,0.9249999999999997,0.052936067071514895,0.06916715403333105,0.21230783333343853,0.3402739068625943,0.4607687417061172,0.5833300153965971
linear,0.9299999999999999,True,target_reached,1e-07,-0.9943134311490548,0.3571341719877207,0.06916715922477551,0.3402739467810474,0.5833300496126077,0.9299999999999996,0.052859702935802166,0.21169508485831606,0.46010334149875076,15.93051192785957,0.5873446294707695,9.999999999001218e-08,True,True,True,True,0.3571342635276901,0.9299999999999996,0.052859702935802166,0.06916715403333105,0.21169508485831606,0.3402739068625943,0.46010334149875076,0.5833300153965971
linear,0.9349999999999999,True,target_reached,1e-07,-0.9943134311490548,0.3571341719877207,0.06916715922477551,0.3402739467810474,0.5833300496126077,0.9349999999999997,0.05278390383344933,0.21108683572395348,0.45944187415162047,15.940613081119867,0.5923568484493212,9.999999999001218e-08,True,True,True,True,0.3571342635276901,0.9349999999999997,0.05278390383344933,0.06916715403333105,0.21108683572395348,0.3402739068625943,0.45944187415162047,0.5833300153965971
linear,0.94,True,target_reached,1e-07,-0.9943134311490548,0.3571341719877207,0.06916715922477551,0.3402739467810474,0.5833300496126077,0.9400000000000001,0.05270866262437404,0.21048303075508487,0.4587842965436861,15.950635150035072,0.597368510600989,9.999999999001218e-08,True,True,True,True,0.3571342635276901,0.9400000000000001,0.05270866262437404,0.06916715403333105,0.21048303075508487,0.3402739068625943,0.4587842965436861,0.5833300153965971
linear,0.945,True,target_reached,1e-07,-0.9943134311490548,0.3571341719877207,0.06916715922477551,0.3402739467810474,0.5833300496126077,0.9449999999999996,0.052633972295833095,0.20988361573212988,0.45813056624954623,15.960579447137295,0.6023796281794696,9.999999999001218e-08,True,True,True,True,0.3571342635276901,0.9449999999999996,0.052633972295833095,0.06916715403333105,0.20988361573212988,0.3402739068625943,0.45813056624954623,0.5833300153965971
linear,0.95,True,target_reached,1e-07,-0.9943134311490548,0.3571341719877207,0.06916715922477551,0.3402739467810474,0.5833300496126077,0.9499999999999996,0.05255982595949507,0.2092885373697782,0.45748064152462037,15.97044725197305,0.6073902131426774,9.999999999001218e-08,True,True,True,True,0.3571342635276901,0.9499999999999996,0.05255982595949507,0.06916715403333105,0.2092885373697782,0.3402739068625943,0.45748064152462037,0.5833300153965971
nonlinear,0.05,False,tau_upper_boundary,1e-07,-1.581470265488004,0.620047181084747,0.0833908744420835,0.2386374100506793,0.48850528149722117,,,,,,,,,,,,,,,,,,,
nonlinear,0.055,False,tau_upper_boundary,1e-07,-1.581470265488004,0.620047181084747,0.0833908744420835,0.2386374100506793,0.48850528149722117,,,,,,,,,,,,,,,,,,,
nonlinear,0.06,False,tau_upper_boundary,1e-07,-1.581470265488004,0.620047181084747,0.0833908744420835,0.2386374100506793,0.48850528149722117,,,,,,,,,,,,,,,,,,,
nonlinear,0.065,False,tau_upper_boundary,1e-07,-1.581470265488004,0.620047181084747,0.0833908744420835,0.2386374100506793,0.48850528149722117,,,,,,,,,,,,,,,,,,,
nonlinear,0.07,False,tau_upper_boundary,1e-07,-1.581470265488004,0.620047181084747,0.0833908744420835,0.2386374100506793,0.48850528149722117,,,,,,,,,,,,,,,,,,,
nonlinear,0.075,False,tau_upper_boundary,1e-07,-1.581470265488004,0.620047181084747,0.0833908744420835,0.2386374100506793,0.48850528149722117,,,,,,,,,,,,,,,,,,,
nonlinear,0.08,False,tau_upper_boundary,1e-07,-1.581470265488004,0.620047181084747,0.0833908744420835,0.2386374100506793,0.48850528149722117,,,,,,,,,,,,,,,,,,,
nonlinear,0.08499999999999999,False,tau_upper_boundary,1e-07,-1.581470265488004,0.620047181084747,0.0833908744420835,0.2386374100506793,0.48850528149722117,,,,,,,,,,,,,,,,,,,
nonlinear,0.09,False,tau_upper_boundary,1e-07,-1.581470265488004,0.620047181084747,0.0833908744420835,0.2386374100506793,0.48850528149722117,,,,,,,,,,,,,,,,,,,
nonlinear,0.095,False,tau_upper_boundary,1e-07,-1.581470265488004,0.620047181084747,0.0833908744420835,0.2386374100506793,0.48850528149722117,,,,,,,,,,,,,,,,,,,
nonlinear,0.09999999999999999,False,tau_upper_boundary,1e-07,-1.581470265488004,0.620047181084747,0.0833908744420835,0.2386374100506793,0.48850528149722117,,,,,,,,,,,,,,,,,,,
nonlinear,0.105,False,tau_upper_boundary,1e-07,-1.581470265488004,0.620047181084747,0.0833908744420835,0.2386374100506793,0.48850528149722117,,,,,,,,,,,,,,,,,,,
nonlinear,0.10999999999999999,False,tau_upper_boundary,1e-07,-1.581470265488004,0.620047181084747,0.0833908744420835,0.2386374100506793,0.48850528149722117,,,,,,,,,,,,,,,,,,,
nonlinear,0.11499999999999999,False,tau_upper_boundary,1e-07,-1.581470265488004,0.620047181084747,0.0833908744420835,0.2386374100506793,0.48850528149722117,,,,,,,,,,,,,,,,,,,
nonlinear,0.12,False,tau_upper_boundary,1e-07,-1.581470265488004,0.620047181084747,0.0833908744420835,0.2386374100506793,0.48850528149722117,,,,,,,,,,,,,,,,,,,
nonlinear,0.12499999999999999,False,tau_upper_boundary,1e-07,-1.581470265488004,0.620047181084747,0.0833908744420835,0.2386374100506793,0.48850528149722117,,,,,,,,,,,,,,,,,,,
nonlinear,0.13,False,tau_upper_boundary,1e-07,-1.581470265488004,0.620047181084747,0.0833908744420835,0.2386374100506793,0.48850528149722117,,,,,,,,,,,,,,,,,,,
nonlinear,0.135,False,tau_upper_boundary,1e-07,-1.581470265488004,0.620047181084747,0.0833908744420835,0.2386374100506793,0.48850528149722117,,,,,,,,,,,,,,,,,,,
nonlinear,0.13999999999999999,False,tau_upper_boundary,1e-07,-1.581470265488004,0.620047181084747,0.0833908744420835,0.2386374100506793,0.48850528149722117,,,,,,,,,,,,,,,,,,,
nonlinear,0.145,False,tau_upper_boundary,1e-07,-1.581470265488004,0.620047181084747,0.0833908744420835,0.2386374100506793,0.48850528149722117,,,,,,,,,,,,,,,,,,,
nonlinear,0.14999999999999997,False,tau_upper_boundary,1e-07,-1.581470265488004,0.620047181084747,0.0833908744420835,0.2386374100506793,0.48850528149722117,,,,,,,,,,,,,,,,,,,
nonlinear,0.15499999999999997,False,tau_upper_boundary,1e-07,-1.581470265488004,0.620047181084747,0.0833908744420835,0.2386374100506793,0.48850528149722117,,,,,,,,,,,,,,,,,,,
nonlinear,0.15999999999999998,False,tau_upper_boundary,1e-07,-1.581470265488004,0.620047181084747,0.0833908744420835,0.2386374100506793,0.48850528149722117,,,,,,,,,,,,,,,,,,,
nonlinear,0.16499999999999998,False,tau_upper_boundary,1e-07,-1.581470265488004,0.620047181084747,0.0833908744420835,0.2386374100506793,0.48850528149722117,,,,,,,,,,,,,,,,,,,
nonlinear,0.16999999999999998,False,tau_upper_boundary,1e-07,-1.581470265488004,0.620047181084747,0.0833908744420835,0.2386374100506793,0.48850528149722117,,,,,,,,,,,,,,,,,,,
nonlinear,0.175,False,tau_upper_boundary,1e-07,-1.581470265488004,0.620047181084747,0.0833908744420835,0.2386374100506793,0.48850528149722117,,,,,,,,,,,,,,,,,,,
nonlinear,0.18,False,tau_upper_boundary,1e-07,-1.581470265488004,0.620047181084747,0.0833908744420835,0.2386374100506793,0.48850528149722117,,,,,,,,,,,,,,,,,,,
nonlinear,0.185,False,tau_upper_boundary,1e-07,-1.581470265488004,0.620047181084747,0.0833908744420835,0.2386374100506793,0.48850528149722117,,,,,,,,,,,,,,,,,,,
nonlinear,0.19,False,tau_upper_boundary,1e-07,-1.581470265488004,0.620047181084747,0.0833908744420835,0.2386374100506793,0.48850528149722117,,,,,,,,,,,,,,,,,,,
nonlinear,0.195,False,tau_upper_boundary,1e-07,-1.581470265488004,0.620047181084747,0.0833908744420835,0.2386374100506793,0.48850528149722117,,,,,,,,,,,,,,,,,,,
nonlinear,0.19999999999999996,False,tau_upper_boundary,1e-07,-1.581470265488004,0.620047181084747,0.0833908744420835,0.2386374100506793,0.48850528149722117,,,,,,,,,,,,,,,,,,,
nonlinear,0.20499999999999996,True,target_reached,1e-07,-1.581470265488004,0.620047181084747,0.0833908744420835,0.2386374100506793,0.48850528149722117,0.20500000000000013,0.11284741965234907,0.9770901233586706,0.9884786914034468,10.180785725149786,0.847610913316985,9.99999999617357e-08,True,True,True,True,0.20500000000000013,0.6200470942768096,0.0833908777578861,0.11284741965234907,0.23863745958236057,0.9770901233586706,0.48850533219439946,0.9884786914034468
nonlinear,0.20999999999999996,True,target_reached,1e-07,-1.581470265488004,0.620047181084747,0.0833908744420835,0.2386374100506793,0.48850528149722117,0.21000000000000021,0.11212475932529394,0.9527330090050217,0.9760804316269339,10.165197085398852,0.8239519714777007,9.99999999617357e-08,True,True,True,True,0.21000000000000021,0.6200470942768096,0.0833908777578861,0.11212475932529394,0.23863745958236057,0.9527330090050217,0.48850533219439946,0.9760804316269339
nonlinear,0.21499999999999997,True,target_reached,1e-07,-1.581470265488004,0.620047181084747,0.0833908744420835,0.2386374100506793,0.48850528149722117,0.21499999999999986,0.11142335042388954,0.9293053110121421,0.9640048293510475,10.149609476639366,0.8011686389474337,9.99999999617357e-08,True,True,True,True,0.21499999999999986,0.6200470942768096,0.0833908777578861,0.11142335042388954,0.23863745958236057,0.9293053110121421,0.48850533219439946,0.9640048293510475
nonlinear,0.21999999999999997,True,target_reached,1e-07,-1.581470265488004,0.620047181084747,0.0833908744420835,0.2386374100506793,0.48850528149722117,0.21999999999999992,0.11074205585688825,0.9067589230046644,0.9522389001740396,10.134018395838957,0.7792125450033258,9.99999999617357e-08,True,True,True,True,0.21999999999999992,0.6200470942768096,0.0833908777578861,0.11074205585688825,0.23863745958236057,0.9067589230046644,0.48850533219439946,0.9522389001740396
nonlinear,0.22499999999999998,True,target_reached,1e-07,-1.581470265488004,0.620047181084747,0.0833908744420835,0.2386374100506793,0.48850528149722117,0.22500000000000023,0.11007982495389462,0.8850489131542981,0.94077038280034,10.118419320429851,0.7580385258726013,9.99999999617357e-08,True,True,True,True,0.22500000000000023,0.6200470942768096,0.0833908777578861,0.11007982495389462,0.23863745958236057,0.8850489131542981,0.48850533219439946,0.94077038280034
nonlinear,0.22999999999999998,True,target_reached,1e-07,-1.581470265488004,0.620047181084747,0.0833908744420835,0.2386374100506793,0.48850528149722117,0.22999999999999973,0.1094356851048051,0.8641332666722847,0.929587686381594,10.102807701323483,0.7376043670460545,9.99999999617357e-08,True,True,True,True,0.22999999999999973,0.6200470942768096,0.0833908777578861,0.1094356851048051,0.23863745958236057,0.8641332666722847,0.48850533219439946,0.929587686381594
nonlinear,0.235,True,target_reached,1e-07,-1.581470265488004,0.620047181084747,0.0833908744420835,0.2386374100506793,0.48850528149722117,0.23499999999999957,0.10880873437026488,0.8439726533655951,0.9186798426903657,10.08717895570809,0.7178705705513824,9.99999999617357e-08,True,True,True,True,0.23499999999999957,0.6200470942768096,0.0833908777578861,0.10880873437026488,0.23863745958236057,0.8439726533655951,0.48850533219439946,0.9186798426903657
nonlinear,0.24,True,target_reached,1e-07,-1.581470265488004,0.620047181084747,0.0833908744420835,0.2386374100506793,0.48850528149722117,0.23999999999999977,0.10819813493248918,0.8245302173825934,0.9080364625842915,10.07152845961011,0.6988001443236634,9.99999999617357e-08,True,True,True,True,0.23999999999999977,0.6200470942768096,0.0833908777578861,0.10819813493248918,0.23863745958236057,0.8245302173825934,0.48850533219439946,0.9080364625842915
nonlinear,0.245,True,target_reached,1e-07,-1.581470265488004,0.620047181084747,0.0833908744420835,0.2386374100506793,0.48850528149722117,0.2450000000000003,0.10760310727568306,0.8057713866562896,0.8976476962908608,10.055851540196336,0.6803584111914073,9.99999999617357e-08,True,True,True,True,0.2450000000000003,0.6200470942768096,0.0833908777578861,0.10760310727568306,0.23863745958236057,0.8057713866562896,0.48850533219439946,0.8976476962908608
nonlinear,0.24999999999999994,True,target_reached,1e-07,-1.581470265488004,0.620047181084747,0.0833908744420835,0.2386374100506793,0.48850528149722117,0.24999999999999975,0.10702292500185173,0.787663699878615,0.8875041971047883,10.040143467790225,0.6625128353206868,9.99999999617357e-08,True,True,True,True,0.24999999999999975,0.6200470942768096,0.0833908777578861,0.10702292500185173,0.23863745958236057,0.787663699878615,0.48850533219439946,0.8875041971047883
nonlinear,0.25499999999999995,True,target_reached,1e-07,-1.581470265488004,0.620047181084747,0.0833908744420835,0.2386374100506793,0.48850528149722117,0.25500000000000017,0.10645691020149163,0.7701766491122382,0.8775970881402457,10.02439944757292,0.6452328642325306,9.99999999617357e-08,True,True,True,True,0.25500000000000017,0.6200470942768096,0.0833908777578861,0.10645691020149163,0.23863745958236057,0.7701766491122382,0.48850533219439946,0.8775970881402457
nonlinear,0.25999999999999995,True,target_reached,1e-07,-1.581470265488004,0.620047181084747,0.0833908744420835,0.2386374100506793,0.48850528149722117,0.2600000000000001,0.10590442931023629,0.7532815363845211,0.8679179318256544,10.008614610935679,0.6284897847457802,9.99999999617357e-08,True,True,True,True,0.2600000000000001,0.6200470942768096,0.0833908777578861,0.10590442931023629,0.23863745958236057,0.7532815363845211,0.48850533219439946,0.8679179318256544
nonlinear,0.26499999999999996,True,target_reached,1e-07,-1.581470265488004,0.620047181084747,0.0833908744420835,0.2386374100506793,0.48850528149722117,0.26499999999999985,0.10536488939224918,0.7369513428109227,0.8584587018668531,9.992784006446493,0.6122565913995829,9.99999999617357e-08,True,True,True,True,0.26499999999999985,0.6200470942768096,0.0833908777578861,0.10536488939224918,0.23863745958236057,0.7369513428109227,0.48850533219439946,0.8584587018668531
nonlinear,0.26999999999999996,True,target_reached,1e-07,-1.581470265488004,0.620047181084747,0.0833908744420835,0.2386374100506793,0.48850528149722117,0.2700000000000002,0.10483773479927283,0.7211606089669858,0.8492117574356739,9.97690259039027,0.5965078660813986,9.99999999617357e-08,True,True,True,True,0.2700000000000002,0.6200470942768096,0.0833908777578861,0.10483773479927283,0.23863745958236057,0.7211606089669858,0.48850533219439946,0.8492117574356739
nonlinear,0.27499999999999997,True,target_reached,1e-07,-1.581470265488004,0.620047181084747,0.0833908744420835,0.2386374100506793,0.48850528149722117,0.27499999999999986,0.10432244416121333,0.7058853253807937,0.8401698193703424,9.960965216837353,0.5812196677382614,9.99999999617357e-08,True,True,True,True,0.27499999999999986,0.6200470942768096,0.0833908777578861,0.10432244416121333,0.23863745958236057,0.7058853253807937,0.48850533219439946,0.8401698193703424
nonlinear,0.27999999999999997,True,target_reached,1e-07,-1.581470265488004,0.620047181084747,0.0833908744420835,0.2386374100506793,0.48850528149722117,0.27999999999999997,0.10381852767002162,0.6911028321478889,0.8313259481983519,9.944966627190455,0.5663694311787049,9.99999999617357e-08,True,True,True,True,0.27999999999999997,0.6200470942768096,0.0833908777578861,0.10381852767002162,0.23863745958236057,0.6911028321478889,0.48850533219439946,0.8313259481983519
nonlinear,0.285,True,target_reached,1e-07,-1.581470265488004,0.620047181084747,0.0833908744420835,0.2386374100506793,0.48850528149722117,0.2850000000000002,0.10332552462359852,0.6767917267823308,0.8226735238126549,9.928901439155268,0.5519358740843675,9.99999999617357e-08,True,True,True,True,0.2850000000000002,0.6200470942768096,0.0833908777578861,0.10332552462359852,0.23863745958236057,0.6767917267823308,0.48850533219439946,0.8226735238126549
nonlinear,0.29,True,target_reached,1e-07,-1.581470265488004,0.620047181084747,0.0833908744420835,0.2386374100506793,0.48850528149722117,0.2899999999999999,0.10284300120076138,0.6629317795179404,0.8142062266514181,9.912764135074145,0.5378989114499527,9.99999999617357e-08,True,True,True,True,0.2899999999999999,0.6200470942768096,0.0833908777578861,0.10284300120076138,0.23863745958236057,0.6629317795179404,0.48850533219439946,0.8142062266514181
nonlinear,0.295,True,target_reached,1e-07,-1.581470265488004,0.620047181084747,0.0833908744420835,0.2386374100506793,0.48850528149722117,0.29500000000000015,0.10237054844197077,0.6495038553595605,0.8059180202474445,9.896549049555983,0.5242395767557406,9.99999999617357e-08,True,True,True,True,0.29500000000000015,0.6200470942768096,0.0833908777578861,0.10237054844197077,0.23863745958236057,0.6495038553595605,0.48850533219439946,0.8059180202474445
nonlinear,0.3,True,target_reached,1e-07,-1.581470265488004,0.620047181084747,0.0833908744420835,0.2386374100506793,0.48850528149722117,0.30000000000000004,0.10190778041364264,0.6364898422588391,0.7978031350269558,9.880250356328503,0.5109399492513781,9.99999999617357e-08,True,True,True,True,0.30000000000000004,0.6200470942768096,0.0833908777578861,0.10190778041364264,0.23863745958236057,0.6364898422588391,0.48850533219439946,0.7978031350269558
nonlinear,0.30499999999999994,True,target_reached,1e-07,-1.581470265488004,0.620047181084747,0.0833908744420835,0.2386374100506793,0.48850528149722117,0.3050000000000001,0.1014543325366008,0.6238725848563009,0.7898560532504014,9.863862054231168,0.4979830867964248,9.99999999617357e-08,True,True,True,True,0.3050000000000001,0.6200470942768096,0.0833908777578861,0.1014543325366008,0.23863745958236057,0.6238725848563009,0.48850533219439946,0.7898560532504014
nonlinear,0.30999999999999994,True,target_reached,1e-07,-1.581470265488004,0.620047181084747,0.0833908744420835,0.2386374100506793,0.48850528149722117,0.31000000000000005,0.1010098600615638,0.6116358232894904,0.7820714949986928,9.847377952258134,0.4853529637609399,9.99999999617357e-08,True,True,True,True,0.31000000000000005,0.6200470942768096,0.0833908777578861,0.1010098600615638,0.23863745958236057,0.6116358232894904,0.48850533219439946,0.7820714949986928
nonlinear,0.31499999999999995,True,target_reached,1e-07,-1.581470265488004,0.620047181084747,0.0833908744420835,0.2386374100506793,0.48850528149722117,0.31499999999999984,0.10057403667657609,0.5997641366179967,0.7744444051176279,9.830791653550566,0.47303441354023434,9.99999999617357e-08,True,True,True,True,0.31499999999999984,0.6200470942768096,0.0833908777578861,0.10057403667657609,0.23863745958236057,0.5997641366179967,0.48850533219439946,0.7744444051176279
nonlinear,0.31999999999999995,True,target_reached,1e-07,-1.581470265488004,0.620047181084747,0.0833908744420835,0.2386374100506793,0.48850528149722117,0.31999999999999973,0.10014655323306297,0.5882428904621523,0.7669699410421195,9.814096538226439,0.46101307528353946,9.99999999617357e-08,True,True,True,True,0.31999999999999973,0.6200470942768096,0.0833908777578861,0.10014655323306297,0.23863745958236057,0.5882428904621523,0.48850533219439946,0.7669699410421195
nonlinear,0.32499999999999996,True,target_reached,1e-07,-1.581470265488004,0.620047181084747,0.0833908744420835,0.2386374100506793,0.48850528149722117,0.32500000000000007,0.09972711657871668,0.5770581884922836,0.7596434614292968,9.797285744922965,0.4492753444762172,9.99999999617357e-08,True,True,True,True,0.32500000000000007,0.6200470942768096,0.0833908777578861,0.09972711657871668,0.23863745958236057,0.5770581884922836,0.48850533219439946,0.7596434614292968
nonlinear,0.32999999999999996,True,target_reached,1e-07,-1.581470265488004,0.620047181084747,0.0833908744420835,0.2386374100506793,0.48850528149722117,0.32999999999999974,0.09931544848675003,0.5661968274408942,0.7524605155361271,9.780352150912242,0.4378083270504677,9.99999999617357e-08,True,True,True,True,0.32999999999999974,0.6200470942768096,0.0833908777578861,0.09931544848675003,0.23863745958236057,0.5661968274408942,0.48850533219439946,0.7524605155361271
nonlinear,0.33499999999999996,True,target_reached,1e-07,-1.581470265488004,0.620047181084747,0.0833908744420835,0.2386374100506793,0.48850528149722117,0.3349999999999998,0.09891128467222365,0.5556462553421755,0.7454168332833486,9.76328835063408,0.42659979673122245,9.99999999617357e-08,True,True,True,True,0.3349999999999998,0.6200470942768096,0.0833908777578861,0.09891128467222365,0.23863745958236057,0.5556462553421755,0.48850533219439946,0.7454168332833486
nonlinear,0.33999999999999997,True,target_reached,1e-07,-1.581470265488004,0.620047181084747,0.0833908744420835,0.2386374100506793,0.48850528149722117,0.33999999999999936,0.09851437388717475,0.5453945327315284,0.7385083159528594,9.746086632470961,0.41563815535199916,9.99999999617357e-08,True,True,True,True,0.33999999999999936,0.6200470942768096,0.0833908777578861,0.09851437388717475,0.23863745958236057,0.5453945327315284,0.48850533219439946,0.7385083159528594
nonlinear,0.3449999999999999,True,target_reached,1e-07,-1.581470265488004,0.620047181084747,0.0833908744420835,0.2386374100506793,0.48850528149722117,0.3449999999999997,0.09812447708716444,0.5354302965627425,0.731731027470301,9.72873895356825,0.40491239590031247,9.99999999617357e-08,True,True,True,True,0.3449999999999997,0.6200470942768096,0.0833908777578861,0.09812447708716444,0.23863745958236057,0.5354302965627425,0.48850533219439946,0.731731027470301
nonlinear,0.3499999999999999,True,target_reached,1e-07,-1.581470265488004,0.620047181084747,0.0833908744420835,0.2386374100506793,0.48850528149722117,0.34999999999999987,0.09774136666265307,0.5257427266233065,0.7250811862290363,9.711236912477977,0.3944120680748236,9.99999999617357e-08,True,True,True,True,0.34999999999999987,0.6200470942768096,0.0833908777578861,0.09774136666265307,0.23863745958236057,0.5257427266233065,0.48850533219439946,0.7250811862290363
nonlinear,0.3549999999999999,True,target_reached,1e-07,-1.581470265488004,0.620047181084747,0.0833908744420835,0.2386374100506793,0.48850528149722117,0.3549999999999998,0.09736482572930562,0.5163215142484815,0.718555157415547,9.693571719375623,0.38412724615638016,9.99999999617357e-08,True,True,True,True,0.3549999999999998,0.6200470942768096,0.0833908777578861,0.09736482572930562,0.23863745958236057,0.5163215142484815,0.48850533219439946,0.718555157415547
nonlinear,0.35999999999999993,True,target_reached,1e-07,-1.581470265488004,0.620047181084747,0.0833908744420835,0.2386374100506793,0.48850528149722117,0.3599999999999997,0.09699464747193738,0.5071568331526584,0.7121494457995866,9.67573416356638,0.37404849901288306,9.99999999617357e-08,True,True,True,True,0.3599999999999997,0.6200470942768096,0.0833908777578861,0.09699464747193738,0.23863745958236057,0.5071568331526584,0.48850533219439946,0.7121494457995866
nonlinear,0.36499999999999994,True,target_reached,1e-07,-1.581470265488004,0.620047181084747,0.0833908744420835,0.2386374100506793,0.48850528149722117,0.3650000000000001,0.09663063453735353,0.4982393122129817,0.7058606889556761,9.657714577959133,0.3641668620741618,9.99999999617357e-08,True,True,True,True,0.3650000000000001,0.6200470942768096,0.0833908777578861,0.09663063453735353,0.23863745958236057,0.4982393122129817,0.48850533219439946,0.7058606889556761
nonlinear,0.36999999999999994,True,target_reached,1e-07,-1.581470265488004,0.620047181084747,0.0833908744420835,0.2386374100506793,0.48850528149722117,0.36999999999999983,0.096272598471818,0.48956001005489214,0.6996856508853759,9.639502800141951,0.354473811127537,9.99999999617357e-08,True,True,True,True,0.36999999999999983,0.6200470942768096,0.0833908777578861,0.096272598471818,0.23863745958236057,0.48956001005489214,0.48850533219439946,0.6996856508853759
nonlinear,0.37499999999999994,True,target_reached,1e-07,-1.581470265488004,0.620047181084747,0.0833908744420835,0.2386374100506793,0.48850528149722117,0.37499999999999994,0.09592035919930395,0.4811103913020831,0.6936212160120847,9.621088129641544,0.3449612377975326,9.99999999617357e-08,True,True,True,True,0.37499999999999994,0.6200470942768096,0.0833908777578861,0.09592035919930395,0.23863745958236057,0.4811103913020831,0.48850533219439946,0.6936212160120847
nonlinear,0.37999999999999995,True,target_reached,1e-07,-1.581470265488004,0.620047181084747,0.0833908744420835,0.2386374100506793,0.48850528149722117,0.3800000000000001,0.09557374453706323,0.4728823043655751,0.6876643835226419,9.602459280889146,0.3356214265851945,9.99999999617357e-08,True,True,True,True,0.3800000000000001,0.6200470942768096,0.0833908777578861,0.09557374453706323,0.23863745958236057,0.4728823043655751,0.48850533219439946,0.6876643835226419
nonlinear,0.38499999999999995,True,target_reached,1e-07,-1.581470265488004,0.620047181084747,0.0833908744420835,0.2386374100506793,0.48850528149722117,0.38499999999999995,0.09523258974538613,0.46486796065722524,0.6818122620320239,9.583604331344993,0.32644703335296416,9.99999999617357e-08,True,True,True,True,0.38499999999999995,0.6200470942768096,0.0833908777578861,0.09523258974538613,0.23863745958236057,0.46486796065722524,0.48850533219439946,0.6818122620320239
nonlinear,0.38999999999999996,True,target_reached,1e-07,-1.581470265488004,0.620047181084747,0.0833908744420835,0.2386374100506793,0.48850528149722117,0.3900000000000002,0.09489673710871871,0.4570599151225318,0.6760620645492038,9.564510664151623,0.31743106515053815,9.99999999617357e-08,True,True,True,True,0.3900000000000002,0.6200470942768096,0.0833908777578861,0.09489673710871871,0.23863745958236057,0.4570599151225318,0.48850533219439946,0.6760620645492038
nonlinear,0.39499999999999996,True,target_reached,1e-07,-1.581470265488004,0.620047181084747,0.0833908744420835,0.2386374100506793,0.48850528149722117,0.39499999999999996,0.09456603554557777,0.4494510479966052,0.6704111037241293,9.54516490458943,0.3085668612859714,9.99999999617357e-08,True,True,True,True,0.39499999999999996,0.6200470942768096,0.0833908777578861,0.09456603554557777,0.23863745958236057,0.4494510479966052,0.48850533219439946,0.6704111037241293
nonlinear,0.3999999999999999,True,target_reached,1e-07,-1.581470265488004,0.620047181084747,0.0833908744420835,0.2386374100506793,0.48850528149722117,0.4,0.09424034024493912,0.4420345476949632,0.6648567873572196,9.525552849493831,0.29984807555400206,9.99999999617357e-08,True,True,True,True,0.4,0.6200470942768096,0.0833908777578861,0.09424034024493912,0.23863745958236057,0.4420345476949632,0.48850533219439946,0.6648567873572196
nonlinear,0.4049999999999999,True,target_reached,1e-07,-1.581470265488004,0.620047181084747,0.0833908744420835,0.2386374100506793,0.48850528149722117,0.40499999999999997,0.09391951232698953,0.4348038947580614,0.6593966141542292,9.505659388658527,0.2912686595407392,9.99999999617357e-08,True,True,True,True,0.40499999999999997,0.6200470942768096,0.0833908777578861,0.09391951232698953,0.23863745958236057,0.4348038947580614,0.48850533219439946,0.6593966141542292
nonlinear,0.4099999999999999,True,target_reached,1e-07,-1.581470265488004,0.620047181084747,0.0833908744420835,0.2386374100506793,0.48850528149722117,0.41,0.09360341852632652,0.4277528467751088,0.6540281697106851,9.485468417088681,0.2828228469303582,9.99999999617357e-08,True,True,True,True,0.41,0.6200470942768096,0.0833908777578861,0.09360341852632652,0.23863745958236057,0.4277528467751088,0.48850533219439946,0.6540281697106851
nonlinear,0.4149999999999999,True,target_reached,1e-07,-1.581470265488004,0.620047181084747,0.0833908744420835,0.2386374100506793,0.48850528149722117,0.4149999999999998,0.09329193089585959,0.420875424218524,0.6487491227111787,9.464962736776567,0.27450513874523647,9.99999999617357e-08,True,True,True,True,0.4149999999999998,0.6200470942768096,0.0833908777578861,0.09329193089585959,0.23863745958236057,0.420875424218524,0.48850533219439946,0.6487491227111787
nonlinear,0.41999999999999993,True,target_reached,1e-07,-1.581470265488004,0.620047181084747,0.0833908744420835,0.2386374100506793,0.48850528149722117,0.4200000000000001,0.09298492652982421,0.41416589712596735,0.6435572213299819,9.444123946442938,0.26631028945640717,9.99999999617357e-08,True,True,True,True,0.4200000000000001,0.6200470942768096,0.0833908777578861,0.09298492652982421,0.23863745958236057,0.41416589712596735,0.48850533219439946,0.6435572213299819
nonlinear,0.42499999999999993,True,target_reached,1e-07,-1.581470265488004,0.620047181084747,0.0833908744420835,0.2386374100506793,0.48850528149722117,0.42499999999999993,0.0926822873044585,0.4076187725717666,0.6384502898204109,9.42293231741161,0.2582332939060499,9.99999999617357e-08,True,True,True,True,0.42499999999999993,0.6200470942768096,0.0833908777578861,0.0926822873044585,0.23863745958236057,0.4076187725717666,0.48850533219439946,0.6384502898204109
nonlinear,0.42999999999999994,True,target_reached,1e-07,-1.581470265488004,0.620047181084747,0.0833908744420835,0.2386374100506793,0.48850528149722117,0.43000000000000005,0.09238389963501724,0.40122878287402086,0.6334262252812247,9.401366653451868,0.25026937498814794,9.99999999617357e-08,True,True,True,True,0.43000000000000005,0.6200470942768096,0.0833908777578861,0.09238389963501724,0.23863745958236057,0.40122878287402086,0.48850533219439946,0.6334262252812247
nonlinear,0.43499999999999994,True,target_reached,1e-07,-1.581470265488004,0.620047181084747,0.0833908744420835,0.2386374100506793,0.48850528149722117,0.4349999999999998,0.09208965424791406,0.394990874487927,0.6284829945892944,9.379404132019083,0.24241397203761017,9.99999999617357e-08,True,True,True,True,0.4349999999999998,0.6200470942768096,0.0833908777578861,0.09208965424791406,0.23863745958236057,0.394990874487927,0.48850533219439946,0.6284829945892944
nonlinear,0.43999999999999995,True,target_reached,1e-07,-1.581470265488004,0.620047181084747,0.0833908744420835,0.2386374100506793,0.48850528149722117,0.4399999999999998,0.09179944596688226,0.3889001975394641,0.6236186314883994,9.357020123831335,0.23466272988174136,9.99999999617357e-08,True,True,True,True,0.4399999999999998,0.6200470942768096,0.0833908777578861,0.09179944596688226,0.23863745958236057,0.3889001975394641,0.48850533219439946,0.6236186314883994
nonlinear,0.44499999999999995,True,target_reached,1e-07,-1.581470265488004,0.620047181084747,0.0833908744420835,0.2386374100506793,0.48850528149722117,0.44499999999999995,0.09151317351214043,0.38295209595719026,0.6188312338248533,9.33418798711607,0.22701148851147288,9.99999999617357e-08,True,True,True,True,0.44499999999999995,0.6200470942768096,0.0833908777578861,0.09151317351214043,0.23863745958236057,0.38295209595719026,0.48850533219439946,0.6188312338248533
nonlinear,0.4499999999999999,True,target_reached,1e-07,-1.581470265488004,0.620047181084747,0.0833908744420835,0.2386374100506793,0.48850528149722117,0.45,0.09123073931163085,0.3771420981629346,0.6141189609212002,9.310878832116968,0.2194562733327863,9.99999999617357e-08,True,True,True,True,0.45,0.6200470942768096,0.0833908777578861,0.09123073931163085,0.23863745958236057,0.3771420981629346,0.48850533219439946,0.6141189609212002
nonlinear,0.4549999999999999,True,target_reached,1e-07,-1.581470265488004,0.620047181084747,0.0833908744420835,0.2386374100506793,0.48850528149722117,0.4549999999999998,0.09095204932347668,0.3714659082851427,0.6094800310798892,9.287061250529765,0.21199328596168132,9.99999999617357e-08,True,True,True,True,0.4549999999999998,0.6200470942768096,0.0833908777578861,0.09095204932347668,0.23863745958236057,0.3714659082851427,0.48850533219439946,0.6094800310798892
nonlinear,0.4599999999999999,True,target_reached,1e-07,-1.581470265488004,0.620047181084747,0.0833908744420835,0.2386374100506793,0.48850528149722117,0.45999999999999996,0.09067701286887234,0.3659193978612551,0.6049127192093543,9.262701003387303,0.20461889552863807,9.99999999617357e-08,True,True,True,True,0.45999999999999996,0.6200470942768096,0.0833908777578861,0.09067701286887234,0.23863745958236057,0.3659193978612551,0.48850533219439946,0.6049127192093543
nonlinear,0.4649999999999999,True,target_reached,1e-07,-1.581470265488004,0.620047181084747,0.0833908744420835,0.2386374100506793,0.48850528149722117,0.46499999999999986,0.09040554247468477,0.3604985979979421,0.6004153545654393,9.237760659473969,0.19732963046094237,9.99999999617357e-08,True,True,True,True,0.46499999999999986,0.6200470942768096,0.0833908777578861,0.09040554247468477,0.23863745958236057,0.3604985979979421,0.48850533219439946,0.6004153545654393
nonlinear,0.4699999999999999,True,target_reached,1e-07,-1.581470265488004,0.620047181084747,0.0833908744420835,0.2386374100506793,0.48850528149722117,0.47000000000000003,0.09013755372510053,0.3551996919602729,0.5959863186015875,9.212199174531422,0.19012217071346074,9.99999999617357e-08,True,True,True,True,0.47000000000000003,0.6200470942768096,0.0833908777578861,0.09013755372510053,0.23863745958236057,0.3551996919602729,0.48850533219439946,0.5959863186015875
nonlinear,0.4749999999999999,True,target_reached,1e-07,-1.581470265488004,0.620047181084747,0.0833908744420835,0.2386374100506793,0.48850528149722117,0.4749999999999998,0.08987296512170571,0.3500190081629364,0.5916240429216314,9.185971399206341,0.18299334042049356,9.99999999617357e-08,True,True,True,True,0.4749999999999998,0.6200470942768096,0.0833908777578861,0.08987296512170571,0.23863745958236057,0.3500190081629364,0.48850533219439946,0.5916240429216314
nonlinear,0.4799999999999999,True,target_reached,1e-07,-1.581470265488004,0.620047181084747,0.0833908744420835,0.2386374100506793,0.48850528149722117,0.48000000000000004,0.08961169795143377,0.3449530135385581,0.5873270073294418,9.159027500730126,0.1759401009432195,9.99999999617357e-08,True,True,True,True,0.48000000000000004,0.6200470942768096,0.0833908777578861,0.08961169795143377,0.23863745958236057,0.3449530135385581,0.48850533219439946,0.5873270073294418
nonlinear,0.48499999999999993,True,target_reached,1e-07,-1.581470265488004,0.620047181084747,0.0833908744420835,0.2386374100506793,0.48850528149722117,0.4849999999999998,0.08935367616185919,0.3399983072598794,0.5830937379700449,9.131312279498568,0.16895954428898027,9.99999999617357e-08,True,True,True,True,0.4849999999999998,0.6200470942768096,0.0833908777578861,0.08935367616185919,0.23863745958236057,0.3399983072598794,0.48850533219439946,0.5830937379700449
nonlinear,0.48999999999999994,True,target_reached,1e-07,-1.581470265488004,0.620047181084747,0.0833908744420835,0.2386374100506793,0.48850528149722117,0.48999999999999994,0.08909882624335486,0.33515161479419237,0.5789228055571765,9.102764356742401,0.16204888688024793,9.99999999617357e-08,True,True,True,True,0.48999999999999994,0.6200470942768096,0.0833908777578861,0.08909882624335486,0.23863745958236057,0.33515161479419237,0.48850533219439946,0.5789228055571765
nonlinear,0.49499999999999994,True,target_reached,1e-07,-1.581470265488004,0.620047181084747,0.0833908744420835,0.2386374100506793,0.48850528149722117,0.49499999999999994,0.08884707711766782,0.330409782269915,0.5748128236825576,9.073315202940814,0.15520546365261928,9.99999999617357e-08,True,True,True,True,0.49499999999999994,0.6200470942768096,0.0833908777578861,0.08884707711766782,0.23863745958236057,0.330409782269915,0.48850533219439946,0.5748128236825576
nonlinear,0.49999999999999994,True,target_reached,1e-07,-1.581470265488004,0.620047181084747,0.0833908744420835,0.2386374100506793,0.48850528149722117,0.4999999999999999,0.08859836003249995,0.32576977113654326,0.570762447202462,9.042887967953906,0.14842672246251967,9.99999999617357e-08,True,True,True,True,0.4999999999999999,0.6200470942768096,0.0833908777578861,0.08859836003249995,0.23863745958236057,0.32576977113654326,0.48850533219439946,0.570762447202462
nonlinear,0.5049999999999999,True,target_reached,1e-07,-1.581470265488004,0.620047181084747,0.0833908744420835,0.2386374100506793,0.48850528149722117,0.5049999999999998,0.08835260846171239,0.3212286531005186,0.5667703706974445,9.011396062218644,0.14171021878659912,9.99999999617357e-08,True,True,True,False,0.5049999999999998,0.6200470942768096,0.0833908777578861,0.08835260846171239,0.23863745958236057,0.3212286531005186,0.48850533219439946,0.5667703706974445
nonlinear,0.5099999999999999,True,target_reached,1e-07,-1.581470265488004,0.620047181084747,0.0833908744420835,0.2386374100506793,0.48850528149722117,0.51,0.08810975801079873,0.31678360532068395,0.562835327001321,8.978741422581974,0.13505361069594504,9.99999999617357e-08,True,True,True,False,0.51,0.6200470942768096,0.0833908777578861,0.08810975801079873,0.23863745958236057,0.31678360532068395,0.48850533219439946,0.562835327001321
nonlinear,0.5149999999999999,True,target_reached,1e-07,-1.581470265488004,0.620047181084747,0.0833908744420835,0.2386374100506793,0.48850528149722117,0.515,0.0878697463272989,0.31243190584812847,0.5589560857957703,8.944812374700213,0.1284546540893538,9.99999999617357e-08,True,True,True,False,0.515,0.6200470942768096,0.0833908777578861,0.0878697463272989,0.23863745958236057,0.31243190584812847,0.48850533219439946,0.5589560857957703
nonlinear,0.5199999999999999,True,target_reached,1e-07,-1.581470265488004,0.620047181084747,0.0833908744420835,0.2386374100506793,0.48850528149722117,0.5199999999999999,0.08763251301584822,0.3081709292961906,0.55513145226711,8.909480973833782,0.12191119817088386,9.99999999617357e-08,True,True,True,False,0.5199999999999999,0.6200470942768096,0.0833908777578861,0.08763251301584822,0.23863745958236057,0.3081709292961906,0.48850533219439946,0.55513145226711
nonlinear,0.5249999999999999,True,target_reached,1e-07,-1.581470265488004,0.620047181084747,0.0833908744420835,0.2386374100506793,0.48850528149722117,0.5249999999999999,0.08739799955757856,0.3039981427273377,0.5513602658220284,8.8725996634031,0.11542118115786867,9.99999999617357e-08,True,True,True,False,0.5249999999999999,0.6200470942768096,0.0833908777578861,0.08739799955757856,0.23863745958236057,0.3039981427273377,0.48850533219439946,0.5513602658220284
nonlinear,0.5299999999999999,True,target_reached,1e-07,-1.581470265488004,0.620047181084747,0.0833908744420835,0.2386374100506793,0.48850528149722117,0.53,0.08716614923360791,0.2999111017445085,0.547641398859243,8.833997029821521,0.10898262620643333,9.99999999617357e-08,True,True,True,False,0.53,0.6200470942768096,0.0833908777578861,0.08716614923360791,0.23863745958236057,0.2999111017445085,0.48850533219439946,0.547641398859243
nonlinear,0.5349999999999999,True,target_reached,1e-07,-1.581470265488004,0.620047181084747,0.0833908744420835,0.2386374100506793,0.48850528149722117,0.5349999999999999,0.08693690705237324,0.2959074467752921,0.543973755594231,8.793472343413056,0.10259363754236177,9.99999999617357e-08,True,True,True,False,0.5349999999999999,0.6200470942768096,0.0833908777578861,0.08693690705237324,0.23863745958236057,0.2959074467752921,0.48850533219439946,0.543973755594231
nonlinear,0.5399999999999999,True,target_reached,1e-07,-1.581470265488004,0.620047181084747,0.0833908744420835,0.2386374100506793,0.48850528149722117,0.54,0.08671021968057815,0.29198489953806755,0.5403562709343416,8.750788443432247,0.09625239678591692,9.99999999617357e-08,True,True,True,False,0.54,0.6200470942768096,0.0833908777578861,0.08671021968057815,0.23863745958236057,0.29198489953806755,0.48850533219439946,0.5403562709343416
nonlinear,0.5449999999999999,True,target_reached,1e-07,-1.581470265488004,0.620047181084747,0.0833908744420835,0.2386374100506793,0.48850528149722117,0.545,0.08648603537754303,0.28814125967991905,0.5367879094017665,8.705662325262228,0.08995715945992057,9.99999999617357e-08,True,True,True,False,0.545,0.6200470942768096,0.0833908777578861,0.08648603537754303,0.23863745958236057,0.28814125967991905,0.48850533219439946,0.5367879094017665
nonlinear,0.5499999999999999,True,target_reached,1e-07,-1.581470265488004,0.620047181084747,0.0833908744420835,0.2386374100506793,0.48850528149722117,0.5499999999999999,0.08626430393275905,0.2843744015767868,0.5332676641019843,8.65775247737088,0.08370625167104581,9.99999999617357e-08,True,True,True,False,0.5499999999999999,0.6200470942768096,0.0833908777578861,0.08626430393275905,0.23863745958236057,0.2843744015767868,0.48850533219439946,0.5332676641019843
nonlinear,0.5549999999999999,True,target_reached,1e-07,-1.581470265488004,0.620047181084747,0.0833908744420835,0.2386374100506793,0.48850528149722117,0.555,0.08604497660646102,0.2806822712868986,0.5297945557354271,8.606641520643663,0.07749806695488444,9.99999999617357e-08,True,True,True,False,0.555,0.6200470942768096,0.0833908777578861,0.08604497660646102,0.23863745958236057,0.2806822712868986,0.48850533219439946,0.5297945557354271
nonlinear,0.5599999999999999,True,target_reached,1e-07,-1.581470265488004,0.620047181084747,0.0833908744420835,0.2386374100506793,0.48850528149722117,0.5599999999999999,0.08582800607304666,0.2770628836490969,0.5263676316502535,8.551811890035175,0.07133106327592303,9.99999999617357e-08,True,True,True,False,0.5599999999999999,0.6200470942768096,0.0833908777578861,0.08582800607304666,0.23863745958236057,0.2770628836490969,0.48850533219439946,0.5263676316502535
nonlinear,0.565,True,target_reached,1e-07,-1.581470265488004,0.620047181084747,0.0833908744420835,0.2386374100506793,0.48850528149722117,0.565,0.08561334636718057,0.2735143195181829,0.5229859649342254,8.492610918485706,0.06520376017408214,9.99999999617357e-08,True,True,True,False,0.565,0.6200470942768096,0.0833908777578861,0.08561334636718057,0.23863745958236057,0.2735143195181829,0.48850533219439946,0.5229859649342254
nonlinear,0.57,True,target_reached,1e-07,-1.581470265488004,0.620047181084747,0.0833908744420835,0.2386374100506793,0.48850528149722117,0.57,0.08540095283243228,0.270034723129886,0.5196486535438016,8.428199247231364,0.05911473604997772,9.99999999617357e-08,True,True,True,False,0.57,0.6200470942768096,0.0833908777578861,0.08540095283243228,0.23863745958236057,0.270034723129886,0.48850533219439946,0.5196486535438016
nonlinear,0.575,True,target_reached,1e-07,-1.581470265488004,0.620047181084747,0.0833908744420835,0.2386374100506793,0.48850528149722117,0.5749999999999998,0.08519078207230721,0.2666222995885125,0.51635481946866,8.357471989204766,0.05306262558151516,9.99999999617357e-08,True,True,True,False,0.5749999999999998,0.6200470942768096,0.0833908777578861,0.08519078207230721,0.23863745958236057,0.2666222995885125,0.48850533219439946,0.51635481946866
nonlinear,0.58,True,target_reached,1e-07,-1.581470265488004,0.620047181084747,0.0833908744420835,0.2386374100506793,0.48850528149722117,0.58,0.08498279190353851,0.26327531247075037,0.513103607929968,8.278933315427352,0.04704611726486629,9.99999999617357e-08,True,True,True,False,0.58,0.6200470942768096,0.0833908777578861,0.08498279190353851,0.23863745958236057,0.26327531247075037,0.48850533219439946,0.513103607929968
nonlinear,0.585,True,target_reached,1e-07,-1.581470265488004,0.620047181084747,0.0833908744420835,0.2386374100506793,0.48850528149722117,0.585,0.08477694131151631,0.2599920815394917,0.5098941866108023,8.190486963136408,0.04106395107327943,9.99999999617357e-08,True,True,True,False,0.585,0.6200470942768096,0.0833908777578861,0.08477694131151631,0.23863745958236057,0.2599920815394917,0.48850533219439946,0.5098941866108023
nonlinear,0.59,True,target_reached,1e-07,-1.581470265488004,0.620047181084747,0.0833908744420835,0.2386374100506793,0.48850528149722117,0.59,0.08457319040773806,0.2567709805619038,0.5067257449172123,8.089064399273393,0.035114916227548816,9.99999999617357e-08,True,True,True,False,0.59,0.6200470942768096,0.0833908777578861,0.08457319040773806,0.23863745958236057,0.2567709805619038,0.48850533219439946,0.5067257449172123
nonlinear,0.595,True,target_reached,1e-07,-1.581470265488004,0.620047181084747,0.0833908744420835,0.2386374100506793,0.48850528149722117,0.595,0.08437150038917188,0.2536104352263179,0.503597493268501,7.969911492340057,0.029197849072329262,9.99999999617357e-08,True,True,True,False,0.595,0.6200470942768096,0.0833908777578861,0.08437150038917188,0.23863745958236057,0.2536104352263179,0.48850533219439946,0.503597493268501
nonlinear,0.6,True,target_reached,1e-07,-1.581470265488004,0.620047181084747,0.0833908744420835,0.2386374100506793,0.48850528149722117,0.6,0.08417183349943058,0.250508921152823,0.5005086624153702,7.825070789595087,0.02331163105280737,9.99999999617357e-08,True,True,True,False,0.6,0.6200470942768096,0.0833908777578861,0.08417183349943058,0.23863745958236057,0.250508921152823,0.48850533219439946,0.5005086624153702
nonlinear,0.605,True,target_reached,1e-07,-1.581470265488004,0.620047181084747,0.0833908744420835,0.2386374100506793,0.48850528149722117,0.605,0.08397415299166099,0.24746496199275111,0.49745850278465553,7.639644466179899,0.017455186786555492,9.99999999617357e-08,True,True,True,False,0.605,0.6200470942768096,0.0833908777578861,0.08397415299166099,0.23863745958236057,0.24746496199275111,0.48850533219439946,0.49745850278465553
nonlinear,0.61,True,target_reached,1e-07,-1.581470265488004,0.620047181084747,0.0833908744420835,0.2386374100506793,0.48850528149722117,0.61,0.08377842309305847,0.24447712761251592,0.49444628384943484,7.380261015894811,0.01162748222568384,9.99999999617357e-08,True,True,True,False,0.61,0.6200470942768096,0.0833908777578861,0.08377842309305847,0.23863745958236057,0.24447712761251592,0.48850533219439946,0.49444628384943484
nonlinear,0.615,True,target_reached,1e-07,-1.581470265488004,0.620047181084747,0.0833908744420835,0.2386374100506793,0.48850528149722117,0.615,0.08358460897092249,0.241544032357529,0.4914712935233644,6.9409662111976616,0.005827522904679885,9.99999999617357e-08,True,True,True,False,0.615,0.6200470942768096,0.0833908777578861,0.08358460897092249,0.23863745958236057,0.241544032357529,0.48850533219439946,0.4914712935233644
nonlinear,0.62,True,target_reached,1e-07,-1.581470265488004,0.620047181084747,0.0833908744420835,0.2386374100506793,0.48850528149722117,0.62,0.08339267670017378,0.23866433339216217,0.48853283757815313,3.9824389870178667,5.435226958215192e-05,9.99999999617357e-08,True,True,True,False,0.62,0.6200470942768096,0.0833908777578861,0.08339267670017378,0.23863745958236057,0.23866433339216217,0.48850533219439946,0.48853283757815313
nonlinear,0.625,True,target_reached,1e-07,-1.581470265488004,0.620047181084747,0.0833908744420835,0.2386374100506793,0.48850528149722117,0.625,0.08320259323225848,0.23583672911194928,0.4856302390831416,6.921176958795963,0.005692949915626061,9.99999999617357e-08,True,True,True,False,0.6200472678926844,0.625,0.08320259323225848,0.0833908711262809,0.23583672911194928,0.238637360518998,0.4856302390831416,0.4885052308000376
nonlinear,0.63,True,target_reached,1e-07,-1.581470265488004,0.620047181084747,0.0833908744420835,0.2386374100506793,0.48850528149722117,0.63,0.08301432636536855,0.23305995762444143,0.4827628378660079,7.358582728393517,0.011415269089287495,9.99999999617357e-08,True,True,True,False,0.6200472678926844,0.63,0.08301432636536855,0.0833908711262809,0.23305995762444143,0.238637360518998,0.4827628378660079,0.4885052308000376
nonlinear,0.635,True,target_reached,1e-07,-1.581470265488004,0.620047181084747,0.0833908744420835,0.2386374100506793,0.48850528149722117,0.635,0.08282784471591334,0.23033279529531983,0.4799299899936655,7.61209785652081,0.01711345734268309,9.99999999617357e-08,True,True,True,False,0.6200472678926844,0.635,0.08282784471591334,0.0833908711262809,0.23033279529531983,0.238637360518998,0.4799299899936655,0.4885052308000376
nonlinear,0.6399999999999999,True,target_reached,1e-07,-1.581470265488004,0.620047181084747,0.0833908744420835,0.2386374100506793,0.48850528149722117,0.6399999999999999,0.08264311769117899,0.22765405535657235,0.47713106727247634,7.790659601868339,0.022788334804455516,9.99999999617357e-08,True,True,True,False,0.6200472678926844,0.6399999999999999,0.08264311769117899,0.0833908711262809,0.22765405535657235,0.238637360518998,0.47713106727247634,0.4885052308000376
nonlinear,0.6449999999999999,True,target_reached,1e-07,-1.581470265488004,0.620047181084747,0.0833908744420835,0.2386374100506793,0.48850528149722117,0.6449999999999999,0.08246011546311724,0.22502258657370108,0.4743654567669331,7.928235569730927,0.028440690962133936,9.99999999617357e-08,True,True,True,False,0.6200472678926844,0.6449999999999999,0.08246011546311724,0.0833908711262809,0.22502258657370108,0.238637360518998,0.4743654567669331,0.4885052308000376
nonlinear,0.6499999999999999,True,target_reached,1e-07,-1.581470265488004,0.620047181084747,0.0833908744420835,0.2386374100506793,0.48850528149722117,0.6499999999999999,0.08227880894320862,0.22243727196910745,0.4716325603360178,8.039921885245988,0.034071285923864325,9.99999999617357e-08,True,True,True,False,0.6200472678926844,0.6499999999999999,0.08227880894320862,0.0833908711262809,0.22243727196910745,0.238637360518998,0.4716325603360178,0.4885052308000376
nonlinear,0.6549999999999999,True,target_reached,1e-07,-1.581470265488004,0.620047181084747,0.0833908744420835,0.2386374100506793,0.48850528149722117,0.655,0.08209916975834725,0.21989702759895005,0.46893179418647873,8.133760645537976,0.03968085162328976,9.99999999617357e-08,True,True,True,False,0.6200472678926844,0.655,0.08209916975834725,0.0833908711262809,0.21989702759895005,0.238637360518998,0.46893179418647873,0.4885052308000376
nonlinear,0.6599999999999999,True,target_reached,1e-07,-1.581470265488004,0.620047181084747,0.0833908744420835,0.2386374100506793,0.48850528149722117,0.6599999999999999,0.08192117022769824,0.2174008013809149,0.46626258844230134,8.214548004765653,0.04527009297036496,9.99999999617357e-08,True,True,True,False,0.6200472678926844,0.6599999999999999,0.08192117022769824,0.0833908711262809,0.2174008013809149,0.238637360518998,0.46626258844230134,0.4885052308000376
nonlinear,0.6649999999999999,True,target_reached,1e-07,-1.581470265488004,0.620047181084747,0.0833908744420835,0.2386374100506793,0.48850528149722117,0.6649999999999999,0.08174478334048098,0.21494757197048195,0.46362438672969086,8.285375574597309,0.05083968895074265,9.99999999617357e-08,True,True,True,False,0.6200472678926844,0.6649999999999999,0.08174478334048098,0.0833908711262809,0.21494757197048195,0.238637360518998,0.46362438672969086,0.4885052308000376
nonlinear,0.6699999999999999,True,target_reached,1e-07,-1.581470265488004,0.620047181084747,0.0833908744420835,0.2386374100506793,0.48850528149722117,0.6699999999999999,0.08156998273463449,0.21253634768339663,0.46101664577691404,8.348353223215305,0.056390293676226645,9.99999999617357e-08,True,True,True,False,0.6200472678926844,0.6699999999999999,0.08156998273463449,0.0833908711262809,0.21253634768339663,0.238637360518998,0.46101664577691404,0.4885052308000376
nonlinear,0.6749999999999999,True,target_reached,1e-07,-1.581470265488004,0.620047181084747,0.0833908744420835,0.2386374100506793,0.48850528149722117,0.6749999999999999,0.08139674267632295,0.2101661654621745,0.45843883502837596,8.404985216602707,0.06192253738866213,9.99999999617357e-08,True,True,True,False,0.6200472678926844,0.6749999999999999,0.08139674267632295,0.0833908711262809,0.2101661654621745,0.238637360518998,0.45843883502837596,0.4885052308000376
nonlinear,0.6799999999999999,True,target_reached,1e-07,-1.581470265488004,0.620047181084747,0.0833908744420835,0.2386374100506793,0.48850528149722117,0.6799999999999999,0.08122503804024246,0.20783608988458874,0.45589043627234466,8.456381862661395,0.06743702741950203,9.99999999617357e-08,True,True,True,False,0.6200472678926844,0.6799999999999999,0.08122503804024246,0.0833908711262809,0.20783608988458874,0.238637360518998,0.45589043627234466,0.4885052308000376
nonlinear,0.6849999999999999,True,target_reached,1e-07,-1.581470265488004,0.620047181084747,0.0833908744420835,0.2386374100506793,0.48850528149722117,0.6849999999999999,0.08105484429069149,0.20554521221219066,0.4533709432817576,8.50338608359034,0.0729343491071767,9.99999999617357e-08,True,True,True,False,0.6200472678926844,0.6849999999999999,0.08105484429069149,0.0833908711262809,0.20554521221219066,0.238637360518998,0.4533709432817576,0.4885052308000376
nonlinear,0.69,True,target_reached,1e-07,-1.581470265488004,0.620047181084747,0.0833908744420835,0.2386374100506793,0.48850528149722117,0.69,0.08088613746337003,0.20329264947701822,0.4508798614675735,8.546652914517324,0.07841506667428226,9.99999999617357e-08,True,True,True,False,0.6200472678926844,0.69,0.08088613746337003,0.0833908711262809,0.20329264947701822,0.238637360518998,0.4508798614675735,0.4885052308000376
nonlinear,0.695,True,target_reached,1e-07,-1.581470265488004,0.620047181084747,0.0833908744420835,0.2386374100506793,0.48850528149722117,0.6949999999999998,0.08071889414787406,0.20107754360474492,0.44841670754416024,8.586701490292697,0.08387972406649748,9.99999999617357e-08,True,True,True,False,0.6200472678926844,0.6949999999999998,0.08071889414787406,0.0833908711262809,0.20107754360474492,0.238637360518998,0.44841670754416024,0.4885052308000376
nonlinear,0.7,True,target_reached,1e-07,-1.581470265488004,0.620047181084747,0.0833908744420835,0.2386374100506793,0.48850528149722117,0.6999999999999998,0.08055309147085372,0.19889906057260714,0.4459810092062297,8.623950209652744,0.08932884575504384,9.99999999617357e-08,True,True,True,False,0.6200472678926844,0.6999999999999998,0.08055309147085372,0.0833908711262809,0.19889906057260714,0.238637360518998,0.4459810092062297,0.4885052308000376
nonlinear,0.705,True,target_reached,1e-07,-1.581470265488004,0.620047181084747,0.0833908744420835,0.2386374100506793,0.48850528149722117,0.7049999999999998,0.08038870707980532,0.19675638960053107,0.4435723048168484,8.658741213985143,0.09476293750440942,9.99999999617357e-08,True,True,True,False,0.6200472678926844,0.7049999999999998,0.08038870707980532,0.0833908711262809,0.19675638960053107,0.238637360518998,0.4435723048168484,0.4885052308000376
nonlinear,0.71,True,target_reached,1e-07,-1.581470265488004,0.620047181084747,0.0833908744420835,0.2386374100506793,0.48850528149722117,0.7099999999999999,0.08022571912746883,0.19464874237397994,0.44119014310609883,8.691357854839206,0.10018248710696397,9.99999999617357e-08,True,True,True,False,0.6200472678926844,0.7099999999999999,0.08022571912746883,0.0833908711262809,0.19464874237397994,0.238637360518998,0.44119014310609883,0.4885052308000376
nonlinear,0.715,True,target_reached,1e-07,-1.581470265488004,0.620047181084747,0.0833908744420835,0.2386374100506793,0.48850528149722117,0.715,0.08006410625680392,0.19257535229708544,0.4388340828799484,8.7220374299749,0.10558796508602118,9.99999999617357e-08,True,True,True,False,0.6200472678926844,0.715,0.08006410625680392,0.0833908711262809,0.19257535229708544,0.238637360518998,0.4388340828799484,0.4885052308000376
nonlinear,0.72,True,target_reached,1e-07,-1.581470265488004,0.620047181084747,0.0833908744420835,0.2386374100506793,0.48850528149722117,0.7199999999999999,0.07990384758651915,0.19053547377471197,0.43650369273891826,8.750980647173414,0.11097982536882088,9.99999999617357e-08,True,True,True,False,0.6200472678926844,0.7199999999999999,0.07990384758651915,0.0833908711262809,0.19053547377471197,0.238637360518998,0.43650369273891826,0.4885052308000376
nonlinear,0.725,True,target_reached,1e-07,-1.581470265488004,0.620047181084747,0.0833908744420835,0.2386374100506793,0.48850528149722117,0.7250000000000001,0.0797449226971299,0.18852838152220874,0.4341985508062052,8.778358775558859,0.11635850593081501,9.99999999617357e-08,True,True,True,False,0.6200472678926844,0.7250000000000001,0.0797449226971299,0.0833908711262809,0.18852838152220874,0.238637360518998,0.4341985508062052,0.4885052308000376
nonlinear,0.73,True,target_reached,1e-07,-1.581470265488004,0.620047181084747,0.0833908744420835,0.2386374100506793,0.48850528149722117,0.7299999999999999,0.07958731161752228,0.18655336990158158,0.43191824446483107,8.804319131020561,0.12172442941260228,9.99999999617357e-08,True,True,True,False,0.6200472678926844,0.7299999999999999,0.07958731161752228,0.0833908711262809,0.18655336990158158,0.238637360518998,0.43191824446483107,0.4885052308000376
nonlinear,0.735,True,target_reached,1e-07,-1.581470265488004,0.620047181084747,0.0833908744420835,0.2386374100506793,0.48850528149722117,0.7350000000000002,0.07943099481200097,0.18460975228297286,0.42966237010351843,8.828989340759616,0.12707800371076086,9.99999999617357e-08,True,True,True,False,0.6200472678926844,0.7350000000000002,0.07943099481200097,0.0833908711262809,0.18460975228297286,0.238637360518998,0.42966237010351843,0.4885052308000376
nonlinear,0.74,True,target_reached,1e-07,-1.581470265488004,0.620047181084747,0.0833908744420835,0.2386374100506793,0.48850528149722117,0.7400000000000001,0.0792759531678006,0.18269686043031763,0.42743053287091887,8.852480699180449,0.1324196225437801,9.99999999617357e-08,True,True,True,False,0.6200472678926844,0.7400000000000001,0.0792759531678006,0.0833908711262809,0.18269686043031763,0.238637360518998,0.42743053287091887,0.4885052308000376
nonlinear,0.7449999999999999,True,target_reached,1e-07,-1.581470265488004,0.620047181084747,0.0833908744420835,0.2386374100506793,0.48850528149722117,0.745,0.07912216798304032,0.18081404391015674,0.42522234643790385,8.874890837989685,0.13774966599423177,9.99999999617357e-08,True,True,True,False,0.6200472678926844,0.745,0.07912216798304032,0.0833908711262809,0.18081404391015674,0.238637360518998,0.42522234643790385,0.4885052308000376
nonlinear,0.7499999999999999,True,target_reached,1e-07,-1.581470265488004,0.620047181084747,0.0833908744420835,0.2386374100506793,0.48850528149722117,0.75,0.07896962095510365,0.17896066952257947,0.4230374327675737,8.896305872091549,0.14306850102826557,9.99999999617357e-08,True,True,True,False,0.6200472678926844,0.75,0.07896962095510365,0.0833908711262809,0.17896066952257947,0.238637360518998,0.4230374327675737,0.4885052308000376
nonlinear,0.7549999999999999,True,target_reached,1e-07,-1.581470265488004,0.620047181084747,0.0833908744420835,0.2386374100506793,0.48850528149722117,0.7549999999999999,0.07881829416942507,0.17713612075340085,0.4208754218927506,8.9168021401213,0.1483764819934429,9.99999999617357e-08,True,True,True,False,0.6200472678926844,0.7549999999999999,0.07881829416942507,0.0833908711262809,0.17713612075340085,0.238637360518998,0.4208754218927506,0.4885052308000376
nonlinear,0.7599999999999999,True,target_reached,1e-07,-1.581470265488004,0.620047181084747,0.0833908744420835,0.2386374100506793,0.48850528149722117,0.7599999999999999,0.07866817008866667,0.17533979724658588,0.41873595170057454,8.936447628168388,0.15367395109592347,9.99999999617357e-08,True,True,True,False,0.6200472678926844,0.7599999999999999,0.07866817008866667,0.0833908711262809,0.17533979724658588,0.238637360518998,0.41873595170057454,0.4885052308000376
nonlinear,0.7649999999999999,True,target_reached,1e-07,-1.581470265488004,0.620047181084747,0.0833908744420835,0.2386374100506793,0.48850528149722117,0.7649999999999999,0.07851923154226899,0.17357111429618435,0.41661866772407635,8.955303143460958,0.15896123885788266,9.99999999617357e-08,True,True,True,False,0.6200472678926844,0.7649999999999999,0.07851923154226899,0.0833908711262809,0.17357111429618435,0.238637360518998,0.41661866772407635,0.4885052308000376
nonlinear,0.7699999999999999,True,target_reached,1e-07,-1.581470265488004,0.620047181084747,0.0833908744420835,0.2386374100506793,0.48850528149722117,0.7699999999999999,0.07837146171635989,0.17182950235681385,0.41452322294030025,8.973423288923534,0.1642386645561082,9.99999999617357e-08,True,True,True,False,0.6200472678926844,0.7699999999999999,0.07837146171635989,0.0833908711262809,0.17182950235681385,0.238637360518998,0.41452322294030025,0.4885052308000376
nonlinear,0.7749999999999999,True,target_reached,1e-07,-1.581470265488004,0.620047181084747,0.0833908744420835,0.2386374100506793,0.48850528149722117,0.7749999999999998,0.07822484414400789,0.17011440657203886,0.4124492775748781,8.99085727781875,0.1695065366425659,9.99999999617357e-08,True,True,True,False,0.6200472678926844,0.7749999999999998,0.07822484414400789,0.0833908711262809,0.17011440657203886,0.238637360518998,0.4124492775748781,0.4885052308000376
nonlinear,0.7799999999999999,True,target_reached,1e-07,-1.581470265488004,0.620047181084747,0.0833908744420835,0.2386374100506793,0.48850528149722117,0.78,0.07807936269580512,0.16842528631987097,0.4103964989127843,9.007649618962859,0.17476515314775118,9.99999999617357e-08,True,True,True,False,0.6200472678926844,0.78,0.07807936269580512,0.0833908711262809,0.16842528631987097,0.238637360518998,0.4103964989127843,0.4885052308000376
nonlinear,0.7849999999999999,True,target_reached,1e-07,-1.581470265488004,0.620047181084747,0.0833908744420835,0.2386374100506793,0.48850528149722117,0.7849999999999997,0.07793500157076672,0.1667616147745617,0.40836456111489605,9.023840696432325,0.1800148020676369,9.99999999617357e-08,True,True,True,False,0.6200472678926844,0.7849999999999997,0.07793500157076672,0.0833908711262809,0.1667616147745617,0.238637360518998,0.40836456111489605,0.4885052308000376
nonlinear,0.7899999999999999,True,target_reached,1e-07,-1.581470265488004,0.620047181084747,0.0833908744420835,0.2386374100506793,0.48850528149722117,0.79,0.07779174528753478,0.16512287848422255,0.40635314504039777,9.03946726267267,0.18525576173486663,9.99999999617357e-08,True,True,True,False,0.6200472678926844,0.79,0.07779174528753478,0.0833908711262809,0.16512287848422255,0.238637360518998,0.40635314504039777,0.4885052308000376
nonlinear,0.7949999999999999,True,target_reached,1e-07,-1.581470265488004,0.620047181084747,0.0833908744420835,0.2386374100506793,0.48850528149722117,0.7950000000000002,0.077649578675874,0.16350857696351806,0.4043619380746883,9.054562860083681,0.1904883011749199,9.99999999617357e-08,True,True,True,False,0.6200472678926844,0.7950000000000002,0.077649578675874,0.0833908711262809,0.16350857696351806,0.238637360518998,0.4043619380746883,0.4885052308000376
nonlinear,0.7999999999999999,True,target_reached,1e-07,-1.581470265488004,0.620047181084747,0.0833908744420835,0.2386374100506793,0.48850528149722117,0.7999999999999998,0.07750848686844694,0.1619182223006893,0.4023906339624337,9.069158183180377,0.19571268044797316,9.99999999617357e-08,True,True,True,False,0.6200472678926844,0.7999999999999998,0.07750848686844694,0.0833908711262809,0.1619182223006893,0.238637360518998,0.4023906339624337,0.4885052308000376
nonlinear,0.8049999999999999,True,target_reached,1e-07,-1.581470265488004,0.620047181084747,0.0833908744420835,0.2386374100506793,0.48850528149722117,0.8050000000000006,0.07736845529285993,0.16035133877861796,0.4004389326459379,9.08328139110248,0.20092915097695951,9.99999999617357e-08,True,True,True,False,0.6200472678926844,0.8050000000000006,0.07736845529285993,0.0833908711262809,0.16035133877861796,0.238637360518998,0.4004389326459379,0.4885052308000376
nonlinear,0.8099999999999999,True,target_reached,1e-07,-1.581470265488004,0.620047181084747,0.0833908744420835,0.2386374100506793,0.48850528149722117,0.81,0.07722946966396686,0.1588074625091274,0.3985065401083493,9.096958378424802,0.20613795586251857,9.99999999617357e-08,True,True,True,False,0.6200472678926844,0.81,0.07722946966396686,0.0833908711262809,0.1588074625091274,0.238637360518998,0.3985065401083493,0.4885052308000376
nonlinear,0.815,True,target_reached,1e-07,-1.581470265488004,0.620047181084747,0.0833908744420835,0.2386374100506793,0.48850528149722117,0.815,0.07709151597642212,0.1572861410800515,0.39659316822160656,9.110213010770995,0.2113393301854005,9.99999999617357e-08,True,True,True,False,0.6200472678926844,0.815,0.07709151597642212,0.0833908711262809,0.1572861410800515,0.238637360518998,0.39659316822160656,0.4885052308000376
nonlinear,0.82,True,target_reached,1e-07,-1.581470265488004,0.620047181084747,0.0833908744420835,0.2386374100506793,0.48850528149722117,0.82,0.07695458049747257,0.15578693321460424,0.3946985345990079,9.123067330580307,0.21653350129682564,9.99999999617357e-08,True,True,True,False,0.6200472678926844,0.82,0.07695458049747257,0.0833908711262809,0.15578693321460424,0.238637360518998,0.3946985345990079,0.4885052308000376
nonlinear,0.825,True,target_reached,1e-07,-1.581470265488004,0.620047181084747,0.0833908744420835,0.2386374100506793,0.48850528149722117,0.8249999999999995,0.07681864975998015,0.15430940844251137,0.39282236245217933,9.135541737452261,0.2217206890973585,9.99999999617357e-08,True,True,True,False,0.6200472678926844,0.8249999999999995,0.07681864975998015,0.0833908711262809,0.15430940844251137,0.238637360518998,0.39282236245217933,0.4885052308000376
nonlinear,0.83,True,target_reached,1e-07,-1.581470265488004,0.620047181084747,0.0833908744420835,0.2386374100506793,0.48850528149722117,0.8300000000000001,0.07668371055566521,0.15285314678255357,0.3909643804524315,9.147655146746184,0.22690110630474114,9.99999999617357e-08,True,True,True,False,0.6200472678926844,0.8300000000000001,0.07668371055566521,0.0833908711262809,0.15285314678255357,0.238637360518998,0.3909643804524315,0.4885052308000376
nonlinear,0.835,True,target_reached,1e-07,-1.581470265488004,0.620047181084747,0.0833908744420835,0.2386374100506793,0.48850528149722117,0.8350000000000003,0.07654974992856302,0.1514177384358008,0.3891243225960063,9.159425129509746,0.23207495871125433,9.99999999617357e-08,True,True,True,False,0.6200472678926844,0.8350000000000003,0.07654974992856302,0.0833908711262809,0.1514177384358008,0.238637360518998,0.3891243225960063,0.4885052308000376
nonlinear,0.84,True,target_reached,1e-07,-1.581470265488004,0.620047181084747,0.0833908744420835,0.2386374100506793,0.48850528149722117,0.8399999999999997,0.07641675516868528,0.15000278348948157,0.38730192807354,9.17086803631021,0.23724244543093154,9.99999999617357e-08,True,True,True,False,0.6200472678926844,0.8399999999999997,0.07641675516868528,0.0833908711262809,0.15000278348948157,0.238637360518998,0.38730192807354,0.4885052308000376
nonlinear,0.845,True,target_reached,1e-07,-1.581470265488004,0.620047181084747,0.0833908744420835,0.2386374100506793,0.48850528149722117,0.8449999999999996,0.0762847138058792,0.14860789163077312,0.3854969411432121,9.181999107142532,0.24240375913715986,9.99999999617357e-08,True,True,True,False,0.6200472678926844,0.8449999999999996,0.0762847138058792,0.0833908711262809,0.14860789163077312,0.238637360518998,0.3854969411432121,0.4885052308000376
nonlinear,0.8499999999999999,True,target_reached,1e-07,-1.581470265488004,0.620047181084747,0.0833908744420835,0.2386374100506793,0.48850528149722117,0.8500000000000001,0.07615361360387585,0.14723268187033609,0.3837091110077217,9.192832569249791,0.24755908629099815,9.99999999617357e-08,True,True,True,False,0.6200472678926844,0.8500000000000001,0.07615361360387585,0.0833908711262809,0.14723268187033609,0.238637360518998,0.3837091110077217,0.4885052308000376
nonlinear,0.8549999999999999,True,target_reached,1e-07,-1.581470265488004,0.620047181084747,0.0833908744420835,0.2386374100506793,0.48850528149722117,0.8549999999999996,0.07602344255452352,0.14587678227511738,0.3819381916948309,9.203381724417195,0.2527086073606471,9.99999999617357e-08,True,True,True,False,0.6200472678926844,0.8549999999999996,0.07602344255452352,0.0833908711262809,0.14587678227511738,0.238637360518998,0.3819381916948309,0.4885052308000376
nonlinear,0.8599999999999999,True,target_reached,1e-07,-1.581470265488004,0.620047181084747,0.0833908744420835,0.2386374100506793,0.48850528149722117,0.8599999999999995,0.07589418887219308,0.14453982970989745,0.38018394194113125,9.213659027071676,0.2578524970325083,9.99999999617357e-08,True,True,True,False,0.6200472678926844,0.8599999999999995,0.07589418887219308,0.0833908711262809,0.14453982970989745,0.238637360518998,0.38018394194113125,0.4885052308000376
nonlinear,0.8649999999999999,True,target_reached,1e-07,-1.581470265488004,0.620047181084747,0.0833908744420835,0.2386374100506793,0.48850528149722117,0.8649999999999989,0.07576584098835885,0.14322146958777576,0.3784461250796152,9.223676154320499,0.2629909244139785,9.99999999617357e-08,True,True,True,False,0.6200472678926844,0.8649999999999989,0.07576584098835885,0.0833908711262809,0.14322146958777576,0.238637360518998,0.3784461250796152,0.4885052308000376
nonlinear,0.8699999999999999,True,target_reached,1e-07,-1.581470265488004,0.620047181084747,0.0833908744420835,0.2386374100506793,0.48850528149722117,0.8699999999999998,0.0756383875463389,0.14192135562855965,0.37672450893001325,9.233444068912394,0.2681240532285984,9.99999999617357e-08,True,True,True,False,0.6200472678926844,0.8699999999999998,0.0756383875463389,0.0833908711262809,0.14192135562855965,0.238637360518998,0.37672450893001325,0.4885052308000376
nonlinear,0.8749999999999999,True,target_reached,1e-07,-1.581470265488004,0.620047181084747,0.0833908744420835,0.2386374100506793,0.48850528149722117,0.8750000000000002,0.07551181739619489,0.14063914962540558,0.37501886569265497,9.242973075957222,0.2732520420036162,9.99999999617357e-08,True,True,True,False,0.6200472678926844,0.8750000000000002,0.07551181739619489,0.0833908711262809,0.14063914962540558,0.238637360518998,0.37501886569265497,0.4885052308000376
nonlinear,0.8799999999999999,True,target_reached,1e-07,-1.581470265488004,0.620047181084747,0.0833908744420835,0.2386374100506793,0.48850528149722117,0.88,0.07538611958978549,0.13937452121892616,0.37332897184510894,9.252272874135516,0.27837504425048,9.99999999617357e-08,True,True,True,False,0.6200472678926844,0.88,0.07538611958978549,0.0833908711262809,0.13937452121892616,0.238637360518998,0.37332897184510894,0.4885052308000376
nonlinear,0.8849999999999999,True,target_reached,1e-07,-1.581470265488004,0.620047181084747,0.0833908744420835,0.2386374100506793,0.48850528149722117,0.8849999999999992,0.075261283375961,0.13812714767854953,0.37165460804159217,9.261352602027568,0.28349320863850547,9.99999999617357e-08,True,True,True,False,0.6200472678926844,0.8849999999999992,0.075261283375961,0.0833908711262809,0.13812714767854953,0.238637360518998,0.37165460804159217,0.4885052308000376
nonlinear,0.8899999999999999,True,target_reached,1e-07,-1.581470265488004,0.620047181084747,0.0833908744420835,0.2386374100506793,0.48850528149722117,0.8899999999999995,0.07513729819590782,0.13689671369137782,0.36999555901575065,9.270220880105413,0.28860667916182764,9.99999999617357e-08,True,True,True,False,0.6200472678926844,0.8899999999999995,0.07513729819590782,0.0833908711262809,0.13689671369137782,0.238637360518998,0.36999555901575065,0.4885052308000376
nonlinear,0.8949999999999999,True,target_reached,1e-07,-1.581470265488004,0.620047181084747,0.0833908744420835,0.2386374100506793,0.48850528149722117,0.8949999999999997,0.07501415367862344,0.13568291115742712,0.36835161348557593,9.278885848872083,0.2937155953002043,9.99999999617357e-08,True,True,True,False,0.6200472678926844,0.8949999999999997,0.07501415367862344,0.0833908711262809,0.13568291115742712,0.238637360518998,0.36835161348557593,0.4885052308000376
nonlinear,0.8999999999999999,True,target_reached,1e-07,-1.581470265488004,0.620047181084747,0.0833908744420835,0.2386374100506793,0.48850528149722117,0.8999999999999988,0.07489183963652417,0.13448543899170265,0.36672256406131143,9.28735520355963,0.29882009217368866,9.99999999617357e-08,True,True,True,False,0.6200472678926844,0.8999999999999988,0.07489183963652417,0.0833908711262809,0.13448543899170265,0.238637360518998,0.36672256406131143,0.4885052308000376
nonlinear,0.9049999999999999,True,target_reached,1e-07,-1.581470265488004,0.620047181084747,0.0833908744420835,0.2386374100506793,0.48850528149722117,0.9050000000000004,0.07477034606118402,0.1333040029326755,0.36510820715600945,9.295636225752737,0.3039203006914843,9.99999999617357e-08,True,True,True,False,0.6200472678926844,0.9050000000000004,0.07477034606118402,0.0833908711262809,0.1333040029326755,0.238637360518998,0.36510820715600945,0.4885052308000376
nonlinear,0.9099999999999999,True,target_reached,1e-07,-1.581470265488004,0.620047181084747,0.0833908744420835,0.2386374100506793,0.48850528149722117,0.9100000000000001,0.07464966311919072,0.13213831535647885,0.36350834289803974,9.303735812262541,0.3090163476953563,9.99999999617357e-08,True,True,True,False,0.6200472678926844,0.9100000000000001,0.07464966311919072,0.0833908711262809,0.13213831535647885,0.238637360518998,0.36350834289803974,0.4885052308000376
nonlinear,0.9149999999999999,True,target_reached,1e-07,-1.581470265488004,0.620047181084747,0.0833908744420835,0.2386374100506793,0.48850528149722117,0.9149999999999998,0.07452978114812267,0.13098809509734075,0.3619227750464742,9.311660501527241,0.31410835609760734,9.99999999617357e-08,True,True,True,False,0.6200472678926844,0.9149999999999998,0.07452978114812267,0.0833908711262809,0.13098809509734075,0.238637360518998,0.3619227750464742,0.4885052308000376
nonlinear,0.9199999999999999,True,target_reached,1e-07,-1.581470265488004,0.620047181084747,0.0833908744420835,0.2386374100506793,0.48850528149722117,0.9199999999999983,0.07441069065264404,0.12985306727370222,0.36035131090881606,9.319416497791424,0.31919644501390754,9.99999999617357e-08,True,True,True,False,0.6200472678926844,0.9199999999999983,0.07441069065264404,0.0833908711262809,0.12985306727370222,0.238637360518998,0.36035131090881606,0.4885052308000376
nonlinear,0.9249999999999999,True,target_reached,1e-07,-1.581470265488004,0.620047181084747,0.0833908744420835,0.2386374100506793,0.48850528149722117,0.9250000000000003,0.07429238230070558,0.128732963119505,0.35879376126056733,9.327009693286907,0.32428072989132933,9.99999999617357e-08,True,True,True,False,0.6200472678926844,0.9250000000000003,0.07429238230070558,0.0833908711262809,0.128732963119505,0.238637360518998,0.35879376126056733,0.4885052308000376
nonlinear,0.9299999999999999,True,target_reached,1e-07,-1.581470265488004,0.620047181084747,0.0833908744420835,0.2386374100506793,0.48850528149722117,0.9299999999999995,0.07417484691985354,0.12762751982097834,0.3572499402672845,9.334445688606445,0.3293613226315623,9.99999999617357e-08,True,True,True,False,0.6200472678926844,0.9299999999999995,0.07417484691985354,0.0833908711262809,0.12762751982097834,0.238637360518998,0.3572499402672845,0.4885052308000376
nonlinear,0.9349999999999999,True,target_reached,1e-07,-1.581470265488004,0.620047181084747,0.0833908744420835,0.2386374100506793,0.48850528149722117,0.9349999999999996,0.07405807549364478,0.12653648035858595,0.35571966540885247,9.341729811444743,0.3344383317096106,9.99999999617357e-08,True,True,True,False,0.6200472678926844,0.9349999999999996,0.07405807549364478,0.0833908711262809,0.12653648035858595,0.238637360518998,0.35571966540885247,0.4885052308000376
nonlinear,0.94,True,target_reached,1e-07,-1.581470265488004,0.620047181084747,0.0833908744420835,0.2386374100506793,0.48850528149722117,0.9399999999999995,0.07394205915816164,0.12545959335366413,0.35420275740550655,9.348867133863381,0.3395118622881816,9.99999999617357e-08,True,True,True,False,0.6200472678926844,0.9399999999999995,0.07394205915816164,0.0833908711262809,0.12545959335366413,0.238637360518998,0.35420275740550655,0.4885052308000376
nonlinear,0.945,True,target_reached,1e-07,-1.581470265488004,0.620047181084747,0.0833908744420835,0.2386374100506793,0.48850528149722117,0.9449999999999995,0.07382678919861219,0.12439661291956257,0.35269904014550785,9.355862488217161,0.34458201632799446,9.99999999617357e-08,True,True,True,False,0.6200472678926844,0.9449999999999995,0.07382678919861219,0.0833908711262809,0.12439661291956257,0.238637360518998,0.35269904014550785,0.4885052308000376
nonlinear,0.95,True,target_reached,1e-07,-1.581470265488004,0.620047181084747,0.0833908744420835,0.2386374100506793,0.48850528149722117,0.9499999999999991,0.0737122570460446,0.12334729851812339,0.3512083406158279,9.362720481857446,0.3496488926938125,9.99999999617357e-08,True,True,True,False,0.6200472678926844,0.9499999999999991,0.0737122570460446,0.0833908711262809,0.12334729851812339,0.238637360518998,0.3512083406158279,0.4885052308000376
