Pbar,mNL,n_points,point_number,E_star,x_star,tau_star,F_residual
224.0,0.059,3,1,23.857614915562998,0.11713935032983962,0.06944038830184873,4.163336342344337e-17
224.0,0.059,3,2,32.3388566329117,0.12425425956831286,0.046691739284862956,5.551115123125783e-17
224.0,0.059,3,3,39.18968273750994,0.12803663657358513,0.0364301610280335,2.7755575615628914e-17
231.0,0.0585,3,1,20.251974828789603,0.11257418618142019,0.08640652601519298,0.0
231.0,0.0585,3,2,38.64249604028213,0.12772685671134623,0.03722278223333613,-5.551115123125783e-17
231.0,0.0585,3,3,40.64007655870837,0.12864881317211377,0.03488889397521029,2.7755575615628914e-17
232.0,0.0585,3,1,20.621150770710486,0.11309334177840873,0.0843837618585636,-1.3877787807814457e-17
232.0,0.0585,3,2,33.91777475822681,0.12518502325639544,0.04404861652495446,-2.7755575615628914e-17
232.0,0.0585,3,3,45.70491784825996,0.13067514589053264,0.030024851211386944,-5.551115123125783e-17
233.0,0.0585,3,1,21.060771101553957,0.11369192776271254,0.08208125261613461,-1.3877787807814457e-17
233.0,0.0585,3,2,31.57141121968303,0.12368625752548086,0.048342550538667206,-4.163336342344337e-17
233.0,0.0585,3,3,48.321567448077296,0.1315789795207126,0.027972979837034177,-5.551115123125783e-17
234.0,0.0585,3,1,21.614940682999496,0.11441771066914062,0.07933219035026194,1.3877787807814457e-17
234.0,0.0585,3,2,29.63376306073624,0.12229864650678231,0.052496035987120805,-2.7755575615628914e-17
234.0,0.0585,3,3,50.415559000255996,0.13224446037658735,0.026508629336675114,-8.326672684688674e-17
235.0,0.0585,3,1,22.402371158882836,0.11539756044896332,0.07569507235591476,-2.7755575615628914e-17
235.0,0.0585,3,2,27.732685329223358,0.12077968341486094,0.05723891408512829,-1.3877787807814457e-17
235.0,0.0585,3,3,52.240321993660075,0.13278722513374594,0.02534345457440802,-8.326672684688674e-17
239.0,0.058,3,1,18.489812667005882,0.10977356387800279,0.09773169285103098,2.7755575615628914e-17
239.0,0.058,3,2,37.658904388569994,0.1271913591513094,0.03861305569443895,2.7755575615628914e-17
239.0,0.058,3,3,48.235469652075885,0.13150852748603944,0.02813030964585825,2.7755575615628914e-17
240.0,0.058,3,1,18.674569182649822,0.11007787365238086,0.09646736153457619,0.0
240.0,0.058,3,2,35.4796128783397,0.1260350681393698,0.041701992370555455,2.7755575615628914e-17
240.0,0.058,3,3,50.9420833263155,0.13236417227293365,0.02624938816699668,2.7755575615628914e-17
241.0,0.058,3,1,18.87327279453309,0.11039973109598002,0.09513908120453651,1.3877787807814457e-17
241.0,0.058,3,2,33.861451737741966,0.12509539203593797,0.04429979474706192,-2.7755575615628914e-17
241.0,0.058,3,3,53.07420394339973,0.1329856521383379,0.024924019959596342,-5.551115123125783e-17
242.0,0.058,3,1,19.088769285123373,0.11074260123746354,0.09373421269092133,0.0
242.0,0.058,3,2,32.51087822622394,0.12425075355069809,0.04670184102853442,0.0
242.0,0.058,3,3,54.922524888750544,0.1334910792160186,0.023871460163672694,-2.7755575615628914e-17
243.0,0.058,3,1,19.324951400502922,0.11111119584216002,0.09223559653522126,1.3877787807814457e-17
243.0,0.058,3,2,31.316919606691254,0.12345295175221571,0.0490289270408188,0.0
243.0,0.058,3,3,56.59412261711765,0.13392394254779058,0.02298806668210256,0.0
244.0,0.058,3,1,19.58737787178658,0.11151220139242753,0.0906189215201097,-2.7755575615628914e-17
244.0,0.058,3,2,30.22044091328539,0.1226735410730272,0.05135700389444209,-4.163336342344337e-17
244.0,0.058,3,3,58.142569862865734,0.13430600109797025,0.022222193985559337,-8.326672684688674e-17
245.0,0.058,3,1,19.884454201700777,0.11195566230942616,0.08884772936147467,0.0
245.0,0.058,3,2,29.181717886430672,0.12188975389783542,0.05375260718803989,-1.3877787807814457e-17
245.0,0.058,3,3,59.59918191783892,0.13464997794331604,0.021543759215151802,-5.551115123125783e-17
246.0,0.0575,3,1,17.04640098923879,0.10711621714964635,0.1091220909928346,-4.163336342344337e-17
246.0,0.0575,3,2,40.907970883357535,0.12867060684675152,0.03483463846401187,-2.7755575615628914e-17
246.0,0.0575,3,3,50.5580655055245,0.13220679644008002,0.02659045562228715,-5.551115123125783e-17
246.0,0.058,3,1,20.22995529964561,0.11245792395832666,0.08686279697120926,1.3877787807814457e-17
246.0,0.058,3,2,28.166812270009437,0.12107704927463447,0.05629426071605516,0.0
246.0,0.058,3,3,60.98411869862445,0.1349640685566063,0.020933456210079797,-2.7755575615628914e-17
247.0,0.0575,3,1,17.152247935905553,0.10731613765155684,0.10824332062538654,-1.3877787807814457e-17
247.0,0.0575,3,2,38.681790487930805,0.12764537363890638,0.03743268662236123,0.0
247.0,0.0575,3,3,53.39249397891099,0.13303577333617425,0.024818627537649404,0.0
247.0,0.058,3,1,20.649395009457216,0.1130490310425069,0.08455547277519876,-2.7755575615628914e-17
247.0,0.058,3,2,27.13633879529502,0.12019974027137807,0.05910385425419544,1.3877787807814457e-17
247.0,0.058,3,3,62.311248234365436,0.13525391505568896,0.0203780414023746,2.7755575615628914e-17
248.0,0.0575,3,1,17.261957878212552,0.10752127189689192,0.1073453256478669,-1.3877787807814457e-17
248.0,0.0575,3,2,37.09980130860082,0.12685368910492836,0.03950282804874274,-2.7755575615628914e-17
248.0,0.0575,3,3,55.57943203355859,0.13362598448175103,0.023594357135390633,0.0
248.0,0.058,3,1,21.201306318151953,0.11379732563637168,0.08167912890541047,1.3877787807814457e-17
248.0,0.058,3,2,26.0217468034901,0.11918540647665045,0.06243754957474205,-1.3877787807814457e-17
248.0,0.058,3,3,63.590584834998126,0.135523595669907,0.019867975607734227,-2.7755575615628914e-17
249.0,0.0575,3,1,17.3759087212011,0.10773212605363948,0.10642618955591143,-1.3877787807814457e-17
249.0,0.0575,3,2,35.81833471625102,0.12616908128844545,0.041337898395639686,-8.326672684688674e-17
249.0,0.0575,3,3,57.46216704449504,0.13410339556269943,0.02262672012938324,-1.3877787807814457e-16
249.0,0.058,3,1,22.113874443164395,0.11496642468086855,0.0772848969632943,0.0
249.0,0.058,3,2,24.587342583005984,0.11776737095099367,0.0672513425411278,0.0
249.0,0.058,3,3,64.82963366626028,0.13577617029317354,0.019396126165819073,-5.551115123125783e-17
250.0,0.0575,3,1,17.494539402118807,0.10794928583691932,0.10548369755158386,1.3877787807814457e-17
250.0,0.0575,3,2,34.718509810969486,0.1255474549754693,0.04304023716806916,0.0
250.0,0.0575,3,3,59.159137658499674,0.13451151597835023,0.02181558675653371,-8.326672684688674e-17
251.0,0.0575,3,1,17.618364330204287,0.10817343507781062,0.10451526710801909,1.3877787807814457e-17
251.0,0.0575,3,2,33.74214905650793,0.12496691684424527,0.044661072835738024,0.0
251.0,0.0575,3,3,60.72800371939816,0.1348715551227223,0.021112306098354516,-8.326672684688674e-17
252.0,0.0575,3,1,17.747992487860657,0.1084053802323527,0.10351785636866212,1.3877787807814457e-17
252.0,0.0575,3,2,32.8554525749012,0.12441443495884225,0.04623139778378645,2.7755575615628914e-17
252.0,0.0575,3,3,62.20195287182198,0.13519573838185847,0.02048892272939454,8.326672684688674e-17
253.0,0.057,3,1,15.942859744650672,0.10480256849502056,0.11955043018480652,5.551115123125783e-17
253.0,0.057,3,2,44.140500835200086,0.1299556225253238,0.031710216849811845,2.7755575615628914e-17
253.0,0.057,3,3,52.54359981675811,0.13275576432827826,0.025410277806042113,8.326672684688674e-17
253.0,0.0575,3,1,17.88415316350131,0.10864608332553118,0.102487841085464,-1.3877787807814457e-17
253.0,0.0575,3,2,32.0365345411733,0.12388124250846437,0.04777262387703272,-1.3877787807814457e-17
253.0,0.0575,3,3,63.60213843320982,0.135491870450455,0.019927644213248524,-8.326672684688674e-17
254.0,0.057,3,1,16.01174748448357,0.10494793430858335,0.11888121229898026,1.3877787807814457e-17
254.0,0.057,3,2,41.71837011244769,0.12897299404642829,0.03408620014208627,0.0
254.0,0.057,3,3,55.61280762681764,0.1335966842902561,0.023654403859906387,-2.7755575615628914e-17
254.0,0.0575,3,1,18.02773134916594,0.10889670716443017,0.10142084581534734,1.3877787807814457e-17
254.0,0.0575,3,2,31.270056181232178,0.12336083576783702,0.0493012609716194,2.7755575615628914e-17
254.0,0.0575,3,3,64.94301099786647,0.13576529215825392,0.019416331392930062,8.326672684688674e-17
255.0,0.057,3,1,16.082038166707147,0.10509524052122383,0.11820497754110512,4.163336342344337e-17
255.0,0.057,3,2,40.0866914024672,0.12825449567912164,0.03587784267668872,5.551115123125783e-17
255.0,0.057,3,3,57.890705070554105,0.1341715295973909,0.022490275189577965,8.326672684688674e-17
255.0,0.0575,3,1,18.17981761893903,0.10915867889825664,0.10031150674681766,-2.7755575615628914e-17
255.0,0.0575,3,2,30.54454185773676,0.12284794339670053,0.0508313797160244,-1.3877787807814457e-17
255.0,0.0575,3,3,66.23495247224453,0.13601984761045635,0.018946272761772902,0.0
256.0,0.057,3,1,16.15381375492684,0.10524460647667801,0.11752125663034742,1.3877787807814457e-17
256.0,0.057,3,2,38.794543912307155,0.1276492311118357,0.03742273627461189,0.0
256.0,0.057,3,3,59.82812783145245,0.13463107713607478,0.02158076470936577,0.0
256.0,0.0575,3,1,18.341780414695947,0.10943378191105828,0.0991531289927371,4.163336342344337e-17
256.0,0.0575,3,2,29.85086947901838,0.12233790658377253,0.05237616750350699,2.7755575615628914e-17
256.0,0.0575,3,3,67.48571337986132,0.13625841215097673,0.018510971216763518,5.551115123125783e-17
257.0,0.057,3,1,16.227163709677512,0.10539616201365648,0.1168295398833039,-5.551115123125783e-17
257.0,0.057,3,2,37.702822782326905,0.12711048166243094,0.03882524764464931,-2.7755575615628914e-17
257.0,0.057,3,3,61.56408819305511,0.1350219156707331,0.020822010918931835,-8.326672684688674e-17
257.0,0.0575,3,1,18.51537434685428,0.10972429315991561,0.09793717468654779,1.3877787807814457e-17
257.0,0.0575,3,2,29.18131769433431,0.1218262313554786,0.05394915256324806,0.0
257.0,0.0575,3,3,68.70125736487849,0.1364832027154548,0.018105431869771964,-8.326672684688674e-17
258.0,0.057,3,1,16.302185966943256,0.1055500488192781,0.11612927200693174,0.0
258.0,0.057,3,2,36.74660297462811,0.12661633492471974,0.04013433056893613,0.0
258.0,0.057,3,3,63.163410171599864,0.13536581584380528,0.020165610923457526,-5.551115123125783e-17
258.0,0.0575,3,1,18.702909075326737,0.11003319679589325,0.09665246720837029,-1.3877787807814457e-17
258.0,0.0575,3,2,28.528871494400256,0.12130818173400153,0.05556544252148924,-1.3877787807814457e-17
258.0,0.0575,3,3,69.88628671021354,0.1366959710521933,0.01772571925893094,-2.7755575615628914e-17
259.0,0.057,3,1,16.378988085287514,0.10570642201343751,0.11541984600519868,0.0
259.0,0.057,3,2,35.88934078406037,0.1261543735338351,0.04137777920994843,0.0
259.0,0.057,3,3,64.66252685748444,0.13567503982594778,0.01958437321866618,2.7755575615628914e-17
259.0,0.0575,3,1,18.907525911063765,0.1103645331353872,0.09528389197993042,1.3877787807814457e-17
259.0,0.0575,3,2,27.88660321089362,0.1207783048088642,0.05724331185940318,1.3877787807814457e-17
259.0,0.0575,3,3,71.04458473609242,0.13689812967916612,0.017368669094496754,5.551115123125783e-17
260.0,0.0565,3,1,15.048509943897562,0.10271111836255718,0.12938671967987078,0.0
260.0,0.0565,3,2,47.74023228180175,0.13121466447802463,0.02879130735158398,8.326672684688674e-17
260.0,0.0565,3,3,53.93741574701443,0.13310861744633465,0.024665852580781633,5.551115123125783e-17
260.0,0.057,3,1,16.457688598299576,0.1058654520140447,0.11470059600807883,1.3877787807814457e-17
260.0,0.057,3,2,35.10804477104517,0.12571671255483224,0.042573318201095854,2.7755575615628914e-17
260.0,0.057,3,3,66.08430812960164,0.1359573020621351,0.019061234769929977,-2.7755575615628914e-17
260.0,0.0575,3,1,19.133679749907024,0.11072400505985257,0.09381014024525472,-1.3877787807814457e-17
260.0,0.0575,3,2,27.24695893019056,0.12022973907389754,0.05900665299558672,-1.3877787807814457e-17
260.0,0.0575,3,3,72.17924745206949,0.13709083714726344,0.017031693394343937,-5.551115123125783e-17
261.0,0.0565,3,1,15.096728838393615,0.10282294594841988,0.1288509449237581,-1.3877787807814457e-17
261.0,0.0565,3,2,44.82116191166255,0.13017021493118108,0.03120275353648522,-2.7755575615628914e-17
261.0,0.0565,3,3,57.52596376368571,0.13404488352496993,0.022744225444886877,-2.7755575615628914e-17
261.0,0.057,3,1,16.538418618855854,0.10602732674632585,0.11397078878079216,-1.3877787807814457e-17
261.0,0.057,3,2,34.38712319651141,0.12529793778702178,0.043733206734429625,-8.326672684688674e-17
261.0,0.057,3,3,67.444211615756,0.13621782875796742,0.018584665414055776,-5.551115123125783e-17
261.0,0.0575,3,1,19.388049210539105,0.11112012003483812,0.09219946267045925,-2.7755575615628914e-17
261.0,0.0575,3,2,26.60068661869738,0.11965301284471001,0.06088935863340653,-2.7755575615628914e-17
261.0,0.0575,3,3,73.29284529336161,0.13727505760373032,0.016712644535544663,-8.326672684688674e-17
262.0,0.0565,3,1,15.145522388815428,0.10293553739917945,0.1283126334381965,-1.3877787807814457e-17
262.0,0.0565,3,2,43.05603991114376,0.12948062212274156,0.032848045241968035,2.7755575615628914e-17
262.0,0.0565,3,3,59.96051542192363,0.13462552419426507,0.02159164273283134,0.0
262.0,0.057,3,1,16.621323754633707,0.10619225427687691,0.11322961360420278,-2.7755575615628914e-17
262.0,0.057,3,2,33.715408974894956,0.12489410686419057,0.044866469173418654,-4.163336342344337e-17
262.0,0.057,3,3,68.75325582376914,0.13646035414534163,0.018146447364864753,-1.1102230246251565e-16
262.0,0.0575,3,1,19.68145519090248,0.1115665905089852,0.09040074975238542,1.3877787807814457e-17
262.0,0.0575,3,2,25.934801588008742,0.11903360112253593,0.06294433876661519,-4.163336342344337e-17
262.0,0.0575,3,3,74.38753909889152,0.13745160352926286,0.016409717838862876,5.551115123125783e-17
263.0,0.0565,3,1,15.19491319191599,0.10304892863625927,0.12777163695543975,-1.3877787807814457e-17
263.0,0.0565,3,2,41.70071634811578,0.12891759510528986,0.03422270988970713,0.0
263.0,0.0565,3,3,61.985195096365835,0.13507879441626805,0.020712721257756937,-2.7755575615628914e-17
263.0,0.057,3,1,16.706566411572815,0.10636046597647188,0.11247617012809581,1.3877787807814457e-17
263.0,0.057,3,2,33.08456036280812,0.1245022105200851,0.0459800995202386,-1.3877787807814457e-17
263.0,0.057,3,3,70.01961714897524,0.1366876560541048,0.017740482891415995,-2.7755575615628914e-17
263.0,0.0575,3,1,20.033611174401766,0.11208825911115729,0.08832152978600426,-2.7755575615628914e-17
263.0,0.0575,3,2,25.227751091747418,0.11834596902024351,0.06526559413815923,1.3877787807814457e-17
263.0,0.0575,3,3,75.4651652078732,0.13762116711481584,0.016121380141313344,2.7755575615628914e-17
264.0,0.0565,3,1,15.244925139656171,0.10316315749493983,0.12722779971951376,-1.3877787807814457e-17
264.0,0.0565,3,2,40.574612878767326,0.12842555631532718,0.03544712506117932,0.0
264.0,0.0565,3,3,63.78055430587586,0.135460233857261,0.019987235222214968,-2.7755575615628914e-17
264.0,0.057,3,1,16.794328585287452,0.10653222034709059,0.11170945367868693,0.0
264.0,0.057,3,2,32.48813094384941,0.12411985755385231,0.047079768152265555,-2.7755575615628914e-17
264.0,0.057,3,3,71.24955709763033,0.13690186711953292,0.017362102272816777,-5.551115123125783e-17
264.0,0.0575,3,1,20.488465301590473,0.11274017181837746,0.08575719776252352,4.163336342344337e-17
264.0,0.0575,3,2,24.434008557570127,0.11753447509337504,0.06805904077016874,4.163336342344337e-17
264.0,0.0575,3,3,76.52729915575654,0.13778434376257243,0.015846316366865853,1.1102230246251565e-16
265.0,0.0565,3,1,15.29558352501561,0.10327826388027139,0.12668095787032796,2.7755575615628914e-17
265.0,0.0565,3,2,39.5995962613903,0.1279803770881405,0.03657347599035817,0.0
265.0,0.0565,3,3,65.4246980935833,0.13579393121692881,0.019363159340210795,2.7755575615628914e-17
265.0,0.057,3,1,16.884815272286545,0.10670780769157967,0.11092833733745021,0.0
265.0,0.057,3,2,31.920994595508667,0.12374507814530056,0.048170266256450905,2.7755575615628914e-17
265.0,0.057,3,3,72.44799390842687,0.13710466679735808,0.01700763728385906,0.0
265.0,0.0575,3,1,21.203545572514653,0.1137182071610011,0.08198089661821321,1.3877787807814457e-17
265.0,0.0575,3,2,23.394679865422777,0.11640272422171534,0.07205266938712687,1.3877787807814457e-17
265.0,0.0575,3,3,77.57530419326578,0.13794164999915073,0.015583388853277775,-2.7755575615628914e-17
266.0,0.0565,3,1,15.346915159015651,0.10339428993931159,0.12613093876361087,-1.3877787807814457e-17
266.0,0.0565,3,2,38.73344114999922,0.12756896747277888,0.03763004881679898,-8.326672684688674e-17
266.0,0.0565,3,3,66.95982211588438,0.1360929342410955,0.01881237626306662,-8.326672684688674e-17
266.0,0.057,3,1,16.97825867700133,0.1068875558638236,0.11013154988096562,-1.3877787807814457e-17
266.0,0.057,3,2,31.378971643358234,0.12337619383332386,0.04925580362077935,-1.3877787807814457e-17
266.0,0.057,3,3,73.61887219091857,0.1372974056351229,0.01667414546258134,0.0
267.0,0.0565,3,1,15.398948500434885,0.10351128025183019,0.12557756021824812,1.3877787807814457e-17
267.0,0.0565,3,2,37.95027796741654,0.1271832719363198,0.03863424732557535,2.7755575615628914e-17
267.0,0.0565,3,3,68.41176463928961,0.13636525382670514,0.018317660591046885,2.7755575615628914e-17
267.0,0.057,3,1,17.074923452707452,0.10707183742085558,0.10931764835205153,0.0
267.0,0.057,3,2,30.85857508731564,0.1230117267359419,0.05034022141069746,2.7755575615628914e-17
267.0,0.057,3,3,74.76541145798608,0.13748118889998115,0.016359224761599286,5.551115123125783e-17
268.0,0.056,3,1,14.333065068537541,0.10086884112521398,0.13837321489575083,4.163336342344337e-17
268.0,0.056,3,2,48.19897044143397,0.13132606979392053,0.028539815549645804,0.0
268.0,0.056,3,3,58.99572478736483,0.13436362381696826,0.022107809793577047,5.551115123125783e-17
268.0,0.0565,3,1,15.451713799928838,0.10362928204195425,0.1250206296813192,4.163336342344337e-17
268.0,0.0565,3,2,37.23290582808975,0.12681790612543342,0.03959771137101702,0.0
268.0,0.0565,3,3,69.79769347313974,0.13661622704856557,0.01786756128351637,5.551115123125783e-17
268.0,0.057,3,1,17.175113303179682,0.10726107861765116,0.10848498357640116,-1.3877787807814457e-17
268.0,0.057,3,2,30.356831378526266,0.12265033241994892,0.05142715535930774,-5.551115123125783e-17
268.0,0.057,3,3,75.89027874695586,0.13765693471420784,0.01606088484019258,-1.3877787807814457e-16
269.0,0.056,3,1,14.368723832197192,0.10095833582381791,0.13792969445761313,0.0
269.0,0.056,3,2,46.15872627765083,0.13061834580699863,0.030156223093698545,2.7755575615628914e-17
269.0,0.056,3,3,61.72011788497566,0.13498547346480427,0.02089218394028818,-2.7755575615628914e-17
269.0,0.0565,3,1,15.505243260549905,0.10374834541363848,0.12445994329949753,-2.7755575615628914e-17
269.0,0.0565,3,2,36.569204516254025,0.12646905254282967,0.040528706612095976,-2.7755575615628914e-17
269.0,0.0565,3,3,71.12969383058493,0.13684962124738514,0.017454012851105198,0.0
269.0,0.057,3,1,17.279179401098407,0.10745577085883956,0.10763165627594733,1.3877787807814457e-17
269.0,0.057,3,2,29.871148763639745,0.12229074690834442,0.052520171521360445,4.163336342344337e-17
269.0,0.057,3,3,76.99571185658023,0.1378254155960111,0.015777455195888,2.7755575615628914e-17
270.0,0.056,3,1,14.404634331388534,0.10104811500792459,0.1374854794940516,1.3877787807814457e-17
270.0,0.056,3,2,44.676696432676756,0.13006996124379028,0.031439321748945016,0.0
270.0,0.056,3,3,63.88655205025858,0.1354476938109505,0.02001088040229417,-2.7755575615628914e-17
270.0,0.0565,3,1,15.559571216992815,0.10386852361331668,0.12389528488364489,-2.7755575615628914e-17
270.0,0.0565,3,2,35.95025441408777,0.12613388118581395,0.041433377298656454,-2.7755575615628914e-17
270.0,0.0565,3,3,72.41664822084869,0.13706821312852158,0.01707108360385918,0.0
270.0,0.057,3,1,17.38753127101747,0.10765648547887702,0.10675546044710978,-2.7755575615628914e-17
270.0,0.057,3,2,29.39921632210423,0.12193174150861413,0.05362289003268943,0.0
270.0,0.057,3,3,78.08360942644107,0.13798728885103334,0.015507518025741093,-5.551115123125783e-17
271.0,0.056,3,1,14.440804021522904,0.10113819189730312,0.1370405115649708,4.163336342344337e-17
271.0,0.056,3,2,43.47542143503987,0.12960221967244134,0.032554857382365875,5.551115123125783e-17
271.0,0.056,3,3,65.77247653311119,0.13582896801976455,0.019298208217738075,2.7755575615628914e-17
271.0,0.0565,3,1,15.614734336291024,0.10398987332366542,0.1233264247511672,-1.3877787807814457e-17
271.0,0.0565,3,2,35.36926502372751,0.12581021890250038,0.0423164608276766,0.0
271.0,0.0565,3,3,73.66530772618796,0.13727411911196152,0.016714262251622237,-5.551115123125783e-17
271.0,0.057,3,1,17.500651075856947,0.10786389311244332,0.1058538091815468,-1.3877787807814457e-17
271.0,0.057,3,2,28.938922476083647,0.12157208074803205,0.05473910936890792,2.7755575615628914e-17
271.0,0.057,3,3,79.15559814021506,0.13814311926660833,0.01524985814587592,8.326672684688674e-17
272.0,0.056,3,1,14.477240640220518,0.10122858013963147,0.13659473056795743,-1.3877787807814457e-17
272.0,0.056,3,2,42.450589550104006,0.12918543954628461,0.03356523751297876,-2.7755575615628914e-17
272.0,0.056,3,3,67.48219258954748,0.1361589639441235,0.01869181648694244,-5.551115123125783e-17
272.0,0.0565,3,1,15.670771843170394,0.10411245499310227,0.12275311842799165,-1.3877787807814457e-17
272.0,0.0565,3,2,34.820923870304796,0.12549634814236726,0.04318172252916813,-5.551115123125783e-17
272.0,0.0565,3,3,74.88094287317804,0.1374689962522245,0.016380024415179866,-1.1102230246251565e-16
272.0,0.057,3,1,17.619112698982892,0.1080787895234418,0.10492363579044946,1.3877787807814457e-17
272.0,0.057,3,2,28.488284865353176,0.12121047929162589,0.05587294325217786,4.163336342344337e-17
272.0,0.057,3,3,80.21308376837464,0.13829339636475393,0.015003424959428788,8.326672684688674e-17
273.0,0.056,3,1,14.513952223028653,0.10131929383511838,0.1361480746379738,0.0
273.0,0.056,3,2,41.54949394751411,0.12880457385164173,0.034502054045913964,0.0
273.0,0.056,3,3,69.06839629821494,0.13645271445296017,0.0181601717376893,-2.7755575615628914e-17
273.0,0.0565,3,1,15.727725773844824,0.10423633320646958,0.12217510518877617,0.0
273.0,0.0565,3,2,34.30098026429608,0.12519087803837337,0.04403223421213324,-2.7755575615628914e-17
273.0,0.0565,3,3,76.06775961625111,0.13765417078552242,0.01606555553913452,8.326672684688674e-17
273.0,0.057,3,1,17.743607739202258,0.10830213073096007,0.10396125939005575,-1.3877787807814457e-17
273.0,0.057,3,2,28.04538496540719,0.12084555349046444,0.057028984408101724,0.0
273.0,0.057,3,3,81.25729055477116,0.13843854772788214,0.014767303113176694,1.3877787807814457e-16
274.0,0.056,3,1,14.550947120251902,0.10141034756282781,0.13570048004023408,-2.7755575615628914e-17
274.0,0.056,3,2,40.741129143530486,0.1284507401466608,0.03538393375032762,0.0
274.0,0.056,3,3,70.56208210091457,0.1367190873660609,0.017684707553509163,-2.7755575615628914e-17
274.0,0.0565,3,1,15.785641262743194,0.10436157710336512,0.12159210640999986,-1.3877787807814457e-17
274.0,0.0565,3,2,33.805968000960405,0.12489265829479314,0.04487056035626176,-4.163336342344337e-17
274.0,0.0565,3,3,77.22917635121526,0.1378307238235534,0.015768566346179062,-8.326672684688674e-17
274.0,0.057,3,1,17.874981734693296,0.10853508187196152,0.10296219799332851,-4.163336342344337e-17
274.0,0.057,3,2,27.60830104001121,0.12047576208044718,0.05821251443417085,-4.163336342344337e-17
274.0,0.057,3,3,82.2892920398388,0.1385789494372775,0.014540689536459634,-1.1102230246251565e-16
275.0,0.0555,3,1,13.678847658829358,0.09904398238652946,0.14757216638437212,1.3877787807814457e-17
275.0,0.0555,3,2,52.263832817367174,0.13255413895357618,0.025840621898424714,0.0
275.0,0.0555,3,3,59.65042522232328,0.13448092436466094,0.021875873844044717,2.7755575615628914e-17
275.0,0.056,3,1,14.588234014993922,0.10150175640885915,0.13525188105564262,-1.3877787807814457e-17
275.0,0.056,3,2,40.005440683024794,0.12811817183199006,0.036222958103358086,-2.7755575615628914e-17
275.0,0.056,3,3,71.98329310225336,0.1369638341551734,0.017253404843375807,0.0
275.0,0.0565,3,1,15.844566867515582,0.10448826085181144,0.1210038237057652,-1.3877787807814457e-17
275.0,0.0565,3,2,33.3330141758654,0.12460071960808772,0.04569888714504834,-4.163336342344337e-17
275.0,0.0565,3,3,78.36801477441867,0.1379995504589225,0.015487165667263322,2.7755575615628914e-17
275.0,0.057,3,1,18.014285987500628,0.10877908698370702,0.10192090168408048,-4.163336342344337e-17
275.0,0.057,3,2,27.175031888561307,0.12009932811912873,0.05942978882001131,-4.163336342344337e-17
275.0,0.057,3,3,83.31003548843779,0.13871493435381213,0.014322875245883812,-8.326672684688674e-17
276.0,0.0555,3,1,13.705872387497225,0.09911707920283656,0.14719800076697923,1.3877787807814457e-17
276.0,0.0555,3,2,49.56173067243863,0.13172885474176654,0.027639753937852885,-5.551115123125783e-17
276.0,0.0555,3,3,63.04677229692195,0.13523670892040954,0.0204108039558385,-2.7755575615628914e-17
276.0,0.056,3,1,14.625821942516879,0.10159353599654368,0.13480220985815294,1.3877787807814457e-17
276.0,0.056,3,2,39.328580751536485,0.12780287103281196,0.03702749770635244,0.0
276.0,0.056,3,3,73.34586543792459,0.13719093703173904,0.01685795754723548,8.326672684688674e-17
276.0,0.0565,3,1,15.904554938721398,0.10461646418646516,0.12040993681022116,2.7755575615628914e-17
276.0,0.0565,3,2,32.87970348656781,0.12431423117470262,0.04651911476718644,1.3877787807814457e-17
276.0,0.0565,3,3,79.48663521107397,0.13816140171909697,0.015219770256877862,8.326672684688674e-17
276.0,0.057,3,1,18.16285404008502,0.10903597179428089,0.10083035973450291,-1.3877787807814457e-17
276.0,0.057,3,2,26.743400788542672,0.11971412955099671,0.060688444412665125,-1.3877787807814457e-17
276.0,0.057,3,3,84.32036147054092,0.13884679876210318,0.014113230761604076,-1.3877787807814457e-16
277.0,0.0555,3,1,13.732999068877032,0.09919023018811607,0.14682403334546065,1.3877787807814457e-17
277.0,0.0555,3,2,47.84298358350465,0.13116291117125808,0.028908513083092575,-2.7755575615628914e-17
277.0,0.0555,3,3,65.46015395321335,0.13573309285320304,0.019476200560165798,-8.326672684688674e-17
277.0,0.056,3,1,14.663720311038743,0.10168570251884189,0.13435139638330634,-2.7755575615628914e-17
277.0,0.056,3,2,38.70051714711907,0.12750192886804823,0.03780364137165174,-2.7755575615628914e-17
277.0,0.056,3,3,74.65981928176252,0.13740328864525325,0.016492343679816616,-5.551115123125783e-17
277.0,0.0565,3,1,15.965662041902347,0.10474627302242799,0.11981010116323118,-2.7755575615628914e-17
277.0,0.0565,3,2,32.443979472956556,0.12403246955778907,0.047332925375158916,-5.551115123125783e-17
277.0,0.0565,3,3,80.58703495254701,0.13831691508583704,0.014965039247918218,-1.3877787807814457e-16
277.0,0.057,3,1,18.322418785645073,0.10930810083741609,0.0996815003290428,-1.3877787807814457e-17
277.0,0.057,3,2,26.310922527161594,0.11931753670633331,0.06199811150194987,-4.163336342344337e-17
277.0,0.057,3,3,85.32101971898673,0.13897480775678914,0.013911194297200585,-2.7755575615628914e-17
278.0,0.0555,3,1,13.760230304255218,0.0992634408156658,0.14645023724893397,0.0
278.0,0.0555,3,2,46.50956855135927,0.13069944706821518,0.02996873305218679,-2.7755575615628914e-17
278.0,0.0555,3,3,67.48858797574819,0.13612693182769384,0.01875025365579178,0.0
278.0,0.056,3,1,14.701938924101025,0.10177827277314312,0.1338993681871375,1.3877787807814457e-17
278.0,0.056,3,2,38.11370937590089,0.12721314862434602,0.03855598778085811,-2.7755575615628914e-17
278.0,0.056,3,3,75.93268272752194,0.13760306887444487,0.016152033812604584,-2.7755575615628914e-17
278.0,0.0565,3,1,16.027949441358743,0.1048777801580316,0.11920394514685702,-2.7755575615628914e-17
278.0,0.0565,3,2,32.024071043274695,0.12375479530667262,0.048141834507413175,-2.7755575615628914e-17
278.0,0.0565,3,3,81.67092124626514,0.13846663717290617,0.01472182549216674,-5.551115123125783e-17
278.0,0.057,3,1,18.495300065258206,0.10959862865677643,0.09846223120446546,-1.3877787807814457e-17
278.0,0.057,3,2,25.87460284036576,0.11890615668920014,0.06337138283370444,-1.3877787807814457e-17
278.0,0.057,3,3,86.3126820930239,0.13909919965022569,0.013716262105499642,-1.942890293094024e-16
279.0,0.0555,3,1,13.787568756866461,0.0993367166471369,0.1460765852996348,1.3877787807814457e-17
279.0,0.0555,3,2,45.39779692958978,0.13029537742542566,0.030908662055341946,0.0
279.0,0.0555,3,3,69.2957577575057,0.13646130525489042,0.018144739101355434,0.0
279.0,0.056,3,1,14.740488004652335,0.10187126419868857,0.1334460502945646,1.3877787807814457e-17
279.0,0.056,3,2,37.56232197066449,0.12693482156112681,0.039288116150214006,2.7755575615628914e-17
279.0,0.056,3,3,77.17027844592214,0.13779196898476917,0.01583352055924562,2.7755575615628914e-17
279.0,0.0565,3,1,16.09148365696331,0.10501108608284693,0.11859106690895535,2.7755575615628914e-17
279.0,0.0565,3,2,31.61843672716744,0.1234806349824572,0.04894723106423801,4.163336342344337e-17
279.0,0.0565,3,3,82.73976648556493,0.1386110408924232,0.014489138759978858,5.551115123125783e-17
279.0,0.057,3,1,18.68472252306571,0.10991192460967314,0.09715581799182225,0.0
279.0,0.057,3,2,25.430609868675642,0.11847540493571686,0.0648254432267516,-1.3877787807814457e-17
279.0,0.057,3,3,87.29595326701234,0.13922018961045635,0.013527980518794365,2.7755575615628914e-17
280.0,0.0555,3,1,13.815017154359978,0.09941006333675695,0.14570304999460582,2.7755575615628914e-17
280.0,0.0555,3,2,44.4343180869941,0.12993133213494243,0.03176791611214248,-2.7755575615628914e-17
280.0,0.0555,3,3,70.95500863472427,0.13675557755525883,0.017620065315663305,0.0
280.0,0.056,3,1,14.77937822101298,0.10196469491687044,0.13299136503624462,0.0
280.0,0.056,3,2,37.04173053377366,0.12666558595712343,0.040002881944023426,0.0
280.0,0.056,3,3,78.37721761547107,0.13797133254153796,0.015534023024453454,-2.7755575615628914e-17
280.0,0.0565,3,1,16.156337107887364,0.10514629991079776,0.11797103069596637,1.3877787807814457e-17
280.0,0.0565,3,2,31.225721613397706,0.12320946701622625,0.049750409264419156,-1.3877787807814457e-17
280.0,0.0565,3,3,83.79485062796796,0.13875053866351292,0.01426611745001734,-8.326672684688674e-17
280.0,0.057,3,1,18.895394392861135,0.11025434485716772,0.09573793847771084,1.3877787807814457e-17
280.0,0.057,3,2,24.973686487754108,0.11801873019753538,0.0663850219254227,1.3877787807814457e-17
280.0,0.057,3,3,88.27137961297775,0.13933797268759954,0.013345939334229225,8.326672684688674e-17
281.0,0.0555,3,1,13.84257829138294,0.09948348663573793,0.14532960348664922,0.0
281.0,0.0555,3,2,43.5787674902673,0.12959661670759862,0.03256833799050845,-2.7755575615628914e-17
281.0,0.0555,3,3,72.50669980134775,0.13702043743476727,0.017154414356992807,-2.7755575615628914e-17
281.0,0.056,3,1,14.818620714900637,0.10205858377468013,0.13253523187280322,0.0
281.0,0.056,3,2,36.54819751876798,0.12640433446829072,0.04070261111488273,-2.7755575615628914e-17
281.0,0.056,3,3,79.55722411256411,0.13814224800852795,0.015251292738755475,0.0
281.0,0.0565,3,1,16.222588860328635,0.10528354046284448,0.11734336259901872,0.0
281.0,0.0565,3,2,30.8447235229464,0.12294081031422083,0.05055259496470276,-1.3877787807814457e-17
281.0,0.0565,3,3,84.83729427407452,0.13888549272441109,0.014052006522877735,0.0
281.0,0.057,3,1,19.134667960417705,0.11063577701206213,0.09417079121752799,0.0
281.0,0.057,3,2,24.49598241058546,0.11752606735788408,0.06808828952225211,-1.3877787807814457e-17
281.0,0.057,3,3,89.2394566358313,0.1394527263497818,0.013169766277034428,-8.326672684688674e-17
282.0,0.0555,3,1,13.87025503228825,0.09955699239688048,0.14495621756449242,-1.3877787807814457e-17
282.0,0.0555,3,2,42.806138715609976,0.1292845833343603,0.033323488338549784,-2.7755575615628914e-17
282.0,0.0555,3,3,73.9758322944312,0.13726252681889733,0.016734250810301762,0.0
282.0,0.056,3,1,14.858227131721204,0.1021529503916162,0.13207756720518676,-1.3877787807814457e-17
282.0,0.056,3,2,36.078651515493945,0.12615015097091647,0.041389232453731904,0.0
282.0,0.056,3,3,80.71335519578449,0.1383056118579297,0.014983481497308593,-1.1102230246251565e-16
282.0,0.0565,3,1,16.29032550043433,0.10542293752955467,0.1167075455945645,-2.7755575615628914e-17
282.0,0.0565,3,2,30.474366002973856,0.12267421483921877,0.05135496805517182,1.3877787807814457e-17
282.0,0.0565,3,3,85.8680848004016,0.13901622328848268,0.01384614006428798,2.7755575615628914e-17
282.0,0.057,3,1,19.415206600966773,0.11107318251396998,0.09238959098587576,-1.3877787807814457e-17
282.0,0.057,3,2,23.984380884269772,0.11698029291722169,0.07000036717247277,1.3877787807814457e-17
282.0,0.057,3,3,90.20063523882261,0.13956461262237893,0.012999122334832863,-1.3877787807814457e-16
283.0,0.055,3,1,13.128810090108649,0.09738260364744965,0.15620445013628861,-2.7755575615628914e-17
283.0,0.055,3,2,53.59035941036236,0.13289338126177366,0.025118626619666615,0.0
283.0,0.055,3,3,63.64181692673895,0.13532713104992303,0.020238923570589786,2.7755575615628914e-17
283.0,0.0555,3,1,13.898050313973874,0.09963058657938566,0.14458286363212147,0.0
283.0,0.0555,3,2,42.09968078996566,0.12899076333096773,0.03404247224208671,8.326672684688674e-17
283.0,0.0555,3,3,75.37915164979056,0.1374863084031601,0.016350495249620695,8.326672684688674e-17
283.0,0.056,3,1,14.898209653350966,0.10224781521039607,0.13161828416976196,-1.3877787807814457e-17
283.0,0.056,3,2,35.630532330869244,0.1259022661639727,0.0420643705906736,-2.7755575615628914e-17
283.0,0.056,3,3,81.84815639208706,0.13846217291725352,0.014729048563218763,2.7755575615628914e-17
283.0,0.0565,3,1,16.359642158900257,0.10556463335141242,0.11606301373126025,-2.7755575615628914e-17
283.0,0.0565,3,2,30.11367641406065,0.12240925360361514,0.052158682212112666,-4.163336342344337e-17
283.0,0.0565,3,3,86.8880972472742,0.13914301507080026,0.0136479273445916,-1.1102230246251565e-16
283.0,0.057,3,1,19.762567269351486,0.11160064477607416,0.09026428129081619,-1.3877787807814457e-17
283.0,0.057,3,2,23.412910887067394,0.11634717503060861,0.07225161803511808,-1.3877787807814457e-17
283.0,0.057,3,3,91.15532703607232,0.1396737799038558,0.012833697801498374,2.7755575615628914e-17
284.0,0.055,3,1,13.149892093325148,0.09744346982890267,0.1558838686082019,1.3877787807814457e-17
284.0,0.055,3,2,51.35968615091747,0.1322449885279601,0.026507482804914606,0.0
284.0,0.055,3,3,66.57450042138959,0.13591822189919112,0.019133242678621473,0.0
284.0,0.0555,3,1,13.925967148861787,0.09970427525388768,0.1442095126872283,-1.3877787807814457e-17
284.0,0.0555,3,2,41.44752984961514,0.1287119803241367,0.0347317550448547,-2.7755575615628914e-17
284.0,0.0555,3,3,76.72851624015875,0.13769495246183203,0.01599670843866333,-8.326672684688674e-17
284.0,0.056,3,1,14.938581033664406,0.10234319955185772,0.13115729241661023,0.0
284.0,0.056,3,2,35.20167938502256,0.125660025531301,0.042729413088771075,-5.551115123125783e-17
284.0,0.056,3,3,82.96377306485863,0.13861256435221184,0.014486693794702377,-2.7755575615628914e-17
284.0,0.0565,3,1,16.430643720590087,0.1057087843644896,0.11540914527655688,1.3877787807814457e-17
284.0,0.0565,3,2,29.76176784738857,0.12214551564552661,0.052964883014415994,2.7755575615628914e-17
284.0,0.0565,3,3,87.89811119175873,0.13926612256633733,0.01345684155500026,-2.7755575615628914e-17
284.0,0.057,3,1,20.247408400359948,0.11231194119216927,0.08743740764080125,-4.163336342344337e-17
284.0,0.057,3,2,22.710534697245933,0.11553279995038514,0.07519977737923615,-4.163336342344337e-17
284.0,0.057,3,3,92.1039088831263,0.13978036451601442,0.012673208903249905,-8.326672684688674e-17
285.0,0.055,3,1,13.171008097797184,0.09750428639108306,0.15556387732767837,-1.3877787807814457e-17
285.0,0.055,3,2,49.78992548619849,0.13175924216129606,0.027572435355143813,-1.1102230246251565e-16
285.0,0.055,3,3,68.84671186991848,0.13634670982766842,0.01835113981950004,-1.3877787807814457e-16
285.0,0.0555,3,1,13.954008628025695,0.09977806460772236,0.14383613529870767,1.3877787807814457e-17
285.0,0.0555,3,2,40.84092420274727,0.12844587970856944,0.03539612517930269,2.7755575615628914e-17
285.0,0.0555,3,3,78.0326822092244,0.1378908073856462,0.015668128521808083,2.7755575615628914e-17
285.0,0.056,3,1,14.979354637092928,0.10243912567448456,0.13069449786927953,-1.3877787807814457e-17
285.0,0.056,3,2,34.790249488374194,0.12542286569382066,0.04338555996581394,5.551115123125783e-17
285.0,0.056,3,3,84.06203259801957,0.13875732725495657,0.014255308362836975,1.3877787807814457e-16
285.0,0.0565,3,1,16.50344626151402,0.10585556327190086,0.11474525458638142,-1.3877787807814457e-17
285.0,0.0565,3,2,29.417823926278235,0.1218825996474819,0.05377472526200613,-1.3877787807814457e-17
285.0,0.0565,3,3,88.89882450888331,0.1393857743597933,0.013272410618744642,-5.551115123125783e-17
286.0,0.055,3,1,13.192159135340598,0.09756505610539173,0.15524446093051583,0.0
286.0,0.055,3,2,48.53372546076338,0.13135134846566368,0.028482903805245933,0.0
286.0,0.055,3,3,70.80579974423038,0.13669738573516232,0.017723208040948606,5.551115123125783e-17
286.0,0.0555,3,1,13.9821779244757,0.09985196095044364,0.14346270158315658,-4.163336342344337e-17
286.0,0.0555,3,2,40.2731784777053,0.12819065786461145,0.03603924787976564,0.0
286.0,0.0555,3,3,79.29832931983633,0.1380756704585903,0.015361117333720453,2.7755575615628914e-17
286.0,0.056,3,1,15.020544480534532,0.10253561683903917,0.13022980246404853,-2.7755575615628914e-17
286.0,0.056,3,2,34.39465506917675,0.1251902966054609,0.04403386098799872,-2.7755575615628914e-17
286.0,0.056,3,3,85.14450612630957,0.13889692838348447,0.014033937717901847,-8.326672684688674e-17
286.0,0.0565,3,1,16.578178767425474,0.1060051615184126,0.1140705823949588,0.0
286.0,0.0565,3,2,29.081085765126126,0.1216201079116394,0.054589390247536874,0.0
286.0,0.0565,3,3,89.89086469384726,0.1395021766757372,0.013094209628831918,2.7755575615628914e-17
287.0,0.055,3,1,13.213346251183827,0.09762578175450354,0.15492560405383515,-5.551115123125783e-17
287.0,0.055,3,2,47.470078546262876,0.1309916659683159,0.02929802937156944,-8.326672684688674e-17
287.0,0.055,3,3,72.5727680968499,0.136999888287906,0.017190318746635035,-5.551115123125783e-17
287.0,0.0555,3,1,14.0104782966114,0.0999259707196082,0.1430891811802906,1.3877787807814457e-17
287.0,0.0555,3,2,39.73905618680123,0.1279448963270113,0.0366640040641736,2.7755575615628914e-17
287.0,0.0555,3,3,80.53068838648072,0.13825095368333445,0.015072821541532045,5.551115123125783e-17
287.0,0.056,3,1,15.062165278976805,0.10263269737885566,0.12976310386649342,-5.551115123125783e-17
287.0,0.056,3,2,34.01351695992454,0.12496188791153177,0.044675244262757895,-9.71445146547012e-17
287.0,0.056,3,3,86.21255570300369,0.13903177373294506,0.013821753279281082,-1.3877787807814457e-16
287.0,0.0565,3,1,16.65498520424059,0.10615779226823134,0.11338428413319629,1.3877787807814457e-17
287.0,0.0565,3,2,28.750840508090878,0.12135764043397829,0.05541010371114122,-2.7755575615628914e-17
287.0,0.0565,3,3,90.87479825266058,0.13961551632660038,0.012921854574201903,-2.7755575615628914e-17
288.0,0.055,3,1,13.23457050441369,0.09768646613330328,0.15460729133136697,-5.551115123125783e-17
288.0,0.055,3,2,46.53980542369757,0.13066565013472745,0.030046793808630044,-2.7755575615628914e-17
288.0,0.055,3,3,74.20679277797068,0.13726875920274526,0.016723502843504823,0.0
288.0,0.0555,3,1,14.038913091852182,0.10000010048683992,0.14271554322723043,-1.3877787807814457e-17
288.0,0.0555,3,2,39.23436656027145,0.12770745508966272,0.03727270822940797,0.0
288.0,0.0555,3,3,81.73394443744253,0.13841779047039757,0.01480095477452254,2.7755575615628914e-17
288.0,0.056,3,1,15.104232495240442,0.10273039277640823,0.1292942951628878,1.3877787807814457e-17
288.0,0.056,3,2,33.64562775605917,0.12473725833083077,0.04531053851895762,2.7755575615628914e-17
288.0,0.056,3,3,87.26737089120873,0.1391622190769389,0.013618030463178965,8.326672684688674e-17
288.0,0.0565,3,1,16.734027032100812,0.10631369401668722,0.11268541576398136,2.7755575615628914e-17
288.0,0.0565,3,2,28.4264109683762,0.12109478882641982,0.05623815524806427,1.3877787807814457e-17
288.0,0.0565,3,3,91.85113854854923,0.1397259631788432,0.01275499709610463,8.326672684688674e-17
289.0,0.055,3,1,13.255832968434456,0.09774711204983992,0.15428950738867703,1.3877787807814457e-17
289.0,0.055,3,2,45.70874173237062,0.13036487639193137,0.030745963184718242,-2.7755575615628914e-17
289.0,0.055,3,3,75.74203468578648,0.13751242022282106,0.016306006970292115,5.551115123125783e-17
289.0,0.0555,3,1,14.067485750458172,0.10007435696419847,0.14234175633155896,0.0
289.0,0.0555,3,2,38.75569487385607,0.1274774011449396,0.03786725429768374,2.7755575615628914e-17
289.0,0.0555,3,3,82.9115063831549,0.13857710709241702,0.014543651804014537,2.7755575615628914e-17
289.0,0.056,3,1,15.146762394305458,0.10282872974685524,0.12882326452362647,1.3877787807814457e-17
289.0,0.056,3,2,33.289922988291536,0.12451606727269315,0.04594049072852313,-2.7755575615628914e-17
289.0,0.056,3,3,88.30999753696723,0.13928857826689575,0.013422131396900103,-1.942890293094024e-16
289.0,0.0565,3,1,16.815486284548687,0.10647313500859444,0.11197291645821782,1.3877787807814457e-17
289.0,0.0565,3,2,28.107145947804362,0.12083112982120105,0.05707492004456554,-1.3877787807814457e-17
289.0,0.0565,3,3,92.82035240295833,0.13983367223019427,0.012593320075480474,1.1102230246251565e-16
290.0,0.055,3,1,13.277134731441215,0.09780772232630162,0.15397223683831962,-1.3877787807814457e-17
290.0,0.055,3,2,44.95506191925534,0.1300839446390413,0.031406271573244424,2.7755575615628914e-17
290.0,0.055,3,3,77.20031591640648,0.13773626860604637,0.01592710981037938,5.551115123125783e-17
290.0,0.0555,3,1,14.096199809552603,0.10014874701086686,0.14196778854308637,-1.3877787807814457e-17
290.0,0.0555,3,2,38.30021595177492,0.1272539589981465,0.03844921655083665,-5.551115123125783e-17
290.0,0.0555,3,3,84.06619350895609,0.13872967216298512,0.014299367636671194,-8.326672684688674e-17
290.0,0.056,3,1,15.18977210274558,0.10292773632935638,0.12834989483547946,-1.3877787807814457e-17
290.0,0.056,3,2,32.94545816107743,0.12429800813148097,0.046565780238553366,1.3877787807814457e-17
290.0,0.056,3,3,89.34136067110725,0.13941112984624215,0.013233491153823372,-5.551115123125783e-17
290.0,0.0565,3,1,16.899569375553273,0.10663641869457469,0.1112455872066228,2.7755575615628914e-17
290.0,0.0565,3,2,27.79241084105692,0.12056621805376587,0.05792188400234187,4.163336342344337e-17
290.0,0.0565,3,3,93.78286568404468,0.13993878537040946,0.012436533896074332,1.6653345369377348e-16
291.0,0.0545,3,1,12.635576228175626,0.09578660397315997,0.16472809038068031,2.7755575615628914e-17
291.0,0.0545,3,2,55.56555691713667,0.1333913976945789,0.02407725092102363,8.326672684688674e-17
291.0,0.0545,3,3,66.90907944267083,0.135949081179195,0.01907637104136432,1.3877787807814457e-16
291.0,0.055,3,1,13.298476896908342,0.09786829980001364,0.1536554642749121,1.3877787807814457e-17
291.0,0.055,3,2,44.26382799415441,0.12981914623702168,0.03203508236534245,0.0
291.0,0.055,3,3,78.59657100796417,0.13794401013431443,0.01557946078348587,-5.551115123125783e-17
291.0,0.0555,3,1,14.125058907360124,0.100223277640183,0.14159360732422127,1.3877787807814457e-17
291.0,0.0555,3,2,37.86556150775292,0.12703647542007224,0.039019921480433845,-5.551115123125783e-17
291.0,0.0555,3,3,85.2003681295842,0.1388761318770386,0.014066805693376308,-2.7755575615628914e-17
291.0,0.056,3,1,15.233279673865928,0.10302744198706221,0.12787406329907064,0.0
291.0,0.056,3,2,32.611390257632145,0.12408280285727191,0.04718703025551933,1.3877787807814457e-17
291.0,0.056,3,3,90.36228293884527,0.13953012237969847,0.013051606671076545,1.3877787807814457e-16
291.0,0.0565,3,1,16.986511855422645,0.10680389053922174,0.11050206413936409,0.0
291.0,0.0565,3,2,27.48157812039112,0.12029957775327914,0.05878067360152155,1.3877787807814457e-17
291.0,0.0565,3,3,94.73906806580845,0.1400414328825674,0.0122843732611536,0.0
292.0,0.0545,3,1,12.652328075613708,0.09583797290731379,0.16445022153196165,1.3877787807814457e-17
292.0,0.0545,3,2,53.491471793723235,0.13282547398753727,0.025262331927261038,-2.7755575615628914e-17
292.0,0.0545,3,3,69.69118696865654,0.13646716394508637,0.018134218231072415,-2.7755575615628914e-17
292.0,0.055,3,1,13.319860584092861,0.09792884732445695,0.15333917427013632,1.3877787807814457e-17
292.0,0.055,3,2,43.624290163329746,0.12956780303134952,0.03263770712557838,-2.7755575615628914e-17
292.0,0.055,3,3,79.94154630624473,0.1381383200897927,0.01525776119434474,-2.7755575615628914e-17
292.0,0.0555,3,1,14.154066787674132,0.10029795602703469,0.14121917951886928,-5.551115123125783e-17
292.0,0.0555,3,2,37.44972347963966,0.1268243937278031,0.03958050018478353,-8.326672684688674e-17
292.0,0.0555,3,3,86.31603224985187,0.1390170357226257,0.01384486544270437,-2.7755575615628914e-17
292.0,0.056,3,1,15.277304159224817,0.10312787771680644,0.12739564098745226,-1.3877787807814457e-17
292.0,0.056,3,2,32.28696268917451,0.12387019750914492,0.04780481729779004,-1.3877787807814457e-17
292.0,0.056,3,3,91.37349957878538,0.1396457787902752,0.012876027737808448,-1.6653345369377348e-16
292.0,0.0565,3,1,17.07658442042306,0.1069759466135915,0.10974078486191509,2.7755575615628914e-17
292.0,0.0565,3,2,27.174017250716922,0.12003069286301714,0.05965309229074204,1.3877787807814457e-17
292.0,0.0565,3,3,95.68931710316312,0.14014173473016378,0.012136594466935687,-8.326672684688674e-17
293.0,0.0545,3,1,12.669081326344218,0.09588924462019165,0.16417311247179334,1.3877787807814457e-17
293.0,0.0545,3,2,51.978315901516446,0.1323884940062174,0.026196874121359404,2.7755575615628914e-17
293.0,0.0545,3,3,71.91282253242682,0.1368563937631563,0.01744208500051362,-2.7755575615628914e-17
293.0,0.055,3,1,13.34128692855442,0.09798936777031252,0.1530233513676482,1.3877787807814457e-17
293.0,0.055,3,2,43.02841123637322,0.12932790554731932,0.033218127090699455,-2.7755575615628914e-17
293.0,0.055,3,3,81.24327555705823,0.1383212050585512,0.01495804273843731,-2.7755575615628914e-17
293.0,0.0555,3,1,14.183227304570421,0.10037278951564749,0.14084447131973524,5.551115123125783e-17
293.0,0.0555,3,2,37.050982105483,0.12661723462151017,0.040131927388287914,-2.7755575615628914e-17
293.0,0.0555,3,3,87.41489948362428,0.13915285563630767,0.013632603413649998,-8.326672684688674e-17
293.0,0.056,3,1,15.321865687318208,0.10322907616967882,0.12691449236105626,1.3877787807814457e-17
293.0,0.056,3,2,31.971492930653127,0.1236599585729447,0.04841967907485204,1.3877787807814457e-17
293.0,0.056,3,3,92.3756707082793,0.1397582999209119,0.012706349600397564,8.326672684688674e-17
293.0,0.0565,3,1,17.17010060355147,0.10715304457796175,0.10895994543747053,1.3877787807814457e-17
293.0,0.0565,3,2,26.869083491421872,0.11975899494847624,0.06054116585145399,5.551115123125783e-17
293.0,0.0565,3,3,96.63394173910568,0.14023980166621883,0.011992973055241734,8.326672684688674e-17
294.0,0.0545,3,1,12.685836454323468,0.09594042082290831,0.1638967526345147,0.0
294.0,0.0545,3,2,50.750810583659835,0.13201778736722933,0.02700298892081024,-2.7755575615628914e-17
294.0,0.0545,3,3,73.84926201213635,0.13717943928969764,0.016877868037408494,0.0
294.0,0.055,3,1,13.362757082691902,0.09804986402653006,0.15270798007789899,-1.3877787807814457e-17
294.0,0.055,3,2,42.46999835781332,0.12909789981184075,0.033779418039811014,-5.551115123125783e-17
294.0,0.055,3,3,82.50794817386391,0.13849421610767199,0.014677242636404717,0.0
294.0,0.0555,3,1,14.212544427381374,0.10044778562778572,0.14046944823394888,2.7755575615628914e-17
294.0,0.0555,3,2,36.66785142200708,0.12641458164229674,0.04067505103652028,0.0
294.0,0.0555,3,3,88.49844955013899,0.13928400053708612,0.013429203634331872,1.1102230246251565e-16
294.0,0.056,3,1,15.36698555031798,0.10333107178382427,0.12643047473363042,-1.3877787807814457e-17
294.0,0.056,3,2,31.664362273685583,0.1234518698791593,0.04903212113935149,-1.3877787807814457e-17
294.0,0.056,3,3,93.36939148351364,0.13986786748377672,0.012542206843869521,-5.551115123125783e-17
294.0,0.0565,3,1,17.26742675715645,0.10733571791982584,0.10815744463393048,-1.3877787807814457e-17
294.0,0.0565,3,2,26.566104880662806,0.11948384799903922,0.06144720018087404,0.0
294.0,0.0565,3,3,97.57324533757532,0.1403357361935929,0.011853301782949738,0.0
295.0,0.0545,3,1,12.702593935219571,0.09599150321952114,0.16362113152612565,-1.3877787807814457e-17
295.0,0.0545,3,2,49.70391764028508,0.13168935813572755,0.02772737517554335,-2.7755575615628914e-17
295.0,0.0545,3,3,75.60554084655924,0.13746029474037527,0.016394876558712627,-2.7755575615628914e-17
295.0,0.055,3,1,13.384272216297806,0.09811033900142384,0.15239304487285704,1.3877787807814457e-17
295.0,0.055,3,2,41.94416203128828,0.12887655435462403,0.03432401521404192,-2.7755575615628914e-17
295.0,0.055,3,3,83.74045021281495,0.1386585817829465,0.01441293871907873,-5.551115123125783e-17
295.0,0.0555,3,1,14.24202224595193,0.10052295207140377,0.14009407504685942,0.0
295.0,0.0555,3,2,36.29903729410564,0.12621606995692608,0.04121061511018956,0.0
295.0,0.0555,3,3,89.56797023902509,0.1394108275330024,0.013233954853639969,-5.551115123125783e-17
295.0,0.056,3,1,15.41268629989191,0.10343390093102219,0.1259434376829335,-2.7755575615628914e-17
295.0,0.056,3,2,31.365007263699784,0.12324572999536337,0.049642622577211845,-2.7755575615628914e-17
295.0,0.056,3,3,94.35520056632774,0.13997464652122116,0.012383268290487056,8.326672684688674e-17
295.0,0.0565,3,1,17.368995218279874,0.10752459470780605,0.10733081050710382,-1.3877787807814457e-17
295.0,0.0565,3,2,26.26436643534471,0.11920452883881699,0.0623738564725692,0.0
295.0,0.0565,3,3,98.50750831791042,0.14042963340020878,0.011717388857602661,-2.7755575615628914e-17
296.0,0.0545,3,1,12.719354246507963,0.0960424935073495,0.163346238722261,-2.7755575615628914e-17
296.0,0.0545,3,2,48.78420265971253,0.1313909581795835,0.028393841756622604,0.0
296.0,0.0545,3,3,77.23509070356684,0.137711206535712,0.015969309723387216,8.326672684688674e-17
296.0,0.055,3,1,13.405833517130787,0.09817079562379578,0.15207853018063014,4.163336342344337e-17
296.0,0.055,3,2,41.446963269419925,0.12866287334371165,0.034853886243323605,2.7755575615628914e-17
296.0,0.055,3,3,84.94471722208704,0.13881529497219813,0.01416317650551432,-5.551115123125783e-17
296.0,0.0555,3,1,14.271664976193748,0.10059829674977054,0.13971831578390687,1.3877787807814457e-17
296.0,0.0555,3,2,35.943404627649116,0.1260213775829606,0.04173927746772963,2.7755575615628914e-17
296.0,0.0555,3,3,90.62459019172249,0.1395336506868506,0.013046232736205872,-1.1102230246251565e-16
296.0,0.056,3,1,15.45899185328703,0.10353760207882834,0.12545322239905332,2.7755575615628914e-17
296.0,0.056,3,2,31.07291248810946,0.12304134999607817,0.0502516409421048,0.0
296.0,0.056,3,3,95.3335872297284,0.14007878747375507,0.012229232716383563,-1.3877787807814457e-16
296.0,0.0565,3,1,17.475321987194953,0.10772042274258735,0.10647710196779879,4.163336342344337e-17
296.0,0.0565,3,2,25.963090174334386,0.11892020124620177,0.06332425118837123,6.938893903907228e-17
296.0,0.0565,3,3,99.43699045287445,0.14052158168854148,0.011585056397817076,2.7755575615628914e-17
297.0,0.0545,3,1,12.736117867568243,0.09609339337729417,0.1630720638661781,-2.7755575615628914e-17
297.0,0.0545,3,2,47.96010542898507,0.13111532902819997,0.029016482449552208,-5.551115123125783e-17
297.0,0.0545,3,3,78.769469069273,0.13793943144193432,0.01558708174055362,-1.1102230246251565e-16
297.0,0.055,3,1,13.427442191507678,0.09823123684408878,0.1517644203799745,0.0
297.0,0.055,3,2,40.97517464168647,0.12845603768126357,0.03537064834453629,2.7755575615628914e-17
297.0,0.055,3,3,86.12397319319109,0.13896517180832266,0.013926352009776837,2.7755575615628914e-17
297.0,0.0555,3,1,14.301476965961065,0.10067382777110685,0.13934213367040518,-1.3877787807814457e-17
297.0,0.0555,3,2,35.59995142551183,0.12583021843414371,0.04226162398209193,0.0
297.0,0.0555,3,3,91.66930483935624,0.13965274796113747,0.012865485765260276,8.326672684688674e-17
297.0,0.056,3,1,15.505927611048213,0.10364221597035005,0.12495966096204957,4.163336342344337e-17
297.0,0.056,3,2,30.787604456372726,0.12283855153387385,0.05085961659722163,4.163336342344337e-17
297.0,0.056,3,3,96.30499735989855,0.14018042792914795,0.01207982523157613,-5.551115123125783e-17
297.0,0.0565,3,1,17.58703095986781,0.10792410398757268,0.10559277406779585,1.3877787807814457e-17
297.0,0.0565,3,2,25.66140887327172,0.11862988088351467,0.06430209212059536,5.551115123125783e-17
297.0,0.0565,3,3,100.36193288116597,0.1406116634152936,0.011456139084515558,1.942890293094024e-16
298.0,0.0545,3,1,12.752885279782394,0.09614420451415633,0.16279859666675764,-1.3877787807814457e-17
298.0,0.0545,3,2,47.21115776279299,0.13085774732373665,0.029604458562216367,-2.7755575615628914e-17
298.0,0.0545,3,3,80.22914141879326,0.13814969111940667,0.015239039263014427,-2.7755575615628914e-17
298.0,0.055,3,1,13.449099464915815,0.098291665635571,0.1514506997946854,-1.3877787807814457e-17
298.0,0.055,3,2,40.526113296428775,0.1282553637861677,0.03587565028299773,0.0
298.0,0.055,3,3,87.28089753813546,0.13910889288547248,0.013701129784515128,-2.7755575615628914e-17
298.0,0.0555,3,1,14.331462701270272,0.10074955345877036,0.13896549108909753,0.0
298.0,0.0555,3,2,35.2677880199251,0.12564233674389616,0.04277817987364061,2.7755575615628914e-17
298.0,0.0555,3,3,92.70299716394531,0.1397683667843799,0.012691223951630772,-5.551115123125783e-17
298.0,0.056,3,1,15.553520587962248,0.10374778582405292,0.12446257553932243,2.7755575615628914e-17
298.0,0.056,3,2,30.508646368281774,0.12263716515118091,0.0514669765952199,-1.3877787807814457e-17
298.0,0.056,3,3,97.26983855674249,0.14027969411078933,0.011934794202092317,-2.7755575615628914e-17
298.0,0.0565,3,1,17.704887941652924,0.1081367428339655,0.10467348920923451,0.0
298.0,0.0565,3,2,25.35833028160109,0.11833238646888032,0.06531186836810651,2.7755575615628914e-17
298.0,0.0565,3,3,101.2825598764759,0.1406999554544163,0.011330482974906748,-2.7755575615628914e-17
299.0,0.054,3,1,12.1898677518186,0.09424854346915035,0.1731565379333478,0.0
299.0,0.054,3,2,58.03193017833356,0.13398147964425688,0.02287189823296488,0.0
299.0,0.054,3,3,69.61712768218244,0.13642089340898955,0.018217392657834387,-2.7755575615628914e-17
299.0,0.0545,3,1,12.769656966634155,0.09619492859695578,0.1625258268965211,5.551115123125783e-17
299.0,0.0545,3,2,46.52319918013009,0.130614934146862,0.030164122990375453,5.551115123125783e-17
299.0,0.0545,3,3,81.62826553927054,0.1383452627965418,0.014918837323210072,8.326672684688674e-17
299.0,0.055,3,1,13.47080658264584,0.09835208499555186,0.15113735268787204,-2.7755575615628914e-17
299.0,0.055,3,2,40.097521128770204,0.1280602739741913,0.03637003123893806,-8.326672684688674e-17
299.0,0.055,3,3,88.4177449206602,0.13924703287766912,0.013486384059679312,-1.1102230246251565e-16
299.0,0.0555,3,1,14.361626812888053,0.10082548236202661,0.13858834953532354,-1.3877787807814457e-17
299.0,0.0555,3,2,34.94612027350998,0.12545750254633936,0.04328941889286782,0.0
299.0,0.0555,3,3,93.72645449057214,0.13988072855928999,0.01252300969531918,-8.326672684688674e-17
299.0,0.056,3,1,15.601799559080904,0.10385435755639177,0.12396177749152112,0.0
299.0,0.056,3,2,30.235633608844125,0.1224370287840112,0.05207413820345437,0.0
299.0,0.056,3,3,98.22848449277227,0.14037670215131565,0.01179390861828424,-1.3877787807814457e-16
299.0,0.0565,3,1,17.8298497300503,0.10835971565611802,0.10371384515269111,0.0
299.0,0.0565,3,2,25.052686479060448,0.11802626972355205,0.0663591233742872,-4.163336342344337e-17
299.0,0.0565,3,3,102.19908040803257,0.14078652969441516,0.011207944455887528,-1.3877787807814457e-16
300.0,0.054,3,1,12.203388412939178,0.09429239070159066,0.17291334676299827,2.7755575615628914e-17
300.0,0.054,3,2,55.944881585175594,0.1334520770733649,0.02395187422157489,2.7755575615628914e-17
300.0,0.054,3,3,72.41697914825816,0.13690993772454188,0.017347926155226324,8.326672684688674e-17
300.0,0.0545,3,1,12.78643341380974,0.09624556729924894,0.16225374438966086,-2.7755575615628914e-17
300.0,0.0545,3,2,45.88595667862337,0.13038450251825912,0.030700095658837287,-5.551115123125783e-17
300.0,0.0545,3,3,82.97711175523213,0.1385285317679568,0.01462186389350211,0.0
300.0,0.055,3,1,13.492564810447087,0.09841249794663322,0.15082436325609444,1.3877787807814457e-17
300.0,0.055,3,2,39.687476791241146,0.12787027467929327,0.03685476406624278,-2.7755575615628914e-17
300.0,0.055,3,3,89.53643324474407,0.1393800823162198,0.013281155489116209,-8.326672684688674e-17
300.0,0.0555,3,1,14.39197408331577,0.1009016232674521,0.13821066956961275,-1.3877787807814457e-17
300.0,0.0555,3,2,34.63423586054951,0.12527550797879153,0.043795770834104915,-2.7755575615628914e-17
300.0,0.0555,3,3,94.74038219891119,0.13999003234885532,0.012360450318666807,5.551115123125783e-17
300.0,0.056,3,1,15.65079522299117,0.10396198003053254,0.12345706637391522,-9.71445146547012e-17
300.0,0.056,3,2,29.968189840194476,0.12223798641761476,0.0526815121640648,-6.938893903907228e-17
300.0,0.056,3,3,99.18127865771572,0.1404715591882116,0.011656955832831602,-8.326672684688674e-17
300.0,0.0565,3,1,17.96313729804108,0.10859477437970226,0.10270697013553373,1.3877787807814457e-17
300.0,0.0565,3,2,24.74305931093013,0.11770971136298745,0.06745086073479385,1.3877787807814457e-17
300.0,0.0565,3,3,103.11168952180707,0.14087145347908275,0.011088389317387771,-2.220446049250313e-16
301.0,0.054,3,1,12.216895266383606,0.09433612166046741,0.17267097070088136,4.163336342344337e-17
301.0,0.054,3,2,54.41785583681879,0.1330429705008243,0.024803512023823804,8.326672684688674e-17
301.0,0.054,3,3,74.65726542928884,0.13727879567525267,0.01670620184798724,1.3877787807814457e-16
301.0,0.0545,3,1,12.80321510930051,0.09629612228944813,0.1619823390400762,1.3877787807814457e-17
301.0,0.0545,3,2,45.29170092715356,0.1301646502073812,0.03121586117369944,0.0
301.0,0.0545,3,3,84.28340673565718,0.13870129858537975,0.014344642235383261,2.7755575615628914e-17
301.0,0.055,3,1,13.514375435205594,0.09847290753799577,0.15051171562336743,1.3877787807814457e-17
301.0,0.055,3,2,39.2943297869664,0.12768494011832002,0.03733068772102851,-2.7755575615628914e-17
301.0,0.055,3,3,90.63860956052946,0.13950846392371566,0.013084618727476084,-1.3877787807814457e-16
301.0,0.0555,3,1,14.422509454199172,0.10097798521101381,0.13783241076751893,2.7755575615628914e-17
301.0,0.0555,3,2,34.331492965748815,0.12509616422949152,0.04429762773936365,0.0
301.0,0.0555,3,3,95.74541501685313,0.1400964579165168,0.01220319191215751,2.7755575615628914e-17
301.0,0.056,3,1,15.700540384877598,0.10407070533499622,0.1229482288178922,0.0
301.0,0.056,3,2,29.705963585646813,0.12203988686072638,0.05328950576573666,-2.7755575615628914e-17
301.0,0.056,3,3,100.1285375911944,0.1405643643109,0.011523739606956874,-2.7755575615628914e-17
301.0,0.0565,3,1,18.10634928621657,0.10884420687332182,0.10164389603049269,1.3877787807814457e-17
301.0,0.0565,3,2,24.427665669353935,0.1173803603133826,0.06859617186151515,2.7755575615628914e-17
301.0,0.0565,3,3,104.02056956685925,0.14095478999933272,0.01097169192931166,5.551115123125783e-17
302.0,0.054,3,1,12.230388582125144,0.09437973760384293,0.1724294014256549,1.3877787807814457e-17
302.0,0.054,3,2,53.17766381036623,0.1326960646585784,0.02553732269467402,0.0
302.0,0.054,3,3,76.6111732074446,0.13758556126239305,0.01618171481995557,0.0
302.0,0.0545,3,1,12.82000254350625,0.0963465952311387,0.16171160079943112,1.3877787807814457e-17
302.0,0.0545,3,2,44.734446030722275,0.12995397654989527,0.031714125034429164,-2.7755575615628914e-17
302.0,0.0545,3,3,85.55313372879819,0.1388649622398701,0.014084474688845711,-1.1102230246251565e-16
302.0,0.055,3,1,13.53623976564666,0.0985333168467243,0.15019939383501307,-1.3877787807814457e-17
302.0,0.055,3,2,38.916650233719096,0.12750389982259025,0.03779853200008723,-8.326672684688674e-17
302.0,0.055,3,3,91.72570029936209,0.13963254508110332,0.012896057697411388,-1.942890293094024e-16
302.0,0.0555,3,1,14.453238034195468,0.10105457749087769,0.13745353166648483,4.163336342344337e-17
302.0,0.0555,3,2,34.03731089976114,0.12491929899727046,0.04479534906381441,-1.3877787807814457e-17
302.0,0.0555,3,3,96.74212639690805,0.14020016825366913,0.012050914221566698,-8.326672684688674e-17
302.0,0.056,3,1,15.751070162374912,0.10418058909673511,0.12243503727452759,-2.7755575615628914e-17
302.0,0.056,3,2,29.448625220081755,0.12184258260999192,0.05389852579494881,0.0
302.0,0.056,3,3,101.07055368628222,0.14065520938321882,0.011394078415096681,0.0
302.0,0.0565,3,1,18.26164669161594,0.10911109759175859,0.10051254000170465,-1.3877787807814457e-17
302.0,0.0565,3,2,24.104171712182055,0.11703507271899617,0.06980725505924591,-5.551115123125783e-17
302.0,0.0565,3,3,104.92589128745347,0.14103659864260962,0.01085773450829559,-2.7755575615628914e-17
303.0,0.054,3,1,12.243868629166196,0.09442323977926975,0.17218863069718773,0.0
303.0,0.054,3,2,52.11930540472724,0.1323889527596623,0.026195884113349013,0.0
303.0,0.054,3,3,78.38370016177444,0.13785264001733907,0.01573189327829372,8.326672684688674e-17
303.0,0.0545,3,1,12.836796209340843,0.09639698778339828,0.16144151967521275,-2.7755575615628914e-17
303.0,0.0545,3,2,44.209446192632704,0.12975136707042947,0.03219703788245362,-5.551115123125783e-17
303.0,0.0545,3,3,86.79103589969219,0.13902063553873373,0.013839218425243487,-5.551115123125783e-17
303.0,0.055,3,1,13.558159133062405,0.0985937289791719,0.14988738185136213,-2.7755575615628914e-17
303.0,0.055,3,2,38.553189976525495,0.12732682897271144,0.038258936707006044,-2.7755575615628914e-17
303.0,0.055,3,3,92.79895016025459,0.13975264749148547,0.012714846429262105,-5.551115123125783e-17
303.0,0.0555,3,1,14.484165107333164,0.10113140968100132,0.13707398970950632,-1.3877787807814457e-17
303.0,0.0555,3,2,33.7511622487557,0.12474475436120201,0.04528926601056783,-2.7755575615628914e-17
303.0,0.0555,3,3,97.73103635807567,0.14030131169639892,0.01190332636901634,-8.326672684688674e-17
303.0,0.056,3,1,15.80242221776447,0.10429169083398789,0.12191724859883055,-1.3877787807814457e-17
303.0,0.056,3,2,29.195864295664816,0.12164592877975,0.05450898142862759,-2.7755575615628914e-17
303.0,0.056,3,3,102.00759763138937,0.1407441797607674,0.011267803967490423,-8.326672684688674e-17
303.0,0.0565,3,1,18.432072174778288,0.1093997775534258,0.0992959469530404,-1.3877787807814457e-17
303.0,0.0565,3,2,23.76937258036559,0.1166694616522068,0.07110117373194379,0.0
303.0,0.0565,3,3,105.82781479841556,0.141116935305359,0.01074640646261493,-2.7755575615628914e-17
304.0,0.054,3,1,12.257335675571712,0.09446662942397947,0.1719486503551856,-1.3877787807814457e-17
304.0,0.054,3,2,51.189187169997304,0.13211015936928128,0.026800980028735197,-2.7755575615628914e-17
304.0,0.054,3,3,80.0284373385874,0.1380915061302868,0.01533495950899037,0.0
304.0,0.0545,3,1,12.853596602339337,0.09644730160111652,0.16117208572880018,4.163336342344337e-17
304.0,0.0545,3,2,43.71286487032651,0.1295559175411894,0.032666343028647404,0.0
304.0,0.0545,3,3,88.00094717401367,0.13916922104656979,0.013607137921255476,0.0
304.0,0.055,3,1,13.580134892065637,0.09865414707236615,0.14957566354129345,-1.3877787807814457e-17
304.0,0.055,3,2,38.202852067774046,0.12715344080241567,0.03871246670730202,2.7755575615628914e-17
304.0,0.055,3,3,93.85945262882363,0.13986905477486114,0.01254043401189898,5.551115123125783e-17
304.0,0.0555,3,1,14.515296141902684,0.10120849164557222,0.1366937411853486,2.7755575615628914e-17
304.0,0.0555,3,2,33.47256626234586,0.12457238498137506,0.045779685195326436,-1.3877787807814457e-17
304.0,0.0555,3,3,98.71261808882774,0.14040002371025637,0.011760163247614834,2.7755575615628914e-17
304.0,0.056,3,1,15.854637020731957,0.10440407435524862,0.12139460244931076,0.0
304.0,0.056,3,2,28.947387143394998,0.1214497820748478,0.05512128712682176,1.3877787807814457e-17
304.0,0.056,3,3,102.93992054575926,0.1408313549191014,0.01114475991744793,0.0
304.0,0.0565,3,1,18.622147264800603,0.10971666470195118,0.09796900819941286,5.551115123125783e-17
304.0,0.0565,3,2,23.418594319266205,0.11627705647171553,0.07250313829778231,4.163336342344337e-17
304.0,0.0565,3,3,106.72649045856775,0.1411958526732235,0.01063760380532079,3.885780586188048e-16
305.0,0.054,3,1,12.270789988502743,0.09450990776506961,0.1717094523178341,0.0
305.0,0.054,3,2,50.3555917961121,0.13185287027239465,0.02736553295539498,-2.7755575615628914e-17
305.0,0.054,3,3,81.57709966256873,0.1383089725824644,0.014977996981740195,0.0
305.0,0.0545,3,1,12.870404220766218,0.09649753833531333,0.16090328907354973,1.3877787807814457e-17
305.0,0.0545,3,2,43.24154928483208,0.12936688215226547,0.033123477090343995,0.0
305.0,0.0545,3,3,89.18601772832187,0.13931146291462684,0.013386804323325188,-2.7755575615628914e-17
305.0,0.055,3,1,13.602168421371736,0.09871457429545938,0.14926422267559744,2.7755575615628914e-17
305.0,0.055,3,2,37.86466651672815,0.12698348055422937,0.0391596239015818,0.0
305.0,0.055,3,3,94.90817422680007,0.13998201851098804,0.012372332625724016,8.326672684688674e-17
305.0,0.0555,3,1,14.546636799918709,0.1012858335543555,0.1363127411650516,0.0
305.0,0.0555,3,2,33.20108324917074,0.12440205656919222,0.046266891766313385,1.3877787807814457e-17
305.0,0.0555,3,3,99.68730354186825,0.14049642840459034,0.011621182464547427,-1.6653345369377348e-16
305.0,0.056,3,1,15.907758146731187,0.10451780821193057,0.12086681947253779,2.7755575615628914e-17
305.0,0.056,3,2,28.70291469985946,0.12125399978572983,0.05573586558312002,4.163336342344337e-17
305.0,0.056,3,3,103.86775585415528,0.14091680900596373,0.011024800725884562,5.551115123125783e-17
305.0,0.0565,3,1,18.839115263336808,0.1100720102138396,0.09649164488697694,1.3877787807814457e-17
305.0,0.0565,3,2,23.04445019027331,0.11584755626295844,0.07405332329556107,2.7755575615628914e-17
305.0,0.0565,3,3,107.62205965491688,0.14127340047294953,0.010531228627139361,-1.1102230246251565e-16
306.0,0.054,3,1,12.284231834249596,0.09455307601968771,0.1714710285804655,4.163336342344337e-17
306.0,0.054,3,2,49.59792141352194,0.13161264519210644,0.027897955202121114,2.7755575615628914e-17
306.0,0.054,3,3,83.05028263587535,0.1385094784275412,0.014652599322268306,1.1102230246251565e-16
306.0,0.0545,3,1,12.887219565726403,0.09654769963346112,0.16063511987287366,-4.163336342344337e-17
306.0,0.0545,3,2,42.79287199396634,0.129183637046696,0.03356964075965266,0.0
306.0,0.0545,3,3,90.3488724165521,0.13944798334540162,0.013177024680800517,-2.7755575615628914e-17
306.0,0.055,3,1,13.62426112460937,0.09877501385122538,0.14895304292015973,2.7755575615628914e-17
306.0,0.055,3,2,37.53777080471915,0.12681672061599197,0.03960085685458626,2.7755575615628914e-17
306.0,0.055,3,3,95.94597399582923,0.14009176310135,0.012210107919979915,2.7755575615628914e-17
306.0,0.0555,3,1,14.578192947201662,0.10136344589902786,0.1359309434344087,-1.3877787807814457e-17
306.0,0.0555,3,2,32.93630979846734,0.1242336445786355,0.04675115207834299,-2.7755575615628914e-17
306.0,0.0555,3,3,100.65548820228935,0.14059063982493256,0.011486161734051377,-2.7755575615628914e-17
306.0,0.056,3,1,15.961832617005726,0.10463296621380823,0.12033359923634682,-1.3877787807814457e-17
306.0,0.056,3,2,28.46218051535193,0.12105843878577116,0.05635315079190154,-4.163336342344337e-17
306.0,0.056,3,3,104.79132093852942,0.14100061132849107,0.010907790660390233,-2.7755575615628914e-17
306.0,0.0565,3,1,19.095962510585714,0.11048413673081776,0.09479226983447021,1.3877787807814457e-17
306.0,0.0565,3,2,22.633818698826556,0.11536259137870981,0.0758234060174759,1.3877787807814457e-17
306.0,0.0565,3,3,108.51465550846035,0.14134962569942136,0.010427188621878743,8.326672684688674e-17
307.0,0.0535,3,1,11.784384620398065,0.09276217644234973,0.1815015053702142,0.0
307.0,0.0535,3,2,61.03887232148767,0.13465320148507987,0.02153745108004153,-8.326672684688674e-17
307.0,0.0535,3,3,71.72203576385947,0.13675921514309028,0.01761362782949081,-8.326672684688674e-17
307.0,0.054,3,1,12.297661478264878,0.09459613539521274,0.17123337121424628,4.163336342344337e-17
307.0,0.054,3,2,48.901911743463565,0.13138639869087704,0.028404086619010414,0.0
307.0,0.054,3,3,84.46224818763525,0.13869610789021777,0.014352932566124648,0.0
307.0,0.0545,3,1,12.904043141277391,0.09659778713980581,0.16036756833833443,1.3877787807814457e-17
307.0,0.0545,3,2,42.36461666842927,0.12900565399343294,0.03400584987150206,5.551115123125783e-17
307.0,0.0545,3,3,91.49172499361705,0.1395793089193357,0.012976790879345411,8.326672684688674e-17
307.0,0.055,3,1,13.646414431161855,0.0988354689776046,0.1486421078289501,1.3877787807814457e-17
307.0,0.055,3,2,37.22139407053742,0.12665295656772688,0.04003656861791998,0.0
307.0,0.055,3,3,96.97361931104999,0.14019848972072455,0.012053371196571556,8.326672684688674e-17
307.0,0.0555,3,1,14.609970664126246,0.10144133951057259,0.1355483004221165,-1.3877787807814457e-17
307.0,0.0555,3,2,32.67787468337046,0.12406703307988863,0.04723271599965272,-2.7755575615628914e-17
307.0,0.0555,3,3,101.61753517332914,0.14068276306196228,0.011354896641976992,-5.551115123125783e-17
307.0,0.056,3,1,16.016911287574068,0.10474962801820044,0.11979461786783718,1.3877787807814457e-17
307.0,0.056,3,2,28.224928904555558,0.12086295451076878,0.05697359129521737,0.0
307.0,0.056,3,3,105.71081859816591,0.14108282678452227,0.010793602909880618,0.0
307.0,0.0565,3,1,19.420877715328807,0.11099268549710917,0.09271611359453755,2.7755575615628914e-17
307.0,0.0565,3,2,22.158383627456576,0.11478247609669191,0.07796824087564276,1.3877787807814457e-17
307.0,0.0565,3,3,109.40440351091193,0.1414245728207597,0.010325396658108218,2.220446049250313e-16
308.0,0.0535,3,1,11.795444725614095,0.09279996623433012,0.1812869077383919,1.3877787807814457e-17
308.0,0.0535,3,2,58.76044341852839,0.13412104685244344,0.022591332124777555,-2.7755575615628914e-17
308.0,0.0535,3,3,74.71715170968939,0.1372570278369653,0.01674373686664224,-2.7755575615628914e-17
308.0,0.054,3,1,12.31107918519641,0.09463908708943432,0.17099647236488413,-1.3877787807814457e-17
308.0,0.054,3,2,48.257206607368175,0.13117188296303953,0.0288881776042103,0.0
308.0,0.054,3,3,85.82335016431976,0.1388711075735151,0.014074752152793355,0.0
308.0,0.0545,3,1,12.92087545454327,0.0966478024956889,0.16010062472774572,1.3877787807814457e-17
308.0,0.0545,3,2,41.95489388252889,0.1288324809514327,0.03443297308578377,0.0
308.0,0.0545,3,3,92.61646232437697,0.13970589003038578,0.012785241960258263,-8.326672684688674e-17
308.0,0.055,3,1,13.668629797040126,0.09889594294930028,0.14833140083681234,-1.3877787807814457e-17
308.0,0.055,3,2,36.91484415603598,0.1264920039386918,0.040467123144312625,-2.7755575615628914e-17
308.0,0.055,3,3,97.99179883442679,0.1403023795585199,0.011901773002571493,0.0
308.0,0.0555,3,1,14.641976257093363,0.10151952557782584,0.13516476312322295,0.0
308.0,0.0555,3,2,32.42543533046054,0.12390211378436244,0.04771181891454708,0.0
308.0,0.0555,3,3,102.57377869516895,0.14077289520791922,0.011227198719239771,1.1102230246251565e-16
308.0,0.056,3,1,16.073049296039528,0.10486787980618101,0.1192495253430232,-2.7755575615628914e-17
308.0,0.056,3,2,27.99091320455558,0.12066739989965593,0.05759765367832909,-1.3877787807814457e-17
308.0,0.056,3,3,106.62643834467148,0.14116351624565718,0.010682118798953186,-1.942890293094024e-16
308.0,0.0565,3,1,19.90800299841359,0.11172954976330618,0.08974864335939059,0.0
308.0,0.0565,3,2,21.52388241639491,0.11397527502998302,0.08100244088340905,1.3877787807814457e-17
308.0,0.0565,3,3,110.29142210042801,0.14149828396402395,0.01022577039172585,0.0
309.0,0.0535,3,1,11.80648456480389,0.09283763536265056,0.1810731216537363,2.7755575615628914e-17
309.0,0.0535,3,2,57.14386407945519,0.13372172172814575,0.02339868881030027,0.0
309.0,0.0535,3,3,77.05086835349174,0.13762212491011921,0.016119758698527983,2.7755575615628914e-17
309.0,0.054,3,1,12.32448521892012,0.09468193229072992,0.17076032425135262,1.3877787807814457e-17
309.0,0.054,3,2,47.656009348900284,0.13096739986637698,0.029353436180998775,2.7755575615628914e-17
309.0,0.054,3,3,87.14138290748033,0.13903617442700453,0.013814855849457188,-2.7755575615628914e-17
309.0,0.0545,3,1,12.937717015831325,0.09669774733987253,0.15983427934326858,1.3877787807814457e-17
309.0,0.0545,3,2,41.56207781644726,0.12866372743996501,0.03485176023708206,0.0
309.0,0.0545,3,3,93.724707681074,0.1398281155153752,0.012601635772207095,8.326672684688674e-17
309.0,0.055,3,1,13.690908705789584,0.09895643907942885,0.1480209052520349,0.0
309.0,0.055,3,2,36.61749690495226,0.12633369552447302,0.040892850591695604,-2.7755575615628914e-17
309.0,0.055,3,3,99.00113321483829,0.14040359650001474,0.01175499783313082,-8.326672684688674e-17
309.0,0.0555,3,1,14.67421627078465,0.10159801566726762,0.13478028101749398,0.0
309.0,0.0555,3,2,32.17867476243463,0.12373878519612064,0.04818868347281457,0.0
309.0,0.0555,3,3,103.52452718981968,0.14086112618537003,0.011102893773595912,8.326672684688674e-17
309.0,0.056,3,1,16.130306577048646,0.1049878150620397,0.11869794236324693,2.7755575615628914e-17
309.0,0.056,3,2,27.75989410715644,0.1204716242737736,0.05822582639214787,4.163336342344337e-17
309.0,0.056,3,3,107.5383575540189,0.1412427368985078,0.010573227088582089,-1.1102230246251565e-16
310.0,0.0535,3,1,11.817504330106312,0.09287518486361324,0.1808601400279688,0.0
310.0,0.0535,3,2,55.84637653287902,0.1333870602841549,0.024086225481097033,-2.7755575615628914e-17
310.0,0.0535,3,3,79.0659412262246,0.13792267115145446,0.01561499412774647,0.0
310.0,0.054,3,1,12.337879842572224,0.0947246721782382,0.1705249191646447,1.3877787807814457e-17
310.0,0.054,3,2,47.092278905188515,0.13077162901738343,0.0298023544381243,2.7755575615628914e-17
310.0,0.054,3,3,88.42238518230286,0.13919262765135806,0.01357075731149011,8.326672684688674e-17
310.0,0.0545,3,1,12.954568338750168,0.09674762330886451,0.15956852252951892,-1.3877787807814457e-17
310.0,0.0545,3,2,41.184757858881405,0.12849905333719536,0.03526286403016048,0.0
310.0,0.0545,3,3,94.81786914038354,0.1399463238550703,0.012425327277213424,-8.326672684688674e-17
310.0,0.055,3,1,13.713252669431663,0.09901696072122616,0.14771060424870036,1.3877787807814457e-17
310.0,0.055,3,2,36.328787254431006,0.1261778791501209,0.04131405174351456,-2.7755575615628914e-17
310.0,0.055,3,3,100.00218399542857,0.14050228936150064,0.011612759718389635,-2.7755575615628914e-17
310.0,0.0555,3,1,14.706697501266703,0.1016768217441646,0.13439480198225898,4.163336342344337e-17
310.0,0.0555,3,2,31.937298938280634,0.12357695186936306,0.04866352112741755,2.7755575615628914e-17
310.0,0.0555,3,3,104.47006590766425,0.140947539468567,0.010981820438668327,-5.551115123125783e-17
310.0,0.056,3,1,16.188748459683588,0.10510953547589108,0.11813945673879316,0.0
310.0,0.056,3,2,27.531638033463718,0.12027547212935319,0.058858623993448655,-2.7755575615628914e-17
310.0,0.056,3,3,108.4467424943888,0.1413205425495906,0.010466823351853546,-8.326672684688674e-17
311.0,0.0535,3,1,11.828504212215767,0.09291261576322905,0.18064795584880514,0.0
311.0,0.0535,3,2,54.746165357767524,0.13309275079065577,0.02469908932129948,-2.7755575615628914e-17
311.0,0.0535,3,3,80.88418352621402,0.13818297726249448,0.01518430106621813,-2.7755575615628914e-17
311.0,0.054,3,1,12.35126331858214,0.09476730792203232,0.17029024946653076,0.0
311.0,0.054,3,2,46.56122371578645,0.13058351942363491,0.030236914226741112,0.0
311.0,0.054,3,3,89.67114626842904,0.13934151706578976,0.013340480386345136,2.7755575615628914e-17
311.0,0.0545,3,1,12.971429940330415,0.09679743203724604,0.15930334467167193,-1.3877787807814457e-17
311.0,0.0545,3,2,40.82170103919368,0.1283381601730657,0.03566685689591074,0.0
311.0,0.0545,3,3,95.89717715096779,0.1400608118809579,0.012255751696179854,-2.7755575615628914e-17
311.0,0.055,3,1,13.735663229442743,0.09907751126981434,0.1474004808587913,2.7755575615628914e-17
311.0,0.055,3,2,36.048201765900735,0.1260244157917779,0.0417310017190943,2.7755575615628914e-17
311.0,0.055,3,3,100.99546108157108,0.14059859376687214,0.011474798520582728,5.551115123125783e-17
311.0,0.0555,3,1,14.73942701001633,0.10175595619517668,0.13400827219928016,4.163336342344337e-17
311.0,0.0555,3,2,31.70103442914723,0.12341652375530175,0.04913653349449744,4.163336342344337e-17
311.0,0.0555,3,3,105.41065923738276,0.14103221271394967,0.010863828906650169,1.1102230246251565e-16
311.0,0.056,3,1,16.248446363227178,0.10523315199404054,0.11757361918129991,0.0
311.0,0.056,3,2,27.305915518364248,0.12007878181397275,0.05949659191084403,2.7755575615628914e-17
311.0,0.056,3,3,109.35174924574879,0.14139698389848881,0.01036280941514611,1.1102230246251565e-16
312.0,0.0535,3,1,11.839484400403567,0.09294992907736627,0.18043656217883408,0.0
312.0,0.0535,3,2,53.78315057438183,0.13282676187246784,0.025259602693176193,-2.7755575615628914e-17
312.0,0.0535,3,3,82.5656730280169,0.1384150736008037,0.014805362197415881,-8.326672684688674e-17
312.0,0.054,3,1,12.36463590870449,0.09480984068328922,0.17005630758834847,-1.3877787807814457e-17
312.0,0.054,3,2,46.05896883632683,0.13040221810526645,0.030658722588197206,-2.7755575615628914e-17
312.0,0.054,3,3,90.89153884609232,0.13948369448639475,0.013122423686577699,-1.1102230246251565e-16
312.0,0.0545,3,1,12.988302341147213,0.09684717515800044,0.159038736193573,1.3877787807814457e-17
312.0,0.0545,3,2,40.47182247006584,0.12818078426915455,0.03606424426510624,-5.551115123125783e-17
312.0,0.0545,3,3,96.96371409051528,0.14017184163504146,0.012092411236619117,-1.3877787807814457e-16
312.0,0.055,3,1,13.7581419577713,0.09913809416403002,0.1470905179640499,0.0
312.0,0.055,3,2,35.77527232135498,0.12587317798886588,0.04214395310888204,0.0
312.0,0.055,3,3,101.98142904339343,0.14069263373359692,0.011340876806524312,0.0
312.0,0.0555,3,1,14.772412138949143,0.10183543185255901,0.13362063605510272,-1.3877787807814457e-17
312.0,0.0555,3,2,31.46962637907414,0.12325741562468384,0.04960791356383249,-1.3877787807814457e-17
312.0,0.0555,3,3,106.3465527300153,0.14111521831340554,0.010748779817073234,-2.7755575615628914e-17
312.0,0.056,3,1,16.30947861176387,0.10535878604771992,0.11699993838258195,0.0
312.0,0.056,3,2,27.082499570876365,0.1198813840524265,0.06014031186708979,1.3877787807814457e-17
312.0,0.056,3,3,110.25352452472576,0.14147210878323302,0.010261092856578457,2.498001805406602e-16
313.0,0.0535,3,1,11.850445082539185,0.09298712581189705,0.18022595215441223,0.0
313.0,0.0535,3,2,52.922477024816,0.13258209005436977,0.02578074802638215,-8.326672684688674e-17
313.0,0.0535,3,3,84.14526270167951,0.13862596263450214,0.014465200087829248,-1.1102230246251565e-16
313.0,0.054,3,1,12.377997874051458,0.09485227161445768,0.16982308602980278,1.3877787807814457e-17
313.0,0.054,3,2,45.58232892303445,0.13022702135017394,0.031069104198308214,-5.551115123125783e-17
313.0,0.054,3,3,92.0867460113956,0.13961986247076585,0.012915268146372533,-2.7755575615628914e-17
313.0,0.0545,3,1,13.005186065445434,0.09689685430284463,0.15877468755584415,-4.163336342344337e-17
313.0,0.0545,3,2,40.13416180940141,0.12802669126787217,0.036455475148602395,-2.7755575615628914e-17
313.0,0.0545,3,3,98.01843780354044,0.14027964584029998,0.011934864513945596,2.7755575615628914e-17
313.0,0.055,3,1,13.78069045789635,0.09919871288831984,0.1467806982875648,-4.163336342344337e-17
313.0,0.055,3,2,35.50957077059056,0.12572404849360508,0.0425531386401725,-1.1102230246251565e-16
313.0,0.055,3,3,102.96051246730534,0.14078452302128658,0.011210777189888312,-1.942890293094024e-16
313.0,0.0555,3,1,14.80566052653849,0.10191526202009675,0.13323183603433061,-1.3877787807814457e-17
313.0,0.0555,3,2,31.242836708532387,0.12309954655455242,0.050077846783160275,-2.7755575615628914e-17
313.0,0.0555,3,3,107.27797487913058,0.14119662388155987,0.01063654327880157,-1.1102230246251565e-16
313.0,0.056,3,1,16.37193139330513,0.10548657099860233,0.11641787522632087,-4.163336342344337e-17
313.0,0.056,3,2,26.861163973068024,0.11968310028021632,0.06079040811826583,-4.163336342344337e-17
313.0,0.056,3,3,111.15220642638914,0.14154596240127898,0.010161586554725054,-5.551115123125783e-17
314.0,0.0535,3,1,11.861386445111169,0.09302420696284147,0.18001611898457845,0.0
314.0,0.0535,3,2,52.14180454843017,0.13235423135048127,0.02627086715571994,-2.7755575615628914e-17
314.0,0.0535,3,3,85.64529053710845,0.13882014735272583,0.014155477849905044,5.551115123125783e-17
314.0,0.054,3,1,12.391349475124875,0.09489460185942399,0.1695905773577863,4.163336342344337e-17
314.0,0.054,3,2,45.128648654681506,0.1300573404018498,0.03146916641188768,0.0
314.0,0.054,3,3,93.25942085414576,0.1397506086299777,0.012717911977805758,0.0
314.0,0.0545,3,1,13.022081641267278,0.09694647110256303,0.15851118925399046,1.3877787807814457e-17
314.0,0.0545,3,2,39.80786430969036,0.1278756717216464,0.03684095066329701,0.0
314.0,0.0545,3,3,99.06220055171522,0.14038443231115535,0.011782718027013037,-1.1102230246251565e-16
314.0,0.055,3,1,13.803310365928269,0.09925937097470477,0.14647100438508215,2.7755575615628914e-17
314.0,0.055,3,2,35.25070436004381,0.1255769191157951,0.042958773456752204,-5.551115123125783e-17
314.0,0.055,3,3,103.93310052588899,0.14087436628493744,0.011084300059856236,-2.498001805406602e-16
314.0,0.0555,3,1,14.83918012512336,0.10199546050092807,0.13284181260518638,2.7755575615628914e-17
314.0,0.0555,3,2,31.020442525796664,0.12294283946971661,0.05054651203598885,6.938893903907228e-17
314.0,0.0555,3,3,108.20513869197414,0.14127649268646778,0.010526998006257407,1.3877787807814457e-16
314.0,0.056,3,1,16.435899895937705,0.10561665384965767,0.11582683593852379,4.163336342344337e-17
314.0,0.056,3,2,26.64168147508229,0.11948374073320196,0.061447554709934384,1.3877787807814457e-17
314.0,0.056,3,3,112.04792509290866,0.1416185875089881,0.010064208281589354,5.551115123125783e-17
315.0,0.053,3,1,11.413302936512679,0.09132222983857154,0.18977312997248522,0.0
315.0,0.053,3,2,64.88658172179746,0.13544421877402038,0.020017435313603883,0.0
315.0,0.053,3,3,72.92761508330527,0.13693164492808205,0.01730982591210701,0.0
315.0,0.0535,3,1,11.872308673247769,0.09306117351650937,0.17980705594998714,1.3877787807814457e-17
315.0,0.0535,3,2,51.42580639553765,0.1321400852480976,0.02673569760363097,-2.7755575615628914e-17
315.0,0.0535,3,3,87.08108113018899,0.13900072728163818,0.013870462860244457,2.7755575615628914e-17
315.0,0.054,3,1,12.404690971848177,0.09493683255367567,0.16935877420521722,5.551115123125783e-17
315.0,0.054,3,2,44.695687628771,0.12989267667556953,0.03185984622414976,8.326672684688674e-17
315.0,0.054,3,3,94.41180156146953,0.139876430412224,0.012529423710222289,1.942890293094024e-16
315.0,0.0545,3,1,13.038989600582065,0.09699602718734295,0.15824823181650796,2.7755575615628914e-17
315.0,0.0545,3,2,39.49216540867354,0.12772753750124508,0.03722103097124248,2.7755575615628914e-17
315.0,0.0545,3,3,100.0957644229062,0.1404863875448001,0.011635619220511645,8.326672684688674e-17
315.0,0.055,3,1,13.826003351754457,0.09932007200481686,0.1461614186360223,4.163336342344337e-17
315.0,0.055,3,2,34.998311808356384,0.12543168972932459,0.0433610570789463,5.551115123125783e-17
315.0,0.055,3,3,104.8995509010177,0.14096226006637036,0.01096126162966359,8.326672684688674e-17
315.0,0.0555,3,1,14.872979219513796,0.10207604162742832,0.13245050409665401,-2.7755575615628914e-17
315.0,0.0555,3,2,30.802234716896365,0.12278722073091936,0.051014082529476694,-2.7755575615628914e-17
315.0,0.0555,3,3,109.12824308074003,0.14135488403154908,0.010420030554003932,-2.7755575615628914e-17
315.0,0.056,3,1,16.501489662478086,0.1057491972832978,0.11522616392916915,-1.3877787807814457e-17
315.0,0.056,3,2,26.423821836199767,0.11928310222895523,0.062112484003045504,0.0
315.0,0.056,3,3,112.94080331766583,0.14169002460211397,0.00996888033465463,-2.498001805406602e-16
316.0,0.053,3,1,11.422456283546044,0.09135507117118898,0.18958242249621798,1.3877787807814457e-17
316.0,0.053,3,2,62.04732411527092,0.134841797614838,0.02116999596130973,-5.551115123125783e-17
316.0,0.053,3,3,76.48677079641928,0.13750462987748477,0.016319273507109343,-5.551115123125783e-17
316.0,0.0535,3,1,11.883211950737241,0.09309802644963944,0.17959875640186007,1.3877787807814457e-17
316.0,0.0535,3,2,50.763432772582405,0.1319374087884755,0.02717938645360352,-2.7755575615628914e-17
316.0,0.0535,3,3,88.46368213741727,0.13916994440349123,0.013606012886875518,2.7755575615628914e-17
316.0,0.054,3,1,12.418022623598366,0.09497896482446315,0.16912766926989345,1.3877787807814457e-17
316.0,0.054,3,2,44.28153547132931,0.129732603454606,0.032241944938279164,-8.326672684688674e-17
316.0,0.054,3,3,95.54579630781603,0.13999775340642823,0.012349007523437905,-1.1102230246251565e-16
316.0,0.0545,3,1,13.05591047941905,0.09704552418711382,0.1579858058029841,4.163336342344337e-17
316.0,0.0545,3,2,39.18637808573491,0.1275821188445252,0.037596040978597096,5.551115123125783e-17
316.0,0.0545,3,3,101.11981397447789,0.14058567967209623,0.011493250787535311,2.220446049250313e-16
316.0,0.055,3,1,13.848771120232742,0.09938081961201432,0.14585192323417875,-1.3877787807814457e-17
316.0,0.055,3,2,34.752059920435364,0.12528826741347343,0.04376017509745768,0.0
316.0,0.055,3,3,105.86019316843219,0.1410482936508002,0.010841492251677576,-1.3877787807814457e-16
316.0,0.0555,3,1,14.907066447015294,0.10215702029334729,0.1320578465664147,1.3877787807814457e-17
316.0,0.0555,3,2,30.58801668955406,0.12263261976292184,0.05148072660650242,-2.7755575615628914e-17
316.0,0.0555,3,3,110.04747409844505,0.14143185359535296,0.010315534636349825,-4.163336342344337e-16
316.0,0.056,3,1,16.568818217095473,0.10588438210660428,0.11461513000618455,4.163336342344337e-17
316.0,0.056,3,2,26.20734965105009,0.11908096555785881,0.06278599679291738,6.938893903907228e-17
316.0,0.056,3,3,113.830957092258,0.14176031207946227,0.009875529203531987,8.326672684688674e-17
317.0,0.053,3,1,11.431587346011044,0.09138779489341604,0.18939249333282213,-2.7755575615628914e-17
317.0,0.053,3,2,60.226152624982944,0.13443015064929878,0.02197611753736263,-2.7755575615628914e-17
317.0,0.053,3,3,79.02827969848676,0.13788695138153087,0.015674564719589452,-5.551115123125783e-17
317.0,0.0535,3,1,11.894096460047866,0.09313476672953652,0.17939121376095643,0.0
317.0,0.0535,3,2,50.14641008143312,0.1317445167489408,0.027605046956515753,-2.7755575615628914e-17
317.0,0.0535,3,3,89.80136503641683,0.13932948297436873,0.013359019483576977,-5.551115123125783e-17
317.0,0.054,3,1,12.431344689238006,0.09502099979095997,0.16889725531335997,-4.163336342344337e-17
317.0,0.054,3,2,43.884548005860175,0.12957675210792285,0.03261615425777952,-5.551115123125783e-17
317.0,0.054,3,3,96.6630470858072,0.14011494512437714,0.01217597715615517,-8.326672684688674e-17
317.0,0.0545,3,1,13.072844818002643,0.09709496373188853,0.15772390180219803,0.0
317.0,0.0545,3,2,38.88988240138304,0.12743926191123775,0.03796627505500746,-5.551115123125783e-17
317.0,0.0545,3,3,102.13496669351044,0.1406824609024163,0.011355325951728659,-1.942890293094024e-16
317.0,0.055,3,1,13.871615412434556,0.09944161748357767,0.14554250017808687,-1.3877787807814457e-17
317.0,0.055,3,2,34.511640652527106,0.12514656570721794,0.044156300644170726,-5.551115123125783e-17
317.0,0.055,3,3,106.81533173126232,0.14113254981032153,0.010724834955848285,-8.326672684688674e-17
317.0,0.0555,3,1,14.9414508190038,0.10223841198840673,0.13166377365873455,0.0
317.0,0.0555,3,2,30.377603250350557,0.12247896871673912,0.05194660849402142,-1.3877787807814457e-17
317.0,0.0555,3,3,110.96300604002283,0.14150745373471124,0.010213410520727327,-1.1102230246251565e-16
317.0,0.056,3,1,16.638017033501715,0.10602241020744663,0.113992920546989,0.0
317.0,0.056,3,2,25.99202188494272,0.11887709237826179,0.06346897443994984,-2.7755575615628914e-17
317.0,0.056,3,3,114.718496102809,0.14182948639160312,0.009784085267321574,0.0
318.0,0.053,3,1,11.440696282898504,0.09142040190991564,0.18920333620924668,-1.3877787807814457e-17
318.0,0.053,3,2,58.810320601020486,0.13409522572612742,0.02264310871698896,0.0
318.0,0.053,3,3,81.16488634432646,0.13819266068878475,0.015168395416480736,2.7755575615628914e-17
318.0,0.0535,3,1,11.904962382347879,0.09317139531420666,0.17918442151655684,-2.7755575615628914e-17
318.0,0.0535,3,2,49.56835561708636,0.13156010453369565,0.02801508720607709,-2.7755575615628914e-17
318.0,0.0535,3,3,91.10051042804957,0.13948064663323154,0.013127079315094853,-2.7755575615628914e-17
318.0,0.054,3,1,12.444657427146838,0.0950629385644205,0.16866752515979902,2.7755575615628914e-17
318.0,0.054,3,2,43.5032984335427,0.1294248015342982,0.032983076261784594,0.0
318.0,0.054,3,3,97.7649785258384,0.1402283255564277,0.012009735931403271,2.7755575615628914e-17
318.0,0.0545,3,1,13.089793160890762,0.09714434745210859,0.15746251043021117,0.0
318.0,0.0545,3,2,38.602116776798105,0.1272988267416259,0.03833200097168085,0.0
318.0,0.0545,3,3,103.14178171695355,0.14077686956468746,0.01122158453075858,8.326672684688674e-17
318.0,0.055,3,1,13.894538006940014,0.09950246936299033,0.1452331312610505,-1.3877787807814457e-17
318.0,0.055,3,2,34.27676855711962,0.12500650395879312,0.044549595675067846,0.0
318.0,0.055,3,3,107.76524837366284,0.14121510545205257,0.010611144176398558,0.0
318.0,0.0555,3,1,14.976141744202959,0.10232023283559936,0.13126821645131456,1.3877787807814457e-17
318.0,0.0555,3,2,30.170819597481476,0.12232620216107193,0.052411888998222744,2.7755575615628914e-17
318.0,0.0555,3,3,111.87500242612542,0.14158173375599512,0.010113564485309418,2.7755575615628914e-17
318.0,0.056,3,1,16.709233936349122,0.10616350815809765,0.11335862308185098,-1.3877787807814457e-17
318.0,0.056,3,2,25.777585021072884,0.11867122147744857,0.06416239356119456,1.3877787807814457e-17
318.0,0.056,3,3,115.6035241812095,0.14189758217627418,0.009694482519304517,2.7755575615628914e-16
319.0,0.053,3,1,11.449783251789171,0.09145289311604744,0.18901494492050866,1.3877787807814457e-17
319.0,0.053,3,2,57.62894341760662,0.1338050980599643,0.023228947518175985,-2.7755575615628914e-17
319.0,0.053,3,3,83.06747328102972,0.13845368169163016,0.014742792075595796,-5.551115123125783e-17
319.0,0.0535,3,1,11.915809897524786,0.09320791315248945,0.1789783732254711,-4.163336342344337e-17
319.0,0.0535,3,2,49.02422486946001,0.13138313745031355,0.028411415539296957,-5.551115123125783e-17
319.0,0.0535,3,3,92.36616073443881,0.13962446912527832,0.01290828875732013,-1.6653345369377348e-16
319.0,0.054,3,1,12.457961095253461,0.09510478224833552,0.16843847169493173,-2.7755575615628914e-17
319.0,0.054,3,2,43.136539427194585,0.12927646995470746,0.03334323892976983,-2.7755575615628914e-17
319.0,0.054,3,3,98.85283580192382,0.14033817537895538,0.011849761232571731,-1.1102230246251565e-16
319.0,0.0545,3,1,13.106756057115739,0.0971936769789918,0.15720162232845697,-1.3877787807814457e-17
319.0,0.0545,3,2,38.322570672825655,0.12716068554012608,0.03869346321065643,-8.326672684688674e-17
319.0,0.0545,3,3,104.14076715232301,0.14086903182333022,0.011091789628595474,-1.1102230246251565e-16
319.0,0.055,3,1,13.917540721188676,0.09956337905231057,0.14492379806079442,-1.3877787807814457e-17
319.0,0.055,3,2,34.04717854937148,0.12486800675596194,0.044940212094073784,-2.7755575615628914e-17
319.0,0.055,3,3,108.71020449287512,0.14129603218548237,0.010500284637963214,1.3877787807814457e-16
319.0,0.0555,3,1,15.011149053827596,0.10240249963144733,0.1308711032900526,-1.3877787807814457e-17
319.0,0.0555,3,2,29.96750041407875,0.1221742567986636,0.052876726155658506,-1.3877787807814457e-17
319.0,0.0555,3,3,112.78361688450137,0.14165474015848717,0.010015908332754783,-2.220446049250313e-16
319.0,0.056,3,1,16.782636057953507,0.10630793164826456,0.11271120856238392,-1.3877787807814457e-17
319.0,0.056,3,2,25.56377169260722,0.11846306421507365,0.06486734401241621,-1.3877787807814457e-17
319.0,0.056,3,3,116.48613971614537,0.1419646323819022,0.009606658316017303,1.1102230246251565e-16
320.0,0.053,3,1,11.458848408871665,0.09148526939799502,0.1888273133287287,1.3877787807814457e-17
320.0,0.053,3,2,56.60497136838944,0.1335453241034085,0.02375984364122374,2.7755575615628914e-17
320.0,0.053,3,3,84.81308815249527,0.13868445705408947,0.01437154944669617,0.0
320.0,0.0535,3,1,11.92663918420482,0.0932443211841892,0.1787730625110548,2.7755575615628914e-17
320.0,0.0535,3,2,48.50995043245261,0.13121277827108713,0.028795574864649735,2.7755575615628914e-17
320.0,0.0535,3,3,93.6023812897301,0.13976178674045517,0.012701109569761258,8.326672684688674e-17
320.0,0.054,3,1,12.471255951067334,0.09514653193858791,0.16821008786493172,1.3877787807814457e-17
320.0,0.054,3,2,42.78317330051418,0.12913150844409496,0.03369710837075813,-2.7755575615628914e-17
320.0,0.054,3,3,99.9277144622613,0.14044474242241642,0.011695592274941987,-5.551115123125783e-17
320.0,0.0545,3,1,13.123734060328436,0.09724295394488387,0.156941228161821,0.0
320.0,0.0545,3,2,38.05077840381796,0.12702472122298689,0.039050885763826176,-2.7755575615628914e-17
320.0,0.0545,3,3,105.13238626356271,0.14095906313027615,0.01096572483806348,2.7755575615628914e-17
320.0,0.055,3,1,13.940625412888375,0.09962435041463845,0.14461448192872908,-1.3877787807814457e-17
320.0,0.055,3,2,33.82262394704285,0.12473100342499571,0.04532829274157392,-2.7755575615628914e-17
320.0,0.055,3,3,109.65044305772653,0.14137539682101066,0.010392130377451951,-1.6653345369377348e-16
320.0,0.0555,3,1,15.046483028781033,0.10248522988951732,0.13047235961049922,-4.163336342344337e-17
320.0,0.0555,3,2,29.76748904921395,0.12202307120385601,0.05334127584848338,-1.3877787807814457e-17
320.0,0.0555,3,3,113.68899394163802,0.14172651685329762,0.009920358953151624,-5.551115123125783e-17
320.0,0.056,3,1,16.858413515273217,0.10645597099308585,0.1120495093344421,-1.3877787807814457e-17
320.0,0.056,3,2,25.350296630441203,0.11825229890226009,0.06558505114395909,0.0
320.0,0.056,3,3,117.36643602820804,0.14203066838049472,0.009520553148125716,1.6653345369377348e-16
321.0,0.053,3,1,11.467891908959972,0.09151753163289018,0.18864043536218852,1.3877787807814457e-17
321.0,0.053,3,2,55.695858978156494,0.1333079016156645,0.024250306875907558,0.0
321.0,0.053,3,3,86.44427438753274,0.13889298814304132,0.014040162144941363,0.0
321.0,0.0535,3,1,11.93745041977166,0.09328062034020251,0.1785684830622516,0.0
321.0,0.0535,3,2,48.022197132682344,0.13104833804109306,0.029168833847461537,2.7755575615628914e-17
321.0,0.0535,3,3,94.812505211171,0.13989328750525115,0.012504277710782613,8.326672684688674e-17
321.0,0.054,3,1,12.484542251710103,0.09518818872360414,0.1679823666753612,1.3877787807814457e-17
321.0,0.054,3,2,42.44222824692154,0.12898969577192623,0.0340450985737027,2.7755575615628914e-17
321.0,0.054,3,3,100.9905841901998,0.1405482468306314,0.01154682035603088,0.0
321.0,0.0545,3,1,13.140727728945635,0.09729217998361415,0.1566813186167104,4.163336342344337e-17
321.0,0.0545,3,2,37.78631387885097,0.12689082618179168,0.03940447451469867,0.0
321.0,0.0545,3,3,106.1170627295183,0.14104706946107806,0.010843191860659166,1.6653345369377348e-16
321.0,0.055,3,1,13.963793981485342,0.09968538737668318,0.14430516397880455,4.163336342344337e-17
321.0,0.055,3,2,33.6028747441455,0.1245954275884204,0.04571397226729026,2.7755575615628914e-17
321.0,0.055,3,3,110.58619033335788,0.14145326180962284,0.010286563881969989,0.0
321.0,0.0555,3,1,15.082154429112412,0.10256844188751707,0.13007190774468422,1.3877787807814457e-17
321.0,0.0555,3,2,29.570636775502923,0.1218725855780804,0.05380569239107195,0.0
321.0,0.0555,3,3,114.59126973554037,0.1417971053607656,0.009826837930220022,-3.608224830031759e-16
321.0,0.056,3,1,16.936784033151877,0.10660795805236084,0.11137219147253236,5.551115123125783e-17
321.0,0.056,3,2,25.136851696878466,0.11803856377899842,0.06631690367556821,2.7755575615628914e-17
321.0,0.056,3,3,118.24450171281507,0.14209572007099971,0.00943611043083459,2.7755575615628914e-17
322.0,0.053,3,1,11.476913905510669,0.09154968068893544,0.18845430501440208,1.3877787807814457e-17
322.0,0.053,3,2,54.87518874775958,0.13308784515156183,0.024709369957385405,-2.7755575615628914e-17
322.0,0.053,3,3,87.98744745476515,0.13908425953906756,0.013739601795584377,-2.7755575615628914e-17
322.0,0.0535,3,1,11.948243780385503,0.09331681154264598,0.17836462863264055,2.7755575615628914e-17
322.0,0.0535,3,2,47.55819071310022,0.1308892416147956,0.029532250769103572,2.7755575615628914e-17
322.0,0.0535,3,3,95.99930471532574,0.14001954564595695,0.012316739479029176,1.3877787807814457e-16
322.0,0.054,3,1,12.497820253947427,0.09522975368450594,0.1677553011901151,-1.3877787807814457e-17
322.0,0.054,3,2,42.1128392053859,0.12885083424152907,0.03438757926681488,-5.551115123125783e-17
322.0,0.054,3,3,102.04230793822637,0.14064888522128202,0.011403080996982614,-1.1102230246251565e-16
322.0,0.0545,3,1,13.157737626300323,0.09734135673085446,0.1564218843991192,1.3877787807814457e-17
322.0,0.0545,3,2,37.52878610617982,0.1267589012248639,0.039754419276528535,0.0
322.0,0.0545,3,3,107.0951851391776,0.141133148373134,0.01072400847002285,0.0
322.0,0.055,3,1,13.987048369698774,0.09974649393143613,0.14399582507593264,6.938893903907228e-17
322.0,0.055,3,2,33.38771608517794,0.12446121677323559,0.046097377903924444,4.163336342344337e-17
322.0,0.055,3,3,111.51765740529447,0.14152968563198606,0.010183475326412478,2.7755575615628914e-17
322.0,0.0555,3,1,15.118174525967701,0.10265215471834267,0.12966966671180594,-1.3877787807814457e-17
322.0,0.0555,3,2,29.376802113717503,0.12172274152037847,0.05427012909463975,1.3877787807814457e-17
322.0,0.0555,3,3,115.49057265902046,0.1418665449888783,0.009735271185659597,-1.3877787807814457e-16
322.0,0.056,3,1,17.017998828575724,0.10676427502902107,0.11067771960697603,0.0
322.0,0.056,3,2,24.923099687183885,0.11782144812086853,0.0670644890609254,1.3877787807814457e-17
322.0,0.056,3,3,119.12042095424955,0.14215981597410055,0.009353276311840289,5.551115123125783e-17
323.0,0.053,3,1,11.48591455063992,0.09158171742552423,0.18826891634320386,0.0
323.0,0.053,3,2,54.12523501672114,0.13288179830287486,0.02514310947035127,0.0
323.0,0.053,3,3,89.460330999849,0.13926162679500215,0.013463796130410292,1.1102230246251565e-16
323.0,0.0535,3,1,11.959019441001308,0.09335289570497961,0.17816149303950965,-1.3877787807814457e-17
323.0,0.0535,3,2,47.115594761629424,0.13073500286354847,0.02988671944879778,-5.551115123125783e-17
323.0,0.0535,3,3,97.16511418926034,0.1401410463810278,0.012137605592227485,0.0
323.0,0.054,3,1,12.51109021422065,0.09527122789525987,0.16752888453038053,0.0
323.0,0.054,3,2,41.79423229889137,0.1287147463014656,0.034724882315668545,-2.7755575615628914e-17
323.0,0.054,3,3,103.08365748931452,0.1407468340743784,0.011264047545177064,1.1102230246251565e-16
323.0,0.0545,3,1,13.174764320796008,0.09739048582448384,0.15616291623267392,1.3877787807814457e-17
323.0,0.0545,3,2,37.27783533003263,0.12662885466620752,0.040100895545552295,0.0
323.0,0.0545,3,3,108.06711085457162,0.14121738991637153,0.010608006760320445,1.1102230246251565e-16
323.0,0.055,3,1,14.01039056512404,0.09980767414095655,0.1436864458239448,-1.3877787807814457e-17
323.0,0.055,3,2,33.17694691221196,0.12432831206265776,0.04647863015531664,0.0
323.0,0.055,3,3,112.44504153060778,0.14160472314390912,0.010082761897010593,-8.326672684688674e-17
323.0,0.0555,3,1,15.154555136297285,0.10273638834549177,0.12926555199108383,1.3877787807814457e-17
323.0,0.0555,3,2,29.185850216069905,0.12157348181035599,0.05473473881596419,1.3877787807814457e-17
323.0,0.0555,3,3,116.38702394154913,0.14193487299489377,0.00964558865723057,1.1102230246251565e-16
323.0,0.056,3,1,17.10235020218467,0.1069253658099417,0.10996431159641017,1.3877787807814457e-17
323.0,0.056,3,2,24.70866644986754,0.11760048081113482,0.06782963899106477,1.3877787807814457e-17
323.0,0.056,3,3,119.99427381371336,0.14222298331929764,0.00927199949506957,8.326672684688674e-17
324.0,0.0525,3,1,11.079568866331787,0.08995296831450254,0.1978096687921577,4.163336342344337e-17
324.0,0.0525,3,2,66.08909407867078,0.13565131179637988,0.019628672903292767,1.1102230246251565e-16
324.0,0.0525,3,3,77.44532395580785,0.13762048423958564,0.016122536224251076,8.326672684688674e-17
324.0,0.053,3,1,11.49489399514023,0.09161364269335963,0.18808426346985171,4.163336342344337e-17
324.0,0.053,3,2,53.43342734722006,0.13268737275153536,0.025555846074144597,5.551115123125783e-17
324.0,0.053,3,3,90.87549346131618,0.1394274773825904,0.013208428763209332,-5.551115123125783e-17
324.0,0.0535,3,1,11.969777575387232,0.09338887373213013,0.17795907016293702,1.3877787807814457e-17
324.0,0.0535,3,2,46.69242026214823,0.13058520642938984,0.030233003027051175,-5.551115123125783e-17
324.0,0.0535,3,3,98.31192063938863,0.14025820416715545,0.011966117404349623,2.7755575615628914e-17
324.0,0.054,3,1,12.524352388678214,0.09531261242282459,0.16730310987361402,-1.3877787807814457e-17
324.0,0.054,3,2,41.48571206369535,0.12858127176063516,0.03505730697901068,0.0
324.0,0.054,3,3,104.11532622747914,0.14084225251699764,0.011129425919122016,-5.551115123125783e-17
324.0,0.0545,3,1,13.191808386063691,0.09743956890495566,0.15590440485667878,1.3877787807814457e-17
324.0,0.0545,3,2,37.03312969454729,0.12650060153757375,0.04044406601656338,2.7755575615628914e-17
324.0,0.0545,3,3,109.03316934652581,0.14129987742080258,0.010495031632302435,8.326672684688674e-17
324.0,0.055,3,1,14.03382260190785,0.09986893213927585,0.14337700655306496,-2.7755575615628914e-17
324.0,0.055,3,2,32.970378761511135,0.12419665778553964,0.04685784341068755,1.3877787807814457e-17
324.0,0.055,3,3,113.36852733947138,0.14167842588400803,0.009984327189286744,-5.551115123125783e-17
324.0,0.0555,3,1,15.191308660613082,0.10282116366330353,0.12885947527489727,4.163336342344337e-17
324.0,0.0555,3,2,28.997652300884358,0.1214247502012083,0.05519967449592652,5.551115123125783e-17
324.0,0.0555,3,3,117.28073817668049,0.14200212473206328,0.009557724006744046,0.0
324.0,0.056,3,1,17.19018148244602,0.10709175080753258,0.1092298792195656,0.0
324.0,0.056,3,2,24.49313067772544,0.11737511541902029,0.06861448886428542,2.7755575615628914e-17
324.0,0.056,3,3,120.86613649396557,0.14228524812503238,0.009192231078651681,2.7755575615628914e-17
325.0,0.0525,3,1,11.087199889687431,0.08998160592612885,0.1976398811541875,0.0
325.0,0.0525,3,2,63.80273146291808,0.13518390742256667,0.02051150865510954,-2.7755575615628914e-17
325.0,0.0525,3,3,80.45470259197403,0.13806260529737763,0.01538271553032325,-2.7755575615628914e-17
325.0,0.053,3,1,11.50385238849688,0.09164545733457048,0.1879003405781454,1.3877787807814457e-17
325.0,0.053,3,2,52.79047250112588,0.13250279680227472,0.025950782525478604,-5.551115123125783e-17
325.0,0.053,3,3,92.24222609337609,0.13958358215971975,0.012970301167621755,-1.1102230246251565e-16
325.0,0.0535,3,1,11.980518356142474,0.09342474652061088,0.17775735394489314,-1.3877787807814457e-17
325.0,0.0535,3,2,46.286957791397846,0.13043949402805485,0.030571759316246592,2.7755575615628914e-17
325.0,0.0535,3,3,99.4414314943964,0.1403713763961248,0.011801621555609675,2.7755575615628914e-17
325.0,0.054,3,1,12.53760703320754,0.09535390832729805,0.16707797045252518,1.3877787807814457e-17
325.0,0.054,3,2,41.18665088188959,0.1284502654805351,0.03538512426207675,2.7755575615628914e-17
325.0,0.054,3,3,105.13793970503983,0.14093528463086633,0.010998950255835641,0.0
325.0,0.0545,3,1,13.208870401123276,0.09748860761567148,0.1556463410241366,-1.3877787807814457e-17
325.0,0.0545,3,2,36.794362349704336,0.12637406290387684,0.04078408189908396,-2.7755575615628914e-17
325.0,0.0545,3,3,109.99366508842047,0.14138068818072355,0.010384939478787412,-2.7755575615628914e-17
325.0,0.055,3,1,14.05734656249927,0.09993027213542598,0.14306748730687108,4.163336342344337e-17
325.0,0.055,3,2,32.76783468998274,0.12406620123852045,0.04723512649474478,4.163336342344337e-17
325.0,0.055,3,3,114.28828790680862,0.14175084234851654,0.009888080670663046,5.551115123125783e-17
325.0,0.0555,3,1,15.228448124129754,0.10290650256255411,0.12845134420004947,2.7755575615628914e-17
325.0,0.0555,3,2,28.812085132250804,0.12127649122064545,0.05566508969334057,-1.3877787807814457e-17
325.0,0.0555,3,3,118.17182380111136,0.14206833378310038,0.009471614354640568,-1.3877787807814457e-16
325.0,0.056,3,1,17.281900277140966,0.10726404671885732,0.10847194923145292,-1.3877787807814457e-17
325.0,0.056,3,2,24.27601041271223,0.11714471036674251,0.06942155687880519,2.7755575615628914e-17
325.0,0.056,3,3,121.73608158281635,0.14234663527252053,0.00911392440574803,-3.608224830031759e-16
326.0,0.0525,3,1,11.094808974195152,0.09001013339229375,0.19747081902922597,0.0
326.0,0.0525,3,2,62.160928021525564,0.1348303583072872,0.02119219390070691,-2.7755575615628914e-17
326.0,0.0525,3,3,82.81994701216782,0.13839097434080083,0.014844485777320492,-2.7755575615628914e-17
326.0,0.053,3,1,11.512789878904224,0.09167716218282644,0.18771714191355954,1.3877787807814457e-17
326.0,0.053,3,2,52.189273351995716,0.13232671277898686,0.02633037134463905,-5.551115123125783e-17
326.0,0.053,3,3,93.56762405374701,0.139731297973932,0.012746965011504817,-8.326672684688674e-17
326.0,0.0535,3,1,11.99124195471523,0.09346051495864109,0.17755633838835302,-1.3877787807814457e-17
326.0,0.0535,3,2,45.8977258008307,0.13029755398667855,0.030903560156884877,-2.7755575615628914e-17
326.0,0.0535,3,3,100.55512632322612,0.14048087385698213,0.011643550616801576,0.0
326.0,0.054,3,1,12.550854403466476,0.09539511666206169,0.16685345955408037,2.7755575615628914e-17
326.0,0.054,3,2,40.89648017046602,0.1283215954483331,0.035708580549884565,2.7755575615628914e-17
326.0,0.054,3,3,106.15206445337007,0.141026061379133,0.010872379278241166,5.551115123125783e-17
326.0,0.0545,3,1,13.22595095054831,0.09753760360335874,0.15538871549976205,-1.3877787807814457e-17
326.0,0.0545,3,2,36.56124892988711,0.12624916526583543,0.04112108406531421,-2.7755575615628914e-17
326.0,0.0545,3,3,110.94888007731744,0.14145989405168538,0.010277597038388653,8.326672684688674e-17
326.0,0.055,3,1,14.080964579481016,0.0999916984166,0.14275786782871408,2.7755575615628914e-17
326.0,0.055,3,2,32.5691483147484,0.12393689243670453,0.04761058316196865,2.7755575615628914e-17
326.0,0.055,3,3,115.20448571074655,0.14182201823743604,0.009793937199442633,2.220446049250313e-16
326.0,0.0555,3,1,15.265987221666247,0.10299242800200008,0.12804106205473736,1.3877787807814457e-17
326.0,0.0555,3,2,28.629030538994353,0.12112864997768642,0.05613113911938839,2.7755575615628914e-17
326.0,0.0555,3,3,119.06038353066344,0.14213353208183252,0.009387200038262333,2.7755575615628914e-17
326.0,0.056,3,1,17.377996480520817,0.10744299335030298,0.10768755621138204,2.7755575615628914e-17
326.0,0.056,3,2,24.056744814273248,0.1169085020366958,0.07025385132194968,1.3877787807814457e-17
326.0,0.056,3,3,122.60417827749725,0.1424071685738901,0.00903703492701771,2.220446049250313e-16
327.0,0.0525,3,1,11.102396259689531,0.09003855151414554,0.19730247683456073,-1.3877787807814457e-17
327.0,0.0525,3,2,60.83690047402431,0.1345334828944194,0.021772347728714187,5.551115123125783e-17
327.0,0.0525,3,3,84.86783853777905,0.1386627721309808,0.014406231931204445,1.3877787807814457e-16
327.0,0.053,3,1,11.52170661328164,0.09170875806345036,0.1875346617823913,0.0
327.0,0.053,3,2,51.62426681024549,0.1321580527755094,0.02669654021625896,0.0
327.0,0.053,3,3,94.85724847832604,0.1398716919115203,0.012536496756711295,8.326672684688674e-17
327.0,0.0535,3,1,12.001948541420193,0.09349617992626258,0.17735601755642544,2.7755575615628914e-17
327.0,0.0535,3,2,45.52343055612438,0.13015911312838582,0.031228906425992277,5.551115123125783e-17
327.0,0.0535,3,3,101.65429689539849,0.14058696885131852,0.011491408081462743,2.7755575615628914e-17
327.0,0.054,3,1,12.564094754915105,0.09543623847392453,0.1666295705185134,2.7755575615628914e-17
327.0,0.054,3,2,40.6146829832792,0.12819514115659025,0.03602790066093033,2.7755575615628914e-17
327.0,0.054,3,3,107.15821538076092,0.1411147022264914,0.010749493242154514,1.6653345369377348e-16
327.0,0.0545,3,1,13.243050624634726,0.09758655851845416,0.1551315190579771,0.0
327.0,0.0545,3,2,36.33352534819515,0.126125840036607,0.041455204055438295,0.0
327.0,0.0545,3,3,111.8990760393324,0.14153756197346642,0.010172880391902825,-1.1102230246251565e-16
327.0,0.055,3,1,14.10467883748668,0.10005321535145484,0.14244812754754935,-1.3877787807814457e-17
327.0,0.055,3,2,32.37416295159903,0.1238086838892853,0.04798431254216399,-1.3877787807814457e-17
327.0,0.055,3,3,116.11727349209772,0.14189199667559924,0.009701816593108837,2.7755575615628914e-17
327.0,0.0555,3,1,15.303940366733505,0.10307896408654012,0.12762852745849346,-1.3877787807814457e-17
327.0,0.0555,3,2,28.448374967916877,0.12098117197339688,0.05659797917792833,-2.7755575615628914e-17
327.0,0.0555,3,3,119.9465147578108,0.14219775002429125,0.009304424391289246,-1.6653345369377348e-16
327.0,0.056,3,1,17.47906729817025,0.10762949086035234,0.10687309382486132,-1.3877787807814457e-17
327.0,0.056,3,2,23.83466892730362,0.11666556746569821,0.07111501943492093,0.0
327.0,0.056,3,3,123.47049259169096,0.14246687083515094,0.008961520073632509,2.498001805406602e-16
328.0,0.0525,3,1,11.10996188473914,0.09006686108467891,0.19713484904704753,1.3877787807814457e-17
328.0,0.0525,3,2,59.711159196981754,0.1342722997666951,0.022289229726690712,-8.326672684688674e-17
328.0,0.0525,3,3,86.71786484813238,0.13889897929867281,0.01403069841807859,-8.326672684688674e-17
328.0,0.053,3,1,11.53060273728932,0.09174024579352942,0.18735289455092233,1.3877787807814457e-17
328.0,0.053,3,2,51.09099794415611,0.13199595862198427,0.027050837130042527,2.7755575615628914e-17
328.0,0.053,3,3,96.11555236001838,0.14000562133104802,0.012337352518912882,1.1102230246251565e-16
328.0,0.0535,3,1,12.0126382854558,0.09353174229545431,0.17715638557149793,-1.3877787807814457e-17
328.0,0.0535,3,2,45.16293467827477,0.13002393039039248,0.031548239834982054,2.7755575615628914e-17
328.0,0.0535,3,3,102.74007863975885,0.14068990157504427,0.011344756568572643,5.551115123125783e-17
328.0,0.054,3,1,12.577328342847416,0.09547727480326508,0.16640629673835192,1.3877787807814457e-17
328.0,0.054,3,2,40.3407877589601,0.12807079223197124,0.03634329043043853,-2.7755575615628914e-17
328.0,0.054,3,3,108.15686202432917,0.1412013165103187,0.010630091353708996,-1.1102230246251565e-16
328.0,0.0545,3,1,13.260170019573716,0.09763547401549277,0.1548747424808892,0.0
328.0,0.0545,3,2,36.11094585960109,0.1260040230814901,0.041786564961403025,-2.7755575615628914e-17
328.0,0.0545,3,3,112.84449636616554,0.1416137544299705,0.0100706740802523,-5.551115123125783e-17
328.0,0.055,3,1,14.128491575206906,0.10011482739355969,0.14213824556317012,1.3877787807814457e-17
328.0,0.055,3,2,32.18273084016471,0.12368153039704927,0.04835640954334351,-2.7755575615628914e-17
328.0,0.055,3,3,117.0267950270454,0.14196081841170757,0.009611643239905945,-5.551115123125783e-17
328.0,0.0555,3,1,15.342322745295714,0.10316613615276372,0.12721363401195823,4.163336342344337e-17
328.0,0.0555,3,2,28.270009066772634,0.12083400291370057,0.057065768517028055,4.163336342344337e-17
328.0,0.0555,3,3,120.83030991480389,0.14226101657034204,0.0092232335421217,-2.7755575615628914e-17
328.0,0.056,3,1,17.585852942567577,0.10782465283091354,0.10602410291252887,4.163336342344337e-17
328.0,0.056,3,2,23.608977795144913,0.11641477121537801,0.07200955944095438,1.3877787807814457e-17
328.0,0.056,3,3,124.33508754684031,0.14252576391446925,0.008887339139871327,1.6653345369377348e-16
329.0,0.0525,3,1,11.11750598666167,0.09009506288884196,0.19696793020229705,0.0
329.0,0.0525,3,2,58.72404610684216,0.1340362983849737,0.02276149193622469,-2.7755575615628914e-17
329.0,0.0525,3,3,88.42968209749073,0.1391101056048717,0.013699237169623799,2.7755575615628914e-17
329.0,0.053,3,1,11.539478395343759,0.09177162618202428,0.1871718346445945,4.163336342344337e-17
329.0,0.053,3,2,50.58583485635363,0.13183972822874765,0.027394527653343177,0.0
329.0,0.053,3,3,97.3461656720997,0.14013378751934027,0.012148270795559992,-2.7755575615628914e-17
329.0,0.0535,3,1,12.023311354921569,0.09356720293024667,0.1769574366143903,-2.7755575615628914e-17
329.0,0.0535,3,2,44.815232133659784,0.1298917917431965,0.0318619523185543,-2.7755575615628914e-17
329.0,0.0535,3,3,103.813475654251,0.1407898851990747,0.01120320843420762,0.0
329.0,0.054,3,1,12.590555422423117,0.09551822668417236,0.1661836316574538,1.3877787807814457e-17
329.0,0.054,3,2,40.07436300540666,0.1279484472676715,0.036654938908836594,-2.7755575615628914e-17
329.0,0.054,3,3,109.14843386535703,0.14128600460809787,0.010513989571551027,-1.1102230246251565e-16
329.0,0.0545,3,1,13.277309737628961,0.09768435175350317,0.1546183765562485,-1.3877787807814457e-17
329.0,0.0545,3,2,35.89328135405819,0.12588365431163143,0.04211528220667794,0.0
329.0,0.0545,3,3,113.7853678216719,0.1416885298551158,0.009970870326468269,0.0
329.0,0.055,3,1,14.152405087491099,0.10017653908500197,0.14182820063078913,-1.3877787807814457e-17
329.0,0.055,3,2,31.994712445351126,0.12355538886912142,0.04872696521716501,-1.3877787807814457e-17
329.0,0.055,3,3,117.93318582346295,0.14202852199796967,0.009523345748520125,8.326672684688674e-17
329.0,0.0555,3,1,15.38115037475511,0.10325397086275084,0.1267962699129621,0.0
329.0,0.0555,3,2,28.093827292878608,0.12068708852243294,0.057534668597201,0.0
329.0,0.0555,3,3,121.71185680593338,0.14232335933682064,0.00914357622926287,2.7755575615628914e-17
329.0,0.056,3,1,17.699289133433947,0.10802988424628042,0.10513496018702188,0.0
329.0,0.056,3,2,23.378673782099796,0.11615468733920281,0.0729431319568382,2.7755575615628914e-17
329.0,0.056,3,3,125.19802334914375,0.14258386877616716,0.008814453174429221,1.942890293094024e-16
330.0,0.0525,3,1,11.125028701539039,0.09012315770364225,0.19680171489387172,4.163336342344337e-17
330.0,0.0525,3,2,57.84070431610858,0.13381931727842586,0.023200061069704382,5.551115123125783e-17
330.0,0.0525,3,3,90.03814525871044,0.1393023117505135,0.013400925406850357,5.551115123125783e-17
330.0,0.053,3,1,11.548333730633015,0.09180290002987608,0.18699147654720122,-1.3877787807814457e-17
330.0,0.053,3,2,50.10577134649649,0.1316887783989443,0.02772866232510318,-8.326672684688674e-17
330.0,0.053,3,3,98.55209270537271,0.1402567728787534,0.011968205072470874,-8.326672684688674e-17
330.0,0.0535,3,1,12.033967916834856,0.0936025626868322,0.17675916492352775,0.0
330.0,0.0535,3,2,44.47942812919963,0.12976250610045023,0.03217039358990025,8.326672684688674e-17
330.0,0.0535,3,3,104.8753808106029,0.14088710995933762,0.011066418216880605,2.498001805406602e-16
330.0,0.054,3,1,12.603776248699337,0.09555909514458516,0.1659615687700581,-2.7755575615628914e-17
330.0,0.054,3,2,39.81501275520482,0.12782801282371664,0.03696302024326651,-2.7755575615628914e-17
330.0,0.054,3,3,110.1333248736956,0.14136885893696927,0.010401018725990651,-1.3877787807814457e-16
330.0,0.0545,3,1,13.29447038731795,0.09773319339640822,0.15436241207538973,1.3877787807814457e-17
330.0,0.0545,3,2,35.68031784713058,0.1257646773241708,0.04244146423661018,0.0
330.0,0.0545,3,3,114.7219020509129,0.1417619429922787,0.00987336834710492,-1.1102230246251565e-16
330.0,0.055,3,1,14.176421727550302,0.10023835506016061,0.14151797114493095,1.3877787807814457e-17
330.0,0.055,3,2,31.809975826046134,0.1234302181566786,0.049096067091426145,-1.3877787807814457e-17
330.0,0.055,3,3,118.83657374986646,0.14209514395260575,0.009436856631395244,5.551115123125783e-17
330.0,0.0555,3,1,15.420440168796226,0.10334249630712539,0.126376317534817,0.0
330.0,0.0555,3,2,27.919727543589232,0.12054037435278177,0.058004844282144884,1.3877787807814457e-17
330.0,0.0555,3,3,122.5912389120746,0.14238480468303003,0.009065403631984248,8.326672684688674e-17
330.0,0.056,3,1,17.82058719043744,0.10824700033547609,0.10419840389439247,2.7755575615628914e-17
330.0,0.056,3,2,23.142486316619628,0.1158834804900239,0.07392303443194258,2.7755575615628914e-17
330.0,0.056,3,3,126.05935755352583,0.14264120554082568,0.008742824879665653,-5.551115123125783e-17
331.0,0.0525,3,1,11.132530164232202,0.09015114629825066,0.19663619777249627,-1.3877787807814457e-17
331.0,0.0525,3,2,57.03868706752164,0.133617375452643,0.0236119922430609,-2.7755575615628914e-17
331.0,0.0525,3,3,91.56569918891138,0.13947957796825355,0.013128711907871972,-5.551115123125783e-17
331.0,0.053,3,1,11.557168885131944,0.09183406813011295,0.1868118148000866,1.3877787807814457e-17
331.0,0.053,3,2,49.648286444725365,0.13154261832153272,0.028054124677716816,0.0
331.0,0.053,3,3,99.73585253456137,0.14037506743405523,0.01179627580249003,1.6653345369377348e-16
331.0,0.0535,3,1,12.04460813714752,0.09363782241367546,0.1765615647941254,2.7755575615628914e-17
331.0,0.0535,3,2,44.154722787142205,0.1296359019930304,0.03247387728184459,2.7755575615628914e-17
331.0,0.0535,3,3,105.92659207938122,0.14098174648258457,0.010934076496934507,1.3877787807814457e-16
331.0,0.054,3,1,12.616991076662751,0.09559988120643109,0.16574010161984176,4.163336342344337e-17
331.0,0.054,3,2,39.56237265984055,0.1277094025665134,0.03726769529626783,5.551115123125783e-17
331.0,0.054,3,3,111.11189741338481,0.14144996481403246,0.010291022900976075,0.0
331.0,0.0545,3,1,13.311652583598006,0.09778200061343274,0.15410683983115014,0.0
331.0,0.0545,3,2,35.47185514098337,0.12564703908248354,0.04276521313161848,-2.7755575615628914e-17
331.0,0.0545,3,3,115.65429691884405,0.1418340452136357,0.00977807374084062,-1.3877787807814457e-16
331.0,0.055,3,1,14.200543909266493,0.10030028004965418,0.14120753512260126,2.7755575615628914e-17
331.0,0.055,3,2,31.62839606332296,0.12330597890166238,0.049463799473515854,1.3877787807814457e-17
331.0,0.055,3,3,119.73707960476737,0.14216071890717705,0.009352112017824082,2.7755575615628914e-16
331.0,0.0555,3,1,15.4602100088093,0.1034317421184923,0.1259536529622141,0.0
331.0,0.0555,3,2,27.74761080515827,0.1203938055952309,0.058476464458119146,0.0
331.0,0.0555,3,3,123.4685356702672,0.14244537778934985,0.00898866921475979,1.1102230246251565e-16
331.0,0.056,3,1,17.95136177524985,0.10847841592342315,0.10320477820860942,4.163336342344337e-17
331.0,0.056,3,2,22.898743997023235,0.11559871652235128,0.07495895684693225,4.163336342344337e-17
331.0,0.056,3,3,126.91914521573048,0.14269779353182935,0.00867241851809689,2.7755575615628914e-17
332.0,0.052,3,1,10.762830178422481,0.08858963125861687,0.20597701110883845,-1.3877787807814457e-17
332.0,0.052,3,2,72.52361292584006,0.136798669305959,0.017543880850003902,-8.326672684688674e-17
332.0,0.052,3,3,75.95711306740722,0.1373595264843101,0.016567362756496364,-1.1102230246251565e-16
332.0,0.0525,3,1,11.140010508395852,0.09017902943410433,0.19647137354528033,0.0
332.0,0.0525,3,2,56.30254223014296,0.1334277232686771,0.024002155122442782,-5.551115123125783e-17
332.0,0.0525,3,3,93.02779413323756,0.13964465314331523,0.012877730861740414,-2.7755575615628914e-17
332.0,0.053,3,1,11.565983999616805,0.09186513126795294,0.18663284400136665,0.0
332.0,0.053,3,2,49.211241994531754,0.13140083021765578,0.0283716662874741,-2.7755575615628914e-17
332.0,0.053,3,3,100.89958143528723,0.14048908818594205,0.011631735355555757,-2.7755575615628914e-17
332.0,0.0535,3,1,12.055232180762514,0.09367298295162152,0.17636463057738427,0.0
332.0,0.0535,3,2,43.84039776682811,0.12951182483959928,0.03277268598457997,-5.551115123125783e-17
332.0,0.0535,3,3,106.96782590807729,0.14107394851571256,0.010805904859337535,-1.942890293094024e-16
332.0,0.054,3,1,12.630200161261193,0.09564058588576269,0.1655192237989965,2.7755575615628914e-17
332.0,0.054,3,2,39.316106616503305,0.1275925365246296,0.037569113045160404,0.0
332.0,0.054,3,3,112.08448561568194,0.14152940120042035,0.010183858035360621,1.1102230246251565e-16
332.0,0.0545,3,1,13.328856948057185,0.0978307750795185,0.15385165061576225,1.3877787807814457e-17
332.0,0.0545,3,2,35.267705632867674,0.1255306896311744,0.043086625153542266,2.7755575615628914e-17
332.0,0.0545,3,3,116.58273770150225,0.14190488480474478,0.009684897943954052,1.6653345369377348e-16
332.0,0.055,3,1,14.22477410961549,0.10036231888447666,0.14089687018568017,-1.3877787807814457e-17
332.0,0.055,3,2,31.449854741399328,0.12318263339878134,0.049830243728215595,-1.3877787807814457e-17
332.0,0.055,3,3,120.63481763315383,0.14222527974043858,0.009269051393468068,0.0
332.0,0.0555,3,1,15.500478822727278,0.10352173959657167,0.12552814547936522,2.7755575615628914e-17
332.0,0.0555,3,2,27.577380816706615,0.12024732688002643,0.05894970268865589,2.7755575615628914e-17
332.0,0.0555,3,3,124.34382273077657,0.14250510272962655,0.008913328584127784,5.551115123125783e-17
332.0,0.056,3,1,18.09384621732147,0.10872746427466436,0.10214076115472707,-1.3877787807814457e-17
332.0,0.056,3,2,22.6451591243517,0.11529704360533348,0.07606425387719078,-1.3877787807814457e-17
332.0,0.056,3,3,127.77743903355554,0.14275365131865717,0.008603199825508829,1.6653345369377348e-16
333.0,0.052,3,1,10.769266210844256,0.08861485532858014,0.20582440117308987,2.7755575615628914e-17
333.0,0.052,3,2,68.21273707631785,0.13602743919678903,0.018932342691260085,0.0
333.0,0.052,3,3,80.9932708555675,0.13810884204450646,0.015306349098082477,2.7755575615628914e-17
333.0,0.0525,3,1,11.14746986649257,0.09020680786500658,0.19630723697495972,-4.163336342344337e-17
333.0,0.0525,3,2,55.62110093900988,0.1332483665888886,0.024374079045904877,-5.551115123125783e-17
333.0,0.0525,3,3,94.43559708505252,0.13979953066753373,0.012644456747255438,0.0
333.0,0.053,3,1,11.574779213680127,0.09189609022090735,0.18645455880515352,1.3877787807814457e-17
333.0,0.053,3,2,48.7928064075465,0.13126305491264803,0.028681932895507283,2.7755575615628914e-17
333.0,0.053,3,3,102.04510912913679,0.1405991935389205,0.011473941898259801,1.6653345369377348e-16
333.0,0.0535,3,1,12.065840211550286,0.09370804513400259,0.17616835667969927,1.3877787807814457e-17
333.0,0.0535,3,2,43.53580520911993,0.12939013468780394,0.03306707541306317,-2.7755575615628914e-17
333.0,0.0535,3,3,107.99972827652536,0.14116385518444993,0.010681651726806714,8.326672684688674e-17
333.0,0.054,3,1,12.643403757436175,0.09568121019289473,0.1652989289473036,1.3877787807814457e-17
333.0,0.054,3,2,39.075903841508065,0.1274773404421488,0.037867411797392246,0.0
333.0,0.054,3,3,113.05139830547164,0.14160724134779928,0.010079390708201953,-2.7755575615628914e-17
333.0,0.0545,3,1,13.346084109109777,0.09787951847574526,0.1535968352187269,2.7755575615628914e-17
333.0,0.0545,3,2,35.06769325177519,0.12541558184130494,0.04340579123386464,0.0
333.0,0.0545,3,3,117.50739814902093,0.14197450721888863,0.009593757743952625,-1.1102230246251565e-16
333.0,0.055,3,1,14.24911487121003,0.10042447650033191,0.14058595354249614,1.3877787807814457e-17
333.0,0.055,3,2,31.274239475490834,0.12306014546931208,0.05019547853281079,2.7755575615628914e-17
333.0,0.055,3,3,121.52989599596528,0.14228885770019511,0.009187617363393328,1.3877787807814457e-16
333.0,0.0555,3,1,15.541266672234233,0.10361252184653429,0.125099657004248,-1.3877787807814457e-17
333.0,0.0555,3,2,27.40894374617489,0.1201008820720706,0.05942473791192887,1.3877787807814457e-17
333.0,0.0555,3,3,125.21717219380096,0.1425640025379354,0.008839339356791272,-8.326672684688674e-17
333.0,0.056,3,1,18.2512821277076,0.10899897340119069,0.10098706583340024,0.0
333.0,0.056,3,2,22.378437957098797,0.1149736158746083,0.0772582437488516,0.0
333.0,0.056,3,3,128.63428947816527,0.14280879675719368,0.00853513593012785,5.551115123125783e-17
334.0,0.052,3,1,10.775681558251975,0.08863997736211504,0.20567246478835552,0.0
334.0,0.052,3,2,66.07657126894873,0.13561388763839588,0.019698644658364364,-1.1102230246251565e-16
334.0,0.052,3,3,83.85513097422766,0.1385005741808793,0.014666974053430221,-1.3877787807814457e-16
334.0,0.0525,3,1,11.154908369807298,0.09023448233722701,0.19614378287913983,1.3877787807814457e-17
334.0,0.0525,3,2,54.9859834448389,0.13307780418594017,0.024730419250427828,0.0
334.0,0.0525,3,3,95.79748593608603,0.13994571103025458,0.01242623810643827,0.0
334.0,0.053,3,1,11.58355466574489,0.09192694575888045,0.1862769539208024,1.3877787807814457e-17
334.0,0.053,3,2,48.39139685903715,0.1311289808823581,0.02898548423191445,-2.7755575615628914e-17
334.0,0.053,3,3,103.17401658800786,0.14070569425487647,0.011322339570219015,-5.551115123125783e-17
334.0,0.0535,3,1,12.076432392364621,0.09374300978674234,0.1759727375618866,1.3877787807814457e-17
334.0,0.0535,3,2,43.240358529594594,0.12927070433049492,0.03335727788110849,2.7755575615628914e-17
334.0,0.0535,3,3,109.02288390355652,0.14125159287702457,0.01056108888622718,2.7755575615628914e-17
334.0,0.054,3,1,12.656602120154686,0.09572175513253829,0.16507921075123272,1.3877787807814457e-17
334.0,0.054,3,2,38.841476320287335,0.12736374521438795,0.03816272025059631,2.7755575615628914e-17
334.0,0.054,3,3,114.0129215511131,0.1416835533625088,0.00997749707934367,1.942890293094024e-16
334.0,0.0545,3,1,13.363334702197179,0.0979282324897604,0.1533423844246556,0.0
334.0,0.0545,3,2,34.87165250684754,0.12530167118200802,0.04372279741122919,-2.7755575615628914e-17
334.0,0.0545,3,3,118.42844143689287,0.14204295530502134,0.00950457484394286,-8.326672684688674e-17
334.0,0.055,3,1,14.273568804970207,0.10048675794217743,0.1402747619685308,0.0
334.0,0.055,3,2,31.10144348144858,0.12293848034539791,0.0505595801120987,1.3877787807814457e-17
334.0,0.055,3,3,122.42241719764901,0.1423514825144496,0.009107755436083838,-1.3877787807814457e-16
334.0,0.0555,3,1,15.582594849453889,0.1037041239322814,0.12466804146184825,2.7755575615628914e-17
334.0,0.0555,3,2,27.242207875224068,0.11995441405597268,0.05990175518895153,5.551115123125783e-17
334.0,0.0555,3,3,126.08865282775322,0.14262209927024116,0.00876666103789948,2.498001805406602e-16
334.0,0.056,3,1,18.428694223059374,0.10930041091573213,0.09971387483835287,-1.3877787807814457e-17
334.0,0.056,3,2,22.09350576487408,0.11462094854142485,0.07857077389632397,1.3877787807814457e-17
334.0,0.056,3,3,129.4897449163095,0.14286324702730804,0.00846819527734362,-5.551115123125783e-17
335.0,0.052,3,1,10.782076347616556,0.0886649980821528,0.20552119690124715,-2.7755575615628914e-17
335.0,0.052,3,2,64.4892129081686,0.1352916001059948,0.02030637646547346,0.0
335.0,0.052,3,3,86.1685941664861,0.13880113670446326,0.014185651592461681,0.0
335.0,0.0525,3,1,11.162326148461023,0.09026205358959825,0.19598100612956293,-1.3877787807814457e-17
335.0,0.0525,3,2,54.3907144587249,0.13291487205450261,0.0250732332132634,-2.7755575615628914e-17
335.0,0.0525,3,3,97.1199341315875,0.14008435750652268,0.012221021203670914,0.0
335.0,0.053,3,1,11.592310493078953,0.0919576986442695,0.18610002411216098,0.0
335.0,0.053,3,2,48.005634754046326,0.13099833580239956,0.029282809304777238,-2.7755575615628914e-17
335.0,0.053,3,3,104.28768056783086,0.14080886190371691,0.011176443195548119,8.326672684688674e-17
335.0,0.0535,3,1,12.087008885058756,0.09377787772845975,0.17577776773841491,0.0
335.0,0.0535,3,2,42.95352469671364,0.12915341772350003,0.033643505218162666,-5.551115123125783e-17
335.0,0.0535,3,3,110.03782396868763,0.14133727682627875,0.010444008572381718,0.0
335.0,0.054,3,1,12.669795504441758,0.09576222170393528,0.1648600629430389,0.0
335.0,0.054,3,2,38.6125565765087,0.12725168639349058,0.0384551584209484,5.551115123125783e-17
335.0,0.054,3,3,114.96932089515398,0.14175840069982557,0.009878061961692133,2.7755575615628914e-17
335.0,0.0545,3,1,13.380609369993964,0.09797691881621623,0.15308828901108681,2.7755575615628914e-17
335.0,0.0545,3,2,34.67942763356019,0.12518891551521688,0.04403772522455991,0.0
335.0,0.0545,3,3,119.34602101944556,0.14211026951259498,0.00941727547142517,2.7755575615628914e-17
335.0,0.055,3,1,14.29813859293004,0.1005491683689939,0.13996327178619156,2.7755575615628914e-17
335.0,0.055,3,2,30.931365182705377,0.12281760456369971,0.050922622455578444,1.3877787807814457e-17
335.0,0.055,3,3,123.3124784762832,0.14241318249297483,0.009029413826208154,1.1102230246251565e-16
335.0,0.0555,3,1,15.624485984401979,0.10379658304668288,0.12423314408818123,0.0
335.0,0.0555,3,2,27.077083290089476,0.11980786450877313,0.06038094651176611,1.3877787807814457e-17
335.0,0.0555,3,3,126.958330270823,0.14267941406142637,0.008695254908568964,-1.6653345369377348e-16
335.0,0.056,3,1,18.634651057558887,0.10964448269996852,0.0982704793332447,-2.7755575615628914e-17
335.0,0.056,3,2,21.78174598246191,0.1142263191893545,0.0800525819553332,1.3877787807814457e-17
335.0,0.056,3,3,130.34385172419982,0.14291701866792317,0.008402347559526707,-8.326672684688674e-17
336.0,0.052,3,1,10.78845070477197,0.08868991820439646,0.20537059251123352,-1.3877787807814457e-17
336.0,0.052,3,2,63.19117611414875,0.13501787942683227,0.02082977728691631,2.7755575615628914e-17
336.0,0.052,3,3,88.1931444735276,0.13905322608174503,0.013788146188380628,5.551115123125783e-17
336.0,0.0525,3,1,11.16972333142475,0.09028952235361258,0.19581890165137805,0.0
336.0,0.0525,3,2,53.83016923870351,0.13275864579574168,0.02540415386509268,2.7755575615628914e-17
336.0,0.0525,3,3,98.40806458361925,0.14021639377249132,0.012027176813015135,0.0
336.0,0.053,3,1,11.601046831808953,0.0919883496320618,0.1859237641968382,1.3877787807814457e-17
336.0,0.053,3,2,47.634310923759415,0.1308708799345559,0.02957433836126857,-8.326672684688674e-17
336.0,0.053,3,3,105.38730841205206,0.14090893547685968,0.011035826322231839,-1.1102230246251565e-16
336.0,0.0535,3,1,12.097569850501053,0.0938126497705708,0.1755834417766536,0.0
336.0,0.0535,3,2,42.67481771280405,0.12903816864792061,0.033925951234304634,-2.7755575615628914e-17
336.0,0.0535,3,3,111.04503263098977,0.14142101244726274,0.010330221003450189,-1.1102230246251565e-16
336.0,0.054,3,1,12.682984165412602,0.0958026109009908,0.16464147929988004,1.3877787807814457e-17
336.0,0.054,3,2,38.388895712940446,0.12714110375358909,0.03874483845929339,-2.7755575615628914e-17
336.0,0.054,3,3,115.92084331330874,0.14183184259866066,0.009780978005719565,-1.942890293094024e-16
336.0,0.0545,3,1,13.39790876261916,0.09802557915721455,0.1528345397462766,0.0
336.0,0.0545,3,2,34.4908718257069,0.12507727491069678,0.04435065206720618,0.0
336.0,0.0545,3,3,120.26028139752015,0.14217648807607375,0.009331790026101208,1.3877787807814457e-16
336.0,0.055,3,1,14.32282699118761,0.10061171305879091,0.1396514588436047,0.0
336.0,0.055,3,2,30.763907850612405,0.12269748586739652,0.05128467751882243,1.3877787807814457e-17
336.0,0.055,3,3,124.20017216015762,0.1424739846202982,0.008952543274191538,2.498001805406602e-16
336.0,0.0555,3,1,15.666964164701707,0.10388993870112928,0.12379480065548162,-1.3877787807814457e-17
336.0,0.0555,3,2,26.913481575357086,0.11966117365756901,0.06086251168206117,2.7755575615628914e-17
336.0,0.0555,3,3,127.82626721736386,0.1427359671781066,0.008625083921803006,-1.942890293094024e-16
336.0,0.056,3,1,18.886183089620385,0.110056382902699,0.09655638011367061,-1.3877787807814457e-17
336.0,0.056,3,2,21.42608203677702,0.11376451774335035,0.08180419476615167,1.3877787807814457e-17
336.0,0.056,3,3,131.1966543937286,0.14297012760977842,0.008337563650527312,2.498001805406602e-16
337.0,0.052,3,1,10.794804754428627,0.08871473843741394,0.20522064666993395,1.3877787807814457e-17
337.0,0.052,3,2,62.07897076765407,0.13477563902385217,0.021298537389265265,0.0
337.0,0.052,3,3,90.0322701896256,0.1392739281908969,0.013444771186067659,2.7755575615628914e-17
337.0,0.0525,3,1,11.177100046532908,0.09031688935351623,0.1956574644224291,0.0
337.0,0.0525,3,2,53.300210839262235,0.1326083766026328,0.02572450314689735,-5.551115123125783e-17
337.0,0.0525,3,3,99.66601242140163,0.1403425679200062,0.01184338666180988,-8.326672684688674e-17
337.0,0.053,3,1,11.609763816934043,0.09201889946993062,0.1857481690454836,0.0
337.0,0.053,3,2,47.276358076022234,0.13074640088430414,0.029860452365702814,2.7755575615628914e-17
337.0,0.053,3,3,106.47396560097691,0.14100612662960627,0.010900111744549879,5.551115123125783e-17
337.0,0.0535,3,1,12.108115448590533,0.09384732671738862,0.17538975429613163,1.3877787807814457e-17
337.0,0.0535,3,2,42.40379307688786,0.12892485957225014,0.03420479381616976,5.551115123125783e-17
337.0,0.0535,3,3,112.04495256611878,0.14150289647500872,0.010219552285573957,1.3877787807814457e-16
337.0,0.054,3,1,12.696168358305393,0.09584292371240566,0.16442345364293404,4.163336342344337e-17
337.0,0.054,3,2,38.17026168477269,0.12703194090697914,0.03903186537119496,5.551115123125783e-17
337.0,0.054,3,3,116.86771894097515,0.141903934465245,0.009686144980039679,2.7755575615628914e-17
337.0,0.0545,3,1,13.415233537853842,0.0980742152227617,0.15258112738694932,-1.3877787807814457e-17
337.0,0.0545,3,2,34.305846542910835,0.12496671147896883,0.04466165150675785,-1.3877787807814457e-17
337.0,0.0545,3,3,121.17135881061436,0.14224164718154808,0.00924805276204672,1.3877787807814457e-16
337.0,0.055,3,1,14.347636833008842,0.10067439741386697,0.13933929849235646,-2.7755575615628914e-17
337.0,0.055,3,2,30.598979274714264,0.12257809311564699,0.05164581541081241,-8.326672684688674e-17
337.0,0.055,3,3,125.08558599427228,0.142533914640973,0.008877096880877688,-4.718447854656915e-16
337.0,0.0555,3,1,15.710055069306513,0.10398423293713256,0.12335283660741127,-1.3877787807814457e-17
337.0,0.0555,3,2,26.751315507552775,0.11951428001892768,0.06134665927213758,-1.3877787807814457e-17
337.0,0.0555,3,3,128.69252359045205,0.14279177806760707,0.008556112606058418,0.0
337.0,0.056,3,1,19.228927369970528,0.11060345157832611,0.09430310152332122,0.0
337.0,0.056,3,2,20.980832559486576,0.11316818880061659,0.08409411451836664,1.3877787807814457e-17
337.0,0.056,3,3,132.04819563163963,0.14302258920606775,0.008273815544481049,2.220446049250313e-16
338.0,0.052,3,1,10.801138620186608,0.08873945948272983,0.20507135448042138,0.0
338.0,0.052,3,2,61.09885271210089,0.1345559762977174,0.021728116826290975,8.326672684688674e-17
338.0,0.052,3,3,91.73971365994167,0.13947214493965596,0.01314007010758413,5.551115123125783e-17
338.0,0.0525,3,1,11.184456420496842,0.09034415530640248,0.19549668947254997,1.3877787807814457e-17
338.0,0.0525,3,2,52.79744362433986,0.1324634477027077,0.026035369254104178,-2.7755575615628914e-17
338.0,0.0525,3,3,100.89717147817122,0.1404634960137575,0.011668566186991006,2.7755575615628914e-17
338.0,0.053,3,1,11.61846158233962,0.09204934889833005,0.18557323358107508,0.0
338.0,0.053,3,2,46.93082873544569,0.13062470939705165,0.030141490596997944,-2.7755575615628914e-17
338.0,0.053,3,3,107.54859781152086,0.1411006238848034,0.010768963906079922,-2.7755575615628914e-17
338.0,0.0535,3,1,12.118645838272178,0.0938819093662222,0.17519669996780957,0.0
338.0,0.0535,3,2,42.14004305477787,0.12881340067896446,0.03448019671918617,-5.551115123125783e-17
338.0,0.0535,3,3,113.03798969607371,0.1415830179378341,0.010111842621102792,2.7755575615628914e-17
338.0,0.054,3,1,12.709348338513765,0.09588316112180693,0.16420597983653318,1.3877787807814457e-17
338.0,0.054,3,2,37.956437772636626,0.1269241449641678,0.03931633765438294,-2.7755575615628914e-17
338.0,0.054,3,3,117.81016260005583,0.14197472821294285,0.009593469134578172,1.942890293094024e-16
338.0,0.0545,3,1,13.432584361364018,0.09812282873123107,0.15232804267602426,-2.7755575615628914e-17
338.0,0.0545,3,2,34.12422088480662,0.124857189220045,0.044970793574539196,-1.3877787807814457e-17
338.0,0.0545,3,3,122.07938186235407,0.1423057811175291,0.009166001500241262,-1.942890293094024e-16
338.0,0.055,3,1,14.372571032094546,0.10073722696633891,0.13902676556411547,-1.3877787807814457e-17
338.0,0.055,3,2,30.43649145991973,0.12245939619972507,0.05200610456882201,-2.7755575615628914e-17
338.0,0.055,3,3,125.96880343977861,0.14259299713790477,0.008803029955768924,2.7755575615628914e-17
338.0,0.0555,3,1,15.753786118281651,0.10407951056319455,0.12290706609115314,1.3877787807814457e-17
338.0,0.0555,3,2,26.590498745267368,0.11936712011653629,0.061833607682015256,1.3877787807814457e-17
338.0,0.0555,3,3,129.55715670185657,0.14284686540343672,0.008488306975785414,-5.551115123125783e-17
339.0,0.052,3,1,10.807452424548815,0.08876408203491608,0.20492271109653556,-1.3877787807814457e-17
339.0,0.052,3,2,60.21868361581408,0.13435355014656025,0.022127785281770927,-2.7755575615628914e-17
339.0,0.052,3,3,93.3476114181267,0.1396532167454765,0.012864776809815362,0.0
339.0,0.0525,3,1,11.191792578917859,0.0903713209223032,0.19533657188287526,-1.3877787807814457e-17
339.0,0.0525,3,2,52.319040529163885,0.13232334379123986,0.026337660827434606,-2.7755575615628914e-17
339.0,0.0525,3,3,102.10436702920566,0.1405796926579966,0.011501810344694528,0.0
339.0,0.053,3,1,11.627140260810668,0.0920796986505879,0.1853989527782214,2.7755575615628914e-17
339.0,0.053,3,2,46.596877394121165,0.1305056359519414,0.030417756802524377,-2.7755575615628914e-17
339.0,0.053,3,3,108.61204876635821,0.14119259603893689,0.010642082746309805,-8.326672684688674e-17
339.0,0.0535,3,1,12.129161177552266,0.0939163985074742,0.1750042735133584,-1.3877787807814457e-17
339.0,0.0535,3,2,41.883192617365175,0.12870370902739905,0.03475231110824337,-8.326672684688674e-17
339.0,0.0535,3,3,114.02451725077361,0.1416614589943592,0.010006944768403326,-8.326672684688674e-17
339.0,0.054,3,1,12.722524361619925,0.09592332410787889,0.16398905178729958,1.3877787807814457e-17
339.0,0.054,3,2,37.74722122787066,0.12681766623180538,0.03959834786490442,2.7755575615628914e-17
339.0,0.054,3,3,118.74837515353609,0.14204427256418167,0.009502862635039466,-8.326672684688674e-17
339.0,0.0545,3,1,13.449961906929994,0.09817142140983569,0.1520752763403025,-2.7755575615628914e-17
339.0,0.0545,3,2,33.94587102423477,0.124748673886172,0.045278145028253766,-1.3877787807814457e-17
339.0,0.0545,3,3,122.9844720869479,0.14236892241172466,0.009085577367987879,-2.7755575615628914e-17
339.0,0.055,3,1,14.397632586020777,0.1008002073839575,0.13871383434607135,1.3877787807814457e-17
339.0,0.055,3,2,30.27636034788419,0.12234136596513605,0.05236561192224443,1.3877787807814457e-17
339.0,0.055,3,3,126.84990394902529,0.14265125560441233,0.008730299877509385,-8.326672684688674e-17
339.0,0.0555,3,1,15.798186641055311,0.10417581942072168,0.12245729087098363,-1.3877787807814457e-17
339.0,0.0555,3,2,26.430945512309453,0.11921962817300573,0.06232358630869888,-2.7755575615628914e-17
339.0,0.0555,3,3,130.4202214005173,0.14290124712756236,0.008421634448335784,-5.551115123125783e-17
340.0,0.052,3,1,10.813746288933697,0.0887886067816806,0.2047747117222112,0.0
340.0,0.052,3,2,59.41744496419236,0.13416485600180078,0.022503621475443183,-2.7755575615628914e-17
340.0,0.052,3,3,94.8769801940187,0.13982064749961579,0.012612816078962039,-2.7755575615628914e-17
340.0,0.0525,3,1,11.199108646300282,0.09039838690427904,0.19517710678515898,2.7755575615628914e-17
340.0,0.0525,3,2,51.86261878717395,0.13218762901033534,0.026632145981337178,-5.551115123125783e-17
340.0,0.0525,3,3,103.28998006476085,0.1406915930173476,0.011342354582274157,-1.1102230246251565e-16
340.0,0.053,3,1,11.635799984044924,0.092109949452997,0.18522532166247618,0.0
340.0,0.053,3,2,46.27374593168157,0.13038902797560284,0.030689524230137506,2.7755575615628914e-17
340.0,0.053,3,3,109.66507481372275,0.1412821949482825,0.010519198669056097,8.326672684688674e-17
340.0,0.0535,3,1,12.139661623513263,0.09395079492473639,0.17481246970445566,1.3877787807814457e-17
340.0,0.0535,3,2,41.63289593545969,0.1285957078302689,0.035021276888655,0.0
340.0,0.0535,3,3,115.00487927307684,0.14173829565688467,0.009904722711364429,1.3877787807814457e-16
340.0,0.054,3,1,12.735696683427388,0.09596341364449157,0.16377266344329824,-2.7755575615628914e-17
340.0,0.054,3,2,37.54242206693723,0.1267124579434604,0.03987798312148482,0.0
340.0,0.054,3,3,119.68254471091528,0.1421126133195415,0.009414243059154004,-1.1102230246251565e-16
340.0,0.0545,3,1,13.467366856682176,0.09821999499511107,0.15182281908811657,2.7755575615628914e-17
340.0,0.0545,3,2,33.77067969280885,0.12464113285702115,0.04558376959078884,-2.7755575615628914e-17
340.0,0.0545,3,3,123.88674446325807,0.1424311019553591,0.009006724562214451,-1.3877787807814457e-16
340.0,0.055,3,1,14.422824579865043,0.10086334447622997,0.1384004785550971,-2.7755575615628914e-17
340.0,0.055,3,2,30.11850556021468,0.12222397413908614,0.05272440304664234,-2.7755575615628914e-17
340.0,0.055,3,3,127.72896321861518,0.14270871251062772,0.008658865965425989,-6.106226635438361e-16
340.0,0.0555,3,1,15.843288065991882,0.10427321068345718,0.12200329910508932,-2.7755575615628914e-17
340.0,0.0555,3,2,26.272570270043687,0.11907173577108571,0.06281683684637815,-2.7755575615628914e-17
340.0,0.0555,3,3,131.2817702105095,0.14295494048975282,0.008356063766696202,-5.551115123125783e-17
341.0,0.0515,3,1,10.474456813523446,0.08728395136276972,0.21395383035296076,1.3877787807814457e-17
341.0,0.0515,3,2,75.70804630219786,0.1372886307577189,0.0166892566972653,0.0
341.0,0.0515,3,3,78.39365079595765,0.13770136081456635,0.01598590338060934,-5.551115123125783e-17
341.0,0.052,3,1,10.820020333687912,0.08881303440395476,0.20462735161081516,-1.3877787807814457e-17
341.0,0.052,3,2,58.68050635174942,0.13398744637166468,0.022859868141743574,-8.326672684688674e-17
341.0,0.052,3,3,96.34244862146451,0.1399768840235222,0.012379948652240302,-1.1102230246251565e-16
341.0,0.0525,3,1,11.206404746064168,0.090425353948508,0.19501828936110613,-1.3877787807814457e-17
341.0,0.0525,3,2,51.42614848230091,0.13205593072229757,0.02691948105437606,-2.7755575615628914e-17
341.0,0.0525,3,3,104.45603873765864,0.14079956904334745,0.011189546088352986,-5.551115123125783e-17
341.0,0.053,3,1,11.64444088266601,0.09214010202490582,0.18505233530965962,-1.3877787807814457e-17
341.0,0.053,3,2,45.960751602275735,0.1302747475431759,0.030957039778705647,-2.7755575615628914e-17
341.0,0.053,3,3,110.70835694029667,0.14136955782778507,0.010400068392381752,0.0
341.0,0.0535,3,1,12.150147332328661,0.09398509939488416,0.1746212833620888,1.3877787807814457e-17
341.0,0.0535,3,2,41.38883334091218,0.1284893258255038,0.035287223861291794,0.0
341.0,0.0535,3,3,115.97939365752161,0.14181359841945482,0.009805050504725896,1.3877787807814457e-16
341.0,0.054,3,1,12.748865559994362,0.09600343070082991,0.1635568087931908,1.3877787807814457e-17
341.0,0.054,3,2,37.34186199545072,0.12660847601896488,0.04015532555615949,2.7755575615628914e-17
341.0,0.054,3,3,120.61284770401939,0.14217979359827282,0.009327532946655767,1.1102230246251565e-16
341.0,0.0545,3,1,13.4847999013432,0.09826855123340754,0.1515706616069448,1.3877787807814457e-17
341.0,0.0545,3,2,33.598535713078235,0.12453453502596297,0.04588772816780049,1.3877787807814457e-17
341.0,0.0545,3,3,124.78630788228057,0.142492349116399,0.008929390134036739,-8.326672684688674e-17
341.0,0.055,3,1,14.448150190030022,0.10092664420086939,0.13808667131055935,0.0
341.0,0.055,3,2,29.962850161385887,0.12210719326275378,0.05308254230914502,0.0
341.0,0.055,3,3,128.6060534225444,0.1427653893647689,0.008588689361078133,-1.1102230246251565e-16
341.0,0.0555,3,1,15.889124134670597,0.10437173919572956,0.12154486396402547,-2.7755575615628914e-17
341.0,0.0555,3,2,26.11528737464611,0.1189233714787492,0.06331361473965659,-8.326672684688674e-17
341.0,0.0555,3,3,132.14185345939347,0.14300796208423958,0.00829156492755622,-4.440892098500626e-16
342.0,0.0515,3,1,10.479910381189612,0.08730620255816844,0.21381662139316765,1.3877787807814457e-17
342.0,0.0515,3,2,71.02946846501244,0.13650711902842425,0.018062549376825093,-2.7755575615628914e-17
342.0,0.0515,3,3,83.79984197800465,0.13846387867679297,0.014726288471301792,0.0
342.0,0.052,3,1,10.826274678098931,0.08883736557597982,0.2044806260644911,0.0
342.0,0.052,3,2,57.99720388589665,0.133819531382948,0.02319962625211302,5.551115123125783e-17
342.0,0.052,3,3,97.75467883440321,0.14012371552697736,0.012163076996006536,1.942890293094024e-16
342.0,0.0525,3,1,11.213681000557969,0.09045222274437309,0.19486011484171392,0.0
342.0,0.0525,3,2,51.00788392093628,0.13192792731535782,0.027200232208533206,-2.7755575615628914e-17
342.0,0.0525,3,3,105.60428699118012,0.1409039416686211,0.011042822193956022,5.551115123125783e-17
342.0,0.053,3,1,11.653063086236209,0.09217015707880698,0.18487998884519458,-1.3877787807814457e-17
342.0,0.053,3,2,45.65727705758927,0.13016266946625324,0.031220527448867687,-2.7755575615628914e-17
342.0,0.053,3,3,111.74251074805947,0.14145480916302036,0.010284471498277369,0.0
342.0,0.0535,3,1,12.160618459277728,0.09401931268817,0.17443070935586946,-1.3877787807814457e-17
342.0,0.0535,3,2,41.1507086805377,0.1283844967284666,0.03555027272947673,-2.7755575615628914e-17
342.0,0.0535,3,3,116.94835479627046,0.1418874328055388,0.009707811267640355,-2.7755575615628914e-17
342.0,0.054,3,1,12.762031247667023,0.09604337624152116,0.16334148186540182,-1.3877787807814457e-17
342.0,0.054,3,2,37.14537344523752,0.12650567884870614,0.04043045271800728,-2.7755575615628914e-17
342.0,0.054,3,3,121.5394498497911,0.142245854053871,0.009242659396149627,-1.1102230246251565e-16
342.0,0.0545,3,1,13.502261740477268,0.09831709188139431,0.1513187945609818,-2.7755575615628914e-17
342.0,0.0545,3,2,33.429333572245845,0.12442885069623738,0.04619007904636736,-5.551115123125783e-17
342.0,0.0545,3,3,125.68326557305711,0.14255269184287225,0.008853523792297919,0.0
342.0,0.055,3,1,14.473612688277846,0.10099011267059088,0.1377723851056864,0.0
342.0,0.055,3,2,29.809320439481887,0.12199099662786328,0.05344009300622081,-2.7755575615628914e-17
342.0,0.055,3,3,129.48124342730338,0.14282130676976204,0.00851973291888068,1.6653345369377348e-16
342.0,0.0555,3,1,15.935731144910017,0.104471463855845,0.1210817420650136,1.3877787807814457e-17
342.0,0.0555,3,2,25.959010714429308,0.11877446043159536,0.06381419081605233,0.0
342.0,0.0555,3,3,133.00051939774931,0.1430603278839133,0.008228109114269258,2.7755575615628914e-17
343.0,0.0515,3,1,10.485345083946909,0.08732836090611268,0.21368002869973673,1.3877787807814457e-17
343.0,0.0515,3,2,68.83249699709347,0.1361093097656554,0.018782441011357988,2.7755575615628914e-17
343.0,0.0515,3,3,86.72482504729398,0.13884278004091555,0.014119597086561313,0.0
343.0,0.052,3,1,10.83250944040708,0.08886160096539121,0.20433453043352365,0.0
343.0,0.052,3,2,57.359484006425774,0.13365975476531647,0.023525244232732844,-5.551115123125783e-17
343.0,0.052,3,3,99.12172264724678,0.1402624976237065,0.011959856088445015,-5.551115123125783e-17
343.0,0.0525,3,1,11.220937531070922,0.090478993974548,0.19470257850662362,0.0
343.0,0.0525,3,2,50.60631123283474,0.13180333888019355,0.027474891938560262,-2.7755575615628914e-17
343.0,0.0525,3,3,106.73623695803185,0.14100499013027082,0.01090169386358634,-5.551115123125783e-17
343.0,0.053,3,1,11.661666723269141,0.09220011532042467,0.18470827744345142,1.3877787807814457e-17
343.0,0.053,3,2,45.362762000019316,0.13005267969094428,0.031480191233063136,-5.551115123125783e-17
343.0,0.053,3,3,112.76809480097823,0.14153806231203708,0.010172207543062991,-8.326672684688674e-17
343.0,0.0535,3,1,12.171075158760042,0.09405343556831515,0.1742407426033588,0.0
343.0,0.0535,3,2,40.91824700265615,0.12828115875231605,0.03581053598025168,0.0
343.0,0.0535,3,3,117.91203589243553,0.1419598598475699,0.009612896302854713,-1.1102230246251565e-16
343.0,0.054,3,1,12.775194003113285,0.09608325122676259,0.16312667672728934,0.0
343.0,0.054,3,2,36.95279871028533,0.1264040270997661,0.04070343793582824,-2.7755575615628914e-17
343.0,0.054,3,3,122.46250701419098,0.1423108330678022,0.009159553703034926,1.1102230246251565e-16
343.0,0.0545,3,1,13.519753082746618,0.09836561870657458,0.1510672085886648,1.3877787807814457e-17
343.0,0.0545,3,2,33.26297303302993,0.12432405148597693,0.04649087807671918,0.0
343.0,0.0545,3,3,126.57771549143965,0.14261215675732233,0.008779077724082584,2.7755575615628914e-17
343.0,0.055,3,1,14.499215445990377,0.10105375616028188,0.13745759177738512,-1.3877787807814457e-17
343.0,0.055,3,2,29.65784570307984,0.12187535821711032,0.053797117494763215,-2.7755575615628914e-17
343.0,0.055,3,3,130.35459899062226,0.14287648447563892,0.008451961104966167,-3.0531133177191805e-16
343.0,0.0555,3,1,15.983148227375388,0.10457244805219335,0.12061367169122396,0.0
343.0,0.0555,3,2,25.80365332168186,0.11862492386480417,0.06431885312902483,2.7755575615628914e-17
343.0,0.0555,3,3,133.85781431061034,0.14311205327225665,0.008165668634307545,2.498001805406602e-16
344.0,0.0515,3,1,10.490761036339949,0.08735042705347,0.2135440477384042,0.0
344.0,0.0515,3,2,67.2070003278113,0.13580085221953173,0.019350320557433996,-2.7755575615628914e-17
344.0,0.0515,3,3,89.07872983263898,0.13913241502174192,0.013664443588779806,-1.1102230246251565e-16
344.0,0.052,3,1,10.838724737817953,0.08888574123330274,0.20418906011569954,-1.3877787807814457e-17
344.0,0.052,3,2,56.761090489099615,0.13350705937722576,0.023838551546716644,-2.7755575615628914e-17
344.0,0.052,3,3,100.44983455116564,0.14039428680536753,0.011768459837796202,0.0
344.0,0.0525,3,1,11.228174457845288,0.09050566831508201,0.19454567568348383,-1.3877787807814457e-17
344.0,0.0525,3,2,50.220107747294186,0.13168191997162698,0.02774389188512428,-5.551115123125783e-17
344.0,0.0525,3,3,107.85320958403766,0.14110295920808674,0.010765732882500278,-5.551115123125783e-17
344.0,0.053,3,1,11.670251921242166,0.09222997744880052,0.18453719632710527,-2.7755575615628914e-17
344.0,0.053,3,2,45.07669615233124,0.12994467394666012,0.03173621755235925,-8.326672684688674e-17
344.0,0.053,3,3,113.78561765522309,0.14161942085647997,0.010063093620985864,-8.326672684688674e-17
344.0,0.0535,3,1,12.181517584309697,0.09408746879259976,0.17405137806940535,-1.3877787807814457e-17
344.0,0.0535,3,2,40.691192526648855,0.12817925418641496,0.03606811865866676,0.0
344.0,0.0535,3,3,118.87069099039168,0.14203093650843987,0.00952020432286351,2.7755575615628914e-17
344.0,0.054,3,1,12.788354083356458,0.0961230566124474,0.16291238748432715,0.0
344.0,0.054,3,2,36.76398916949014,0.12630348354126078,0.040974350644752515,2.7755575615628914e-17
344.0,0.054,3,3,123.38216598929678,0.1423747669240313,0.00907815103349069,0.0
344.0,0.0545,3,1,13.53727464617509,0.0984141334878117,0.15081589430016004,-2.7755575615628914e-17
344.0,0.0545,3,2,33.09935877780406,0.12422011024117152,0.04679017883879291,-5.551115123125783e-17
344.0,0.0545,3,3,127.46975067557337,0.14267076924331104,0.008706006430448556,-5.551115123125783e-17
344.0,0.055,3,1,14.524961938669998,0.10111758111456938,0.13714226247440997,1.3877787807814457e-17
344.0,0.055,3,2,29.508358092774564,0.12176025264803647,0.054153677317334406,0.0
344.0,0.055,3,3,131.22618294533203,0.14293094142808874,0.00838533990354253,0.0
344.0,0.0555,3,1,16.03141766160338,0.10467476016119726,0.12014037075882113,0.0
344.0,0.0555,3,2,25.6491269525267,0.11847467858533046,0.06482790904910792,-1.3877787807814457e-17
344.0,0.0555,3,3,134.71378262146933,0.14316315307319408,0.008104216860848853,-2.498001805406602e-16
345.0,0.0515,3,1,10.496158351905871,0.08737240164077713,0.2134086740212541,-1.3877787807814457e-17
345.0,0.0515,3,2,65.87996407009832,0.1355394944719837,0.019838106886390396,-1.1102230246251565e-16
345.0,0.0515,3,3,91.13456899195134,0.139375034908788,0.013288912393336821,-1.6653345369377348e-16
345.0,0.052,3,1,10.844920686514163,0.08890978703438834,0.20404421055569133,0.0
345.0,0.052,3,2,56.19705035088382,0.13336060205663078,0.024141006560318527,2.7755575615628914e-17
345.0,0.052,3,3,101.74398580872001,0.14051992559075402,0.011587433216558456,1.3877787807814457e-16
345.0,0.0525,3,1,11.235391900088421,0.09053224643548323,0.1943894017473229,-1.3877787807814457e-17
345.0,0.0525,3,2,49.84811006645226,0.1315634539120584,0.028007612915694504,-5.551115123125783e-17
345.0,0.0525,3,3,108.9563665547106,0.14119806492102407,0.010634561776235427,1.1102230246251565e-16
345.0,0.053,3,1,11.678818806608902,0.0922597441563789,0.18436674076649842,1.3877787807814457e-17
345.0,0.053,3,2,44.798613298995555,0.12983855659921942,0.031988777324047306,-5.551115123125783e-17
345.0,0.053,3,3,114.79554381770087,0.14169897974839218,0.009956962297043771,8.326672684688674e-17
345.0,0.0535,3,1,12.191945888609721,0.09412141311195256,0.17386261076548803,1.3877787807814457e-17
345.0,0.0535,3,2,40.46930685443565,0.12807872902441234,0.03632311905055206,-2.7755575615628914e-17
345.0,0.0535,3,3,119.82455676416762,0.14210071605332167,0.009429640767573598,5.551115123125783e-17
345.0,0.054,3,1,12.801511745809316,0.0961627933502908,0.16269860827929167,1.3877787807814457e-17
345.0,0.054,3,2,36.57880458580676,0.12620401288659858,0.04124325668107989,0.0
345.0,0.054,3,3,124.29856519400913,0.14243768996663134,0.008998390130228842,2.498001805406602e-16
345.0,0.0545,3,1,13.554827158420167,0.09846263801586946,0.15056484227479217,1.3877787807814457e-17
345.0,0.0545,3,2,32.93840008260882,0.12411700095576572,0.04708803279517342,2.7755575615628914e-17
345.0,0.0545,3,3,128.35945957149823,0.1427285535247743,0.008634266575830803,-1.942890293094024e-16
345.0,0.055,3,1,14.550855750698233,0.10118159415581289,0.1368263676237646,1.3877787807814457e-17
345.0,0.055,3,2,29.36079240599404,0.12164565511998333,0.05450983332235232,1.3877787807814457e-17
345.0,0.055,3,3,132.0960553696712,0.1429846958135038,0.00831983673007995,-1.3877787807814457e-16
345.0,0.0555,3,1,16.080585238505545,0.10477847411814585,0.11966153448677203,0.0
345.0,0.0555,3,2,25.49534162714704,0.11832363637313208,0.06534168764848498,1.3877787807814457e-17
345.0,0.0555,3,3,135.56846698943883,0.1432136415790228,0.008043728178167798,-1.942890293094024e-16
346.0,0.0515,3,1,10.501537143185958,0.08739428530231952,0.21327390310611344,0.0
346.0,0.0515,3,2,64.74384150119893,0.1353085367682028,0.020274209455984734,-2.7755575615628914e-17
346.0,0.0515,3,3,92.99988753136077,0.13958733883474198,0.012964597297349216,-5.551115123125783e-17
346.0,0.052,3,1,10.851097401667165,0.08893373901696304,0.20389997724444386,1.3877787807814457e-17
346.0,0.052,3,2,55.66333445511668,0.1332196973310613,0.024433794267769707,2.7755575615628914e-17
346.0,0.052,3,3,103.00820384856554,0.14064009881563275,0.011415594537057547,8.326672684688674e-17
346.0,0.0525,3,1,11.242589975984673,0.09055872899880067,0.1942337521199314,1.3877787807814457e-17
346.0,0.0525,3,2,49.48928866510737,0.13144774825308683,0.028266393153368707,8.326672684688674e-17
346.0,0.0525,3,3,110.04673569530496,0.14129049906549404,0.010507845782193362,1.942890293094024e-16
346.0,0.053,3,1,11.687367504811093,0.0922894161290896,0.18419690607902067,2.7755575615628914e-17
346.0,0.053,3,2,44.52808620640505,0.12973423967170114,0.03223802772618438,8.326672684688674e-17
346.0,0.053,3,3,115.79829882571171,0.14177682628927385,0.009853659842855009,2.498001805406602e-16
346.0,0.0535,3,1,12.202360223505979,0.09415526927103839,0.1736744357490739,0.0
346.0,0.0535,3,2,40.252367389637186,0.12797953263501655,0.0365756292866604,0.0
346.0,0.0535,3,3,120.77385409815845,0.14216924837880185,0.009341117200591883,-5.551115123125783e-17
346.0,0.054,3,1,12.81466724830857,0.09620246238795561,0.1624853332914534,1.3877787807814457e-17
346.0,0.054,3,2,36.39711247285193,0.1261055816506926,0.04151021854904867,0.0
346.0,0.054,3,3,125.21183530729544,0.1424996347424388,0.008920213046315186,5.551115123125783e-17
346.0,0.0545,3,1,13.572411357052028,0.09851113409396284,0.1503140430584364,1.3877787807814457e-17
346.0,0.0545,3,2,32.780010518040186,0.12401469869818238,0.04738448943177437,-2.7755575615628914e-17
346.0,0.0545,3,3,129.24692633186973,0.14278553273894098,0.008563816849753651,-8.326672684688674e-17
346.0,0.055,3,1,14.576900580370888,0.10124580209255431,0.13650987689520463,5.551115123125783e-17
346.0,0.055,3,2,29.21508593389285,0.12153154136379046,0.05486564577994726,5.551115123125783e-17
346.0,0.055,3,3,132.964273745252,0.14303776510082541,0.008255420350728468,1.3877787807814457e-16
346.0,0.0555,3,1,16.130700677959226,0.1048836700743709,0.11917683271456515,-1.3877787807814457e-17
346.0,0.0555,3,2,25.342205121233093,0.11817170329782752,0.06586054243414528,-1.3877787807814457e-17
346.0,0.0555,3,3,136.4219084000978,0.14326353257657307,0.00798417793053465,-5.551115123125783e-17
347.0,0.0515,3,1,10.506897521737155,0.08741607866621014,0.21313973059595454,4.163336342344337e-17
347.0,0.0515,3,2,63.74310364944434,0.13509932860600382,0.020673336489907386,2.7755575615628914e-17
347.0,0.0515,3,3,94.7302127183136,0.13977797668601802,0.012676793300553846,2.7755575615628914e-17
347.0,0.052,3,1,10.857254997448832,0.08895759782306267,0.20375635571857348,0.0
347.0,0.052,3,2,55.15662534473681,0.13308377885972794,0.024717893213984835,-5.551115123125783e-17
347.0,0.052,3,3,104.24580443210014,0.14075537219055198,0.011251968529139471,-1.3877787807814457e-16
347.0,0.0525,3,1,11.249768802707022,0.09058511666170488,0.19407872226925635,0.0
347.0,0.0525,3,2,49.14272745870954,0.13133463111971577,0.02852053444231039,0.0
347.0,0.0525,3,3,111.12523140270105,0.14138043287107196,0.010385286384603641,2.7755575615628914e-17
347.0,0.053,3,1,11.695898140290714,0.09231899404643044,0.18402768762849325,4.163336342344337e-17
347.0,0.053,3,2,44.26472226882986,0.12963164200396543,0.032484113711682826,5.551115123125783e-17
347.0,0.053,3,3,116.79427360086832,0.14185304097047244,0.009753044722975395,-2.7755575615628914e-17
347.0,0.0535,3,1,12.212760740021116,0.09418903800834501,0.17348684812298396,1.3877787807814457e-17
347.0,0.0535,3,2,40.040165935764485,0.1278816174696106,0.03682573587897502,-2.7755575615628914e-17
347.0,0.0535,3,3,121.71878948880959,0.1422365803051728,0.009254550773340942,-1.6653345369377348e-16
347.0,0.054,3,1,12.82782084914914,0.0962420646691764,0.16227255673578242,0.0
347.0,0.054,3,2,36.21878752121872,0.12600815802042692,0.04177529566273595,0.0
347.0,0.054,3,3,126.12209984173532,0.14256063213045753,0.008843564903854453,-5.551115123125783e-17
347.0,0.0545,3,1,13.590027989842095,0.09855962353832474,0.15006348716084397,1.3877787807814457e-17
347.0,0.0545,3,2,32.624107674358044,0.12391317954363995,0.04767959638747898,6.938893903907228e-17
347.0,0.0545,3,3,130.13223109044924,0.14284172900344308,0.008494617839645268,-8.326672684688674e-17
347.0,0.055,3,1,14.603100245228465,0.10131021192845513,0.1361927591637184,1.3877787807814457e-17
347.0,0.055,3,2,29.07117830923603,0.12141788759393264,0.055221174494151655,2.7755575615628914e-17
347.0,0.055,3,3,133.83089310373043,0.14309016608046288,0.008192060807430743,5.551115123125783e-17
347.0,0.0555,3,1,16.181818112040823,0.10499043515725759,0.11868590680062417,2.7755575615628914e-17
347.0,0.0555,3,2,25.1896223976012,0.1180187789341521,0.06638485449711334,4.163336342344337e-17
347.0,0.0555,3,3,137.27414625053243,0.14331283937173417,0.007925542374350406,-8.326672684688674e-17
348.0,0.0515,3,1,10.512239598143287,0.0874377823544664,0.21300615213831156,1.3877787807814457e-17
348.0,0.0515,3,2,62.84465849886069,0.1349066981404302,0.02104427690056895,0.0
348.0,0.0515,3,3,96.35863487684126,0.13995211969806834,0.012416714682910251,5.551115123125783e-17
348.0,0.052,3,1,10.863393587042971,0.08898136408852265,0.20361334155977368,-1.3877787807814457e-17
348.0,0.052,3,2,54.67415361539841,0.13295237222178438,0.02499412271193664,2.7755575615628914e-17
348.0,0.052,3,3,105.45955528022422,0.14086621951249526,0.01109573912318951,1.1102230246251565e-16
348.0,0.0525,3,1,11.256928496428856,0.09061141007456817,0.1939243077087988,4.163336342344337e-17
348.0,0.0525,3,2,48.80760720244492,0.13122394823587155,0.028770307606609848,0.0
348.0,0.0525,3,3,112.19267124619648,0.14146801997489286,0.010266616056060772,-1.1102230246251565e-16
348.0,0.053,3,1,11.704410836501758,0.09234847858154803,0.18385908082456434,4.163336342344337e-17
348.0,0.053,3,2,44.008159757511486,0.12953068852754449,0.03272716931408525,0.0
348.0,0.053,3,3,117.78382819988096,0.1419276981982054,0.009654986289524266,-5.551115123125783e-17
348.0,0.0535,3,1,12.223147588368333,0.09422272005626846,0.17329984303476723,-4.163336342344337e-17
348.0,0.0535,3,2,39.832507449327785,0.12778493880178454,0.03707352019827151,-8.326672684688674e-17
348.0,0.0535,3,3,122.65955629138193,0.1423027558368089,0.00916986374791578,-1.6653345369377348e-16
348.0,0.054,3,1,12.840972807119218,0.09628160113388436,0.1620602728621518,1.3877787807814457e-17
348.0,0.054,3,2,36.04371107778615,0.125911711736898,0.04203854456587125,2.7755575615628914e-17
348.0,0.054,3,3,127.02947566406168,0.14262071145948596,0.008768393674761184,8.326672684688674e-17
348.0,0.0545,3,1,13.607677815059466,0.09860810817878506,0.1498131650529232,1.3877787807814457e-17
348.0,0.0545,3,2,32.47061290847164,0.12381242051170938,0.04797339957380114,2.7755575615628914e-17
348.0,0.0545,3,3,131.015450214715,0.14289716347817336,0.008426631913685664,1.6653345369377348e-16
348.0,0.055,3,1,14.629458687704886,0.10137483087175965,0.1358749824698205,4.163336342344337e-17
348.0,0.055,3,2,28.929011364283344,0.12130467046281146,0.055576478912065394,5.551115123125783e-17
348.0,0.055,3,3,134.69596616316963,0.1431419149005332,0.008129729348245792,0.0
348.0,0.0555,3,1,16.233996646921998,0.10509886435342553,0.11818836601855633,0.0
348.0,0.0555,3,2,25.037494964524324,0.11786475545575635,0.06691503616086084,4.163336342344337e-17
348.0,0.0555,3,3,138.12521842900094,0.143361574812469,0.007867798633272778,-1.1102230246251565e-16
349.0,0.0515,3,1,10.517563482026375,0.08745939698308702,0.21287316342469886,4.163336342344337e-17
349.0,0.0515,3,2,62.026913119518916,0.13472725976148714,0.021392781126712824,0.0
349.0,0.0515,3,3,97.90674525708424,0.14011315287756756,0.012178614167373121,0.0
349.0,0.052,3,1,10.869513282656541,0.08900503844305487,0.20347093039423386,4.163336342344337e-17
349.0,0.052,3,2,54.21357962415504,0.13282507521734913,0.02526317701494094,0.0
349.0,0.052,3,3,106.65179436453026,0.14097304236377692,0.010946215278233433,8.326672684688674e-17
349.0,0.0525,3,1,11.264069172335061,0.09063760988154201,0.1937705039970318,2.7755575615628914e-17
349.0,0.0525,3,2,48.48319187949429,0.13111556048207954,0.02901595676693538,0.0
349.0,0.0525,3,3,113.2497895791264,0.141553398863892,0.010151593941261573,2.7755575615628914e-17
349.0,0.053,3,1,11.712905715921895,0.09237787040131763,0.18369108112211374,4.163336342344337e-17
349.0,0.053,3,2,43.75806457402409,0.12943130963709676,0.03296731877902857,0.0
349.0,0.053,3,3,118.767295061071,0.1420008669220202,0.009559363651114334,-1.3877787807814457e-16
349.0,0.0535,3,1,12.23352091796513,0.09425631614119777,0.1731134156760843,4.163336342344337e-17
349.0,0.0535,3,2,39.62920892749837,0.12768945449461952,0.03731905890061502,-2.7755575615628914e-17
349.0,0.0535,3,3,123.59633583216758,0.14236781639479207,0.009086983070999487,2.7755575615628914e-17
349.0,0.054,3,1,12.854123381535233,0.09632107271833072,0.16184847595455293,-1.3877787807814457e-17
349.0,0.054,3,2,35.87177067218452,0.12581621398814766,0.042300019131979526,0.0
349.0,0.054,3,3,127.93407346855264,0.1426799006152554,0.008694649981196048,-2.7755575615628914e-17
349.0,0.0545,3,1,13.625361601776817,0.09865658985936517,0.14956306716395654,-1.3877787807814457e-17
349.0,0.0545,3,2,32.319451110713054,0.12371239950861301,0.04826594328552774,-2.7755575615628914e-17
349.0,0.0545,3,3,131.89665653867235,0.14295185642238595,0.008359823112739,2.7755575615628914e-17
349.0,0.055,3,1,14.655979981115795,0.10143966634531802,0.13555651397752203,1.3877787807814457e-17
349.0,0.055,3,2,28.788528997787314,0.12119186701694275,0.05593161823058012,-1.3877787807814457e-17
349.0,0.055,3,3,135.55954345494234,0.14319302710064322,0.008068398362449455,-5.551115123125783e-17
349.0,0.0555,3,1,16.28730101961891,0.10520906154035635,0.11768378334823469,1.3877787807814457e-17
349.0,0.0555,3,2,24.885720144174513,0.1177095165819567,0.06745153523211636,-1.3877787807814457e-17
349.0,0.0555,3,3,138.97516138963599,0.14340975131042955,0.00781092465610827,-5.551115123125783e-17
350.0,0.0515,3,1,10.52286928205743,0.08748092316212626,0.21274076019004695,2.7755575615628914e-17
350.0,0.0515,3,2,61.274861696925626,0.13455865301897402,0.021722856330958454,0.0
350.0,0.0515,3,3,99.38954800578301,0.14026343607750122,0.01195848772272595,8.326672684688674e-17
350.0,0.052,3,1,10.875614195530689,0.08902862151032369,0.20332911789206645,0.0
350.0,0.052,3,2,53.77290607597747,0.13270154329079414,0.025525650596479654,-2.7755575615628914e-17
350.0,0.052,3,3,107.82451732066883,0.14107618468867192,0.010802805702496875,2.7755575615628914e-17
350.0,0.0525,3,1,11.271190944633462,0.09066371672063495,0.19361730673681646,-2.7755575615628914e-17
350.0,0.0525,3,2,48.168817446688074,0.131009341873273,0.02925770291349745,-5.551115123125783e-17
350.0,0.0525,3,3,114.29724879308378,0.14163669489691308,0.010040002284426221,-1.3877787807814457e-16
350.0,0.053,3,1,11.721382900063857,0.09240717016642137,0.1835236840206684,-1.3877787807814457e-17
350.0,0.053,3,2,43.51412742761072,0.1293334406431395,0.033204677549032065,2.7755575615628914e-17
350.0,0.053,3,3,119.74498182691721,0.14207261118197842,0.0094660646884515,5.551115123125783e-17
350.0,0.0535,3,1,12.243880877446424,0.09428982698359689,0.17292756128210623,2.7755575615628914e-17
350.0,0.0535,3,2,39.43009841304502,0.12759512479218862,0.03756242430931251,8.326672684688674e-17
350.0,0.0535,3,3,124.52929840343145,0.1424318010253228,0.009005839992316106,-2.220446049250313e-16
350.0,0.054,3,1,12.86727283227733,0.09636048035521044,0.16163716033031425,2.7755575615628914e-17
350.0,0.054,3,2,35.70285958531558,0.12572163731126165,0.04255977074697239,2.7755575615628914e-17
350.0,0.054,3,3,128.8359982083698,0.14273822613820142,0.008622286913555266,-2.7755575615628914e-17
350.0,0.0545,3,1,13.643080130185746,0.09870507043888795,0.14931318387875783,-1.3877787807814457e-17
350.0,0.0545,3,2,32.17055048954599,0.12361309527382523,0.048557270303185116,-4.163336342344337e-17
350.0,0.0545,3,3,132.7759195777253,0.14300582724747976,0.008294157050524912,-5.551115123125783e-17
350.0,0.055,3,1,14.682668336014482,0.10150472599721706,0.1352373199297724,-1.3877787807814457e-17
350.0,0.055,3,2,28.649677050291544,0.12107945465479449,0.05628665150124174,-1.3877787807814457e-17
350.0,0.055,3,3,136.4216734419728,0.14324351764341603,0.00800804132001755,2.7755575615628914e-17
350.0,0.0555,3,1,16.341802369859057,0.10532114069808975,0.11717169053288036,1.3877787807814457e-17
350.0,0.0555,3,2,24.734190230544204,0.11755293634571345,0.06799483998312249,2.7755575615628914e-17
350.0,0.0555,3,3,139.82401022254894,0.14345738086127638,0.007754899177266013,1.3877787807814457e-16
351.0,0.051,3,1,10.209331226067235,0.08602533850198041,0.22178654421648425,2.7755575615628914e-17
351.0,0.051,3,2,74.65301328174316,0.1370874942748042,0.01703751073556753,8.326672684688674e-17
351.0,0.051,3,3,85.75135776937688,0.1386901163115276,0.014362505007593342,2.7755575615628914e-17
351.0,0.0515,3,1,10.528157105967447,0.08750236149576827,0.2126089382121406,6.938893903907228e-17
351.0,0.0515,3,2,60.57757999702428,0.13439915388211637,0.02203742780489382,5.551115123125783e-17
351.0,0.0515,3,3,100.81796570115208,0.14040469273745368,0.011753413158862351,2.7755575615628914e-17
351.0,0.052,3,1,10.881696435951955,0.08905211390802159,0.20318789976673773,0.0
351.0,0.052,3,2,53.350412180719786,0.13258147853606844,0.025782057212724845,5.551115123125783e-17
351.0,0.052,3,3,108.97944329126021,0.14117594378801196,0.010664999791256763,1.6653345369377348e-16
351.0,0.0525,3,1,11.278293926565969,0.09068973122378866,0.19346471157483083,4.163336342344337e-17
351.0,0.0525,3,2,47.86388245767129,0.13090517787156938,0.0294957468862188,-2.7755575615628914e-17
351.0,0.0525,3,3,115.33564869464129,0.14171802199185043,0.0099316434495072,5.551115123125783e-17
351.0,0.053,3,1,11.729842509486897,0.0924363785314259,0.18335688506382442,1.3877787807814457e-17
351.0,0.053,3,2,43.27606137087243,0.12923702129355427,0.03343935312420917,-5.551115123125783e-17
351.0,0.053,3,3,120.7171738082452,0.14214299058706717,0.009374985194005788,-1.3877787807814457e-16
351.0,0.0535,3,1,12.254227614678376,0.094323253298088,0.17274227513090995,2.7755575615628914e-17
351.0,0.0535,3,2,39.23501410181951,0.12750191213225628,0.037803684757884905,2.7755575615628914e-17
351.0,0.0535,3,3,125.45860415580854,0.14249474658693304,0.008926369722060318,0.0
351.0,0.054,3,1,12.880421419824913,0.09639982497378478,0.16142632033932838,0.0
351.0,0.054,3,2,35.53687645547271,0.12562795550285302,0.042817848476028895,0.0
351.0,0.054,3,3,129.73534948929523,0.14279571331285243,0.008551259864164018,-2.7755575615628914e-17
351.0,0.0545,3,1,13.660834191921623,0.09875355179160318,0.14906350553476885,-1.3877787807814457e-17
351.0,0.0545,3,2,32.02384237255733,0.123514487330582,0.048847421988085324,4.163336342344337e-17
351.0,0.0545,3,3,133.65330572725384,0.1430590945658583,0.008229600821275473,1.1102230246251565e-16
351.0,0.055,3,1,14.709528106940642,0.10157001771205874,0.13491736560121328,1.3877787807814457e-17
351.0,0.055,3,2,28.512403186998014,0.12096741108605052,0.05664163773378459,-2.7755575615628914e-17
351.0,0.055,3,3,137.2824026290141,0.14329340094394274,0.007948632715137004,-1.6653345369377348e-16
351.0,0.0555,3,1,16.397579152650113,0.10543522734089554,0.11665157223956313,1.3877787807814457e-17
351.0,0.0555,3,2,24.582791510924995,0.11739487764283667,0.06854548502809846,1.3877787807814457e-17
351.0,0.0555,3,3,140.67179871968042,0.14350447506379596,0.007699701679585819,5.551115123125783e-17
352.0,0.051,3,1,10.21396747148585,0.0860449799275228,0.22166322835030092,0.0
352.0,0.051,3,2,72.13462417368805,0.1366664506530105,0.017778161804129278,-5.551115123125783e-17
352.0,0.051,3,3,88.99977391172638,0.13909471662330766,0.013723263481169068,-2.7755575615628914e-17
352.0,0.0515,3,1,10.53342706055798,0.0875237125823996,0.2124776933110696,2.7755575615628914e-17
352.0,0.0515,3,2,59.92682559601004,0.13424745726983792,0.022338708887949095,2.7755575615628914e-17
352.0,0.0515,3,3,102.20023912295035,0.1405382273532594,0.011561180208278288,0.0
352.0,0.052,3,1,10.887760113262773,0.08907551624794212,0.20304727177451773,1.3877787807814457e-17
352.0,0.052,3,2,52.94460321623192,0.13246462126308386,0.026032844520759244,0.0
352.0,0.052,3,3,110.11806536266315,0.14127257875272117,0.01053235300899037,0.0
352.0,0.0525,3,1,11.285378230419155,0.09071565401695192,0.19331271420101492,0.0
352.0,0.0525,3,2,47.567840194956986,0.13080296396853874,0.029730271878095536,0.0
352.0,0.0525,3,3,116.36553437317474,0.14179748404330086,0.009826337417200142,8.326672684688674e-17
352.0,0.053,3,1,11.738284663807688,0.09246549614485788,0.18319067983868317,2.7755575615628914e-17
352.0,0.053,3,2,43.043599639850065,0.12914199535357473,0.033671445817499805,0.0
352.0,0.053,3,3,121.68413614403241,0.14221206073512946,0.009286028117156895,-8.326672684688674e-17
352.0,0.0535,3,1,12.264561276771182,0.09435659579353108,0.1725575525428968,0.0
352.0,0.0535,3,2,39.043803540205,0.1274097809775968,0.038042904898813366,0.0
352.0,0.0535,3,3,126.38440390073146,0.14255668791908135,0.008848511122547094,-1.942890293094024e-16
352.0,0.054,3,1,12.89356940529295,0.09643910750000471,0.16121595036327846,-1.3877787807814457e-17
352.0,0.054,3,2,35.373724918143495,0.1255351435370645,0.04307429921639804,0.0
352.0,0.054,3,3,130.63222192978847,0.1428523862496988,0.008481526375049873,2.7755575615628914e-17
352.0,0.0545,3,1,13.67862459039907,0.09880203580783037,0.14881402241908412,0.0
352.0,0.0545,3,2,31.879261022251804,0.12341655593994487,0.0491364383706338,0.0
352.0,0.0545,3,3,134.5288784463791,0.14311167623621676,0.008166122914203936,3.3306690738754696e-16
352.0,0.055,3,1,14.736563799593728,0.10163554962293951,0.13459661524801772,4.163336342344337e-17
352.0,0.055,3,2,28.37665678752819,0.12085571429208257,0.05699663599887698,4.163336342344337e-17
352.0,0.055,3,3,138.141775665613,0.143342690897325,0.007890148013422428,-1.3877787807814457e-16
352.0,0.0555,3,1,16.45471822412375,0.10555146021970675,0.11612285911623693,1.3877787807814457e-17
352.0,0.0555,3,2,24.431403118058274,0.11723519051154546,0.06910405830097303,2.7755575615628914e-17
352.0,0.0555,3,3,141.5185594367029,0.14355104513790126,0.007645312359369551,5.551115123125783e-17
353.0,0.051,3,1,10.218586880142638,0.08606453797462915,0.22154047003764565,0.0
353.0,0.051,3,2,70.36265181594675,0.13635497400298965,0.01833621594949651,-5.551115123125783e-17
353.0,0.051,3,3,91.50215649206238,0.13938982653301688,0.01326618688905299,-8.326672684688674e-17
353.0,0.0515,3,1,10.538679251711805,0.08754497701468111,0.21234702134868466,-2.7755575615628914e-17
353.0,0.0515,3,2,59.316200326058556,0.1341025467534175,0.022628422553754968,-2.7755575615628914e-17
353.0,0.0515,3,3,103.54276480663223,0.14066505577426844,0.011380068940076381,-5.551115123125783e-17
353.0,0.052,3,1,10.893805335872315,0.089098829136053,0.20290722971392908,-4.163336342344337e-17
353.0,0.052,3,2,52.55417131211098,0.13235074343133757,0.026278405457174123,-1.1102230246251565e-16
353.0,0.052,3,3,111.24168978110832,0.14136631703011546,0.010404475511142786,-2.220446049250313e-16
353.0,0.0525,3,1,11.292443967535378,0.0907414857201553,0.19316131034801184,1.3877787807814457e-17
353.0,0.0525,3,2,47.28019202476759,0.13070260448610035,0.02996144555183616,5.551115123125783e-17
353.0,0.0525,3,3,117.38740284590952,0.1418751761215881,0.009723919668673276,5.551115123125783e-17
353.0,0.053,3,1,11.746709481711607,0.09249452364927956,0.18302506397528825,-1.3877787807814457e-17
353.0,0.053,3,2,42.81649375387932,0.1290483102357409,0.033901049419807074,2.7755575615628914e-17
353.0,0.053,3,3,122.64611570143394,0.14227987358283065,0.009199102899427214,1.1102230246251565e-16
353.0,0.0535,3,1,12.274882010092496,0.0943898551731046,0.17237338888020734,-1.3877787807814457e-17
353.0,0.0535,3,2,38.85632290172087,0.12731869766371354,0.038280145982146546,0.0
353.0,0.0535,3,3,127.30683983371505,0.14261765799434883,0.00877220642999385,8.326672684688674e-17
353.0,0.054,3,1,12.906717050468094,0.09647832885663282,0.16100604481487782,1.3877787807814457e-17
353.0,0.054,3,2,35.21331327605729,0.1254431774903306,0.04332916783754557,2.7755575615628914e-17
353.0,0.054,3,3,131.52670549079923,0.14290826796030293,0.008413045998367627,1.942890293094024e-16
353.0,0.0545,3,1,13.69645214115784,0.09885052439461865,0.14856472476540883,-1.3877787807814457e-17
353.0,0.0545,3,2,31.736743465330118,0.12331928205810584,0.04942435823250133,-6.938893903907228e-17
353.0,0.0545,3,3,135.40269842823557,0.14316358940557175,0.00810369313418218,-2.7755575615628914e-16
353.0,0.055,3,1,14.763780078463338,0.10170133012418371,0.1342750320545961,-1.3877787807814457e-17
353.0,0.055,3,2,28.24238884196782,0.12074434248743005,0.05735170553058529,-2.7755575615628914e-17
353.0,0.055,3,3,138.99983544233146,0.14339140090445682,0.007832563602546735,2.220446049250313e-16
353.0,0.0555,3,1,16.513316142513535,0.10566999336054872,0.11558491947959657,2.7755575615628914e-17
353.0,0.0555,3,2,24.279895670819606,0.1170737100770703,0.06967120940025164,0.0
353.0,0.0555,3,3,142.36432375125594,0.14359710194159542,0.007591712093458967,-8.326672684688674e-17
354.0,0.051,3,1,10.223189554031816,0.08608401321610122,0.22141826524989405,-1.3877787807814457e-17
354.0,0.051,3,2,68.94354418596299,0.13609577682701682,0.01880717816866712,-1.1102230246251565e-16
354.0,0.051,3,3,93.652055904288,0.1396327329795128,0.012895773193704657,-1.6653345369377348e-16
354.0,0.0515,3,1,10.543913784403191,0.08756615537961827,0.21221691822806682,4.163336342344337e-17
354.0,0.0515,3,2,58.74062143998945,0.13396361217636513,0.022907941475093355,2.7755575615628914e-17
354.0,0.0515,3,3,104.85062387857066,0.1407859875833957,0.011208709695370677,5.551115123125783e-17
354.0,0.052,3,1,10.89983221126702,0.08912205317256805,0.20276776942520763,2.7755575615628914e-17
354.0,0.052,3,2,52.177964548928394,0.13223964346877645,0.026519087213789618,0.0
354.0,0.052,3,3,112.35146685335627,0.14145735960496172,0.010281023168765684,5.551115123125783e-17
354.0,0.0525,3,1,11.29949124832318,0.09076722694758316,0.19301049579062754,0.0
354.0,0.0525,3,2,47.000481750505585,0.130604011556163,0.030189421840402762,2.7755575615628914e-17
354.0,0.0525,3,3,118.40170870433299,0.14195118549304495,0.009624239385387376,-1.942890293094024e-16
354.0,0.053,3,1,11.755117080963501,0.09252346168136266,0.18286003314607682,2.7755575615628914e-17
354.0,0.053,3,2,42.594511838111316,0.12895591667272763,0.034128251787848556,2.7755575615628914e-17
354.0,0.053,3,3,123.60334275314821,0.14234647777275003,0.009114124886997949,1.6653345369377348e-16
354.0,0.0535,3,1,12.285189960280213,0.09442303213438347,0.17218977954615275,1.3877787807814457e-17
354.0,0.0535,3,2,38.67243633347702,0.1272286302610476,0.03851546610749128,5.551115123125783e-17
354.0,0.0535,3,3,128.22604618778013,0.14267768805614678,0.0086974010029148,1.1102230246251565e-16
354.0,0.054,3,1,12.919864617845507,0.09651748996336562,0.16079659813710814,0.0
354.0,0.054,3,2,35.05555419644172,0.1253520344722284,0.04358249730990894,5.551115123125783e-17
354.0,0.054,3,3,132.41888577837204,0.14296338042632148,0.008345780168214816,1.3877787807814457e-16
354.0,0.0545,3,1,13.714317672220032,0.09889901947642575,0.14831560275094,2.7755575615628914e-17
354.0,0.0545,3,2,31.59622933426484,0.12322264729664896,0.04971121918320526,1.3877787807814457e-17
354.0,0.0545,3,3,136.27482375794287,0.14321485054831587,0.008042282528085433,0.0
354.0,0.055,3,1,14.791181774953085,0.10176736788489131,0.1339525780769174,0.0
354.0,0.055,3,2,28.10955185262705,0.12063327408208845,0.05770690582908171,0.0
354.0,0.055,3,3,139.85662318075873,0.14343954389618266,0.007775856746020305,-8.326672684688674e-17
354.0,0.0555,3,1,16.5734807386096,0.1057909985236165,0.11503704928896767,4.163336342344337e-17
354.0,0.0555,3,2,24.128129648831415,0.11691025407657189,0.0702476596459488,5.551115123125783e-17
354.0,0.0555,3,3,143.20912191777964,0.14364265598696968,0.007538882408216057,2.7755575615628914e-17
355.0,0.051,3,1,10.227775594265855,0.08610340621925801,0.22129660999861453,1.3877787807814457e-17
355.0,0.051,3,2,67.74101088449474,0.13586895325497422,0.01922421702910632,2.7755575615628914e-17
355.0,0.051,3,3,95.58576093049584,0.13984334127965878,0.012578856758984206,2.7755575615628914e-17
355.0,0.0515,3,1,10.549130762708092,0.08758724825863039,0.21208737989300186,0.0
355.0,0.0515,3,2,58.19597290797304,0.133829995262172,0.023178380481638367,0.0
355.0,0.0515,3,3,106.12793075923314,0.1409016804892966,0.011045990629896418,8.326672684688674e-17
355.0,0.052,3,1,10.90584084602074,0.08914518895201673,0.20262888678977645,0.0
355.0,0.052,3,2,51.81496231652302,0.13213114213443217,0.026755198403194687,-2.7755575615628914e-17
355.0,0.052,3,3,113.44841558828625,0.14154588513676788,0.010161690403330132,-1.6653345369377348e-16
355.0,0.0525,3,1,11.306520182267889,0.09079287830764564,0.19286026634529316,5.551115123125783e-17
355.0,0.0525,3,2,46.728290787646266,0.13050710424744927,0.03041434248733026,5.551115123125783e-17
355.0,0.0525,3,3,119.4088689391918,0.14202559249311247,0.009527157909134039,2.498001805406602e-16
355.0,0.053,3,1,11.76350757841824,0.09255231087196052,0.18269558306534103,2.7755575615628914e-17
355.0,0.053,3,2,42.377437137699644,0.12886476842712205,0.03435313536542202,2.7755575615628914e-17
355.0,0.053,3,3,124.55603246311874,0.1424119189235267,0.009031014809802429,-8.326672684688674e-17
355.0,0.0535,3,1,12.295485272255222,0.09445612736941644,0.17200671998465394,0.0
355.0,0.0535,3,2,38.49201536443455,0.12713954845002182,0.03874892045243207,8.326672684688674e-17
355.0,0.0535,3,3,129.14214982508383,0.1427368077435902,0.008624043094080568,-5.551115123125783e-17
355.0,0.054,3,1,12.933012370665919,0.09655659173695562,0.16058760480246573,-1.3877787807814457e-17
355.0,0.054,3,2,34.90036443280576,0.12526169256182193,0.04383432882337642,0.0
355.0,0.054,3,3,133.30884432172638,0.1430177446630333,0.008279692082722974,2.7755575615628914e-16
355.0,0.0545,3,1,13.732222024458302,0.09894752299581427,0.14806664649317774,0.0
355.0,0.0545,3,2,31.45766072011138,0.12312663388551554,0.0499970577315863,0.0
355.0,0.0545,3,3,137.14531005931752,0.14326547550255073,0.00798186331631909,2.220446049250313e-16
355.0,0.055,3,1,14.818773896036124,0.10183367186336174,0.1336292141821895,-2.7755575615628914e-17
355.0,0.055,3,2,27.978099741003636,0.1205224876444232,0.0580622967640882,-1.3877787807814457e-17
355.0,0.055,3,3,140.7121785178007,0.14348713235595462,0.007720005539877173,-2.7755575615628914e-17
355.0,0.0555,3,1,16.635333027004247,0.10591466819404,0.11447845995402227,2.7755575615628914e-17
355.0,0.0555,3,2,23.975953429454183,0.11674461985327143,0.07083421430092988,4.163336342344337e-17
355.0,0.0555,3,3,144.05298311917906,0.14368771745530276,0.007486805450273925,2.498001805406602e-16
356.0,0.051,3,1,10.23234510108529,0.0861227175460026,0.22117550033505956,-1.3877787807814457e-17
356.0,0.051,3,2,66.68854113525536,0.13566475789932247,0.019603563194304403,-8.326672684688674e-17
356.0,0.051,3,3,97.36978074121224,0.14003139627328087,0.012299209824935943,-5.551115123125783e-17
356.0,0.0515,3,1,10.55433028981447,0.08760825622761988,0.21195840232745974,1.3877787807814457e-17
356.0,0.0515,3,2,57.67886712290398,0.13370115239448224,0.023440659812706925,-2.7755575615628914e-17
356.0,0.0515,3,3,107.37807145769818,0.1410126775461223,0.01089099446160541,-5.551115123125783e-17
356.0,0.052,3,1,10.911831345805204,0.08916823706331466,0.20249057772971865,5.551115123125783e-17
356.0,0.052,3,2,51.464255449907306,0.13202507917861617,0.02698701484138873,5.551115123125783e-17
356.0,0.052,3,3,114.5334435608854,0.1416320532995134,0.010046204404434857,-2.7755575615628914e-17
356.0,0.0525,3,1,11.313530877941766,0.09081844040304844,0.1927106178695406,2.7755575615628914e-17
356.0,0.0525,3,2,46.463234018827436,0.1304118078143321,0.030636338371378278,-2.7755575615628914e-17
356.0,0.0525,3,3,120.40926708528357,0.14209847127742853,0.009432547417734185,-5.551115123125783e-17
356.0,0.053,3,1,11.771881090031494,0.09258107184618038,0.18253170948869066,-2.7755575615628914e-17
356.0,0.053,3,2,42.16506669761307,0.12877482203316354,0.03457577764708791,-2.7755575615628914e-17
356.0,0.053,3,3,125.50438620661038,0.14247623988804217,0.008949698318200144,0.0
356.0,0.0535,3,1,12.305768090234363,0.09448914156480322,0.1718242056796826,-1.3877787807814457e-17
356.0,0.0535,3,2,38.3149383685005,0.12705142340748535,0.03898056148002152,2.7755575615628914e-17
356.0,0.0535,3,3,130.05527077371002,0.14279504520497185,0.008552083643402349,1.6653345369377348e-16
356.0,0.054,3,1,12.946160572953188,0.09659563509133325,0.16037905931220917,1.3877787807814457e-17
356.0,0.054,3,2,34.74766456887562,0.1251721307489759,0.04408470189647618,-2.7755575615628914e-17
356.0,0.054,3,3,134.19665882918153,0.14307138077789897,0.008214746595436723,-1.1102230246251565e-16
356.0,0.0545,3,1,13.750166051977097,0.09899603691417065,0.14781784604664353,1.3877787807814457e-17
356.0,0.0545,3,2,31.320982035591538,0.12303122463843946,0.0502819093526326,0.0
356.0,0.0545,3,3,138.01421063131494,0.14331547950392767,0.007922408829088302,-5.551115123125783e-17
356.0,0.055,3,1,14.846561633487385,0.1019002513224695,0.13330489998458286,-1.3877787807814457e-17
356.0,0.055,3,2,27.84798775946258,0.12041196186452006,0.058417938679590824,4.163336342344337e-17
356.0,0.055,3,3,141.56653958466177,0.14353417834110124,0.0076649888720494545,-8.326672684688674e-17
356.0,0.0555,3,1,16.699009552845272,0.10604121925174992,0.11390826337602228,1.3877787807814457e-17
356.0,0.0555,3,2,23.823200892218345,0.11657658067231796,0.07143177755707891,0.0
356.0,0.0555,3,3,144.89593551553963,0.14373229621132244,0.007435463958936973,8.326672684688674e-17
357.0,0.051,3,1,10.236898173868724,0.08614194775288932,0.221054932349658,1.3877787807814457e-17
357.0,0.051,3,2,65.74777645178888,0.13547755249001828,0.01995460264849072,2.7755575615628914e-17
357.0,0.051,3,3,99.04247222841146,0.14020253568817884,0.012047449283413484,-2.7755575615628914e-17
357.0,0.0515,3,1,10.55951246803198,0.08762917985703879,0.21182998155509092,1.3877787807814457e-17
357.0,0.0515,3,2,57.186477096922786,0.13357662837244627,0.0236955497079362,2.7755575615628914e-17
357.0,0.0515,3,3,108.60387137502123,0.14111943339809432,0.010742953880329007,2.7755575615628914e-17
357.0,0.052,3,1,10.917803815399868,0.08919119808983117,0.2023528382072673,-1.3877787807814457e-17
357.0,0.052,3,2,51.12503005849778,0.13192131062031995,0.027214784260465235,0.0
357.0,0.052,3,3,115.60736308290032,0.14171600750417615,0.009934320417464946,2.7755575615628914e-17
357.0,0.0525,3,1,11.320523443014434,0.09084391383086314,0.19256154626147934,4.163336342344337e-17
357.0,0.0525,3,2,46.20495621570156,0.13031805304744526,0.030855530651334197,0.0
357.0,0.0525,3,3,121.40325679950296,0.1421698904711428,0.009340289780582538,1.3877787807814457e-16
357.0,0.053,3,1,11.78023773087014,0.09260974522345417,0.18236840821252878,2.7755575615628914e-17
357.0,0.053,3,2,41.95721018611763,0.12868603656624203,0.03479625159185734,1.3877787807814457e-16
357.0,0.053,3,3,126.44859274661468,0.14253948098384728,0.008870105569638095,2.498001805406602e-16
357.0,0.0535,3,1,12.316038557742864,0.09452207540176945,0.1716422321547174,-1.3877787807814457e-17
357.0,0.0535,3,2,38.14109007639244,0.12696422770330998,0.03921043912764127,-8.326672684688674e-17
357.0,0.0535,3,3,130.96552271569112,0.14285242720108532,0.008481476089441121,-5.551115123125783e-17
357.0,0.054,3,1,12.959309489552,0.0966346209377283,0.1601709561956154,0.0
357.0,0.054,3,2,34.597378782574054,0.12508332888016988,0.044333654477153636,2.7755575615628914e-17
357.0,0.054,3,3,135.0824034240454,0.14312430802462042,0.008150910115102451,0.0
357.0,0.0545,3,1,13.76815062250538,0.09904456321244215,0.14756919139952687,-2.7755575615628914e-17
357.0,0.0545,3,2,31.18613988759236,0.12293640292065033,0.05056580855003659,-6.938893903907228e-17
357.0,0.0545,3,3,138.88157657504058,0.14336487721720237,0.007863893447016894,1.1102230246251565e-16
357.0,0.055,3,1,14.874550373738133,0.101967115846065,0.13297959377669266,1.3877787807814457e-17
357.0,0.055,3,2,27.71917240719266,0.12030167551779536,0.05877389250033287,0.0
357.0,0.055,3,3,142.4197430809422,0.14358069350281136,0.0076107863842285045,-2.220446049250313e-16
357.0,0.0555,3,1,16.764665301530044,0.10617089751868448,0.11332545341539152,4.163336342344337e-17
357.0,0.0555,3,2,23.669688463063913,0.11640588116009608,0.0720413710936038,4.163336342344337e-17
357.0,0.0555,3,3,145.73800629010063,0.14377640181668547,0.007384841240118277,5.551115123125783e-17
358.0,0.051,3,1,10.24143491114234,0.08616109739118834,0.22093490217152326,2.7755575615628914e-17
358.0,0.051,3,2,64.89422359723092,0.13530372535680235,0.02028334495149812,2.7755575615628914e-17
358.0,0.051,3,3,100.62832704564403,0.14036037065776943,0.011817568423545708,8.326672684688674e-17
358.0,0.0515,3,1,10.564677398801997,0.0876500197119558,0.2117021136387201,1.3877787807814457e-17
358.0,0.0515,3,2,56.716415238369365,0.13345603742594866,0.02394370265555884,2.7755575615628914e-17
358.0,0.0515,3,3,109.80771652717021,0.14122233326420616,0.010601219299838116,8.326672684688674e-17
358.0,0.052,3,1,10.923758358702072,0.08921407260945756,0.20221566422429516,-1.3877787807814457e-17
358.0,0.052,3,2,50.79655424354215,0.13181970650778144,0.027438730183876867,-2.7755575615628914e-17
358.0,0.052,3,3,116.67090448530323,0.14179787713809422,0.009825817868666023,-1.1102230246251565e-16
358.0,0.0525,3,1,11.327497984262639,0.09086929918259452,0.19241304745929036,-1.3877787807814457e-17
358.0,0.0525,3,2,45.95312893580852,0.13022577570968843,0.03107203175994724,2.7755575615628914e-17
358.0,0.0525,3,3,122.39116496385367,0.14223991373283953,0.009250275565052857,-8.326672684688674e-17
358.0,0.053,3,1,11.788577615122255,0.09263833161760703,0.18220567507353969,5.551115123125783e-17
358.0,0.053,3,2,41.75368884331946,0.1285983734365854,0.03501462599332564,2.7755575615628914e-17
358.0,0.053,3,3,127.38882928520039,0.14260168019940075,0.008792170858861047,5.551115123125783e-17
358.0,0.0535,3,1,12.326296817626899,0.0945549295562413,0.17146079497220412,1.3877787807814457e-17
358.0,0.0535,3,2,37.97036113098646,0.1268779352060479,0.03943860097923813,-5.551115123125783e-17
358.0,0.0535,3,3,131.87301343155406,0.1429089791994885,0.008412176197535613,-1.3877787807814457e-16
358.0,0.054,3,1,12.972459386166289,0.09667355018479191,0.1599632900092353,4.163336342344337e-17
358.0,0.054,3,2,34.449434628165335,0.12499526760839598,0.044581223035921345,4.163336342344337e-17
358.0,0.054,3,3,135.96614886232885,0.1431765448531163,0.008088150513085686,-2.7755575615628914e-17
358.0,0.0545,3,1,13.786176617803399,0.09909310389189807,0.14732067247023195,-5.551115123125783e-17
358.0,0.0545,3,2,31.05308295829663,0.12284215261865354,0.05084878891485502,-4.163336342344337e-17
358.0,0.0545,3,3,139.74745691211274,0.14341368276568917,0.007806292545758621,5.551115123125783e-17
358.0,0.055,3,1,14.90274570840623,0.10203427535648969,0.13265325245636894,1.3877787807814457e-17
358.0,0.055,3,2,27.591611350019924,0.12019160742868368,0.05913021984063866,2.7755575615628914e-17
358.0,0.055,3,3,143.2718243441968,0.1436266891049264,0.007557378436030681,-2.7755575615628914e-17
358.0,0.0555,3,1,16.832477345257505,0.10630398345376757,0.11272888268457017,0.0
358.0,0.0555,3,2,23.515211424286075,0.11623223159649322,0.07266415730862548,1.3877787807814457e-17
358.0,0.0555,3,3,146.57922169265925,0.1438200435427279,0.007334921141711923,8.326672684688674e-17
359.0,0.051,3,1,10.245955410589561,0.08618016700695054,0.22081540596796267,1.3877787807814457e-17
359.0,0.051,3,2,64.11112195645535,0.13514079716615868,0.020593913677906684,-5.551115123125783e-17
359.0,0.051,3,3,102.144104235779,0.14050737998405774,0.011605446492921912,-1.3877787807814457e-16
359.0,0.0515,3,1,10.569825182707152,0.08767077635212132,0.21157479467985668,1.3877787807814457e-17
359.0,0.0515,3,2,56.2666438277138,0.13333904917643835,0.024185677234240262,-2.7755575615628914e-17
359.0,0.0515,3,3,110.99164306898713,0.1413217069773232,0.010465235016336692,-8.326672684688674e-17
359.0,0.052,3,1,10.929695078736628,0.08923686119467271,0.20207905182181993,-1.3877787807814457e-17
359.0,0.052,3,2,50.4781670980483,0.1317201490612965,0.027659055139335267,0.0
359.0,0.052,3,3,117.72472711825678,0.1418777794220836,0.009720497152577407,-2.7755575615628914e-17
359.0,0.0525,3,1,11.334454607580385,0.09089459704424892,0.19226511744071864,1.3877787807814457e-17
359.0,0.0525,3,2,45.707447819744544,0.1301349160442702,0.031285946270623824,0.0
359.0,0.0525,3,3,123.37329438817638,0.1423086002464223,0.009162403170139964,8.326672684688674e-17
359.0,0.053,3,1,11.796900856107644,0.09266683163692707,0.1820435059481726,8.326672684688674e-17
359.0,0.053,3,2,41.55433453893869,0.1285117962040976,0.03523096581173534,8.326672684688674e-17
359.0,0.053,3,3,128.32526240563286,0.1426628733791572,0.008715832286190895,2.7755575615628914e-17
359.0,0.0535,3,1,12.336543012065828,0.09458770469891871,0.17127988973302663,1.3877787807814457e-17
359.0,0.0535,3,2,37.802647681523084,0.12679252099669708,0.03966509242269171,5.551115123125783e-17
359.0,0.0535,3,3,132.77784520600335,0.1429647254606601,0.008344141902793806,1.6653345369377348e-16
359.0,0.054,3,1,12.985610529397823,0.09671242373871776,0.1597560553361561,1.3877787807814457e-17
359.0,0.054,3,2,34.30376283489562,0.12490792834676973,0.044827442652075195,1.3877787807814457e-17
359.0,0.054,3,3,136.84796273397558,0.14322810895578542,0.008026437037719368,2.220446049250313e-16
359.0,0.0545,3,1,13.804244934082435,0.09914166097491217,0.1470722791038395,1.3877787807814457e-17
359.0,0.0545,3,2,30.92176189424328,0.12274845811191953,0.051130883180592085,2.7755575615628914e-17
359.0,0.0545,3,3,140.61189869509064,0.14346190975878462,0.007749582444278159,1.942890293094024e-16
359.0,0.055,3,1,14.931153445558174,0.10210174013329643,0.13232583144853743,-4.163336342344337e-17
359.0,0.055,3,2,27.465263343693664,0.12008173643422611,0.05948698311611311,1.3877787807814457e-17
359.0,0.055,3,3,144.12281741529097,0.14367217604162666,0.007504746071300114,8.326672684688674e-17
359.0,0.0555,3,1,16.902649467553015,0.10644079937040522,0.11211723314051857,4.163336342344337e-17
359.0,0.0555,3,2,23.35953924889825,0.11605530068532925,0.07330146874978367,4.163336342344337e-17
359.0,0.0555,3,3,147.41960708058943,0.14386323038253346,0.007285688030304835,-1.3877787807814457e-16
360.0,0.0505,3,1,9.95563418478427,0.08477065270538542,0.22973496993425535,-1.3877787807814457e-17
360.0,0.0505,3,2,79.87110539551824,0.13785712234730363,0.01572439811120368,0.0
360.0,0.0505,3,3,86.05986251124044,0.13870060460732267,0.014345750485342234,-2.7755575615628914e-17
360.0,0.051,3,1,10.250459769060447,0.08619915714107095,0.2206964399439966,-2.7755575615628914e-17
360.0,0.051,3,2,63.38641033606751,0.13498697802791884,0.020889284421024522,-8.326672684688674e-17
360.0,0.051,3,3,103.60186343090673,0.14064535303096576,0.011408110693933172,0.0
360.0,0.0515,3,1,10.574955919480997,0.08769145033203223,0.21144802081820555,-1.3877787807814457e-17
360.0,0.0515,3,2,55.83540762137211,0.13322537805366844,0.024421956081683554,-8.326672684688674e-17
360.0,0.0515,3,3,112.15740469026564,0.14141783956737453,0.010334521240182531,-1.1102230246251565e-16
360.0,0.052,3,1,10.935614077665594,0.08925956441260885,0.2019429970795114,0.0
360.0,0.052,3,2,50.1692695280409,0.13162253112136724,0.027875943342725786,-5.551115123125783e-17
360.0,0.052,3,3,118.76942852974688,0.14195582096222045,0.0096181769484455,-1.1102230246251565e-16
360.0,0.0525,3,1,11.341393417988508,0.0909198079963997,0.19211775222258043,-2.7755575615628914e-17
360.0,0.0525,3,2,45.46763022740802,0.13004541834384026,0.03149737165624835,0.0
360.0,0.0525,3,3,124.34992617379135,0.14237600515191096,0.009076578067969783,-1.6653345369377348e-16
360.0,0.053,3,1,11.805207566287503,0.09269524588423206,0.181881896752147,0.0
360.0,0.053,3,2,41.358988925804766,0.12842627041175442,0.03544533247264277,0.0
360.0,0.053,3,3,129.25804891877178,0.1427230943901005,0.008641031459192202,-5.551115123125783e-17
360.0,0.0535,3,1,12.346777282584634,0.09462040149534819,0.1710995120759808,-2.7755575615628914e-17
360.0,0.0535,3,2,37.63785101261501,0.1267079612897358,0.03988995679385545,-5.551115123125783e-17
360.0,0.0535,3,3,133.6801151988043,0.14301968911688825,0.008277333166406936,-1.6653345369377348e-16
360.0,0.054,3,1,12.998763186785581,0.09675124250336446,0.159549246785263,1.3877787807814457e-17
360.0,0.054,3,2,34.16029712063149,0.12482129322551966,0.04507234709360491,1.3877787807814457e-17
360.0,0.054,3,3,137.7279096490854,0.14327901731039003,0.007965740234960631,0.0
360.0,0.0545,3,1,13.82235648243891,0.09919023650576875,0.14682400106847002,-2.7755575615628914e-17
360.0,0.0545,3,2,30.79212920267757,0.12265530424632747,0.051412123275007264,1.3877787807814457e-17
360.0,0.0545,3,3,141.47494711059412,0.1435095713177125,0.007693740356509867,2.498001805406602e-16
360.0,0.055,3,1,14.959779621767419,0.10216952083328228,0.13199728462156293,1.3877787807814457e-17
360.0,0.055,3,2,27.34008816027355,0.11997204134737345,0.05984424565881407,1.3877787807814457e-17
360.0,0.055,3,3,144.9727550998643,0.14371716485409142,0.0074528709863951196,2.220446049250313e-16
360.0,0.0555,3,1,16.97541810590323,0.10658171870490486,0.11148897832588398,1.3877787807814457e-17
360.0,0.0555,3,2,23.202409619121834,0.11587470627450215,0.0739548458949297,-1.3877787807814457e-17
360.0,0.0555,3,3,148.2591869576259,0.14390597106236394,0.0072371267691409445,0.0
361.0,0.0505,3,1,9.959614701584362,0.0847881420591523,0.22962321332235777,0.0
361.0,0.0505,3,2,76.19623962079949,0.13730201119927157,0.016666216949818426,-2.7755575615628914e-17
361.0,0.0505,3,3,90.46651402471616,0.1392413722594324,0.013495150452390678,-1.1102230246251565e-16
361.0,0.051,3,1,10.254948082581048,0.08621806832935129,0.2205780003418843,1.3877787807814457e-17
361.0,0.051,3,2,62.711070202398645,0.13484092526271044,0.021171688348105344,-2.7755575615628914e-17
361.0,0.051,3,3,105.01062161423383,0.14077563195681747,0.011223332628872538,5.551115123125783e-17
361.0,0.0515,3,1,10.580069708017353,0.08771204220099511,0.21132178823119063,-1.3877787807814457e-17
361.0,0.0515,3,2,55.42118224969602,0.13311477518170364,0.0246529596675322,2.7755575615628914e-17
361.0,0.0515,3,3,113.30652421765376,0.1415109793752776,0.01020866032330546,1.1102230246251565e-16
361.0,0.052,3,1,10.941515456797754,0.08928218282511606,0.20180749611520876,4.163336342344337e-17
361.0,0.052,3,2,49.86931654012496,0.1315267548429306,0.02808956295578771,-2.7755575615628914e-17
361.0,0.052,3,3,119.80555217791688,0.14203209905554362,0.009518691962868078,-1.942890293094024e-16
361.0,0.0525,3,1,11.34831451964449,0.09094493261425336,0.19197094786027302,1.3877787807814457e-17
361.0,0.0525,3,2,45.23341316284881,0.12995723057167388,0.03170639895611122,-2.7755575615628914e-17
361.0,0.0525,3,3,125.32132178855083,0.14244217992418812,0.008992712137197677,-2.220446049250313e-16
361.0,0.053,3,1,11.813497857274676,0.09272357495693688,0.1817208434399517,-1.3877787807814457e-17
361.0,0.053,3,2,41.16750267747731,0.12834176343532486,0.03565778413621679,-2.7755575615628914e-17
361.0,0.053,3,3,130.1873366253457,0.1427823752719505,0.00856771322370621,-2.220446049250313e-16
361.0,0.0535,3,1,12.356999770066057,0.09465302060599441,0.17091965767725917,1.3877787807814457e-17
361.0,0.0535,3,2,37.47587720449047,0.12662423336068893,0.04011323550862752,-5.551115123125783e-17
361.0,0.0535,3,3,134.57991578443756,0.1430738922446278,0.008211711843930396,-2.220446049250313e-16
361.0,0.054,3,1,13.011917626845097,0.09679000738037648,0.1593428589905103,1.3877787807814457e-17
361.0,0.054,3,2,34.018974019163984,0.12473534505206126,0.0453159688913496,1.3877787807814457e-17
361.0,0.054,3,3,138.6060514104827,0.14332928621985683,0.007906031874797576,1.6653345369377348e-16
361.0,0.0545,3,1,13.840512189304029,0.09923883255149586,0.1465758280515368,2.7755575615628914e-17
361.0,0.0545,3,2,30.664139154612972,0.12256267630922295,0.05169254036891623,4.163336342344337e-17
361.0,0.0545,3,3,142.33664557569927,0.1435566800996291,0.007638744346129109,-2.220446049250313e-16
361.0,0.055,3,1,14.988630515036188,0.10223762851194279,0.13166756419770623,0.0
361.0,0.055,3,2,27.21604651727482,0.11986250091982172,0.06020207183649937,-2.7755575615628914e-17
361.0,0.055,3,3,145.8216690261694,0.14376166574620322,0.007401735500318342,1.942890293094024e-16
361.0,0.0555,3,1,17.051060101741797,0.10672717809550397,0.11084233416663503,-2.7755575615628914e-17
361.0,0.0555,3,2,23.04352063961271,0.11569000326612172,0.07462608637518044,0.0
361.0,0.0555,3,3,149.09798501055812,0.14394827405249272,0.007189222697256654,-5.551115123125783e-17
362.0,0.0505,3,1,9.9635802376177,0.08480555628482071,0.22951196379163774,1.3877787807814457e-17
362.0,0.0505,3,2,74.0775879225521,0.13696092915340122,0.017258492930742993,8.326672684688674e-17
362.0,0.0505,3,3,93.3173220999624,0.13956817920732462,0.012993701039879003,1.6653345369377348e-16
362.0,0.051,3,1,10.2594204463624,0.08623690110256114,0.22046008344066062,-1.3877787807814457e-17
362.0,0.051,3,2,62.078151350651865,0.13470160075903834,0.021442849792286948,-2.7755575615628914e-17
362.0,0.051,3,3,106.37732745083397,0.14089925435719194,0.01104939070831003,2.7755575615628914e-17
362.0,0.0515,3,1,10.585166646379562,0.08773255250318888,0.21119609313348386,-1.3877787807814457e-17
362.0,0.0515,3,2,55.02263411172022,0.13300702206419535,0.02487905700956666,-5.551115123125783e-17
362.0,0.0515,3,3,114.44033371980191,0.14160134436759708,0.010087286043326387,-8.326672684688674e-17
362.0,0.052,3,1,10.94739931659799,0.0893047169888254,0.20167254508444524,-1.3877787807814457e-17
362.0,0.052,3,2,49.57781071927817,0.13143273058954863,0.02830006799751466,-1.1102230246251565e-16
362.0,0.052,3,3,120.83359395316988,0.14210670279579726,0.009421891018712101,-1.3877787807814457e-16
362.0,0.0525,3,1,11.355218015851742,0.09096997146771328,0.19182470044729721,1.3877787807814457e-17
362.0,0.0525,3,2,45.00455144588838,0.12987030402741276,0.031913113364195625,-5.551115123125783e-17
362.0,0.0525,3,3,126.28772489511019,0.14250717270718957,0.008910723075043052,-1.1102230246251565e-16
362.0,0.053,3,1,11.821771839843004,0.09275181944711818,0.18156034200436572,1.3877787807814457e-17
362.0,0.053,3,2,40.97973480003495,0.1282582443475044,0.03586837594061674,0.0
362.0,0.053,3,3,131.11326500406219,0.1428407463729609,0.00849582542079578,1.6653345369377348e-16
362.0,0.0535,3,1,12.367210614762472,0.09468556268631027,0.17074032224994462,1.3877787807814457e-17
362.0,0.0535,3,2,37.31663682133304,0.12654131547957786,0.040334968184241475,0.0
362.0,0.0535,3,3,135.47733486365158,0.1431273559309764,0.008147241564336813,1.1102230246251565e-16
362.0,0.054,3,1,13.025074119108716,0.0968287192693063,0.1591368866101896,-4.163336342344337e-17
362.0,0.054,3,2,33.87973271997481,0.12465006727388443,0.04555833940790684,-9.71445146547012e-17
362.0,0.054,3,3,139.4824471738127,0.1433789313492627,0.007847284882906017,1.1102230246251565e-16
362.0,0.0545,3,1,13.858712996907917,0.09928745120272138,0.1463277496559048,1.3877787807814457e-17
362.0,0.0545,3,2,30.537747694080604,0.12247056000596473,0.05197216492222688,1.3877787807814457e-17
362.0,0.0545,3,3,143.19703582813702,0.14360324832021573,0.007584573284195137,2.7755575615628914e-16
362.0,0.055,3,1,15.017712658660658,0.10230607464648024,0.13133662065711807,-2.7755575615628914e-17
362.0,0.055,3,2,27.09310000923556,0.11975309380418424,0.06056052717661332,-6.938893903907228e-17
362.0,0.055,3,3,146.66958969954922,0.14380568859936432,0.007351322526561426,-2.498001805406602e-16
362.0,0.0555,3,1,17.129902976944116,0.10687769338818047,0.11017519378336947,1.3877787807814457e-17
362.0,0.0555,3,2,22.88252052613457,0.11550066760041967,0.0753173101832111,4.163336342344337e-17
362.0,0.0555,3,3,149.9360241439733,0.143990147577479,0.007141961609712881,-1.1102230246251565e-16
363.0,0.0505,3,1,9.967530883971083,0.08482289589384708,0.22940121772699765,1.3877787807814457e-17
363.0,0.0505,3,2,72.46757874271535,0.136690491267988,0.01773544815816779,-2.7755575615628914e-17
363.0,0.0505,3,3,95.6598567589069,0.13982440989665276,0.012607182804759096,-5.551115123125783e-17
363.0,0.051,3,1,10.263876954809746,0.08625565598649922,0.22034268555567357,-1.3877787807814457e-17
363.0,0.051,3,2,61.482165084663954,0.13456818201759188,0.021704134390462003,2.7755575615628914e-17
363.0,0.051,3,3,107.70746810778336,0.14101704222055197,0.010884922013530246,0.0
363.0,0.0515,3,1,10.590246831809727,0.08775298177772646,0.21107093177653968,-4.163336342344337e-17
363.0,0.0515,3,2,54.6385887857347,0.1329019256037822,0.02510057412381986,-1.1102230246251565e-16
363.0,0.0515,3,3,115.56000609668979,0.14168912711707848,0.009970075153754584,-2.220446049250313e-16
363.0,0.052,3,1,10.95326575669668,0.08932716745521217,0.20153814017997695,-1.3877787807814457e-17
363.0,0.052,3,2,49.294296680141336,0.13134037599132242,0.028507599972090195,0.0
363.0,0.052,3,3,121.85400772677527,0.14217971401544982,0.009327635427493286,8.326672684688674e-17
363.0,0.0525,3,1,11.362104009069167,0.0909949251214437,0.19167900611478064,-1.3877787807814457e-17
363.0,0.0525,3,2,44.78081609564832,0.1297845930511096,0.032117594749876875,-2.7755575615628914e-17
363.0,0.0525,3,3,127.24936296729945,0.142571028609792,0.008830533876907236,1.6653345369377348e-16
363.0,0.053,3,1,11.83002962393709,0.09277997994157923,0.1814003884759762,-1.3877787807814457e-17
363.0,0.053,3,2,40.79555200942078,0.12817568379479966,0.03607716022244531,-2.7755575615628914e-17
363.0,0.053,3,3,132.0359658341562,0.14289823647296543,0.008425318666614388,1.942890293094024e-16
363.0,0.0535,3,1,12.377409956308076,0.09471802838680715,0.1705615015435055,-2.7755575615628914e-17
363.0,0.0535,3,2,37.16004462493681,0.1264591868496757,0.040555192750840775,0.0
363.0,0.0535,3,3,136.37245614970263,0.14318010033484455,0.008083887618783913,8.326672684688674e-17
363.0,0.054,3,1,13.038232934166286,0.09686737906773683,0.15893132432620122,4.163336342344337e-17
363.0,0.054,3,2,33.74251491938917,0.12456544394401597,0.04579948890174337,2.7755575615628914e-17
363.0,0.054,3,3,140.35715359625917,0.14342796776024538,0.007789473277105786,1.6653345369377348e-16
363.0,0.0545,3,1,13.876959863760836,0.099336094574559,0.14607975539592696,0.0
363.0,0.0545,3,2,30.412912353085556,0.12237894143784132,0.05225102672744117,-4.163336342344337e-17
363.0,0.0545,3,3,144.0561580107565,0.1436492877748715,0.007531206809446873,-3.0531133177191805e-16
363.0,0.055,3,1,15.047032856121719,0.10237487116049997,0.13100440263481897,2.7755575615628914e-17
363.0,0.055,3,2,26.97121104138965,0.11964379851530231,0.06091967849570268,-1.3877787807814457e-17
363.0,0.055,3,3,147.5165465537847,0.1438492429864848,0.007301615546546105,-5.551115123125783e-17
363.0,0.0555,3,1,17.21233882029212,0.10703388125004493,0.10948503947610759,2.7755575615628914e-17
363.0,0.0555,3,2,22.718993686091743,0.11530607463260335,0.07603104770703213,4.163336342344337e-17
363.0,0.0555,3,3,150.77332651316902,0.1440315996259176,0.007095329738854383,1.3877787807814457e-16
364.0,0.0505,3,1,9.971466730952303,0.08484016139287644,0.22929097154870298,1.3877787807814457e-17
364.0,0.0505,3,2,71.13744993972445,0.13645927147021558,0.018148392027802423,2.7755575615628914e-17
364.0,0.0505,3,3,97.7228786175681,0.14004148990908133,0.012284288987598051,5.551115123125783e-17
364.0,0.051,3,1,10.268317701531368,0.08627433350205284,0.2202258030381329,1.3877787807814457e-17
364.0,0.051,3,2,60.91868852922625,0.13444000407004777,0.021956645785952782,8.326672684688674e-17
364.0,0.051,3,3,109.0054649417355,0.1411296600093773,0.010728825594162467,2.498001805406602e-16
364.0,0.0515,3,1,10.595310360737745,0.08777333055871571,0.21094630044813784,-1.3877787807814457e-17
364.0,0.0515,3,2,54.268005846859324,0.13279931412628027,0.025317800768315055,-5.551115123125783e-17
364.0,0.0515,3,3,116.66658026194692,0.14177449877839352,0.009856740640556194,-1.3877787807814457e-16
364.0,0.052,3,1,10.959114875898669,0.08934953477065673,0.2014042776313243,-1.3877787807814457e-17
364.0,0.052,3,2,49.01835632019783,0.1312496151378143,0.02871228926312603,-2.7755575615628914e-17
364.0,0.052,3,3,122.86721009758627,0.14225120809270694,0.00923579759544661,-1.942890293094024e-16
364.0,0.0525,3,1,11.368972600920308,0.09101979413493207,0.19153386103101377,-1.3877787807814457e-17
364.0,0.0525,3,2,44.56199289679649,0.12970005476033689,0.03231991812029361,-2.7755575615628914e-17
364.0,0.0525,3,3,128.20644872377403,0.14263378996863804,0.008752072374314426,1.3877787807814457e-16
364.0,0.053,3,1,11.838271318681926,0.09280805702191436,0.18124097892270466,2.7755575615628914e-17
364.0,0.053,3,2,40.61482816689878,0.12809405388572973,0.03628418671686051,5.551115123125783e-17
364.0,0.053,3,3,132.9555637598369,0.1429548728951087,0.008356146152610511,1.3877787807814457e-16
364.0,0.0535,3,1,12.38759793373064,0.09475041835312371,0.17038319134330263,0.0
364.0,0.0535,3,2,37.00601931122115,0.12637782755106064,0.040773945554269574,0.0
364.0,0.0535,3,3,137.2653594317413,0.14323214474332988,0.008021616858160762,1.942890293094024e-16
364.0,0.054,3,1,13.051394343705915,0.09690598767140235,0.15872616684333457,1.3877787807814457e-17
364.0,0.054,3,2,33.60726468215079,0.12448145968884312,0.046039446586904065,1.3877787807814457e-17
364.0,0.054,3,3,141.23022497483873,0.14347640994305558,0.007732572108211913,-8.326672684688674e-17
364.0,0.0545,3,1,13.895253765151036,0.09938476480752147,0.14583183469336633,1.3877787807814457e-17
364.0,0.0545,3,2,30.2895921718371,0.12228780708125431,0.05252915495082223,5.551115123125783e-17
364.0,0.0545,3,3,144.91405075071893,0.14369480985861313,0.0074786252910509065,1.1102230246251565e-16
364.0,0.055,3,1,15.076598197096603,0.10244403045055071,0.13067085681001112,-1.3877787807814457e-17
364.0,0.055,3,2,26.850342765135792,0.11953459339048393,0.0612795940350136,-1.3877787807814457e-17
364.0,0.055,3,3,148.362567999522,0.14389233818519875,0.007252598584552986,0.0
364.0,0.0555,3,1,17.298843462551137,0.10719648899319083,0.10876882129090083,2.7755575615628914e-17
364.0,0.0555,3,2,22.55244151216585,0.11510546929974345,0.0767703611809932,2.7755575615628914e-17
364.0,0.0555,3,3,151.60991355535063,0.14407263795969694,0.007049313736532337,3.608224830031759e-16
365.0,0.0505,3,1,9.975387868098675,0.08485735328379991,0.22918122171194516,-4.163336342344337e-17
365.0,0.0505,3,2,69.99072866829805,0.13625397443626683,0.018519022404134503,0.0
365.0,0.0505,3,3,99.60285900615901,0.1402327140821141,0.012003324335614327,2.7755575615628914e-17
365.0,0.051,3,1,10.272742779347336,0.08629293416525674,0.22010943227466664,0.0
365.0,0.051,3,2,60.38409671919936,0.13431652010206394,0.022201291175965438,-1.3877787807814457e-16
365.0,0.051,3,3,110.2749414097044,0.14123765403710864,0.010580196921024953,-1.6653345369377348e-16
365.0,0.0515,3,1,10.600357328790118,0.0877935993753187,0.21082219547193537,0.0
365.0,0.0515,3,2,53.909958573185705,0.13269903417232773,0.02553099588371965,-2.7755575615628914e-17
365.0,0.0515,3,3,117.76098143661139,0.14185761229643204,0.009747026281802922,-8.326672684688674e-17
365.0,0.052,3,1,10.964946772192386,0.08937181947650585,0.20127095370431525,0.0
365.0,0.052,3,2,48.74960473783724,0.13116037788302995,0.02891425633396768,-2.7755575615628914e-17
365.0,0.052,3,3,123.8735844738824,0.14232125464646478,0.009146259823526789,1.6653345369377348e-16
365.0,0.0525,3,1,11.375823892202465,0.09104457906255063,0.19138926140099038,1.3877787807814457e-17
365.0,0.0525,3,2,44.34788112394767,0.12961664881594662,0.0325201540321899,-2.7755575615628914e-17
365.0,0.0525,3,3,129.15918140351766,0.14269549658231104,0.008675270823377487,0.0
365.0,0.053,3,1,11.84649703239197,0.09283605126457055,0.18108210944934713,1.3877787807814457e-17
365.0,0.053,3,2,40.43744376615003,0.12801332808909613,0.03648950273959524,2.7755575615628914e-17
365.0,0.053,3,3,133.872176803091,0.14301068160750993,0.00828826346381832,5.551115123125783e-17
365.0,0.0535,3,1,12.397774685463176,0.09478273322609325,0.17020538747010316,-1.3877787807814457e-17
365.0,0.0535,3,2,36.854483267423255,0.12629721848851405,0.04099126145091098,-5.551115123125783e-17
365.0,0.0535,3,3,138.15612081751485,0.14328350762374711,0.007960397598581309,-1.942890293094024e-16
365.0,0.054,3,1,13.064558620556053,0.0969445459743124,0.1585214088885392,2.7755575615628914e-17
365.0,0.054,3,2,33.47392831253638,0.12439809967809695,0.046278240688702746,0.0
365.0,0.054,3,3,142.10171337515527,0.14352427184644492,0.007676557404915155,-5.551115123125783e-17
365.0,0.0545,3,1,13.913595693659943,0.09943346406846316,0.1455839768732004,1.3877787807814457e-17
365.0,0.0545,3,2,30.167747623855647,0.12219714376807089,0.052806578171414216,-4.163336342344337e-17
365.0,0.0545,3,3,145.77075123377605,0.14373982558477547,0.0074268097936209,-1.1102230246251565e-16
365.0,0.055,3,1,15.106416074696824,0.10251356541468393,0.13033592778699982,0.0
365.0,0.055,3,2,26.73045901499739,0.11942545654844501,0.06164034360309047,-2.7755575615628914e-17
365.0,0.055,3,3,149.20768146998913,0.14393498319036055,0.007204256184037617,-3.3306690738754696e-16
365.0,0.0555,3,1,17.39000362612393,0.10736643677181962,0.10802278523043425,-4.163336342344337e-17
365.0,0.0555,3,2,22.382255202983327,0.11489792391484858,0.07753901649189139,-4.163336342344337e-17
365.0,0.0555,3,3,152.445806019222,0.144113270122795,0.007003900657230639,-2.220446049250313e-16
366.0,0.0505,3,1,9.979294384185675,0.08487447206381217,0.22907196470640576,-1.3877787807814457e-17
366.0,0.0505,3,2,68.97593592840651,0.13606748344570588,0.018858948860920564,-2.7755575615628914e-17
366.0,0.0505,3,3,101.35127542002205,0.14040519865465087,0.01175268186248062,2.7755575615628914e-17
366.0,0.051,3,1,10.277152280298276,0.08631145848735139,0.21999356968687975,1.3877787807814457e-17
366.0,0.051,3,2,59.875375408836746,0.1341972739042536,0.022438827160514666,0.0
366.0,0.051,3,3,111.51891025964517,0.14134148001711155,0.010438282037497875,-5.551115123125783e-17
366.0,0.0515,3,1,10.60538783079885,0.08781378875181133,0.2106986132070212,0.0
366.0,0.0515,3,2,53.56361742963329,0.13260094788270801,0.02574039202615913,-2.7755575615628914e-17
366.0,0.0515,3,3,118.84403766517403,0.14193860502091624,0.009640702215156675,0.0
366.0,0.052,3,1,10.97076154275869,0.0893940221091322,0.2011381647006388,2.7755575615628914e-17
366.0,0.052,3,2,48.48768670511593,0.13107259924399098,0.0291136127660653,2.7755575615628914e-17
366.0,0.052,3,3,124.87348460049984,0.14238991813767324,0.009058913269338468,8.326672684688674e-17
366.0,0.0525,3,1,11.382657982895704,0.09106928045361706,0.19124520346595514,2.7755575615628914e-17
366.0,0.0525,3,2,44.13829240346156,0.12953433721274785,0.032718368959821775,2.7755575615628914e-17
366.0,0.0525,3,3,130.10774790394368,0.1427561859205929,0.00860006553719511,1.1102230246251565e-16
366.0,0.053,3,1,11.854706872580593,0.09286396324091019,0.18092377619711283,2.7755575615628914e-17
366.0,0.053,3,2,40.263285466367755,0.12793348114123057,0.03669315335285021,0.0
366.0,0.053,3,3,134.78591683048896,0.1430656873159493,0.008221628413272885,-5.551115123125783e-17
366.0,0.0535,3,1,12.407940349355801,0.09481497364181146,0.17002808577959655,0.0
366.0,0.0535,3,2,36.70536234802569,0.12621734134335907,0.04120717389531657,2.7755575615628914e-17
366.0,0.0535,3,3,139.0448129573443,0.14333420667171834,0.007900199534084358,0.0
366.0,0.054,3,1,13.077726038727382,0.09698305486887338,0.15831704521020848,0.0
366.0,0.054,3,2,33.34245423423185,0.124315349596826,0.0465158984957051,-2.7755575615628914e-17
366.0,0.054,3,3,142.97166875139268,0.14357156690556713,0.007621406122362217,-2.220446049250313e-16
366.0,0.0545,3,1,13.931986659696632,0.09948219455155545,0.14533617115928585,-1.3877787807814457e-17
366.0,0.0545,3,2,30.047340545589698,0.12210693866705415,0.053083324418097856,-1.3877787807814457e-17
366.0,0.0545,3,3,146.62629527403936,0.14378434560260137,0.00737574204434048,-2.498001805406602e-16
366.0,0.055,3,1,15.136494204046773,0.10258348948321694,0.12999955796695195,5.551115123125783e-17
366.0,0.055,3,2,26.611524246778156,0.11931636584671845,0.062001998726250035,4.163336342344337e-17
366.0,0.055,3,3,150.0519134641761,0.1439771867258677,0.0071565733852417554,2.220446049250313e-16
366.0,0.0555,3,1,17.486556511224382,0.10754487906458499,0.10724222298773449,-4.163336342344337e-17
366.0,0.0555,3,2,22.207676148772,0.11468227667615427,0.07834173346113063,-2.7755575615628914e-17
366.0,0.0555,3,3,153.281023993074,0.14415350344964148,0.006959077942040557,1.3877787807814457e-16
367.0,0.0505,3,1,9.983186367235238,0.0848915182254673,0.22896319705583137,-1.3877787807814457e-17
367.0,0.0505,3,2,68.06177568680675,0.13589545850200754,0.019175248383093407,0.0
367.0,0.0505,3,3,102.99942239799421,0.1405632831463988,0.011525287146703785,-5.551115123125783e-17
367.0,0.051,3,1,10.28154629565387,0.08632990697484001,0.21987821173092323,1.3877787807814457e-17
367.0,0.051,3,2,59.389986744083636,0.1340818800770752,0.022669892679884073,8.326672684688674e-17
367.0,0.051,3,3,112.73990785805206,0.14144152285772674,0.010302444622351192,1.942890293094024e-16
367.0,0.0515,3,1,10.61040196081008,0.08783389920764101,0.21057555004748005,0.0
367.0,0.0515,3,2,53.22823650503113,0.13250493084826467,0.025946199011477718,-2.7755575615628914e-17
367.0,0.0515,3,3,119.91649337839797,0.14201760085642415,0.009537561293902937,2.7755575615628914e-17
367.0,0.052,3,1,10.976559283979688,0.08941614319999348,0.20100590695740272,2.7755575615628914e-17
367.0,0.052,3,2,48.23227360595205,0.13098621887792192,0.029310462161353145,0.0
367.0,0.052,3,3,125.86723762054685,0.14245725839208742,0.008973657045052484,-1.3877787807814457e-16
367.0,0.0525,3,1,11.389474972171698,0.09109389885245452,0.19110168350295895,1.3877787807814457e-17
367.0,0.0525,3,2,43.933049695021936,0.12945308409193249,0.03291462562452787,2.7755575615628914e-17
367.0,0.0525,3,3,131.05232379921827,0.14281589331197506,0.008526396556579325,-8.326672684688674e-17
367.0,0.053,3,1,11.862900945969132,0.09289179351727173,0.1807659753431741,0.0
367.0,0.053,3,2,40.092245666427814,0.12785448896127008,0.036895181516771194,-2.7755575615628914e-17
367.0,0.053,3,3,135.6968899789176,0.14311991354852827,0.00815620089083524,-1.3877787807814457e-16
367.0,0.0535,3,1,12.418095062687158,0.09484714023170226,0.1698512821619229,2.7755575615628914e-17
367.0,0.0535,3,2,36.55858566769283,0.12613817852888226,0.04142171502128197,5.551115123125783e-17
367.0,0.0535,3,3,139.93150525108328,0.1433842588556814,0.007840993655880988,1.942890293094024e-16
367.0,0.054,3,1,13.090896873455783,0.09702151524601225,0.15811307057745744,0.0
367.0,0.054,3,2,33.21279287824994,0.12423319561919587,0.04675244640831675,1.3877787807814457e-17
367.0,0.054,3,3,143.84013905827013,0.14361830806805062,0.0075670960941367806,2.7755575615628914e-17
367.0,0.0545,3,1,13.95042769205089,0.09953095847929305,0.14508840666989828,-2.7755575615628914e-17
367.0,0.0545,3,2,29.928334070219023,0.1220171792662958,0.053359421204820484,-2.7755575615628914e-17
367.0,0.0545,3,3,147.48071737953467,0.1438283802137996,0.0073254044020387024,-5.551115123125783e-17
367.0,0.055,3,1,15.166840642333208,0.10265381665191527,0.12966168740960138,-4.163336342344337e-17
367.0,0.055,3,2,26.493503476614983,0.11920729883727367,0.06236463280790059,-6.938893903907228e-17
367.0,0.055,3,3,150.8952895876424,0.14401895725585512,0.007109535704014738,-5.551115123125783e-17
367.0,0.0555,3,1,17.589449565865834,0.10773329743752119,0.10642109440515024,-4.163336342344337e-17
367.0,0.0555,3,2,22.027736134622558,0.1144570388962375,0.07918456340080825,-4.163336342344337e-17
367.0,0.0555,3,3,154.11558693144048,0.14419334507307155,0.006914833403433169,-1.942890293094024e-16
368.0,0.0505,3,1,9.9870639045242,0.08490849225673457,0.22885491531761046,1.3877787807814457e-17
368.0,0.0505,3,2,67.22754946134225,0.13573502027277173,0.019472614255957983,2.7755575615628914e-17
368.0,0.0505,3,3,104.56799693800973,0.14070984641759937,0.01131644944271308,5.551115123125783e-17
368.0,0.051,3,1,10.285924915921289,0.08634828012954503,0.21976335489706883,4.163336342344337e-17
368.0,0.051,3,2,58.92577063285454,0.13397000947720025,0.02289503322560705,2.7755575615628914e-17
368.0,0.051,3,3,113.9400928195833,0.14153811121584142,0.01017214177905307,0.0
368.0,0.0515,3,1,10.615399812092575,0.08785393125748399,0.21045300242196371,-2.7755575615628914e-17
368.0,0.0515,3,2,52.90314228238709,0.13241087032724833,0.026148606935970632,-1.3877787807814457e-16
368.0,0.0515,3,3,120.97902062295259,0.14209471204498222,0.009437416066508044,-1.1102230246251565e-16
368.0,0.052,3,1,10.982340091447343,0.0894381832756906,0.20087417684669986,2.7755575615628914e-17
368.0,0.052,3,2,47.98306076697088,0.13090118062582848,0.029504900929805664,-2.7755575615628914e-17
368.0,0.052,3,3,126.85514674445969,0.14252333105662698,0.008890397430142938,-1.3877787807814457e-16
368.0,0.0525,3,1,11.396274958402541,0.09111843479845055,0.1909586978244188,0.0
368.0,0.0525,3,2,43.73198637798173,0.12937285557254277,0.03310898329074318,0.0
368.0,0.0525,3,3,131.9930742538211,0.14287465211212821,0.008454207354337788,5.551115123125783e-17
368.0,0.053,3,1,11.871079358495933,0.09291954265502994,0.18060870310022187,2.7755575615628914e-17
368.0,0.053,3,2,39.92422211581781,0.1277763285736231,0.03709562822801622,0.0
368.0,0.053,3,3,136.6051970445551,0.14317338273313931,0.00809194272492391,-1.3877787807814457e-16
368.0,0.0535,3,1,12.428238962175925,0.09487923362258315,0.16967497254120467,0.0
368.0,0.0535,3,2,36.41408540966867,0.1260597131490151,0.04163491571696375,0.0
368.0,0.0535,3,3,140.81626403962582,0.14343368045813953,0.007782752177558619,0.0
368.0,0.054,3,1,13.104071401245521,0.09705992799529949,0.15790947977940717,-1.3877787807814457e-17
368.0,0.054,3,2,33.08489657824835,0.12415162438397277,0.04698790998423871,-2.7755575615628914e-17
368.0,0.054,3,3,144.7071703555915,0.1436645078183886,0.007513605987371355,-5.551115123125783e-17
368.0,0.0545,3,1,13.968919838467027,0.09957975810353585,0.14484067241312265,0.0
368.0,0.0545,3,2,29.810692565332182,0.12192785335656982,0.05363489556416722,-1.3877787807814457e-17
368.0,0.0545,3,3,148.33405081386442,0.14387193938814472,0.007275779828077935,2.7755575615628914e-17
368.0,0.055,3,1,15.197463810471733,0.10272456151783388,0.12932225368389932,0.0
368.0,0.055,3,2,26.376362220624465,0.11909823272006638,0.0627283212977809,-1.3877787807814457e-17
368.0,0.055,3,3,151.73783459112514,0.14406030299530073,0.007063129111766006,2.7755575615628914e-17
368.0,0.0555,3,1,17.6999346235076,0.10793364653792854,0.10555143337191082,-2.7755575615628914e-17
368.0,0.0555,3,2,21.841163177421368,0.11422024900055631,0.08007548323048387,1.3877787807814457e-17
368.0,0.0555,3,3,154.94951368044428,0.14423280193189622,0.006871155210780803,-1.3877787807814457e-16
369.0,0.0505,3,1,9.990927082592334,0.08492539464105264,0.22874711608236226,0.0
369.0,0.0505,3,2,66.4587314351475,0.1355841417584888,0.019754349177952876,-2.7755575615628914e-17
369.0,0.0505,3,3,106.07152338279587,0.14084691500020488,0.011122868568378705,2.7755575615628914e-17
369.0,0.051,3,1,10.290288230853491,0.08636657844866345,0.2196489957092905,4.163336342344337e-17
369.0,0.051,3,2,58.48087086840407,0.13386137830203274,0.02311471899529369,0.0
369.0,0.051,3,3,115.12131988359833,0.14163152841231189,0.01004690588122502,1.3877787807814457e-16
369.0,0.0515,3,1,10.620381477146317,0.0878738854113021,0.21033096679326393,-1.3877787807814457e-17
369.0,0.0515,3,2,52.58772427041808,0.1323186637560824,0.026347788699280908,-5.551115123125783e-17
369.0,0.0515,3,3,122.03222842978782,0.14217004065523925,0.009340096254008627,-1.1102230246251565e-16
369.0,0.052,3,1,10.988104059972057,0.08946014285802482,0.20074297077517975,1.3877787807814457e-17
369.0,0.052,3,2,47.73976512128703,0.13081743211243255,0.02969701897954715,5.551115123125783e-17
369.0,0.052,3,3,127.83749358612323,0.1425881879993808,0.008809047181565473,2.498001805406602e-16
369.0,0.0525,3,1,11.403058039169345,0.0911428888261152,0.19081624277768652,0.0
369.0,0.0525,3,2,43.534945429637574,0.12929361959966795,0.033301498032538984,0.0
369.0,0.0525,3,3,132.93015484417305,0.1429324938556442,0.008383444569023502,1.3877787807814457e-16
369.0,0.053,3,1,11.87924221532502,0.09294721121065462,0.18045195571603137,-2.7755575615628914e-17
369.0,0.053,3,2,39.7591175585353,0.12769897803689387,0.03729453264673195,-2.7755575615628914e-17
369.0,0.053,3,3,137.51093383887897,0.14322611626847948,0.008028817555831529,-8.326672684688674e-17
369.0,0.0535,3,1,12.43837218399229,0.0949112544367301,0.16949915287508446,0.0
369.0,0.0535,3,2,36.27179664825619,0.1259819289599883,0.04184680569456224,2.7755575615628914e-17
369.0,0.0535,3,3,141.69915278233216,0.14348248711393854,0.0077254484657143935,1.942890293094024e-16
369.0,0.054,3,1,13.117249899913443,0.09709829400507332,0.1577062676244651,1.3877787807814457e-17
369.0,0.054,3,2,32.95871947266004,0.12407062297155778,0.04722231398104214,1.3877787807814457e-17
369.0,0.054,3,3,145.57280690598975,0.1437101782007767,0.007460915260744,-1.942890293094024e-16
369.0,0.0545,3,1,13.9874641662385,0.09962859570658551,0.1445929572821001,2.7755575615628914e-17
369.0,0.0545,3,2,29.694381574206172,0.1218389490155437,0.05390977407939305,1.3877787807814457e-17
369.0,0.0545,3,3,149.1863276542515,0.14391503277818601,0.007226851858926611,-5.551115123125783e-17
369.0,0.055,3,1,15.22837251654731,0.10279573931807225,0.1289811917065572,-1.3877787807814457e-17
369.0,0.055,3,2,26.260066434847094,0.11898914429422425,0.06309314187226221,0.0
369.0,0.055,3,3,152.57957240706722,0.14410123192008015,0.0070173400164766,1.942890293094024e-16
369.0,0.0555,3,1,17.819724115416744,0.10814859617603205,0.1046223628504085,-2.7755575615628914e-17
369.0,0.0555,3,2,21.64622528932263,0.11396923043857927,0.08102538046451513,-2.7755575615628914e-17
369.0,0.0555,3,3,155.78282250187414,0.14427188077811062,0.006828031876584354,3.3306690738754696e-16
370.0,0.05,3,1,9.720601177440185,0.08355625625185244,0.23756142715655895,0.0
370.0,0.05,3,2,81.82472259785123,0.1381046986591217,0.015313184725027705,8.326672684688674e-17
370.0,0.05,3,3,90.31724147023515,0.13919562999564347,0.013566094327121659,0.0
370.0,0.0505,3,1,9.994775987250618,0.08494222585738403,0.22863979597352385,0.0
370.0,0.0505,3,2,65.74466763937912,0.1354413315646708,0.020022882230756336,0.0
370.0,0.0505,3,3,107.5206542370499,0.14097597982569043,0.010942117935181529,-5.551115123125783e-17
370.0,0.051,3,1,10.29463632945752,0.08638480242482183,0.21953513072484931,0.0
370.0,0.051,3,2,58.05367881718388,0.1337557397584381,0.023329358746408506,-2.7755575615628914e-17
370.0,0.051,3,3,116.28519622619969,0.1417220207631762,0.009926330719142883,-2.7755575615628914e-17
370.0,0.0515,3,1,10.62534704771064,0.08789376217439786,0.2102094396578991,-1.3877787807814457e-17
370.0,0.0515,3,2,52.28142713316826,0.1322282174965434,0.026543902126253273,2.7755575615628914e-17
370.0,0.0515,3,3,123.07667068442069,0.14224367983522798,0.009245446628437968,5.551115123125783e-17
370.0,0.052,3,1,10.993851283591042,0.08948202246405428,0.2006122851836275,-1.3877787807814457e-17
370.0,0.052,3,2,47.502123155939685,0.13073492439417295,0.029886900323868343,-1.1102230246251565e-16
370.0,0.052,3,3,128.81454021534068,0.1426518776615465,0.008729524927023882,-1.1102230246251565e-16
370.0,0.0525,3,1,11.409824311270748,0.09116726146513819,0.19067431474462293,0.0
370.0,0.0525,3,2,43.34177868440552,0.12921534580737812,0.03349222297420495,0.0
370.0,0.0525,3,3,133.8637122993686,0.14298944839304142,0.008314057764639506,5.551115123125783e-17
370.0,0.053,3,1,11.887389620855283,0.09297479973577007,0.18029572947302394,0.0
370.0,0.053,3,2,39.59683940661361,0.12762241637861588,0.03749193221310839,2.7755575615628914e-17
370.0,0.053,3,3,138.41419151504533,0.1432781345892544,0.00796679071946211,1.942890293094024e-16
370.0,0.0535,3,1,12.448494863769204,0.09494320329194107,0.16932381915427086,1.3877787807814457e-17
370.0,0.0535,3,2,36.131657184140025,0.1259048103347011,0.04205741355504393,-2.7755575615628914e-17
370.0,0.0535,3,3,142.58023222160566,0.14353069384583036,0.007669056975544475,2.7755575615628914e-17
370.0,0.054,3,1,13.130432648633366,0.09713661416256371,0.1575034289396114,1.3877787807814457e-17
370.0,0.054,3,2,32.8342174131067,0.12399017888245385,0.0474556823960804,-1.3877787807814457e-17
370.0,0.054,3,3,146.43709126638367,0.14375533084051798,0.007409004125137385,-5.551115123125783e-17
370.0,0.0545,3,1,14.00606176282484,0.09967747360230032,0.14434525005011656,1.3877787807814457e-17
370.0,0.0545,3,2,29.579367760429516,0.12175045459278065,0.05418408291504817,1.3877787807814457e-17
370.0,0.0545,3,3,150.0375788462158,0.1439576697331262,0.007178604580299609,2.220446049250313e-16
370.0,0.055,3,1,15.259575981215036,0.1028673659717519,0.12863843356719357,-1.3877787807814457e-17
370.0,0.055,3,2,26.14458245516513,0.11888000990652814,0.06345917462704552,0.0
370.0,0.055,3,3,153.4205261842155,0.14414175177650485,0.006972155244702096,-1.6653345369377348e-16
370.0,0.0555,3,1,17.95126806908771,0.10838196026169951,0.10361834989395015,-1.3877787807814457e-17
370.0,0.0555,3,2,21.4404534563401,0.1137001627401954,0.08204979820726539,-2.7755575615628914e-17
370.0,0.0555,3,3,156.6155310960919,0.14431058818376208,0.0067854522433643425,2.7755575615628914e-17
371.0,0.05,3,1,9.724025633271959,0.08357182638302478,0.23746025227071624,-1.3877787807814457e-17
371.0,0.05,3,2,78.650197969261,0.13764635046686788,0.01607877459290348,-2.7755575615628914e-17
371.0,0.05,3,3,94.22544760420381,0.13964149529646952,0.012882509341536908,-5.551115123125783e-17
371.0,0.0505,3,1,9.998610703589039,0.08495898638026757,0.2285329516469526,2.7755575615628914e-17
371.0,0.0505,3,2,65.07727212546023,0.13530545418593073,0.020280062162095516,2.7755575615628914e-17
371.0,0.0505,3,3,108.92347399509843,0.1410981759409188,0.01077235126567546,0.0
371.0,0.051,3,1,10.298969300002561,0.08640295254613019,0.2194217565338878,-1.3877787807814457e-17
371.0,0.051,3,2,57.642789825853995,0.13365287760470593,0.023539310532818797,2.7755575615628914e-17
371.0,0.051,3,3,117.43312505313318,0.14180980403763463,0.009810060763463505,-2.7755575615628914e-17
371.0,0.0515,3,1,10.630296614772627,0.08791356204746975,0.21008841754569943,2.7755575615628914e-17
371.0,0.0515,3,2,51.98374403536019,0.1321394457749973,0.026737091763055172,-2.7755575615628914e-17
371.0,0.0515,3,3,124.11285278149037,0.14231571487307026,0.009153325216983468,1.3877787807814457e-16
371.0,0.052,3,1,10.999581855576727,0.08950382260614981,0.20048211654654682,-1.3877787807814457e-17
371.0,0.052,3,2,47.26988910208063,0.13065361164838535,0.03007462361707247,0.0
371.0,0.052,3,3,129.78653096755704,0.14271444536819097,0.008651754629406157,-1.3877787807814457e-16
371.0,0.0525,3,1,11.41657387073131,0.09119155324044552,0.19053291014117898,1.3877787807814457e-17
371.0,0.0525,3,2,43.152346164402644,0.12913800539468098,0.03368120850789882,-5.551115123125783e-17
371.0,0.0525,3,3,134.79388517050168,0.1430455440147482,0.00824599921327139,-2.7755575615628914e-17
371.0,0.053,3,1,11.895521678728597,0.09300230877721131,0.18014002068785148,2.7755575615628914e-17
371.0,0.053,3,2,39.43729944033408,0.12754662353522542,0.037687862754533265,0.0
371.0,0.053,3,3,139.31505686758447,0.1433294572261443,0.007905829140460442,-2.498001805406602e-16
371.0,0.0535,3,1,12.458607136613619,0.0949750808015991,0.16914896740208912,0.0
371.0,0.0535,3,2,35.993607391438644,0.12582834222957273,0.04226676684833181,0.0
371.0,0.0535,3,3,143.45956053575108,0.14357831509755503,0.007613553190963003,2.7755575615628914e-17
371.0,0.054,3,1,13.143619927981497,0.09717488935401751,0.15730095856968176,1.3877787807814457e-17
371.0,0.054,3,2,32.71134787861112,0.12391028001705685,0.04768803850394385,-1.3877787807814457e-17
371.0,0.054,3,3,147.300064373637,0.143799976964104,0.007357853506757009,-5.551115123125783e-17
371.0,0.0545,3,1,14.02471373649198,0.09972639413724928,0.1440975393655255,-1.3877787807814457e-17
371.0,0.0545,3,2,29.465618855635725,0.12166235869547627,0.05445784784630862,-4.163336342344337e-17
371.0,0.0545,3,3,150.88783425511548,0.1439998593119278,0.007131022602758549,-3.608224830031759e-16
371.0,0.055,3,1,15.291083865259735,0.10293945812553852,0.12829390833874993,1.3877787807814457e-17
371.0,0.055,3,2,26.02987693687702,0.11877080539683198,0.06382650228366928,0.0
371.0,0.055,3,3,154.26071832040896,0.14418187009037617,0.006927562024504688,-1.942890293094024e-16
371.0,0.0555,3,1,18.09829017211497,0.10863952626335456,0.10251583179197576,-1.3877787807814457e-17
371.0,0.0555,3,2,21.220105552596618,0.11340725205025082,0.08317230902022113,0.0
371.0,0.0555,3,3,157.4476566238332,0.14434893054749703,0.006743405471177629,-2.7755575615628914e-17
372.0,0.05,3,1,9.727436910399101,0.08358732940300757,0.2373595348842503,4.163336342344337e-17
372.0,0.05,3,2,76.62836310048783,0.13733778531933707,0.016604695739517596,-1.1102230246251565e-16
372.0,0.05,3,3,96.98132141006053,0.13993763804437429,0.012438239939799029,-1.3877787807814457e-16
372.0,0.0505,3,1,10.002431315984552,0.08497567667987088,0.22842657979052686,2.7755575615628914e-17
372.0,0.0505,3,2,64.45023817234153,0.13517562114072348,0.020527335013251675,2.7755575615628914e-17
372.0,0.0505,3,3,110.28628793354189,0.14121439137334363,0.010612124966250733,2.7755575615628914e-17
372.0,0.051,3,1,10.30328723002786,0.086421029296235,0.21930886975903063,1.3877787807814457e-17
372.0,0.051,3,2,57.246969006097714,0.13355260107505015,0.023744890141046728,2.7755575615628914e-17
372.0,0.051,3,3,118.56633981487649,0.14189506853349335,0.009697782729243116,8.326672684688674e-17
372.0,0.0515,3,1,10.63523026857498,0.08793328552666568,0.20996789701940627,-2.7755575615628914e-17
372.0,0.0515,3,2,51.694210981903474,0.132052269778854,0.026927490406700463,-8.326672684688674e-17
372.0,0.0515,3,3,125.14123728515621,0.1423862241004655,0.009063601772736444,-1.6653345369377348e-16
372.0,0.052,3,1,11.005295868444824,0.08952554379204943,0.2003524613717534,1.3877787807814457e-17
372.0,0.052,3,2,47.04283333381135,0.1305734508979168,0.03026026262909051,0.0
372.0,0.052,3,3,130.753694044927,0.142775933603579,0.008575665112442498,3.608224830031759e-16
372.0,0.0525,3,1,11.423306812809892,0.09121576467225519,0.1903920254169803,4.163336342344337e-17
372.0,0.0525,3,2,42.966515473224085,0.1290615710130172,0.03386850249098385,2.7755575615628914e-17
372.0,0.0525,3,3,135.7208044367969,0.1431008075635488,0.008179223698028726,2.220446049250313e-16
372.0,0.053,3,1,11.903638491838754,0.09302973887708177,0.1799848257109709,2.7755575615628914e-17
372.0,0.053,3,2,39.28041353251137,0.127471580296766,0.03788235858426493,2.7755575615628914e-17
372.0,0.053,3,3,140.21361260802783,0.1433801028610392,0.007845901233822672,-1.1102230246251565e-16
372.0,0.0535,3,1,12.468709137117678,0.09500688757473459,0.16897459367403853,1.3877787807814457e-17
372.0,0.0535,3,2,35.85759007548832,0.1257525101536676,0.04247489212934238,0.0
372.0,0.0535,3,3,144.33719348109383,0.14362536476465002,0.0075589135688685855,-2.498001805406602e-16
372.0,0.054,3,1,13.156812019982352,0.09721312046482378,0.15709885137665192,0.0
372.0,0.054,3,2,32.59006989516744,0.12383091465667016,0.047919404891644014,-1.3877787807814457e-17
372.0,0.054,3,3,148.16176562486177,0.14384412741807076,0.0073074450125236575,-5.551115123125783e-17
372.0,0.0545,3,1,14.04342121697651,0.09977535969190725,0.1438498137465028,6.938893903907228e-17
372.0,0.0545,3,2,29.35310361013018,0.12157465017487422,0.05473109428712152,6.938893903907228e-17
372.0,0.0545,3,3,151.73712271478183,0.1440416102956982,0.007084091038672495,6.38378239159465e-16
372.0,0.055,3,1,15.322906299544314,0.10301203320308662,0.12794754187160548,-2.7755575615628914e-17
372.0,0.055,3,2,25.91591679358275,0.11866150604001485,0.06419521041144916,0.0
372.0,0.055,3,3,155.10017049366095,0.14422159417558475,0.006883547969257057,1.6653345369377348e-16
372.0,0.0555,3,1,18.266959098183488,0.1089308661689508,0.10127585107367691,0.0
372.0,0.0555,3,2,20.978994993500486,0.1130809201613263,0.08443187993012402,0.0
372.0,0.0555,3,3,158.27921572695624,0.14438691410080487,0.006701881025723952,1.1102230246251565e-16
373.0,0.05,3,1,9.730835089045907,0.08360276576361397,0.23725927178538234,1.3877787807814457e-17
373.0,0.05,3,2,75.05709539220648,0.13708831108781364,0.017036089207644746,1.3877787807814457e-16
373.0,0.05,3,3,99.2869840459708,0.1401747499328019,0.01208814744696573,2.220446049250313e-16
373.0,0.0505,3,1,10.00623790810878,0.08499229722204195,0.22832067712375795,1.3877787807814457e-17
373.0,0.0505,3,2,63.858535833239934,0.1350511215359168,0.020765857391088206,-5.551115123125783e-17
373.0,0.0505,3,3,111.61412456442555,0.14132533656638482,0.010460284855369505,-5.551115123125783e-17
373.0,0.051,3,1,10.307590206350726,0.08643903315437172,0.2191964670549873,-1.3877787807814457e-17
373.0,0.051,3,2,56.8651240457508,0.13345474084102946,0.023946377801550338,-2.7755575615628914e-17
373.0,0.051,3,3,119.68593139541781,0.14197798311568802,0.009589218864924025,-1.942890293094024e-16
373.0,0.0515,3,1,10.640148098624362,0.08795293310363729,0.2098478746742663,4.163336342344337e-17
373.0,0.0515,3,2,51.412401976140735,0.13196661688263492,0.027115220414828722,2.7755575615628914e-17
373.0,0.0515,3,3,126.16224877076435,0.14245527966656682,0.008976156465182513,-8.326672684688674e-17
373.0,0.052,3,1,11.01099341396251,0.08954718652491263,0.20022331619996958,1.3877787807814457e-17
373.0,0.052,3,2,46.82074094706231,0.13049440176634733,0.030443886667221642,-2.7755575615628914e-17
373.0,0.052,3,3,131.71624293734104,0.14283638225589348,0.008501189639238895,-8.326672684688674e-17
373.0,0.0525,3,1,11.430023232007674,0.09123989627613166,0.190251657054924,5.551115123125783e-17
373.0,0.0525,3,2,42.784161245799126,0.1289860166640063,0.03405415042532364,8.326672684688674e-17
373.0,0.0525,3,3,136.64459405566112,0.1431552645367794,0.008113688334023228,-5.551115123125783e-17
373.0,0.053,3,1,11.911740162339784,0.09305709057280903,0.17983014092623398,1.3877787807814457e-17
373.0,0.053,3,2,39.126101394544335,0.12739726825587627,0.03807545259242575,0.0
373.0,0.053,3,3,141.10993761876176,0.14343008937799187,0.00778697681418052,1.6653345369377348e-16
373.0,0.0535,3,1,12.478800999369764,0.0950386242160867,0.16880069405735487,-1.3877787807814457e-17
373.0,0.0535,3,2,35.72355034045452,0.1256773001399055,0.042681815010219844,0.0
373.0,0.0535,3,3,145.21318452427917,0.14367185622317516,0.007505115487212276,0.0
373.0,0.054,3,1,13.170009208155378,0.09725130837963991,0.15689710223892275,2.7755575615628914e-17
373.0,0.054,3,2,32.47034396026978,0.12375207144565442,0.04814980349169253,0.0
373.0,0.054,3,3,149.02223295276193,0.14388779268672,0.007257760897571489,8.326672684688674e-17
373.0,0.0545,3,1,14.062185356175235,0.09982437268189222,0.14360206157562344,-2.7755575615628914e-17
373.0,0.0545,3,2,29.24179174621423,0.12148731811331352,0.05500384731725829,-1.3877787807814457e-17
373.0,0.0545,3,3,152.58547207341385,0.14408293119940202,0.007037795480448626,1.6653345369377348e-16
373.0,0.055,3,1,15.355053917604357,0.10308510945882837,0.12759925656963772,2.7755575615628914e-17
373.0,0.055,3,2,25.80266913501779,0.11855208648401676,0.06456538766665113,4.163336342344337e-17
373.0,0.055,3,3,155.93890369165095,0.14426093114228342,0.006840101062264236,1.1102230246251565e-16
373.0,0.0555,3,1,18.468960657381245,0.10927408231669201,0.09982475783864275,-1.3877787807814457e-17
373.0,0.0555,3,2,20.705418565586875,0.11270305867705631,0.08590217010951702,-1.3877787807814457e-17
373.0,0.0555,3,3,159.11022454821062,0.1444245449139763,0.006660868667008665,2.7755575615628914e-16
374.0,0.05,3,1,9.734220248758032,0.08361813591248435,0.2371594597930987,2.7755575615628914e-17
374.0,0.05,3,2,73.74518316315837,0.13687314532935288,0.017412599419142052,-2.7755575615628914e-17
374.0,0.05,3,3,101.33364576169195,0.14037761297365023,0.011792589787287696,-5.551115123125783e-17
374.0,0.0505,3,1,10.01003056293574,0.08500884846835993,0.22821524039740362,2.7755575615628914e-17
374.0,0.0505,3,2,63.29807822978122,0.13493137589167453,0.020996571781042563,-2.7755575615628914e-17
374.0,0.0505,3,3,112.91106934100509,0.14143159055449092,0.010315890850835051,-2.7755575615628914e-17
374.0,0.051,3,1,10.311878315074267,0.08645696459541662,0.2190845451081642,1.3877787807814457e-17
374.0,0.051,3,2,56.49628336104023,0.13335914576199662,0.024144023587628106,2.7755575615628914e-17
374.0,0.051,3,3,120.79286995993124,0.14205869846578092,0.009484121553692828,1.1102230246251565e-16
374.0,0.0515,3,1,10.645050193698856,0.0879725052655909,0.20972834713764668,1.3877787807814457e-17
374.0,0.0515,3,2,51.1379248568339,0.1318824199816047,0.02730039483315583,-5.551115123125783e-17
374.0,0.0515,3,3,127.17627798776623,0.1425229482042942,0.008890878753015804,-2.7755575615628914e-17
374.0,0.052,3,1,11.0166745831564,0.08956875130337365,0.20009467760442823,1.3877787807814457e-17
374.0,0.052,3,2,46.60341049443925,0.13041642625975663,0.030625560952025437,0.0
374.0,0.052,3,3,132.67437768749895,0.14289582883541282,0.00842826553665299,1.1102230246251565e-16
374.0,0.0525,3,1,11.436723222076381,0.09126394856304038,0.1901118015707737,0.0
374.0,0.0525,3,2,42.605164648129794,0.12891131760632055,0.03423819562051805,-2.7755575615628914e-17
374.0,0.0525,3,3,137.56537146285945,0.14320893917939684,0.008049352405405236,-1.1102230246251565e-16
374.0,0.053,3,1,11.91982679165419,0.09308436439719976,0.17967596275048245,-2.7755575615628914e-17
374.0,0.053,3,2,38.974286342176505,0.12732366976066148,0.038267176330036935,-2.7755575615628914e-17
374.0,0.053,3,3,142.00410718717933,0.14347943391028833,0.007729027012039902,-2.7755575615628914e-17
374.0,0.0535,3,1,12.488882856965517,0.09507029132616425,0.1686272646705802,1.3877787807814457e-17
374.0,0.0535,3,2,35.59143546596038,0.12560269871818697,0.04288756020907444,5.551115123125783e-17
374.0,0.0535,3,3,146.0875849655492,0.14371780235652332,0.007452137196555763,8.326672684688674e-17
374.0,0.054,3,1,13.183211777562319,0.09728945398251827,0.15669570605060412,1.3877787807814457e-17
374.0,0.054,3,2,32.35213197203169,0.12367373937462854,0.04837925561323174,1.3877787807814457e-17
374.0,0.054,3,3,149.88150289638688,0.14393098290878797,0.007208784034697583,3.3306690738754696e-16
374.0,0.0545,3,1,14.081007328862555,0.09987343555925139,0.14335427109423488,2.7755575615628914e-17
374.0,0.0545,3,2,29.1316539140168,0.1214003518118555,0.05527613170838555,0.0
374.0,0.0545,3,3,153.43290923696205,0.14412383028294476,0.0069921219799474925,-3.608224830031759e-16
374.0,0.055,3,1,15.38753789117749,0.1031587060365776,0.12724897114627384,2.7755575615628914e-17
374.0,0.055,3,2,25.690101203449377,0.11844252068345884,0.06493712605091485,5.551115123125783e-17
374.0,0.055,3,3,156.77693823972302,0.14429988790465828,0.0067972096421538356,2.498001805406602e-16
374.0,0.0555,3,1,18.732577091973805,0.10971290722150358,0.09798469004596633,2.7755575615628914e-17
374.0,0.0555,3,2,20.37107711182588,0.11222992917996556,0.08776105059831052,1.3877787807814457e-17
374.0,0.0555,3,3,159.9406987500754,0.1444618289017909,0.0066203584385305615,-8.326672684688674e-17
375.0,0.05,3,1,9.737592468409794,0.08363344029313503,0.2370600957567785,4.163336342344337e-17
375.0,0.05,3,2,72.60703692316068,0.13668116047980403,0.017752020335338875,0.0
375.0,0.05,3,3,103.20689462548474,0.1405573543041961,0.011533775324073235,2.7755575615628914e-17
375.0,0.0505,3,1,10.013809362749315,0.08502533087618508,0.2281102663930906,0.0
375.0,0.0505,3,2,62.76549212858258,0.13481590435509974,0.021220258382070784,-8.326672684688674e-17
375.0,0.0505,3,3,114.18049408107342,0.1415336327494438,0.010178165135103008,-1.1102230246251565e-16
375.0,0.051,3,1,10.31615164159499,0.08647482408993723,0.2189731006362831,5.551115123125783e-17
375.0,0.051,3,2,56.13957836228399,0.13326568024383856,0.024338051802728265,2.7755575615628914e-17
375.0,0.051,3,3,121.88802268897966,0.1421373497231662,0.009382268926430697,2.7755575615628914e-17
375.0,0.0515,3,1,10.649936641856124,0.08799200249534068,0.20960931106864028,-1.3877787807814457e-17
375.0,0.0515,3,2,50.87041770129827,0.1317996169152175,0.02748311837071329,0.0
375.0,0.0515,3,3,128.18368545649753,0.14258929140683277,0.008807666409163703,2.7755575615628914e-17
375.0,0.052,3,1,11.022339466320405,0.08959023862159395,0.19996654219048074,0.0
375.0,0.052,3,2,46.39065285566711,0.13033948857159405,0.030805346953318723,0.0
375.0,0.052,3,3,133.62828602036703,0.14295430866958544,0.008356833859560778,-8.326672684688674e-17
375.0,0.0525,3,1,11.44340687602627,0.09128792203940106,0.18997245551276498,0.0
375.0,0.0525,3,2,42.42941292151757,0.1288374502707098,0.03442067934279972,-1.1102230246251565e-16
375.0,0.0525,3,3,138.48324802819585,0.14326185456889765,0.00798617721673309,-3.0531133177191805e-16
375.0,0.053,3,1,11.927898480481325,0.09311156087849448,0.17952228763314487,0.0
375.0,0.053,3,2,38.82489507913409,0.1272507678710902,0.038457560086737674,2.7755575615628914e-17
375.0,0.053,3,3,142.89619322195836,0.14352815288399315,0.007672024196333455,1.3877787807814457e-16
375.0,0.0535,3,1,12.498954843018804,0.09510188950130564,0.16845430166313588,4.163336342344337e-17
375.0,0.0535,3,2,35.46119479199449,0.1255286928902792,0.043092151595510796,2.7755575615628914e-17
375.0,0.0535,3,3,146.9604440537477,0.14376321558047125,0.007399957774837236,1.942890293094024e-16
375.0,0.054,3,1,13.196420014855384,0.09732755815703399,0.15649465772079826,1.3877787807814457e-17
375.0,0.054,3,2,32.23539716256094,0.12359590776464606,0.04860778197135892,1.3877787807814457e-17
375.0,0.054,3,3,150.73961066762934,0.14397370789313818,0.007160497885621955,4.996003610813204e-16
375.0,0.0545,3,1,14.099888333433919,0.0999225508137896,0.1431064303966548,1.3877787807814457e-17
375.0,0.0545,3,2,29.02266164967442,0.1213137407784559,0.05554797194921444,6.938893903907228e-17
375.0,0.0545,3,3,154.27946021012139,0.14416431556166862,0.006947057029006502,1.6653345369377348e-16
375.0,0.055,3,1,15.42036996899827,0.10323284303349134,0.12689660035827935,-2.7755575615628914e-17
375.0,0.055,3,2,25.578180308213486,0.11833278182828487,0.0653105211912142,0.0
375.0,0.055,3,3,157.6142938274733,0.1443384711883234,0.006754862388988593,-2.7755575615628914e-17
375.0,0.0555,3,1,19.199424215533924,0.11046583296061989,0.094867423783724,0.0
375.0,0.0555,3,2,19.83433837445461,0.1114430338404458,0.09089675404448193,-2.7755575615628914e-17
375.0,0.0555,3,3,160.7706535327222,0.14449877182895035,0.006580340656965488,-4.718447854656915e-16
376.0,0.05,3,1,9.74095182621148,0.08364867934500682,0.2369611765558258,1.3877787807814457e-17
376.0,0.05,3,2,71.59556936018068,0.13650621595241694,0.0180641676889641,-5.551115123125783e-17
376.0,0.05,3,3,104.95381653693819,0.14072011408843738,0.011301890628010297,-5.551115123125783e-17
376.0,0.0505,3,1,10.017574389150782,0.0850417448987083,0.22800575192294023,0.0
376.0,0.0505,3,2,62.25795555707967,0.13470430417309612,0.02143757183551086,-2.7755575615628914e-17
376.0,0.0505,3,3,115.42521935104574,0.1416318654674448,0.010046455426672131,-8.326672684688674e-17
376.0,0.051,3,1,10.320410270610445,0.08649261210424286,0.21886213038800154,-1.3877787807814457e-17
376.0,0.051,3,2,55.794228925379635,0.13317422207226903,0.024528664578704132,0.0
376.0,0.051,3,3,122.97216830694504,0.14221405865172473,0.009283461263713969,-1.1102230246251565e-16
376.0,0.0515,3,1,10.6548075304409,0.08801142527135897,0.2094907631576877,2.7755575615628914e-17
376.0,0.0515,3,2,50.609545703517824,0.13171814996599676,0.02766348824727133,-2.7755575615628914e-17
376.0,0.0515,3,3,129.18480458997595,0.14265436652870023,0.008726424673620201,2.7755575615628914e-17
376.0,0.052,3,1,11.027988153023527,0.08961164896931416,0.19983890659521159,1.3877787807814457e-17
376.0,0.052,3,2,46.18229022632284,0.13026355490772432,0.030983302691342227,0.0
376.0,0.052,3,3,134.57814435436532,0.1430118550779295,0.008286839089951622,2.220446049250313e-16
376.0,0.0525,3,1,11.450074286133836,0.09131181720713992,0.18983361546121796,1.3877787807814457e-17
376.0,0.0525,3,2,42.256798966549276,0.12876439218231836,0.03460164095110728,0.0
376.0,0.0525,3,3,139.39832947144387,0.1433140326929456,0.007924125957163129,2.7755575615628914e-17
376.0,0.053,3,1,11.935955328805342,0.0931386805404207,0.17936911205584452,1.3877787807814457e-17
376.0,0.053,3,2,38.67785749701372,0.12717854631860162,0.038646632962754154,-2.7755575615628914e-17
376.0,0.053,3,3,143.78626445308092,0.14357626205828622,0.007615941902715925,-1.6653345369377348e-16
376.0,0.0535,3,1,12.509017090172465,0.0951334193337381,0.1682818012149049,0.0
376.0,0.0535,3,2,35.332779611434326,0.12545527010632374,0.04329561223319937,0.0
376.0,0.0535,3,3,147.8318090937062,0.14380810786660986,0.0073485570850897255,2.7755575615628914e-17
376.0,0.054,3,1,13.209634208326074,0.0973656217864129,0.15629395217288317,0.0
376.0,0.054,3,2,32.120104035285244,0.1235185662522792,0.0488354027147695,-5.551115123125783e-17
376.0,0.054,3,3,151.59659021377288,0.14401597713354627,0.00711288647392899,1.942890293094024e-16
376.0,0.0545,3,1,14.118829592680283,0.09997172097445227,0.14285852742413965,2.7755575615628914e-17
376.0,0.0545,3,2,28.914787335693344,0.12122747471663335,0.05581939226983584,1.3877787807814457e-17
376.0,0.0545,3,3,155.1251501351138,0.1442043948162984,0.006902587540999155,-3.608224830031759e-16
376.0,0.055,3,1,15.453562519230593,0.10330754156999672,0.12654205471475885,5.551115123125783e-17
376.0,0.055,3,2,25.466873757935865,0.11822284226679212,0.06568567264392842,6.938893903907228e-17
376.0,0.055,3,3,158.45098953402248,0.14437668753735936,0.006713048311058193,3.0531133177191805e-16
377.0,0.05,3,1,9.74429839971664,0.0836638535035129,0.23686269909930394,-1.3877787807814457e-17
377.0,0.05,3,2,70.68160675205908,0.13634449563979087,0.018355139344248494,-8.326672684688674e-17
377.0,0.05,3,3,106.60358381516585,0.14086970801509416,0.011090840117310779,-8.326672684688674e-17
377.0,0.0505,3,1,10.021325723066086,0.08505809098499952,0.22790169382920233,0.0
377.0,0.0505,3,2,61.77307997892983,0.1345962333257744,0.0216490679046564,0.0
377.0,0.0505,3,3,116.6476322904668,0.14172663029565716,0.009920208300759422,-8.326672684688674e-17
377.0,0.051,3,1,10.324654286126778,0.08651032910043438,0.21875163114253948,0.0
377.0,0.051,3,2,55.459531388886255,0.13308466062036653,0.024716044851899422,8.326672684688674e-17
377.0,0.051,3,3,124.04600908485544,0.1422889354322339,0.009187518019981477,1.3877787807814457e-16
377.0,0.0515,3,1,10.659662946092535,0.08803077406782638,0.2093727001262017,-1.3877787807814457e-17
377.0,0.0515,3,2,50.35499845289743,0.1316379654221072,0.02784159493286275,-2.7755575615628914e-17
377.0,0.0515,3,3,130.17994441505928,0.142718226823121,0.00864706551417834,-5.551115123125783e-17
377.0,0.052,3,1,11.033620732117516,0.0896329828319048,0.19971176748705846,4.163336342344337e-17
377.0,0.052,3,2,45.97815521010679,0.1301885933291532,0.031159483007410785,8.326672684688674e-17
377.0,0.052,3,3,135.52411870900343,0.14306849952925296,0.008218228866535017,3.3306690738754696e-16
377.0,0.0525,3,1,11.456725543949673,0.09133563456374161,0.18969527802815225,0.0
377.0,0.0525,3,2,42.087220962701274,0.12869212188954263,0.03478111802165853,-5.551115123125783e-17
377.0,0.0525,3,3,140.31071624265272,0.14336549452045966,0.007863163576134806,8.326672684688674e-17
377.0,0.053,3,1,11.943997435903269,0.09316572390224608,0.17921643253200992,1.3877787807814457e-17
377.0,0.053,3,2,38.5331064899532,0.127106989468634,0.03883442293563964,-2.7755575615628914e-17
377.0,0.053,3,3,144.67438661708118,0.14362377656287775,0.007560754767089555,-3.608224830031759e-16
377.0,0.0535,3,1,12.519069730609338,0.09516488141163675,0.1681097595358141,2.7755575615628914e-17
377.0,0.0535,3,2,35.20614306957973,0.125382418242838,0.0434979644197257,2.7755575615628914e-17
377.0,0.0535,3,3,148.70172554662304,0.14385249076428033,0.007297915735879941,-8.326672684688674e-17
377.0,0.054,3,1,13.222854647954966,0.09740364575366108,0.1560935843437928,0.0
377.0,0.054,3,2,32.006218305944905,0.1234417047755449,0.049062137451844165,-1.3877787807814457e-17
377.0,0.054,3,3,152.45247427637426,0.14405779982264125,0.007065934359571734,-2.7755575615628914e-16
377.0,0.0545,3,1,14.137832354592605,0.10002094861075833,0.14261054995864264,-1.3877787807814457e-17
377.0,0.0545,3,2,28.808004163354653,0.1211415435146022,0.05609041666530441,1.3877787807814457e-17
377.0,0.0545,3,3,155.9700033284105,0.14424407560237237,0.006858700833363762,-2.498001805406602e-16
377.0,0.055,3,1,15.487128575960202,0.10338282386637314,0.12618524015850635,0.0
377.0,0.055,3,2,25.35614878993765,0.11811267342234101,0.06606268422593374,-1.3877787807814457e-17
377.0,0.055,3,3,159.28704385203795,0.14441454332101808,0.0066717567323105595,-1.6653345369377348e-16
378.0,0.05,3,1,9.747632265829155,0.08367896320008589,0.23676466032557913,2.7755575615628914e-17
378.0,0.05,3,2,69.84560158294569,0.1361934347825098,0.018629032168109218,-5.551115123125783e-17
378.0,0.05,3,3,108.17574258227883,0.14100870042892336,0.010896529186769342,-8.326672684688674e-17
378.0,0.0505,3,1,10.02506344475316,0.08507436958005583,0.2277980889838909,1.3877787807814457e-17
378.0,0.0505,3,2,61.30882294665947,0.1344913983776633,0.021855223275078984,-2.7755575615628914e-17
378.0,0.0505,3,3,117.84977395927899,0.14181822024094473,0.009798949389223776,-8.326672684688674e-17
378.0,0.051,3,1,10.328883771465962,0.08652797553645238,0.2186415997093156,1.3877787807814457e-17
378.0,0.051,3,2,55.134848560652244,0.13299689535419573,0.024900358843763213,0.0
378.0,0.051,3,3,125.11018083366984,0.142362080156695,0.009094275343167275,1.6653345369377348e-16
378.0,0.0515,3,1,10.664502974752633,0.08805004935468198,0.20925511872619348,0.0
378.0,0.0515,3,2,50.10648755268254,0.13155901319398505,0.028017522795744945,-5.551115123125783e-17
378.0,0.0515,3,3,131.16939195394272,0.14278092192534428,0.008569506978718328,2.7755575615628914e-17
378.0,0.052,3,1,11.039237291744403,0.08965424069041687,0.19958512156543828,4.163336342344337e-17
378.0,0.052,3,2,45.77809000201824,0.13011457361029277,0.031333939807748394,-2.7755575615628914e-17
378.0,0.052,3,3,136.46636552162403,0.14312427178333595,0.008150953741158309,1.3877787807814457e-16
378.0,0.0525,3,1,11.463360740306179,0.09135937460230058,0.1895574398569073,1.3877787807814457e-17
378.0,0.0525,3,2,41.920582019914136,0.12862061889876522,0.03495914646219595,-2.7755575615628914e-17
378.0,0.0525,3,3,141.22050387048998,0.14341626006682548,0.0078032566693828995,-5.551115123125783e-17
378.0,0.053,3,1,11.952024900352963,0.09319269147883057,0.17906424560649048,1.3877787807814457e-17
378.0,0.053,3,2,38.390577782785144,0.12703608228582375,0.039020956922233445,-5.551115123125783e-17
378.0,0.053,3,3,145.56062262880533,0.143670710932755,0.007506438463901879,-1.942890293094024e-16
378.0,0.0535,3,1,12.529112896062724,0.09519627631918191,0.16793817286542873,-1.3877787807814457e-17
378.0,0.0535,3,2,35.08124007015156,0.12531012558209745,0.04369922972392349,0.0
378.0,0.0535,3,3,149.57023712397756,0.14389637542113182,0.007248015044257063,1.942890293094024e-16
378.0,0.054,3,1,13.236081625462116,0.09744163094169456,0.15589354918329892,1.3877787807814457e-17
378.0,0.054,3,2,31.893706846998807,0.12336531356061699,0.04928800527528024,1.3877787807814457e-17
378.0,0.054,3,3,153.3072944467312,0.144099184865061,0.007019626614830699,3.0531133177191805e-16
378.0,0.0545,3,1,14.156897893198728,0.10007023633428913,0.14236248561634074,2.7755575615628914e-17
378.0,0.0545,3,2,28.70228609702769,0.12105593723483306,0.056361068918544914,-2.7755575615628914e-17
378.0,0.0545,3,3,156.8140433154986,0.1442833652591898,0.006815384611040816,-1.6653345369377348e-16
378.0,0.055,3,1,15.521081890235727,0.10345871332679087,0.12582605771637342,1.3877787807814457e-17
378.0,0.055,3,2,25.245972496260364,0.11800224570292445,0.06644166437606534,2.7755575615628914e-17
378.0,0.055,3,3,160.1224747105979,0.14445204474011217,0.006630977280385148,-5.551115123125783e-17
379.0,0.05,3,1,9.750953500810194,0.08369400886222393,0.23666705720196882,1.3877787807814457e-17
379.0,0.05,3,2,69.07370446595272,0.13605121066661838,0.01888875671510784,8.326672684688674e-17
379.0,0.05,3,3,109.68414084064862,0.14113891363319456,0.01071604952304453,8.326672684688674e-17
379.0,0.0505,3,1,10.028787633809028,0.08509058112484874,0.22769493428842844,2.7755575615628914e-17
379.0,0.0505,3,2,60.8634221232158,0.13438954528915298,0.022056450527487868,-5.551115123125783e-17
379.0,0.0505,3,3,119.03340531618274,0.14190688891837847,0.009682268407949484,0.0
379.0,0.051,3,1,10.333098809273086,0.08654555186612545,0.2185320329275857,-2.7755575615628914e-17
379.0,0.051,3,2,54.81960133801875,0.13291083457802186,0.025081758143283877,-2.7755575615628914e-17
379.0,0.051,3,3,126.1652612839911,0.1424335840830677,0.009003583992513279,-5.551115123125783e-17
379.0,0.0515,3,1,10.669327701672241,0.0880692515976715,0.2091380157399113,-2.7755575615628914e-17
379.0,0.0515,3,2,49.863744527724975,0.13148124647706624,0.028191350672299224,-2.7755575615628914e-17
379.0,0.0515,3,3,132.15341431630534,0.142842498189864,0.008493672625556664,-1.6653345369377348e-16
379.0,0.052,3,1,11.044837919344065,0.08967542302163144,0.19945896556037676,1.3877787807814457e-17
379.0,0.052,3,2,45.58194565158082,0.13004146711092543,0.03150672228369076,-5.551115123125783e-17
379.0,0.052,3,3,137.40503238409102,0.14317920001891363,0.008084966958855608,-5.551115123125783e-17
379.0,0.0525,3,1,11.469979965324976,0.09138303781157092,0.18942009762177292,0.0
379.0,0.0525,3,2,41.75678985893178,0.128549863614384,0.03513576061692674,2.7755575615628914e-17
379.0,0.0525,3,3,142.12778328181875,0.1434663484538137,0.007744373374247888,-5.551115123125783e-17
379.0,0.053,3,1,11.960037820040888,0.09321958378067784,0.17891254785517952,4.163336342344337e-17
379.0,0.053,3,2,38.2502097714929,0.12696581030164125,0.03920626083626089,2.7755575615628914e-17
379.0,0.053,3,3,146.4450327408707,0.14371707914049126,0.007452969648803444,2.7755575615628914e-16
379.0,0.0535,3,1,12.53914671782729,0.09522760463661713,0.16776703747254568,4.163336342344337e-17
379.0,0.0535,3,2,34.9580271872536,0.12523838079279168,0.043899429020889405,8.326672684688674e-17
379.0,0.0535,3,3,150.43738587547975,0.14393977260240468,0.0071988370010198765,1.6653345369377348e-16
379.0,0.054,3,1,13.2493154343585,0.09747957823347048,0.15569384165328837,2.7755575615628914e-17
379.0,0.054,3,2,31.782537635202722,0.12328938310926829,0.04951302478537673,2.7755575615628914e-17
379.0,0.054,3,3,154.16108121817186,0.14414014088987556,0.006973948801627233,8.326672684688674e-17
379.0,0.0545,3,1,14.176027509434066,0.10011958680023408,0.1421143218409202,2.7755575615628914e-17
379.0,0.0545,3,2,28.597607840266207,0.12097064610400848,0.056631372622654115,5.551115123125783e-17
379.0,0.0545,3,3,157.65729286384308,0.14432227091830638,0.006772626950761598,-1.6653345369377348e-16
379.0,0.055,3,1,15.555436986205457,0.10353523463169645,0.1254644031149627,-1.3877787807814457e-17
379.0,0.055,3,2,25.136311745700276,0.11789152840268702,0.0668227265506995,-2.7755575615628914e-17
379.0,0.055,3,3,160.95729949694106,0.14448919783310715,0.0065906998752139345,-1.3877787807814457e-16
380.0,0.0495,3,1,9.49842740096418,0.08236181319127996,0.24538716666660843,6.938893903907228e-17
380.0,0.0495,3,2,85.33940520847223,0.13854886810902345,0.014589094425570596,2.7755575615628914e-17
380.0,0.0495,3,3,92.96699346487407,0.13947368108990632,0.01313772235745286,5.551115123125783e-17
380.0,0.05,3,1,9.754262180285247,0.08370899091353688,0.23656988672439205,4.163336342344337e-17
380.0,0.05,3,2,68.35568320320306,0.13591647247090163,0.019136469296087154,5.551115123125783e-17
380.0,0.05,3,3,111.13900941277049,0.14126169804236183,0.010547247036258544,1.1102230246251565e-16
380.0,0.0505,3,1,10.03249836917691,0.0851067260563706,0.2275922266732934,1.3877787807814457e-17
380.0,0.0505,3,2,60.43534461516369,0.13429045235117568,0.022253109648568158,5.551115123125783e-17
380.0,0.0505,3,3,120.20005788535543,0.14199285761650682,0.00956980764624682,8.326672684688674e-17
380.0,0.051,3,1,10.33729948152367,0.08656305853921796,0.21842292766608407,0.0
380.0,0.051,3,2,54.51326163461154,0.13282639437373536,0.02526038146671594,-5.551115123125783e-17
380.0,0.051,3,3,127.21177715919116,0.14250353069579588,0.008915307579083267,-2.7755575615628914e-17
380.0,0.0515,3,1,10.674137211419355,0.08808838125839619,0.20902138797947586,1.3877787807814457e-17
380.0,0.0515,3,2,49.62651897985177,0.13140462145400486,0.028363152370069707,0.0
380.0,0.0515,3,3,133.13226054386,0.14290299898814982,0.008419491020651081,-2.7755575615628914e-17
380.0,0.052,3,1,11.05042270166156,0.0896965302981086,0.19933329623214505,1.3877787807814457e-17
380.0,0.052,3,2,45.38958139676618,0.12996924666028067,0.031677877110994575,2.7755575615628914e-17
380.0,0.052,3,3,138.34025870878332,0.14323331094954844,0.00802022425878369,1.6653345369377348e-16
380.0,0.0525,3,1,11.476583308424528,0.09140662467601653,0.18928324802761878,4.163336342344337e-17
380.0,0.0525,3,2,41.59575651756142,0.12847983728361667,0.03531099336307427,-2.7755575615628914e-17
380.0,0.0525,3,3,143.0326410953521,0.14351577796472298,0.007686483273373779,-1.942890293094024e-16
380.0,0.053,3,1,11.968036292169721,0.09324640131398558,0.1787613358846436,1.3877787807814457e-17
380.0,0.053,3,2,38.11194337492008,0.12689615958426112,0.03939035964193597,2.7755575615628914e-17
380.0,0.053,3,3,147.32767469187345,0.1437628946263234,0.0074003259052953015,3.608224830031759e-16
380.0,0.0535,3,1,12.549171326769422,0.09525886694030489,0.16759634965479825,1.3877787807814457e-17
380.0,0.0535,3,2,34.83646258284805,0.12516717291186055,0.0440985825248475,0.0
380.0,0.0535,3,3,151.30321227151248,0.14398269270903535,0.007150364238127548,-5.551115123125783e-17
380.0,0.054,3,1,13.26255636999822,0.09751748851211922,0.15549445672703968,0.0
380.0,0.054,3,2,31.67267970214537,0.12321390418699509,0.0497372141120588,1.3877787807814457e-17
380.0,0.054,3,3,155.01386403540067,0.1441806762623282,0.006928886950099201,2.7755575615628914e-17
380.0,0.0545,3,1,14.195222532048108,0.10016900270899824,0.14186604589660567,-1.3877787807814457e-17
380.0,0.0545,3,2,28.49394480357424,0.12088566050334358,0.05690135120265622,-4.163336342344337e-17
380.0,0.0545,3,3,158.49977401414156,0.14436079951160385,0.0067304162861357274,-1.6653345369377348e-16
380.0,0.055,3,1,15.590209222990103,0.10361241383959434,0.12510016635728508,4.163336342344337e-17
380.0,0.055,3,2,25.02713310114311,0.11778048959432892,0.0672059896578314,1.3877787807814457e-17
380.0,0.055,3,3,161.7915350771891,0.14452600848193295,0.006550914718157397,2.7755575615628914e-17
381.0,0.0495,3,1,9.501389154203219,0.08237572745996088,0.24529527325397565,0.0
381.0,0.0495,3,2,81.87860050193817,0.13808178778409225,0.015351009914664928,0.0
381.0,0.0495,3,3,97.16315763555558,0.13992987643309268,0.012449784325451458,-5.551115123125783e-17
381.0,0.05,3,1,9.757558379250872,0.08372390977379103,0.2364731459170292,-1.3877787807814457e-17
381.0,0.05,3,2,67.68372698724062,0.13578818582846214,0.019373820538278824,-2.7755575615628914e-17
381.0,0.05,3,3,112.54815773977272,0.14137808762043888,0.010388473300122497,0.0
381.0,0.0505,3,1,10.036195729153174,0.0851228048076808,0.22748996309767358,-1.3877787807814457e-17
381.0,0.0505,3,2,60.023247489775756,0.13419392467228491,0.022445517010935535,-2.7755575615628914e-17
381.0,0.0505,3,3,121.35107323927821,0.14207632081022853,0.009461252987132514,2.7755575615628914e-17
381.0,0.051,3,1,10.34148586953059,0.08658049600147623,0.21831428082267557,1.3877787807814457e-17
381.0,0.051,3,2,54.215346373396585,0.1327434976989286,0.02543635615373092,-2.7755575615628914e-17
381.0,0.051,3,3,128.2502101822684,0.14257199660768174,0.00882932106985094,8.326672684688674e-17
381.0,0.0515,3,1,10.678931587885875,0.08810743879435956,0.2089052322865302,1.3877787807814457e-17
381.0,0.0515,3,2,49.39457695601749,0.1313290970308644,0.02853299711329464,2.7755575615628914e-17
381.0,0.0515,3,3,134.10616324211455,0.14296246497240597,0.008346895292310122,-2.220446049250313e-16
381.0,0.052,3,1,11.055991724754321,0.08971756298823547,0.19920811037090344,1.3877787807814457e-17
381.0,0.052,3,2,45.20086406051919,0.12989788645184858,0.0318474486306327,-2.7755575615628914e-17
381.0,0.052,3,3,139.27217633198478,0.14328662992876587,0.007956683693669997,2.7755575615628914e-17
381.0,0.0525,3,1,11.483170858327389,0.09143013567585966,0.18914688780953437,4.163336342344337e-17
381.0,0.0525,3,2,41.43739808034244,0.12841052194562352,0.035484876199846006,1.1102230246251565e-16
381.0,0.0525,3,3,143.93515989190462,0.14356456609520518,0.00762955730598629,1.6653345369377348e-16
381.0,0.053,3,1,11.976020413266143,0.09327314458069612,0.17861060633175282,0.0
381.0,0.053,3,2,37.975721896777976,0.12682711671047686,0.03957327740390878,0.0
381.0,0.053,3,3,148.20860384430097,0.14380817032618343,0.007348485695032053,-1.3877787807814457e-16
381.0,0.0535,3,1,12.55918685333811,0.09529006380278378,0.16742610573825767,1.3877787807814457e-17
381.0,0.0535,3,2,34.71650592932698,0.1250964913274216,0.044296709820030124,0.0
381.0,0.0535,3,3,152.1677552804745,0.14402514579466968,0.007102579998094912,-2.7755575615628914e-16
381.0,0.054,3,1,13.27580472963161,0.09755536266107724,0.15529538938849838,-1.3877787807814457e-17
381.0,0.054,3,2,31.564103087541454,0.12313886781177795,0.049960590935727855,-6.938893903907228e-17
381.0,0.054,3,3,155.86567134107324,0.1442207990949387,0.006884427538355108,-1.3877787807814457e-16
381.0,0.0545,3,1,14.214484318548678,0.10021848680787383,0.14161764486091669,-1.3877787807814457e-17
381.0,0.0545,3,2,28.391273073730083,0.12080097095924014,0.05717102793678727,-5.551115123125783e-17
381.0,0.0545,3,3,159.341508109981,0.1443989577789609,0.006688741393488684,-8.326672684688674e-17
381.0,0.055,3,1,15.625414863016784,0.10369027849940636,0.12473323125547733,6.938893903907228e-17
381.0,0.055,3,2,24.918402731418894,0.1176690960111963,0.06759157853459577,5.551115123125783e-17
381.0,0.055,3,3,162.62519781608395,0.144562482417531,0.006511612281645506,1.942890293094024e-16
382.0,0.0495,3,1,9.504339346356385,0.08238958181432564,0.24520379262941647,1.3877787807814457e-17
382.0,0.0495,3,2,79.76146005483174,0.1377792669859629,0.015854838519939914,-2.7755575615628914e-17
382.0,0.0495,3,3,100.01600270981146,0.1402215656688637,0.012019615414575135,-2.7755575615628914e-17
382.0,0.05,3,1,9.760842172081563,0.08373876585895405,0.2363768318319809,-1.3877787807814457e-17
382.0,0.05,3,2,67.05171505604898,0.13566553764110442,0.01960210757103612,-2.7755575615628914e-17
382.0,0.05,3,3,113.9177052263122,0.14148889506656825,0.010238433366433517,-1.1102230246251565e-16
382.0,0.0505,3,1,10.039879791394243,0.08513881780795096,0.2273881405491235,1.3877787807814457e-17
382.0,0.0505,3,2,59.62594660168795,0.13409978982030893,0.02263395247105236,-2.7755575615628914e-17
382.0,0.0505,3,3,122.48763417199676,0.14215745051909098,0.009356326809647599,-2.7755575615628914e-17
382.0,0.051,3,1,10.345658053951174,0.086597864694675,0.21820608932400817,1.3877787807814457e-17
382.0,0.051,3,2,53.92541235619754,0.13266207361551816,0.025609799446722082,0.0
382.0,0.051,3,3,129.28100220624984,0.14263905233121488,0.008745509508629911,1.1102230246251565e-16
382.0,0.0515,3,1,10.68371091429484,0.08812642465901484,0.20878954553188797,1.3877787807814457e-17
382.0,0.0515,3,2,49.1676995000571,0.13125463460265382,0.028700949938774065,-8.326672684688674e-17
382.0,0.0515,3,3,135.07534002854177,0.1430209343099856,0.008275822735563206,-1.6653345369377348e-16
382.0,0.052,3,1,11.061545073999438,0.089738521556274,0.19908340479634576,2.7755575615628914e-17
382.0,0.052,3,2,45.015667502862904,0.12982736194773634,0.03201547901313757,0.0
382.0,0.052,3,3,140.2009100617008,0.1433391810456473,0.007894305465710115,1.942890293094024e-16
382.0,0.0525,3,1,11.489742703067503,0.09145357128712946,0.18901101373247187,2.7755575615628914e-17
382.0,0.0525,3,2,41.28163442939583,0.1283419003845428,0.03565743933053071,0.0
382.0,0.0525,3,3,144.83541846345898,0.14361272960018012,0.007573567686035174,1.1102230246251565e-16
382.0,0.053,3,1,11.983990279188282,0.09329981407854528,0.17846035586332035,1.3877787807814457e-17
382.0,0.053,3,2,37.84149089709861,0.1267586687394954,0.039755037333852467,-2.7755575615628914e-17
382.0,0.053,3,3,149.08787331299936,0.14385291869785252,0.0072974283114794975,1.6653345369377348e-16
382.0,0.0535,3,1,12.56919342757513,0.09532119579282293,0.16725630207704945,1.3877787807814457e-17
382.0,0.0535,3,2,34.59811833680701,0.12502632576271114,0.04449382988971202,0.0
382.0,0.0535,3,3,153.03105244140355,0.1440671415816643,0.007055468105226833,3.0531133177191805e-16
382.0,0.054,3,1,13.28906081245956,0.09759320156422206,0.15509663463154408,0.0
382.0,0.054,3,2,31.45677879509554,0.12306426524343618,0.05018317250701878,1.3877787807814457e-17
382.0,0.054,3,3,156.7165306198089,0.14426051725801128,0.006840557473328025,4.163336342344337e-16
382.0,0.0545,3,1,14.233814256184813,0.10026804189277762,0.1413691056171525,0.0
382.0,0.0545,3,2,28.289569384575223,0.12071656813425163,0.0574404259773489,2.7755575615628914e-17
382.0,0.0545,3,3,160.18251582599513,0.14443675227554814,0.006647591378403917,3.885780586188048e-16
382.0,0.055,3,1,15.661071147659973,0.10376885777479201,0.12436347491383526,-1.3877787807814457e-17
382.0,0.055,3,2,24.810086316772995,0.11755731291766197,0.06797962447399068,1.3877787807814457e-17
382.0,0.055,3,3,163.45830359580435,0.14459862522515068,0.006472783299295432,-1.6653345369377348e-16
383.0,0.0495,3,1,9.507278047791957,0.08240337665320817,0.24511272193880193,1.3877787807814457e-17
383.0,0.0495,3,2,78.1317029935934,0.13753698695039118,0.01626420649099031,-5.551115123125783e-17
383.0,0.0495,3,3,102.38180820669923,0.1404530671799379,0.01168359148071335,-8.326672684688674e-17
383.0,0.05,3,1,9.764113632536267,0.0837535595812383,0.2362809415489398,-1.3877787807814457e-17
383.0,0.05,3,2,66.45474674971047,0.13554787483832476,0.01982237192394847,-8.326672684688674e-17
383.0,0.05,3,3,115.2525511838352,0.1415947730559856,0.010096087867186163,-8.326672684688674e-17
383.0,0.0505,3,1,10.043550632923306,0.08515476548250943,0.22728675604322976,1.3877787807814457e-17
383.0,0.0505,3,2,59.242391688671,0.1340078943359409,0.022818665046029495,-8.326672684688674e-17
383.0,0.0505,3,3,123.61078960326913,0.14223639979365363,0.00925478231228346,-1.942890293094024e-16
383.0,0.051,3,1,10.349816114794086,0.08661516505666278,0.2180983501251723,2.7755575615628914e-17
383.0,0.051,3,2,53.643051858518135,0.13258205662651046,0.0257808195905064,8.326672684688674e-17
383.0,0.051,3,3,130.30455961928786,0.14270476294175896,0.008663766916604084,8.326672684688674e-17
383.0,0.0515,3,1,10.688475273207397,0.08814533930181083,0.2086743246151886,0.0
383.0,0.0515,3,2,48.945681363468665,0.13118119784430946,0.02886707204868188,0.0
383.0,0.0515,3,3,136.03999482171042,0.14307844289236057,0.008206214459583017,-2.7755575615628914e-17
383.0,0.052,3,1,11.067082834100718,0.0897594064624077,0.19895917635735189,-1.3877787807814457e-17
383.0,0.052,3,2,44.83387212247612,0.12975764979152968,0.03218200840828477,5.551115123125783e-17
383.0,0.052,3,3,141.12657817599677,0.14339098721191987,0.007833051777119404,-5.551115123125783e-17
383.0,0.0525,3,1,11.496298929997398,0.09147693198170946,0.18887562259089402,1.3877787807814457e-17
383.0,0.0525,3,2,41.12838901446247,0.12827395608607278,0.035828711738371904,-5.551115123125783e-17
383.0,0.0525,3,3,145.7334920430498,0.14366028453720245,0.007518487826562058,-4.163336342344337e-16
383.0,0.053,3,1,11.991945985133128,0.09332641030111127,0.1783105811757459,6.938893903907228e-17
383.0,0.053,3,2,37.70919807235739,0.12669080318845782,0.03993566183396516,5.551115123125783e-17
383.0,0.053,3,3,149.96553408496422,0.14389715174538925,0.007247133836654523,2.7755575615628914e-17
383.0,0.0535,3,1,12.579191179125713,0.09535226347547732,0.16708693505296596,5.551115123125783e-17
383.0,0.0535,3,2,34.48126228479789,0.12495666626096452,0.044689961143539104,2.7755575615628914e-17
383.0,0.0535,3,3,153.89313993221992,0.1441086894761487,0.007009012938558661,1.942890293094024e-16
383.0,0.054,3,1,13.30232491968817,0.0976310061060066,0.1548981874592656,0.0
383.0,0.054,3,2,31.35067875077046,0.1229900879735394,0.05040497566552857,-1.3877787807814457e-17
383.0,0.054,3,3,157.56646843979078,0.14429983838958593,0.0067972640726579586,-1.3877787807814457e-16
383.0,0.0545,3,1,14.253213762971619,0.1003176708100601,0.14112041484657187,1.3877787807814457e-17
383.0,0.0545,3,2,28.18881108916985,0.12063244281832906,0.057709568371204625,1.3877787807814457e-17
383.0,0.0545,3,3,161.0228171946113,0.1444741893787704,0.006606955662927369,1.1102230246251565e-16
383.0,0.055,3,1,15.697196381161481,0.10384818258201477,0.12399076715558344,1.3877787807814457e-17
383.0,0.055,3,2,24.70214894693104,0.11744510396619597,0.06837026580742027,1.3877787807814457e-17
383.0,0.055,3,3,164.2908678339128,0.14463444234940967,0.0064344187564795725,1.6653345369377348e-16
384.0,0.0495,3,1,9.510205328288645,0.08241711237182207,0.2450220583548034,4.163336342344337e-17
384.0,0.0495,3,2,76.77682786690579,0.1373289710995846,0.016619843104228673,2.7755575615628914e-17
384.0,0.0495,3,3,104.473074231878,0.14065035716622593,0.01140098533395152,2.7755575615628914e-17
384.0,0.05,3,1,9.767372833765046,0.08376829134914442,0.23618547217485952,2.7755575615628914e-17
384.0,0.05,3,2,65.888827149733,0.1354346633594886,0.020035465086045375,-2.7755575615628914e-17
384.0,0.05,3,3,116.55668919116687,0.1416962552577965,0.009960587455592461,2.7755575615628914e-17
384.0,0.0505,3,1,10.04720833013711,0.08517064825288556,0.22718580662327673,0.0
384.0,0.0505,3,2,58.87164626272232,0.13391810091395076,0.02299987750247285,2.7755575615628914e-17
384.0,0.0505,3,3,124.72147468739172,0.14231330553422944,0.009156398924362649,-2.7755575615628914e-17
384.0,0.051,3,1,10.353960131426103,0.0866323975214066,0.21799106020936562,4.163336342344337e-17
384.0,0.051,3,2,53.36788882836688,0.13250338610291804,0.025949516782330276,-2.7755575615628914e-17
384.0,0.051,3,3,131.32125714575346,0.14276918865058835,0.00858399534255022,5.551115123125783e-17
384.0,0.0515,3,1,10.693224746529781,0.08816418316823776,0.20855956646455664,1.3877787807814457e-17
384.0,0.0515,3,2,48.72832985444198,0.13110875252382012,0.02903142112591628,5.551115123125783e-17
384.0,0.0515,3,3,137.00031899217944,0.1431350245219483,0.008138015072565268,-1.942890293094024e-16
384.0,0.052,3,1,11.072605089095726,0.08978021816278818,0.198835421931644,-1.3877787807814457e-17
384.0,0.052,3,2,44.655364402405084,0.12968872772874876,0.03234707508169012,-2.7755575615628914e-17
384.0,0.052,3,3,142.0492928772107,0.14344207024145167,0.0077728866937693064,-1.1102230246251565e-16
384.0,0.0525,3,1,11.50283962579531,0.09150021822738465,0.18874071120842684,2.7755575615628914e-17
384.0,0.0525,3,2,40.97758864036898,0.12820667319728093,0.03599872125677685,0.0
384.0,0.0525,3,3,146.62945251722002,0.1437072463066035,0.007464292269725307,-5.551115123125783e-17
384.0,0.053,3,1,11.999887625643723,0.09335293373786197,0.17816127899466716,1.3877787807814457e-17
384.0,0.053,3,2,37.578793143565015,0.126623508009549,0.04011517253763318,2.7755575615628914e-17
384.0,0.053,3,3,150.8416351311776,0.1439408810419695,0.007197583100699954,2.220446049250313e-16
384.0,0.0535,3,1,12.58918023724869,0.09538326741214136,0.16691800107509133,2.7755575615628914e-17
384.0,0.0535,3,2,34.36590155793208,0.12488750317116949,0.04488512144326842,4.163336342344337e-17
384.0,0.0535,3,3,154.75405263392295,0.14414979858221513,0.006963199406380519,1.6653345369377348e-16
384.0,0.054,3,1,13.315597354585101,0.09766877717159683,0.15470004288322095,-2.7755575615628914e-17
384.0,0.054,3,2,31.245775763297836,0.12291632771583712,0.050626016857594804,-4.163336342344337e-17
384.0,0.054,3,3,158.41551049213695,0.1443387699048688,0.0067545350475354165,-1.942890293094024e-16
384.0,0.0545,3,1,14.272684288758793,0.10036737645838918,0.14087155902025994,-1.3877787807814457e-17
384.0,0.0545,3,2,28.088976133230652,0.12054858592032497,0.05797847807996713,4.163336342344337e-17
384.0,0.0545,3,3,161.8624316314776,0.14451127529487653,0.006566823973395129,0.0
384.0,0.055,3,1,15.733810023961041,0.10392828574320073,0.12361496988571548,-2.7755575615628914e-17
384.0,0.055,3,2,24.594555010578286,0.11733243103926765,0.06876364855074427,-6.938893903907228e-17
384.0,0.055,3,3,165.12290550047027,0.1446699390991303,0.006396509881319424,-8.326672684688674e-17
385.0,0.0495,3,1,9.513121257041808,0.08243078936180168,0.24493179907657633,0.0
385.0,0.0495,3,2,75.60427115644802,0.13714386970230205,0.016939537836080192,-2.7755575615628914e-17
385.0,0.0495,3,3,106.38236296677582,0.14082478498468745,0.0111540095655924,5.551115123125783e-17
385.0,0.05,3,1,9.770619848315453,0.08378296156750352,0.2360904208436347,-1.3877787807814457e-17
385.0,0.05,3,2,65.35064965406511,0.13532545974838875,0.02024209389905566,-5.551115123125783e-17
385.0,0.05,3,3,117.83342451941724,0.14179378474037374,0.009831227413042262,5.551115123125783e-17
385.0,0.0505,3,1,10.050852958812511,0.08518646653685298,0.22708528935992078,1.3877787807814457e-17
385.0,0.0505,3,2,58.51287121524913,0.13383028610200562,0.02317779010195688,0.0
385.0,0.0505,3,3,125.82052720793737,0.14238829079201965,0.009060978560786763,8.326672684688674e-17
385.0,0.051,3,1,10.358090182578842,0.08664956251903605,0.21788421658756227,-2.7755575615628914e-17
385.0,0.051,3,2,53.09957559102474,0.13242600578626926,0.026115983996374655,2.7755575615628914e-17
385.0,0.051,3,3,132.3314411413909,0.1428323853023322,0.00850610403855877,-2.7755575615628914e-17
385.0,0.0515,3,1,10.697959415519945,0.0881829566998716,0.20844526803627134,-1.3877787807814457e-17
385.0,0.0515,3,2,48.51546380748017,0.13103726633468937,0.029194051616744796,5.551115123125783e-17
385.0,0.0515,3,3,137.95649239279945,0.1431907110796027,0.008071172399312028,2.7755575615628914e-16
385.0,0.052,3,1,11.078111922362586,0.08980095710958032,0.19871213842545007,-4.163336342344337e-17
385.0,0.052,3,2,44.480036495242395,0.1296205745341036,0.03251071553969286,-5.551115123125783e-17
385.0,0.052,3,3,142.96916070669167,0.14349245092294827,0.007713776020535036,-1.942890293094024e-16
385.0,0.0525,3,1,11.509364876472015,0.09152343048788746,0.1886062764375206,1.3877787807814457e-17
385.0,0.0525,3,2,40.829163270337695,0.12814003648934955,0.03616749463437427,0.0
385.0,0.0525,3,3,147.5233686226265,0.14375362968869743,0.007410956621973393,-1.3877787807814457e-16
385.0,0.053,3,1,12.00781529461678,0.09337938487420343,0.1780124460746066,-4.163336342344337e-17
385.0,0.053,3,2,37.450227751693006,0.126556771568571,0.04029359034748114,-5.551115123125783e-17
385.0,0.053,3,3,151.71622351109752,0.14398411775126288,0.007148757644071549,-1.942890293094024e-16
385.0,0.0535,3,1,12.599160730827087,0.09541420816060324,0.16674949657942328,-1.3877787807814457e-17
385.0,0.0535,3,2,34.25200118546544,0.12481882713463198,0.04507932812703251,-4.163336342344337e-17
385.0,0.0535,3,3,155.61382419100494,0.14419047771529714,0.0069180129222344506,-1.942890293094024e-16
385.0,0.054,3,1,13.328878422536606,0.09770651564700966,0.15450219592270045,0.0
385.0,0.054,3,2,31.142043486790325,0.1228429763971759,0.050846312153175345,0.0
385.0,0.054,3,3,159.26368162815274,0.14437731900517428,0.00671235848644571,-1.3877787807814457e-16
385.0,0.0545,3,1,14.292227316344787,0.10041716179071207,0.1406225243906686,1.3877787807814457e-17
385.0,0.0545,3,2,27.99004302977008,0.12046498845973252,0.0582471779999294,-2.7755575615628914e-17
385.0,0.0545,3,3,162.70137795963606,0.14454801606525575,0.006527186328847888,-2.7755575615628914e-17
385.0,0.055,3,1,15.77093279675872,0.10400920215714622,0.12323593638095136,1.3877787807814457e-17
385.0,0.055,3,2,24.487268074884856,0.11721925407391086,0.06915992712280496,1.3877787807814457e-17
385.0,0.055,3,3,165.95443113438535,0.14470512065196434,0.006359048136081826,-1.942890293094024e-16
386.0,0.0495,3,1,9.516025902669874,0.0824444080112441,0.24484194132944226,4.163336342344337e-17
386.0,0.0495,3,2,74.56382276983463,0.1369755077784554,0.017232966149368048,2.7755575615628914e-17
386.0,0.0495,3,3,108.15988317556915,0.14098252524468613,0.01093299076198604,8.326672684688674e-17
386.0,0.05,3,1,9.773854748139108,0.08379757063751987,0.23599578471577845,-2.7755575615628914e-17
386.0,0.05,3,2,64.8374412979489,0.1352198909196974,0.020442852886257287,-2.7755575615628914e-17
386.0,0.05,3,3,119.08552881104792,0.14188773420486123,0.009707415320471398,-1.942890293094024e-16
386.0,0.0505,3,1,10.054484594113037,0.08520222074847249,0.22698520135086664,1.3877787807814457e-17
386.0,0.0505,3,2,58.165311331757685,0.13374433840537542,0.02335258368526185,0.0
386.0,0.0505,3,3,126.90870106298465,0.14246146666436202,0.008968342538021165,-1.1102230246251565e-16
386.0,0.051,3,1,10.362206346355528,0.0866666604758875,0.21777781629818327,0.0
386.0,0.051,3,2,52.83778997996158,0.1323498633548551,0.026280307702459066,-5.551115123125783e-17
386.0,0.051,3,3,133.33543246232085,0.14289440480868154,0.008430008741551661,0.0
386.0,0.0515,3,1,10.7026793607945,0.08820166033441897,0.20833142631443183,-5.551115123125783e-17
386.0,0.0515,3,2,48.30691265856482,0.13096670874533986,0.029355014984798575,-8.326672684688674e-17
386.0,0.0515,3,3,138.9086842834621,0.14324553267516296,0.008005637227462068,0.0
386.0,0.052,3,1,11.083603416626913,0.08982162375100768,0.19858932277316854,-2.7755575615628914e-17
386.0,0.052,3,2,44.307785843678495,0.12955316994485103,0.03267296464372925,-2.7755575615628914e-17
386.0,0.052,3,3,143.88628292417278,0.1435421490865488,0.00765568718714767,-2.498001805406602e-16
386.0,0.0525,3,1,11.515874767377962,0.09154656922294384,0.18847231515910917,1.3877787807814457e-17
386.0,0.0525,3,2,40.68304584372403,0.12807403132299744,0.03633505759537966,0.0
386.0,0.0525,3,3,148.41530612823212,0.14379944887831056,0.007358457493910584,8.326672684688674e-17
386.0,0.053,3,1,12.015729085309543,0.09340576419152573,0.17786407919863534,1.3877787807814457e-17
386.0,0.053,3,2,37.32345535985935,0.12649058262486823,0.04047093547100811,0.0
386.0,0.053,3,3,152.58934447040144,0.14402687264745898,0.007100639682133299,1.1102230246251565e-16
386.0,0.0535,3,1,12.609132788378371,0.09544508627509768,0.16658141802850424,2.7755575615628914e-17
386.0,0.0535,3,2,34.13952738428263,0.12475062907229663,0.04527259803223301,4.163336342344337e-17
386.0,0.0535,3,3,156.47248706836717,0.14423073541479284,0.006873439382281449,8.326672684688674e-17
386.0,0.054,3,1,13.34216843110552,0.09774422241925211,0.1543046416039857,1.3877787807814457e-17
386.0,0.054,3,2,31.03945638531965,0.12277002614887307,0.05106587726189008,1.3877787807814457e-17
386.0,0.054,3,3,160.11100589463,0.1444154926864101,0.006670722839756242,-8.326672684688674e-17
386.0,0.0545,3,1,14.311844362639489,0.10046702981629946,0.1403732969828068,4.163336342344337e-17
386.0,0.0545,3,2,27.891990834860984,0.12038164155863672,0.058515690981793995,4.163336342344337e-17
386.0,0.0545,3,3,163.53967443252762,0.14458441757243948,0.0064880330299979545,-3.0531133177191805e-16
386.0,0.055,3,1,15.808586796847274,0.1040909689901805,0.12285351049641215,-1.3877787807814457e-17
386.0,0.055,3,2,24.380250753500015,0.11710553086643428,0.0695592651468635,-4.163336342344337e-17
386.0,0.055,3,3,166.7854588590163,0.1447399920588173,0.006322025208956388,-2.7755575615628914e-17
387.0,0.0495,3,1,9.518919333220298,0.08245796870474885,0.24475248236458433,2.7755575615628914e-17
387.0,0.0495,3,2,73.62464658735233,0.13682008169746432,0.017506085997323038,-1.1102230246251565e-16
387.0,0.0495,3,3,109.83646965836803,0.1411273812095925,0.010731973000730529,-8.326672684688674e-17
387.0,0.05,3,1,9.777077604597853,0.08381211895681184,0.2359015609781118,4.163336342344337e-17
387.0,0.05,3,2,64.34685002576448,0.13511763939437063,0.020638247839207043,0.0
387.0,0.05,3,3,120.3153528079535,0.14197842074972608,0.009588647471845393,0.0
387.0,0.0505,3,1,10.058103310595271,0.0852179112981341,0.22688553972055173,1.3877787807814457e-17
387.0,0.0505,3,2,57.82828410957915,0.13366015671324422,0.023524422232752265,2.7755575615628914e-17
387.0,0.0505,3,3,127.98667744731895,0.14253293386837637,0.008878329013931839,5.551115123125783e-17
387.0,0.051,3,1,10.366308700237324,0.08668369181454605,0.2176718564067799,1.3877787807814457e-17
387.0,0.051,3,2,52.5822328285464,0.13227491004399541,0.02644256849509459,5.551115123125783e-17
387.0,0.051,3,3,134.33352897325304,0.1429552955280783,0.008355631044449491,5.551115123125783e-17
387.0,0.0515,3,1,10.707384662335329,0.0882202945057607,0.20821803831063296,-1.3877787807814457e-17
387.0,0.0515,3,2,48.10251561297797,0.13089705086340703,0.029514359939893736,-2.7755575615628914e-17
387.0,0.0515,3,3,139.85705416320928,0.1432995177831139,0.007941363078891837,-2.220446049250313e-16
387.0,0.052,3,1,11.089079653968456,0.0898422185313964,0.19846697193704133,0.0
387.0,0.052,3,2,44.13851483281795,0.12948649459963593,0.03283385571526215,-8.326672684688674e-17
387.0,0.052,3,3,144.80075585537827,0.14359118366493825,0.007598589143488384,-1.6653345369377348e-16
387.0,0.0525,3,1,11.522369383209826,0.0915696348883178,0.1883388242822827,1.3877787807814457e-17
387.0,0.0525,3,2,40.53917210692086,0.12800864361634903,0.036501434895668386,2.7755575615628914e-17
387.0,0.0525,3,3,149.30532800431996,0.14384471751686614,0.0073067724444475885,8.326672684688674e-17
387.0,0.053,3,1,12.023629090346823,0.09343207216724873,0.1777161751780363,0.0
387.0,0.053,3,2,37.198431161749966,0.12642493031250027,0.04064722745399596,-2.7755575615628914e-17
387.0,0.053,3,3,153.46104153248234,0.14406915613404622,0.00705321207197703,2.7755575615628914e-17
387.0,0.0535,3,1,12.61909653806439,0.09547590230635766,0.16641376191106064,0.0
387.0,0.0535,3,2,34.028447505167264,0.12468290017277339,0.045464947517150696,-5.551115123125783e-17
387.0,0.0535,3,3,157.33007260496933,0.1442705799559846,0.006829465143944398,1.1102230246251565e-16
387.0,0.054,3,1,13.355467690090673,0.09778189837646258,0.15410737495960125,4.163336342344337e-17
387.0,0.054,3,2,30.93798969933521,0.122697469298517,0.05128472754828026,4.163336342344337e-17
387.0,0.054,3,3,160.95750656729956,0.14445329774713309,0.006629616905094628,5.551115123125783e-17
387.0,0.0545,3,1,14.331536979877486,0.10051698360287664,0.1401238625850697,1.3877787807814457e-17
387.0,0.0545,3,2,27.794799124457423,0.12029853643385817,0.058784039850245356,1.3877787807814457e-17
387.0,0.0545,3,3,164.37733875589177,0.14462048554582438,0.006449354648717226,-3.3306690738754696e-16
387.0,0.055,3,1,15.846795628530314,0.10417362589004599,0.12246752577670944,-1.3877787807814457e-17
387.0,0.055,3,2,24.273464561155308,0.11699121685430429,0.0699618363472572,-4.163336342344337e-17
387.0,0.055,3,3,167.61600239708105,0.14477455824808275,0.006285433006193533,-5.551115123125783e-17
388.0,0.0495,3,1,9.521801616175837,0.0824714718234587,0.2446634194587375,-1.3877787807814457e-17
388.0,0.0495,3,2,72.76620561936623,0.13667505064897267,0.017762876044396393,0.0
388.0,0.0495,3,3,111.4326580937337,0.14126189332602523,0.010546979630068325,2.7755575615628914e-17
388.0,0.05,3,1,9.780288488470012,0.08382660691945264,0.23580774684345376,-1.3877787807814457e-17
388.0,0.05,3,2,63.876860801576065,0.135018432298292,0.020828713389692367,-2.7755575615628914e-17
388.0,0.05,3,3,121.52491024083098,0.14206611687207216,0.00947449130241928,1.1102230246251565e-16
388.0,0.0505,3,1,10.061709182215342,0.08523353859259908,0.22678630161982863,5.551115123125783e-17
388.0,0.0505,3,2,57.50117041601892,0.13357764898228347,0.02369345500576714,2.7755575615628914e-17
388.0,0.0505,3,3,129.05507419419976,0.14260278405734717,0.008790790846609763,-2.7755575615628914e-17
388.0,0.051,3,1,10.370397321089937,0.08670065695388858,0.21756633400571376,1.3877787807814457e-17
388.0,0.051,3,2,52.332625768716596,0.1322011003123115,0.026602841646193646,-2.7755575615628914e-17
388.0,0.051,3,3,135.32600774874157,0.1430151025993984,0.00828289784367693,2.7755575615628914e-17
388.0,0.0515,3,1,10.712075399495953,0.08823885964399429,0.2081051010636486,0.0
388.0,0.0515,3,2,47.902120894718394,0.1308282653131598,0.029672132644662477,-8.326672684688674e-17
388.0,0.0515,3,3,140.80175252073644,0.14335269336512071,0.007878306003301284,-2.7755575615628914e-17
388.0,0.052,3,1,11.09454071582779,0.08986274189121923,0.19834508290682848,-1.3877787807814457e-17
388.0,0.052,3,2,43.972130471081854,0.1294205299822743,0.0329934206322041,2.7755575615628914e-17
388.0,0.052,3,3,145.7126712110429,0.1436395727495178,0.007542452263387396,1.942890293094024e-16
388.0,0.0525,3,1,11.528848808017456,0.0915926279358563,0.18820580074395593,1.3877787807814457e-17
388.0,0.0525,3,2,40.397480456284654,0.1279438598150379,0.03666665037493215,-2.7755575615628914e-17
388.0,0.0525,3,3,150.1934945794944,0.14388944872223322,0.007255879928868977,-5.551115123125783e-17
388.0,0.053,3,1,12.031515401728162,0.0934583092748682,0.17756873085197006,1.3877787807814457e-17
388.0,0.053,3,2,37.075111995796846,0.12635980412256773,0.040822485211862526,2.7755575615628914e-17
388.0,0.053,3,3,154.3313565842001,0.14411097826143812,0.007006458281297369,8.326672684688674e-17
388.0,0.0535,3,1,12.629052107702075,0.09550665680166757,0.16624652474163498,-1.3877787807814457e-17
388.0,0.0535,3,2,33.9187299821067,0.12461563188101828,0.04565639248137085,1.3877787807814457e-17
388.0,0.0535,3,3,158.186611064448,0.14431001936130292,0.006786077005740151,1.3877787807814457e-16
388.0,0.054,3,1,13.368776511587042,0.09781954440805289,0.1539103910275661,-4.163336342344337e-17
388.0,0.054,3,2,30.837619413809747,0.12262529836216936,0.05150287804633046,-1.3877787807814457e-17
388.0,0.054,3,3,161.8032061825569,0.14449074079620225,0.0065890298134686385,-1.942890293094024e-16
388.0,0.0545,3,1,14.351306756885974,0.10056702627884802,0.13987420673966985,-1.3877787807814457e-17
388.0,0.0545,3,2,27.698447972201805,0.12021566438926562,0.05905224742342659,0.0
388.0,0.0545,3,3,165.2143881086225,0.1446562255671328,0.006411142018016521,-5.551115123125783e-17
388.0,0.055,3,1,15.885584549756235,0.10425721522626567,0.12207780445705563,-1.3877787807814457e-17
388.0,0.055,3,2,24.166869752714327,0.11687626487172094,0.07036782555569873,0.0
388.0,0.055,3,3,168.4460750849104,0.14480882402969666,0.0062492636445841574,-2.7755575615628914e-17
389.0,0.0495,3,1,9.524672818460479,0.08248491774509885,0.24457474991389008,0.0
389.0,0.0495,3,2,71.97401349868615,0.13653861701319753,0.018006150349000855,-2.7755575615628914e-17
389.0,0.0495,3,3,112.96293354623141,0.14138785885346128,0.01037519858634959,-8.326672684688674e-17
389.0,0.05,3,1,9.783487469956635,0.08384103491601119,0.23571433955031468,0.0
389.0,0.05,3,2,63.425732029290685,0.13492203301376082,0.02101462634218157,5.551115123125783e-17
389.0,0.05,3,3,122.71594140894895,0.1421510588161094,0.009364572056495993,1.6653345369377348e-16
389.0,0.0505,3,1,10.065302282334988,0.08524910303504035,0.22668748422566187,2.7755575615628914e-17
389.0,0.0505,3,2,57.183406630221,0.1334967311278352,0.023859818349938045,2.7755575615628914e-17
389.0,0.0505,3,3,130.11445363342602,0.14267110092949734,0.008705593791263488,8.326672684688674e-17
389.0,0.051,3,1,10.374472285170011,0.08671755630912548,0.21746124621384333,-1.3877787807814457e-17
389.0,0.051,3,2,52.08870929199565,0.13212839154736072,0.02676119759247772,-2.7755575615628914e-17
389.0,0.051,3,3,136.31312701208842,0.1430738682362726,0.008211740851969915,-1.6653345369377348e-16
389.0,0.0515,3,1,10.716751651008288,0.08825735617547721,0.20799261163910943,-2.7755575615628914e-17
389.0,0.0515,3,2,47.70558506796396,0.13076032612452335,0.029828376901577743,-2.7755575615628914e-17
389.0,0.0515,3,3,141.74292151285275,0.14340508498096108,0.007816424391406309,-2.7755575615628914e-17
389.0,0.052,3,1,11.099986683012924,0.08988319426713887,0.19822365269948852,2.7755575615628914e-17
389.0,0.052,3,2,43.80854409689019,0.12935525836999837,0.03315168991765879,5.551115123125783e-17
389.0,0.052,3,3,146.62211638015606,0.14368733364211553,0.007487248256097946,2.220446049250313e-16
389.0,0.0525,3,1,11.535313125210392,0.09161554881353264,0.1880732415085481,-1.3877787807814457e-17
389.0,0.0525,3,2,40.25791179206429,0.1278796668643603,0.036830727005243834,0.0
389.0,0.0525,3,3,151.07986368667713,0.1439336551165278,0.0072057592504875265,8.326672684688674e-17
389.0,0.053,3,1,12.03938811083465,0.09348447598400018,0.1774217430871478,-4.163336342344337e-17
389.0,0.053,3,2,36.95345626468407,0.1262951938866077,0.04099672705910503,-5.551115123125783e-17
389.0,0.053,3,3,155.2003299562981,0.1441523487435311,0.006960362359169419,5.551115123125783e-17
389.0,0.0535,3,1,12.638999624773179,0.09553735030491352,0.16607970306023562,1.3877787807814457e-17
389.0,0.0535,3,2,33.8103442844331,0.12454881588762949,0.04584694838508892,4.163336342344337e-17
389.0,0.0535,3,3,159.0421316828975,0.14434906141097767,0.006743262188221204,-2.220446049250313e-16
389.0,0.054,3,1,13.382095210047659,0.09785716140485345,0.1537136848506327,-1.3877787807814457e-17
389.0,0.054,3,2,30.73832222800389,0.12255350603694326,0.05172034347330277,2.7755575615628914e-17
389.0,0.054,3,3,162.6481265675722,0.1445278282600539,0.006548951016082555,1.6653345369377348e-16
389.0,0.0545,3,1,14.371155320408402,0.10061716103561663,0.13962431473267167,1.3877787807814457e-17
389.0,0.0545,3,2,27.60291792816044,0.12013301680824146,0.05932033653235617,-1.3877787807814457e-17
389.0,0.0545,3,3,166.05083916264215,0.1446916430756254,0.006373386222488648,-4.163336342344337e-16
389.0,0.055,3,1,15.924980637497994,0.10434178236112072,0.12168415633727869,1.3877787807814457e-17
389.0,0.055,3,2,24.060425144100783,0.11676062487475436,0.07077742984434898,-2.7755575615628914e-17
389.0,0.055,3,3,169.27568988607106,0.14484279409902098,0.006213509444263295,-1.3877787807814457e-16
390.0,0.0495,3,1,9.527533006445351,0.08249830684401574,0.24448647105698756,1.3877787807814457e-17
390.0,0.0495,3,2,71.23740338588996,0.13640945313723749,0.018237986665639465,-2.7755575615628914e-17
390.0,0.0495,3,3,114.4379615610353,0.14150660508788634,0.010214554092107175,-1.3877787807814457e-16
390.0,0.05,3,1,9.78667461868746,0.08385540333359132,0.23562133636259747,-2.7755575615628914e-17
390.0,0.05,3,2,62.99194658221156,0.1348282347411286,0.021196315954060428,-1.3877787807814457e-16
390.0,0.05,3,3,123.88996215051735,0.1422334530114763,0.00925856250739437,-2.498001805406602e-16
390.0,0.0505,3,1,10.06888268372795,0.08526460502508365,0.22658908474081874,2.7755575615628914e-17
390.0,0.0505,3,2,56.874477990915786,0.133417326084,0.024023637223503556,-2.7755575615628914e-17
390.0,0.0505,3,3,131.165329243508,0.14273796116785795,0.008622614972113076,1.1102230246251565e-16
390.0,0.051,3,1,10.378533668131373,0.08673439029184167,0.21735659017621806,1.3877787807814457e-17
390.0,0.051,3,2,51.85024103571734,0.1320567438050961,0.026917702366775712,2.7755575615628914e-17
390.0,0.051,3,3,137.29512784904878,0.14313163198758502,0.008142096167286327,2.7755575615628914e-17
390.0,0.0515,3,1,10.721413494988854,0.08827578452286837,0.2078805671291961,4.163336342344337e-17
390.0,0.0515,3,2,47.51277242233388,0.13069320863238829,0.02998313432259643,0.0
390.0,0.0515,3,3,142.6806955791477,0.14345671688917233,0.007755678805507669,0.0
390.0,0.052,3,1,11.105417635705612,0.08990357609204984,0.19810267835886639,4.163336342344337e-17
390.0,0.052,3,2,43.64767110862649,0.1292906627857349,0.03330869282172406,-2.7755575615628914e-17
390.0,0.052,3,3,147.52917469992272,0.14373448290266258,0.007432950084709823,-5.551115123125783e-17
390.0,0.0525,3,1,11.541762417564485,0.09163839796548999,0.1879411435676638,-1.3877787807814457e-17
390.0,0.0525,3,2,40.120409382407566,0.12781605218330694,0.03699368693633095,-5.551115123125783e-17
390.0,0.0525,3,3,151.9644907990247,0.14397734885203564,0.007156390515587207,8.326672684688674e-17
390.0,0.053,3,1,12.047247308435756,0.09351057276042544,0.1772752087775093,-4.163336342344337e-17
390.0,0.053,3,2,36.83342385978009,0.12623108976097772,0.04116997073698251,-2.7755575615628914e-17
390.0,0.053,3,3,156.0680004988977,0.14419327697327364,0.006914908908588588,-1.1102230246251565e-16
390.0,0.0535,3,1,12.648939216434524,0.09556798335663443,0.16591329343198277,-1.3877787807814457e-17
390.0,0.0535,3,2,33.70326087160451,0.1244824441187145,0.04603663026738281,-4.163336342344337e-17
390.0,0.0535,3,3,159.89666271401407,0.1443877136531175,0.006701008315953247,-2.220446049250313e-16
390.0,0.054,3,1,13.39542410234585,0.09789475025925763,0.1535172514755322,-1.3877787807814457e-17
390.0,0.054,3,2,30.640075526753034,0.12248208519393726,0.051937138242918915,-1.3877787807814457e-17
390.0,0.054,3,3,163.4922888688705,0.14456456638962037,0.006509370271808184,5.551115123125783e-17
390.0,0.0545,3,1,14.39108433648835,0.10066739113000657,0.1393741715835902,-1.3877787807814457e-17
390.0,0.0545,3,2,27.508189998426246,0.12005058514627881,0.059588330040341836,0.0
390.0,0.0545,3,3,166.88670810185297,0.14472674337307892,0.006336078589189299,-1.6653345369377348e-16
390.0,0.055,3,1,15.965012974883514,0.10442737595613262,0.12128637750843069,4.163336342344337e-17
390.0,0.055,3,2,23.954087912068005,0.11664424363113834,0.07119085980599063,5.551115123125783e-17
390.0,0.055,3,3,170.10485940440302,0.14487647304056514,0.006178162921820688,4.440892098500626e-16
391.0,0.049,3,1,9.290635881510386,0.08119910944570051,0.2531267641288801,-1.3877787807814457e-17
391.0,0.049,3,2,86.06159455189362,0.13861286893804917,0.01448620499670377,2.7755575615628914e-17
391.0,0.049,3,3,99.09811059977775,0.14010271065127836,0.012193983950209746,2.7755575615628914e-17
391.0,0.0495,3,1,9.530382245954609,0.08251163949121561,0.24439858023963923,-1.3877787807814457e-17
391.0,0.0495,3,2,70.54825425723416,0.13628654516031113,0.018459971227280686,-2.7755575615628914e-17
391.0,0.0495,3,3,115.86586187593929,0.1416191455365165,0.010063461873880703,-5.551115123125783e-17
391.0,0.05,3,1,9.789850003726986,0.08386971255587128,0.23552873456929996,0.0
391.0,0.05,3,2,62.574173540492446,0.1347368554618404,0.02137407197685885,-5.551115123125783e-17
391.0,0.05,3,3,125.0483021051614,0.14231348111015704,0.009156174916426514,-1.1102230246251565e-16
391.0,0.0505,3,1,10.072450458586015,0.08528004495884713,0.22649110039357026,1.3877787807814457e-17
391.0,0.0505,3,2,56.573912931641644,0.13333936300217766,0.024185026500234703,0.0
391.0,0.0505,3,3,132.20817131637378,0.14280343524168582,0.008541741579670067,-2.7755575615628914e-17
391.0,0.051,3,1,10.382581545031254,0.08675115931003725,0.2172523630637735,1.3877787807814457e-17
391.0,0.051,3,2,51.61699426335462,0.1319861195785093,0.027072417980922345,-2.7755575615628914e-17
391.0,0.051,3,3,138.27223572742227,0.14318843096878642,0.008073903890116165,0.0
391.0,0.0515,3,1,10.726061008945125,0.08829414510516925,0.20776896465233013,2.7755575615628914e-17
391.0,0.0515,3,2,47.32355441478971,0.13062688938506148,0.03013644448336005,-5.551115123125783e-17
391.0,0.0515,3,3,143.6152020000151,0.1435076121385575,0.007696031825500035,-2.7755575615628914e-17
391.0,0.052,3,1,11.110833653467932,0.08992388779512107,0.19798215695537932,0.0
391.0,0.052,3,2,43.48943071567972,0.12922672695404006,0.0334644573970037,-5.551115123125783e-17
391.0,0.052,3,3,148.43392570464866,0.14378103639321474,0.007379531890848917,-4.440892098500626e-16
391.0,0.0525,3,1,11.548196767228333,0.09166117583208377,0.18780950393977963,2.7755575615628914e-17
391.0,0.0525,3,2,39.984918736612244,0.12775300364031994,0.03715555153782804,2.7755575615628914e-17
391.0,0.0525,3,3,152.84742915660686,0.1440205416354102,0.007107754591385409,0.0
391.0,0.053,3,1,12.055093084696022,0.09353660006613274,0.17712912484390447,0.0
391.0,0.053,3,2,36.71497609014025,0.1261674822121601,0.04134223343955621,-2.7755575615628914e-17
391.0,0.053,3,3,156.93440565242435,0.1442337720373171,0.006870083060644849,-1.1102230246251565e-16
391.0,0.0535,3,1,12.658871009528282,0.09559855649407291,0.16574729244675782,1.3877787807814457e-17
391.0,0.0535,3,2,33.59745115045462,0.12441650872629322,0.04622545276351262,-4.163336342344337e-17
391.0,0.0535,3,3,160.75023147176708,0.14442598341325422,0.006659303400460983,-8.326672684688674e-17
391.0,0.054,3,1,13.408763507839613,0.09793231186537044,0.15332108595220223,0.0
391.0,0.054,3,2,30.54285735318004,0.1224110288714997,0.05215327647794103,4.163336342344337e-17
391.0,0.054,3,3,164.33571357949387,0.14460096126691502,0.006470277635270965,4.440892098500626e-16
391.0,0.0545,3,1,14.41109551191671,0.10071771988679418,0.13912376203453355,0.0
391.0,0.0545,3,2,27.41424562553448,0.11996836092369219,0.059856250862437094,4.163336342344337e-17
391.0,0.0545,3,3,167.72201064020467,0.14476153162854274,0.006299210678931829,5.551115123125783e-17
391.0,0.055,3,1,16.005712863666414,0.10451404831989407,0.12088424890773887,1.3877787807814457e-17
391.0,0.055,3,2,23.84781336919177,0.11652706436887021,0.0716083410055675,4.163336342344337e-17
391.0,0.055,3,3,170.93359589648753,0.14490986533155367,0.006143216783702882,0.0
392.0,0.049,3,1,9.293200074160813,0.08121153452948698,0.25304342070396646,-1.3877787807814457e-17
392.0,0.049,3,2,83.57579712497323,0.13828481344953256,0.015017445675389495,-8.326672684688674e-17
392.0,0.049,3,3,102.32108551749415,0.140421306851276,0.01172940957917828,-5.551115123125783e-17
392.0,0.0495,3,1,9.533220602271262,0.08252491605440258,0.2443110748378295,1.3877787807814457e-17
392.0,0.0495,3,2,69.90021587551176,0.13616909786680395,0.018673347853560254,2.7755575615628914e-17
392.0,0.0495,3,3,117.25298345042721,0.14172627506471164,0.009920680054211933,1.1102230246251565e-16
392.0,0.05,3,1,9.79301369358031,0.08388396296314211,0.23543653148422422,1.3877787807814457e-17
392.0,0.05,3,2,62.17123790914578,0.13464773394696178,0.021548151027328478,2.7755575615628914e-17
392.0,0.05,3,3,126.19213499583259,0.1423913039779143,0.009057154662018802,-2.7755575615628914e-17
392.0,0.0505,3,1,10.076005678525004,0.08529542322898069,0.226393528437397,1.3877787807814457e-17
392.0,0.0505,3,2,56.28127823026361,0.13326277656389549,0.02434409208633735,8.326672684688674e-17
392.0,0.0505,3,3,133.24341180777793,0.14286758809359404,0.008462869754037016,5.551115123125783e-17
392.0,0.051,3,1,10.386615990336493,0.08676786376816777,0.21714856207303104,1.3877787807814457e-17
392.0,0.051,3,2,51.388756512806566,0.13191648359155378,0.027225402766737957,-2.7755575615628914e-17
392.0,0.051,3,3,139.24466184869752,0.1432443000679296,0.00800710778270636,0.0
392.0,0.0515,3,1,10.730694269781809,0.08831243833776521,0.2076578013528709,1.3877787807814457e-17
392.0,0.0515,3,2,47.137809161944325,0.13056134606086128,0.03028834506363942,-2.7755575615628914e-17
392.0,0.0515,3,3,144.54656140427056,0.14355779265154697,0.007637447908634676,-1.6653345369377348e-16
392.0,0.052,3,1,11.116234815248559,0.0899441298018373,0.19786208558571183,2.7755575615628914e-17
392.0,0.052,3,2,43.33374570859254,0.12916343526035212,0.03361901056841275,2.7755575615628914e-17
392.0,0.052,3,3,149.33644535552057,0.1438270093186563,0.007326968925080715,3.608224830031759e-16
392.0,0.0525,3,1,11.554616255729618,0.09168388284992361,0.18767831966993623,1.3877787807814457e-17
392.0,0.0525,3,2,39.85138748687146,0.12769050953063812,0.03731634143874753,-2.7755575615628914e-17
392.0,0.0525,3,3,153.7287298845881,0.14406324475028406,0.007059833066771248,-1.942890293094024e-16
392.0,0.053,3,1,12.062925529181634,0.09356255835936167,0.17698348823378135,-2.7755575615628914e-17
392.0,0.053,3,2,36.598075615743284,0.12610436200291775,0.041513531838213755,-1.1102230246251565e-16
392.0,0.053,3,3,157.79958151429665,0.14427384272981433,0.006825870450214224,-4.996003610813204e-16
392.0,0.0535,3,1,12.668795130591718,0.09562907025122425,0.16558169671886355,-1.3877787807814457e-17
392.0,0.0535,3,2,33.4928874347487,0.12435100207920191,0.04641343012131215,1.3877787807814457e-17
392.0,0.0535,3,3,161.60286437077,0.1444638778033869,0.0066181358240793185,1.3877787807814457e-16
392.0,0.054,3,1,13.422113748436612,0.09796984711915717,0.1531251833330175,1.3877787807814457e-17
392.0,0.054,3,2,30.446646382753972,0.12234033026880874,0.052368772022173646,-2.7755575615628914e-17
392.0,0.054,3,3,165.1784205648077,0.14463701881130145,0.00643166344551527,-3.608224830031759e-16
392.0,0.0545,3,1,14.431190595745393,0.10076815070135242,0.1388730705388663,0.0
392.0,0.0545,3,2,27.321066669639364,0.11988633571842393,0.060124121984989454,2.7755575615628914e-17
392.0,0.0545,3,3,168.55676203894222,0.1447960128828856,0.006262774277973141,-8.326672684688674e-17
392.0,0.055,3,1,16.047114066351053,0.10460185580427221,0.12047753467275146,-1.3877787807814457e-17
392.0,0.055,3,2,23.741554709739436,0.11640902637658296,0.0720301156322565,-1.3877787807814457e-17
392.0,0.055,3,3,171.76191128359633,0.14494297534534803,0.006108663919891638,6.38378239159465e-16
393.0,0.049,3,1,9.295754198002491,0.08122390646610451,0.25296044740797896,1.3877787807814457e-17
393.0,0.049,3,2,81.7628111672228,0.13803497484709157,0.015428441780427602,-8.326672684688674e-17
393.0,0.049,3,3,104.87158146000968,0.14066173296962656,0.011384795673184473,-8.326672684688674e-17
393.0,0.0495,3,1,9.536048140142768,0.08253813689801548,0.24422395225163573,-2.7755575615628914e-17
393.0,0.0495,3,2,69.28821281317173,0.1360564737221103,0.018879113476081826,5.551115123125783e-17
393.0,0.0495,3,3,118.6044004424769,0.1418286308600944,0.009785213626538714,5.551115123125783e-17
393.0,0.05,3,1,9.796165756199018,0.08389815493234598,0.23534472444568744,0.0
393.0,0.05,3,2,61.782096373688745,0.13456072655743587,0.021718781693906633,5.551115123125783e-17
393.0,0.05,3,3,127.32250287309553,0.14246706489399258,0.008961275133445742,8.326672684688674e-17
393.0,0.0505,3,1,10.07954841459079,0.08531074022470493,0.2262963661506957,-1.3877787807814457e-17
393.0,0.0505,3,2,55.99617483436639,0.13318750638859303,0.024500931882820882,-8.326672684688674e-17
393.0,0.0505,3,3,134.27144851183192,0.14293047973172635,0.00838590362273889,-2.220446049250313e-16
393.0,0.051,3,1,10.390637077929519,0.08678450406718352,0.2170451844258044,-2.7755575615628914e-17
393.0,0.051,3,2,51.16532839055122,0.1318478026150454,0.027376711680571493,0.0
393.0,0.051,3,3,140.21260435382464,0.14329927212972746,0.007941654964719632,-2.7755575615628914e-17
393.0,0.0515,3,1,10.735313353806951,0.08833066463246513,0.20754707440081768,-2.7755575615628914e-17
393.0,0.0515,3,2,46.955420977342534,0.1304965573919877,0.030438871975494976,-5.551115123125783e-17
393.0,0.0515,3,3,145.47488823180004,0.14360727930028683,0.007579893261562715,-1.942890293094024e-16
393.0,0.052,3,1,11.121621199388878,0.08996430253403932,0.19774246137251594,-1.3877787807814457e-17
393.0,0.052,3,2,43.1805422465625,0.12910077271326145,0.03377237819779471,0.0
393.0,0.052,3,3,150.2368062530262,0.14387241626438757,0.007275237482498613,8.326672684688674e-17
393.0,0.0525,3,1,11.561020963981559,0.09170651945191512,0.1875475878294308,0.0
393.0,0.0525,3,2,39.71976527782666,0.12762855855510186,0.03747607656439671,2.7755575615628914e-17
393.0,0.0525,3,3,154.6084421036035,0.14410546907841995,0.007012608215598912,2.7755575615628914e-17
393.0,0.053,3,1,12.070744730867334,0.09358844809464618,0.17683829592087072,2.7755575615628914e-17
393.0,0.053,3,2,36.48268638466124,0.126041720179243,0.0416838821047806,-2.7755575615628914e-17
393.0,0.053,3,3,158.66356290168744,0.1443134975654259,0.006782257193059959,-4.440892098500626e-16
393.0,0.0535,3,1,12.678711705867359,0.09565952515888608,0.165416502886683,0.0
393.0,0.0535,3,2,33.389542906897155,0.12428591675446703,0.046600576216729694,4.163336342344337e-17
393.0,0.0535,3,3,162.45458696449225,0.1445014037305574,0.0065774943246522085,1.942890293094024e-16
393.0,0.054,3,1,13.435475148660933,0.09800735691859529,0.15292953867200818,1.3877787807814457e-17
393.0,0.054,3,2,30.351421898609,0.1222699827397448,0.05258363845193625,1.3877787807814457e-17
393.0,0.054,3,3,166.02042908705997,0.14467274478546682,0.006393518315214421,-2.7755575615628914e-17
393.0,0.0545,3,1,14.451371380871766,0.10081868704241653,0.13862208124936262,0.0
393.0,0.0545,3,2,27.228635390402204,0.11980450115892782,0.06039196648533034,2.7755575615628914e-17
393.0,0.0545,3,3,169.3909771230717,0.1448301920531441,0.006226761390069552,2.220446049250313e-16
393.0,0.055,3,1,16.089253083174583,0.10469085925744966,0.12006598025955625,-8.326672684688674e-17
393.0,0.055,3,2,23.63526272118973,0.11629006454721992,0.072456444387205,-2.7755575615628914e-17
393.0,0.055,3,3,172.5898171631165,0.1449758073547291,0.0060744973978452375,-2.498001805406602e-16
394.0,0.049,3,1,9.298298314066844,0.08123622560436994,0.25287784172678307,-1.3877787807814457e-17
394.0,0.049,3,2,80.28984814843731,0.13782499927526942,0.015778152448357452,0.0
394.0,0.049,3,3,107.08238569026985,0.14086234253075464,0.01110118495079876,5.551115123125783e-17
394.0,0.0495,3,1,9.538864923786795,0.08255130238326534,0.2441372099049458,4.163336342344337e-17
394.0,0.0495,3,2,68.70811379155906,0.13594815217850328,0.019078081893166093,2.7755575615628914e-17
394.0,0.0495,3,3,119.92424286925194,0.14192673312664203,0.0096562507006375,1.1102230246251565e-16
394.0,0.05,3,1,9.79930625898699,0.08391228883711382,0.23525331081623696,0.0
394.0,0.05,3,2,61.405817685700754,0.13447570465206846,0.021886168672592944,5.551115123125783e-17
394.0,0.05,3,3,128.44033572949527,0.14254089214309343,0.008868333595148029,1.1102230246251565e-16
394.0,0.0505,3,1,10.083078737265227,0.08532599633184973,0.22619961083649018,4.163336342344337e-17
394.0,0.0505,3,2,55.71823425105593,0.1331134965207836,0.024655636618707392,2.7755575615628914e-17
394.0,0.0505,3,3,135.29264867113585,0.14299216574255594,0.008310754467711344,-5.551115123125783e-17
394.0,0.051,3,1,10.394644881114445,0.08680108060456893,0.21694222736890617,2.7755575615628914e-17
394.0,0.051,3,2,50.946522492921666,0.13178004530173698,0.02752639657606109,0.0
394.0,0.051,3,3,141.17624940186775,0.14335337812043772,0.007877495640673375,-1.6653345369377348e-16
394.0,0.0515,3,1,10.739918336738102,0.08834882439754159,0.20743678099151344,0.0
394.0,0.0515,3,2,46.77627994895297,0.13043250309490384,0.030588059480444782,-5.551115123125783e-17
394.0,0.0515,3,3,146.400291155995,0.1436560919762155,0.007523335723369255,-3.608224830031759e-16
394.0,0.052,3,1,11.126992883629281,0.08998440640996493,0.1976232814641113,1.3877787807814457e-17
394.0,0.052,3,2,43.0297496607249,0.1290387249095268,0.03392458514381837,0.0
394.0,0.052,3,3,151.13507783361132,0.14391727123126605,0.007224314843031729,5.551115123125783e-17
394.0,0.0525,3,1,11.567410972289032,0.09172908606730058,0.18741730551551858,2.7755575615628914e-17
394.0,0.0525,3,2,39.590003663316615,0.1275671398003072,0.0376347761709323,0.0
394.0,0.0525,3,3,155.48661303293784,0.14414722511951436,0.006966062962336153,8.326672684688674e-17
394.0,0.053,3,1,12.078550778142406,0.09361426972285485,0.17669354490488937,1.3877787807814457e-17
394.0,0.053,3,2,36.3687735738882,0.12597954805804648,0.04185329993331215,-5.551115123125783e-17
394.0,0.053,3,3,159.52638341062328,0.14435274479158897,0.0067392298642452,-6.38378239159465e-16
394.0,0.0535,3,1,12.688620861312971,0.09568992174470724,0.16525170761234248,-1.3877787807814457e-17
394.0,0.0535,3,2,33.28739158168668,0.1242212455291173,0.046786904568574934,1.3877787807814457e-17
394.0,0.0535,3,3,163.30542398145522,0.14453856790498634,0.006537367981025422,5.551115123125783e-17
394.0,0.054,3,1,13.448848035720967,0.09804484216382751,0.1527341470240745,1.3877787807814457e-17
394.0,0.054,3,2,30.25716376805583,0.12219997978704317,0.05279788908702272,-1.3877787807814457e-17
394.0,0.054,3,3,166.86175782872886,0.1447081448011149,0.006355833120394662,2.7755575615628914e-17
394.0,0.0545,3,1,14.471639705697722,0.1008693324549772,0.13837077800582095,-2.7755575615628914e-17
394.0,0.0545,3,2,27.136934429545526,0.1197228489171137,0.06065980755165274,1.3877787807814457e-17
394.0,0.0545,3,3,170.22467029708022,0.14486407393668277,0.006191164228883068,2.498001805406602e-16
394.0,0.055,3,1,16.1321694702664,0.10478112454408588,0.11964931028240473,-4.163336342344337e-17
394.0,0.055,3,2,23.528885455054894,0.11617010885472044,0.07288760864961358,-4.163336342344337e-17
394.0,0.055,3,3,173.41732481951954,0.14500836553504798,0.00604071045668896,-5.551115123125783e-17
395.0,0.049,3,1,9.300832482879821,0.08124849228999331,0.25279560116934713,0.0
395.0,0.049,3,2,79.03137744566426,0.1376403751845461,0.016088878558338383,-2.7755575615628914e-17
395.0,0.049,3,3,109.07902757200952,0.14103764675625488,0.010856278371557707,-2.7755575615628914e-17
395.0,0.0495,3,1,9.541671016896608,0.08256441286817094,0.2440508452451854,-4.163336342344337e-17
395.0,0.0495,3,2,68.1565036248207,0.13584370157380662,0.01927092778926525,-8.326672684688674e-17
395.0,0.0495,3,3,121.21592466311937,0.14202101318597626,0.009533118483398197,-1.3877787807814457e-16
395.0,0.05,3,1,9.802435268805974,0.08392636504780208,0.2351622879823732,0.0
395.0,0.05,3,2,61.041566642560156,0.13439255246775364,0.02205049614872087,-8.326672684688674e-17
395.0,0.05,3,3,129.5464675197503,0.14261290113511152,0.008778147805152339,-1.942890293094024e-16
395.0,0.0505,3,1,10.086596716471753,0.08534119193289119,0.22610325982215318,0.0
395.0,0.0505,3,2,55.44711541078398,0.13304069498394952,0.024808290575669,-1.1102230246251565e-16
395.0,0.0505,3,3,136.30735211287686,0.1430526977369507,0.008237340000856517,-3.0531133177191805e-16
395.0,0.051,3,1,10.398639472622811,0.08681759377438031,0.2168396881738638,2.7755575615628914e-17
395.0,0.051,3,2,50.73216243854226,0.1317131820381771,0.02767450644907841,-5.551115123125783e-17
395.0,0.051,3,3,142.13577213749898,0.14340664727596372,0.007814582855191939,-2.220446049250313e-16
395.0,0.0515,3,1,10.744509293708104,0.08836691803776926,0.2073269183453588,-5.551115123125783e-17
395.0,0.0515,3,2,46.600281552697325,0.1303691638065596,0.030735940296770636,-8.326672684688674e-17
395.0,0.0515,3,3,147.3228734701551,0.14370424965379938,0.007467744658465393,-1.6653345369377348e-16
395.0,0.052,3,1,11.132349945115179,0.09000444184428824,0.1975045430341924,2.7755575615628914e-17
395.0,0.052,3,2,42.881300271818645,0.1289772780015983,0.03407565531756518,2.7755575615628914e-17
395.0,0.052,3,3,152.03132655193622,0.14396158766804198,0.007174179216057545,5.551115123125783e-17
395.0,0.0525,3,1,11.573786360354722,0.09175158312169918,0.187287469851116,-2.7755575615628914e-17
395.0,0.0525,3,2,39.46205600975494,0.12750624272000205,0.03779245887774275,-5.551115123125783e-17
395.0,0.0525,3,3,156.36328808707984,0.14418852300975893,0.006920180849885663,-2.220446049250313e-16
395.0,0.053,3,1,12.086343758817524,0.09364002369123343,0.17654923221123225,0.0
395.0,0.053,3,2,36.25630353356423,0.12591783721552993,0.04202180056067083,2.7755575615628914e-17
395.0,0.053,3,3,160.3880754716922,0.1443915924000994,0.006696775477766304,-5.551115123125783e-17
395.0,0.0535,3,1,12.698522722611509,0.09572026053323614,0.1650873075813805,-1.3877787807814457e-17
395.0,0.0535,3,2,33.18640827190414,0.12415698137240971,0.046972428352516755,-2.7755575615628914e-17
395.0,0.0535,3,3,164.15539935953544,0.14457537684779773,0.006497746199283726,8.326672684688674e-17
395.0,0.054,3,1,13.462232739578733,0.09808230375731718,0.15253900344419402,-1.3877787807814457e-17
395.0,0.054,3,2,30.16385242021021,0.12213031505670595,0.05301153700119277,0.0
395.0,0.054,3,3,167.70242491476859,0.14474322432439554,0.00631859899064286,-1.1102230246251565e-16
395.0,0.0545,3,1,14.491997455867784,0.1009200905633091,0.13811914432210837,1.3877787807814457e-17
395.0,0.0545,3,2,27.045946794027955,0.11964137070133456,0.060927668503130646,4.163336342344337e-17
395.0,0.0545,3,3,171.05785555996454,0.1448976632151768,0.006155975210719123,2.7755575615628914e-16
395.0,0.055,3,1,16.17590620670016,0.10487272314514616,0.11922722602268702,0.0
395.0,0.055,3,2,23.422367849266276,0.11604908375116306,0.07332391297323607,-2.7755575615628914e-17
395.0,0.055,3,3,174.24444523485028,0.14504065396725124,0.006007296501643075,2.220446049250313e-16
396.0,0.049,3,1,9.303356764467143,0.08126070686561249,0.2527137232674755,-2.7755575615628914e-17
396.0,0.049,3,2,77.92384699924003,0.13747373423655523,0.016371940234081006,-2.7755575615628914e-17
396.0,0.049,3,3,110.92505791364779,0.14119501365963893,0.010638757634216466,2.7755575615628914e-17
396.0,0.0495,3,1,9.544466482646795,0.08257746870759565,0.24396485574304055,1.3877787807814457e-17
396.0,0.0495,3,2,67.63052136478778,0.13574275916277487,0.019458218010285296,-2.7755575615628914e-17
396.0,0.0495,3,3,122.48230552670087,0.14211183344594602,0.0094152520036886,-1.942890293094024e-16
396.0,0.05,3,1,9.805552851981336,0.08394038393152974,0.23507165335427008,-2.7755575615628914e-17
396.0,0.05,3,2,60.68859088864597,0.13431116537077722,0.022211930586245085,-2.7755575615628914e-17
396.0,0.05,3,3,130.6416493594806,0.14268319615379246,0.008690553225974309,-2.7755575615628914e-17
396.0,0.0505,3,1,10.090102421581431,0.08535632740699005,0.22600731045911904,-1.3877787807814457e-17
396.0,0.0505,3,2,55.1825019314054,0.13296905339083917,0.024958972220918918,-5.551115123125783e-17
396.0,0.0505,3,3,137.3158739847072,0.14311212373983678,0.008165583731345544,-2.7755575615628914e-17
396.0,0.051,3,1,10.402620924619601,0.0868340439672846,0.21673756413663345,1.3877787807814457e-17
396.0,0.051,3,2,50.52208199827338,0.13164718481130727,0.02782108765825142,2.7755575615628914e-17
396.0,0.051,3,3,143.09133756098254,0.14345910723521763,0.007752872272678154,2.7755575615628914e-17
396.0,0.0515,3,1,10.749086299271328,0.08838494595446443,0.20721748370751944,1.3877787807814457e-17
396.0,0.0515,3,2,46.42732629834133,0.1303065210258676,0.030882545697961696,-8.326672684688674e-17
396.0,0.0515,3,3,148.24273344152473,0.1437517704490165,0.007413090858341121,5.551115123125783e-17
396.0,0.052,3,1,11.137692460402988,0.09002440924815892,0.19738624328154003,-1.3877787807814457e-17
396.0,0.052,3,2,42.73512922097376,0.12891641866743023,0.03422561173418346,2.7755575615628914e-17
396.0,0.052,3,3,152.92561605002132,0.14400537850150494,0.007124809688945083,5.551115123125783e-17
396.0,0.0525,3,1,11.580147207285345,0.09177401103714727,0.1871580779845066,2.7755575615628914e-17
396.0,0.0525,3,2,39.33587740562902,0.12744585711763226,0.037949142697819634,2.7755575615628914e-17
396.0,0.0525,3,3,157.23851096615533,0.14422937253925242,0.006874946009413941,-8.326672684688674e-17
396.0,0.053,3,1,12.09412376013083,0.09366571044344503,0.1764053548906796,-4.163336342344337e-17
396.0,0.053,3,2,36.145243734370894,0.12585657947620307,0.04218939878595422,-2.7755575615628914e-17
396.0,0.053,3,3,161.24867040257655,0.14443004813805385,0.006654881467324027,5.551115123125783e-17
396.0,0.0535,3,1,12.708417415181074,0.09575054204596861,0.16492329950241855,0.0
396.0,0.0535,3,2,33.08656855573315,0.12409311743844197,0.04715716041438127,-4.163336342344337e-17
396.0,0.0535,3,3,165.00453627849524,0.1446118368983562,0.006458618699686423,3.0531133177191805e-16
396.0,0.054,3,1,13.475629593020791,0.09811974260400617,0.15234410298661935,1.3877787807814457e-17
396.0,0.054,3,2,30.07146882467962,0.12206098233266273,0.05322459503221001,1.3877787807814457e-17
396.0,0.054,3,3,168.54244793378982,0.1447779886810853,0.006281807299771002,2.7755575615628914e-16
396.0,0.0545,3,1,14.512446566090558,0.10097096507414155,0.13786716337260468,2.7755575615628914e-17
396.0,0.0545,3,2,26.95565583979944,0.11956005824940019,0.061195572810326754,2.7755575615628914e-17
396.0,0.0545,3,3,171.89054651959097,0.14493096445842538,0.006121186947578674,-1.3877787807814457e-16
396.0,0.055,3,1,16.220510119921876,0.1049657328528174,0.11879940254328984,0.0
396.0,0.055,3,2,23.31565129261792,0.11592690746894278,0.07376568797726796,0.0
396.0,0.055,3,3,175.0711890988002,0.14507267664078635,0.005974249098676119,3.0531133177191805e-16
397.0,0.049,3,1,9.305871218359664,0.08127286967082807,0.25263220557554306,-2.7755575615628914e-17
397.0,0.049,3,2,76.92981689377599,0.137320722915277,0.0166340239836415,-8.326672684688674e-17
397.0,0.049,3,3,112.65791538722799,0.1413387964351063,0.010441938037135801,-8.326672684688674e-17
397.0,0.0495,3,1,9.547251383698427,0.0825904702532817,0.24387923889219495,0.0
397.0,0.0495,3,2,67.1277425850706,0.13564501657610809,0.019640434334661408,2.7755575615628914e-17
397.0,0.0495,3,3,123.7258086487038,0.14219950194157577,0.009302171341462868,0.0
397.0,0.05,3,1,9.80865907430753,0.08395434585221416,0.2349814043655051,1.3877787807814457e-17
397.0,0.05,3,2,60.34620995416623,0.13423144840270299,0.022370623046741787,0.0
397.0,0.05,3,3,131.72656048630688,0.14275187181080973,0.008605400705803698,0.0
397.0,0.0505,3,1,10.093595921418395,0.08537140313002776,0.2259117601226131,4.163336342344337e-17
397.0,0.0505,3,2,54.924099721887224,0.1328985266016797,0.025107754762170635,5.551115123125783e-17
397.0,0.0505,3,3,138.31850715096004,0.143170488531948,0.008095414410847056,5.551115123125783e-17
397.0,0.051,3,1,10.406589308708908,0.08685043157059641,0.21663585257732226,0.0
397.0,0.051,3,2,50.31612431095091,0.13158202708804126,0.027966184123979564,-2.7755575615628914e-17
397.0,0.051,3,3,144.043101312365,0.14351078416050236,0.007692321978488887,-1.1102230246251565e-16
397.0,0.0515,3,1,10.753649427409185,0.08840290854552203,0.20710847434765056,-1.3877787807814457e-17
397.0,0.0515,3,2,46.257319404508934,0.13024455705991086,0.031027905603174137,-5.551115123125783e-17
397.0,0.0515,3,3,149.15996463621113,0.14379867167310914,0.007359346451298758,-5.551115123125783e-17
397.0,0.052,3,1,11.143020505466113,0.09004430902924115,0.1972683794297348,0.0
397.0,0.052,3,2,42.591174312488064,0.12885613408238664,0.034374476560946714,-2.7755575615628914e-17
397.0,0.052,3,3,153.81800731440111,0.1440486561645373,0.007076186179193223,-2.7755575615628914e-16
397.0,0.0525,3,1,11.586493591597378,0.0917963702321369,0.18702912708905634,1.3877787807814457e-17
397.0,0.0525,3,2,39.211424576656775,0.1273859731299518,0.03810484506626734,0.0
397.0,0.0525,3,3,158.11232374069922,0.14426978316835018,0.00683034313203699,1.942890293094024e-16
397.0,0.053,3,1,12.101890868754472,0.09369133041961088,0.1762619100190996,1.3877787807814457e-17
397.0,0.053,3,2,36.03556271787282,0.1257957669024954,0.04235610898886712,-2.7755575615628914e-17
397.0,0.053,3,3,162.10819845764644,0.14446811951819444,0.006613535668155548,-8.326672684688674e-17
397.0,0.0535,3,1,12.718305064184682,0.09578076680139513,0.16475968010683886,2.7755575615628914e-17
397.0,0.0535,3,2,32.98784874581401,0.12402964705912876,0.04734111328279172,1.3877787807814457e-17
397.0,0.0535,3,3,165.85285719085113,0.14464795422124158,0.0064199755042585,1.6653345369377348e-16
397.0,0.054,3,1,13.489038931730365,0.09815715961147424,0.15214944070407171,2.7755575615628914e-17
397.0,0.054,3,2,29.979994471244172,0.12199197553166319,0.05343707579146178,2.7755575615628914e-17
397.0,0.054,3,3,169.38184395824223,0.14481244306153282,0.006245449656911674,-8.326672684688674e-17
397.0,0.0545,3,1,14.532989022049211,0.10102195977998192,0.13761481797800268,0.0
397.0,0.0545,3,2,26.86604525609492,0.11947890332159834,0.06146354411594699,-1.3877787807814457e-17
397.0,0.0545,3,3,172.72275640643417,0.14496398212800496,0.006086792240508072,2.498001805406602e-16
397.0,0.055,3,1,16.26603238128553,0.10506023857957746,0.1183654853292405,1.3877787807814457e-17
397.0,0.055,3,2,23.208673119514863,0.11580349120890772,0.0742132937107375,1.3877787807814457e-17
397.0,0.055,3,3,175.8975668183626,0.14510443745639373,0.005941561969372836,-1.1102230246251565e-16
398.0,0.049,3,1,9.308375903598531,0.08128498104223746,0.25255104567023456,2.7755575615628914e-17
398.0,0.049,3,2,76.02504177187558,0.1371785137403751,0.01687947131015676,-2.7755575615628914e-17
398.0,0.049,3,3,114.30184411463512,0.14147182224417162,0.010261479867725751,0.0
398.0,0.0495,3,1,9.550025782204592,0.08260341785388589,0.24379399220906103,2.7755575615628914e-17
398.0,0.0495,3,2,66.64609193601942,0.13555020900532197,0.019817990407260577,0.0
398.0,0.0495,3,3,124.94850814889217,0.14228428315015904,0.00919346469404046,0.0
398.0,0.05,3,1,9.811754001053554,0.08396825117060648,0.2348915384727912,1.3877787807814457e-17
398.0,0.05,3,2,60.01380608529391,0.13415331506231545,0.022526711131606415,2.7755575615628914e-17
398.0,0.05,3,3,132.80181742964925,0.14281901426378404,0.008522554536491589,1.3877787807814457e-16
398.0,0.0505,3,1,10.097077284265414,0.08538641947464258,0.22581660621138033,1.3877787807814457e-17
398.0,0.0505,3,2,54.67163487560652,0.13282907242328293,0.025254706636097884,2.7755575615628914e-17
398.0,0.0505,3,3,139.31552429928757,0.14322783395068223,0.008026765545253967,-5.551115123125783e-17
398.0,0.051,3,1,10.410544695939645,0.08686675696831501,0.21653455083991302,-1.3877787807814457e-17
398.0,0.051,3,2,50.1141411748275,0.1315176837063108,0.028109837508456463,-2.7755575615628914e-17
398.0,0.051,3,3,144.99121037996957,0.14356170284642691,0.007632892299101888,-2.7755575615628914e-17
398.0,0.0515,3,1,10.758198751536174,0.08842080620545412,0.20699988755961318,-1.3877787807814457e-17
398.0,0.0515,3,2,46.090170499954496,0.1301832549744215,0.031172048660486645,-5.551115123125783e-17
398.0,0.0515,3,3,150.07465621784584,0.14384496988206608,0.007306484819388305,-3.0531133177191805e-16
398.0,0.052,3,1,11.148334155700782,0.09006414159175151,0.19715094872687572,1.3877787807814457e-17
398.0,0.052,3,2,42.44937586757968,0.12879641189306776,0.03452227116201398,2.7755575615628914e-17
398.0,0.052,3,3,154.70855882230714,0.14409143262224852,0.007028289389861932,2.7755575615628914e-17
398.0,0.0525,3,1,11.592825591223242,0.0918186611216552,0.18690061436292627,1.3877787807814457e-17
398.0,0.0525,3,2,39.08865580617329,0.12732658121161677,0.03825958286709468,-2.7755575615628914e-17
398.0,0.0525,3,3,158.98476693120193,0.14430976404302923,0.006786357442224801,-2.498001805406602e-16
398.0,0.053,3,1,12.109645170800402,0.09371688405634904,0.17611889469716657,2.7755575615628914e-17
398.0,0.053,3,2,35.92723004961583,0.1257353917849292,0.042521945147093426,-2.7755575615628914e-17
398.0,0.053,3,3,162.96668887479433,0.14450581382869573,0.006572726299857177,0.0
398.0,0.0535,3,1,12.728185794540252,0.09581093531504797,0.1645964461484616,4.163336342344337e-17
398.0,0.0535,3,2,32.89022585986557,0.12396656373752019,0.04752429918118998,8.326672684688674e-17
398.0,0.0535,3,3,166.70038385118465,0.1446837348128819,0.006381806924997751,4.440892098500626e-16
398.0,0.054,3,1,13.502461094361388,0.09819455569010171,0.15195501164692124,0.0
398.0,0.054,3,2,29.88941135047719,0.12192328869838935,0.05364899167318128,6.938893903907228e-17
398.0,0.054,3,3,170.2206295636646,0.1448465925253822,0.006209517898020518,-1.1102230246251565e-16
398.0,0.0545,3,1,14.553626862405968,0.10107307856259978,0.13736209059042873,0.0
398.0,0.0545,3,2,26.777099050230024,0.11939789769370768,0.061731606255990716,1.3877787807814457e-17
398.0,0.0545,3,3,173.5544980867102,0.14499672058077098,0.006052784073231648,8.326672684688674e-17
398.0,0.055,3,1,16.312529086316196,0.10515633330517304,0.11792508635609787,0.0
398.0,0.055,3,2,23.101366020386028,0.11567873819069531,0.07466712358894861,1.3877787807814457e-17
398.0,0.055,3,3,176.72358852709797,0.14513594022879026,0.0059092289860063355,-1.3877787807814457e-16
399.0,0.049,3,1,9.310870878740268,0.08129704131346807,0.2524702411502895,-1.3877787807814457e-17
399.0,0.049,3,2,75.19276273754625,0.13704514657310793,0.017111291145863527,5.551115123125783e-17
399.0,0.049,3,3,115.87360176411092,0.14159605090971902,0.01009437596860261,1.1102230246251565e-16
399.0,0.0495,3,1,9.552789739815589,0.08261631185501352,0.24370911323252098,1.3877787807814457e-17
399.0,0.0495,3,2,66.18377697371638,0.1354581070086129,0.019991244567521164,1.1102230246251565e-16
399.0,0.0495,3,3,126.15219524902717,0.14236640618535742,0.009088775548146421,1.3877787807814457e-16
399.0,0.05,3,1,9.814837696968414,0.08398210024432712,0.2348020531557106,1.3877787807814457e-17
399.0,0.05,3,2,59.690816520779045,0.13407668627836763,0.02268032061972153,0.0
399.0,0.05,3,3,133.86798173404233,0.1428847022434995,0.008441890816064255,0.0
399.0,0.0505,3,1,10.100546577869606,0.0854013768102661,0.22572184614741292,0.0
399.0,0.0505,3,2,54.42485181166837,0.13276065134321127,0.02539989193979043,-2.7755575615628914e-17
399.0,0.0505,3,3,140.3071797992735,0.14328419915589757,0.00795957496341293,-1.1102230246251565e-16
399.0,0.051,3,1,10.41448715681114,0.08688302054116064,0.21643365629199343,-1.3877787807814457e-17
399.0,0.051,3,2,49.91599240600021,0.1314541307762694,0.028252087378869743,-2.7755575615628914e-17
399.0,0.051,3,3,145.935803741896,0.14361188681866474,0.0075745456391021135,2.7755575615628914e-17
399.0,0.0515,3,1,10.762734344505471,0.08843863932542634,0.20689172066120168,1.3877787807814457e-17
399.0,0.0515,3,2,45.925793348555096,0.1301225985481218,0.0313150023236422,2.7755575615628914e-17
399.0,0.0515,3,3,150.98689322252443,0.14389068092224255,0.007254480521854584,2.498001805406602e-16
399.0,0.052,3,1,11.153633485931707,0.09008390733649635,0.19703394844530578,-2.7755575615628914e-17
399.0,0.052,3,2,42.309676588193824,0.12873724019289534,0.03466901614016887,0.0
399.0,0.052,3,3,155.59732667778843,0.14413371939635003,0.006981100768023865,1.3877787807814457e-16
399.0,0.0525,3,1,11.599143283517034,0.09184088411722234,0.186772537028793,0.0
399.0,0.0525,3,2,38.96753086036427,0.12726767212069282,0.038413372458408854,0.0
399.0,0.0525,3,3,159.85587958281448,0.1443493240093409,0.006742974672798996,-1.942890293094024e-16
399.0,0.053,3,1,12.117386751826743,0.09374237178681433,0.17597630605007172,-2.7755575615628914e-17
399.0,0.053,3,2,35.82021627479108,0.12567544663281238,0.0426869208527454,-2.7755575615628914e-17
399.0,0.053,3,3,163.8241699197021,0.14454313814243,0.006532441950132461,-1.942890293094024e-16
399.0,0.0535,3,1,12.73805973093044,0.09584104809954784,0.16443359440322805,1.3877787807814457e-17
399.0,0.0535,3,2,32.79367759277416,0.12390386114144154,0.04770673003927654,-1.3877787807814457e-17
399.0,0.0535,3,3,167.5471373439781,0.14471918450786528,0.0063441035526612295,-2.220446049250313e-16
399.0,0.054,3,1,13.515896422613903,0.0982319317532341,0.15176081086236157,0.0
399.0,0.054,3,2,29.799701935253673,0.12185491600077657,0.05386035486329335,1.3877787807814457e-17
399.0,0.054,3,3,171.0588208470382,0.14488044200608616,0.006174004077763399,2.498001805406602e-16
399.0,0.0545,3,1,14.574362180905812,0.10112432539668041,0.13710896327784977,1.3877787807814457e-17
399.0,0.0545,3,2,26.688801532862193,0.11931703314998506,0.0619997832813523,0.0
399.0,0.0545,3,3,174.3857840749607,0.1450291840722147,0.0060191556060521035,2.7755575615628914e-16
399.0,0.055,3,1,16.360061938061442,0.10525411919133097,0.11747777946238434,0.0
399.0,0.055,3,2,22.993657349382325,0.11555254253543956,0.07512760902568678,0.0
399.0,0.055,3,3,177.54926409402296,0.1451671886892493,0.005877244166804742,-4.163336342344337e-16
400.0,0.049,3,1,9.313356201862014,0.0813090508152114,0.2523897896362445,0.0
400.0,0.049,3,2,74.42082779712135,0.13691919591736623,0.017331671155310053,2.7755575615628914e-17
400.0,0.049,3,3,117.3853391092653,0.14171290761492947,0.00993844043455166,0.0
400.0,0.0495,3,1,9.555543317684158,0.0826291525992525,0.24362459952366886,1.3877787807814457e-17
400.0,0.0495,3,2,65.73923726419427,0.13536851020045676,0.020160509727073728,0.0
400.0,0.0495,3,3,127.33842916857958,0.14244607110756682,0.008987792802466213,8.326672684688674e-17
400.0,0.05,3,1,9.817910226286447,0.08399589342790015,0.2347129459164543,0.0
400.0,0.05,3,2,59.37672694595074,0.1340014895377916,0.022831566857034778,0.0
400.0,0.05,3,3,134.92556650507188,0.14294900792565673,0.008363296059324732,3.0531133177191805e-16
400.0,0.0505,3,1,10.104003869447746,0.085416275503158,0.22562747737568864,0.0
400.0,0.0505,3,2,54.18351162954341,0.1326932262941299,0.025543370813136686,2.7755575615628914e-17
400.0,0.0505,3,3,141.29371134772742,0.14333962086552374,0.00789378443492272,1.6653345369377348e-16
400.0,0.051,3,1,10.418416761278742,0.08689922266661071,0.21633316632448643,2.7755575615628914e-17
400.0,0.051,3,2,49.721545256265074,0.1313913455905172,0.028392971355664192,-5.551115123125783e-17
400.0,0.051,3,3,146.87701294810287,0.14366135842369163,0.007517246333102017,5.551115123125783e-17
400.0,0.0515,3,1,10.767256278614507,0.08845640829329461,0.20678397099387427,-4.163336342344337e-17
400.0,0.0515,3,2,45.764105595771674,0.1300625722305659,0.031456792922887486,0.0
400.0,0.0515,3,3,151.8967568122739,0.14393581997248087,0.0072033092244827525,2.7755575615628914e-17
400.0,0.052,3,1,11.158918570418026,0.09010360666090983,0.19691737588133285,2.7755575615628914e-17
400.0,0.052,3,2,42.17202143003762,0.1286786074993164,0.03481473137578223,2.7755575615628914e-17
400.0,0.052,3,3,156.4843647386148,0.14417552758791313,0.006934602465989504,1.3877787807814457e-16
400.0,0.0525,3,1,11.60544674526032,0.09186303962692925,0.18664489233357273,-1.3877787807814457e-17
400.0,0.0525,3,2,38.84801091799175,0.1272092369050109,0.03856622969612814,0.0
400.0,0.0525,3,3,160.72569933554956,0.1443884716270159,0.006700181041409098,-1.6653345369377348e-16
400.0,0.053,3,1,12.125115696844006,0.09376779404073728,0.1758341412272395,1.3877787807814457e-17
400.0,0.053,3,2,35.7144928763014,0.12561592416542036,0.04285104932794245,2.7755575615628914e-17
400.0,0.053,3,3,164.6806689277111,0.14458009932574534,0.006492671559405606,-1.3877787807814457e-16
400.0,0.0535,3,1,12.74792699781257,0.09587110566465012,0.16427112166888505,0.0
400.0,0.0535,3,2,32.698182290060195,0.12384153309743491,0.04788841750390684,-2.7755575615628914e-17
400.0,0.0535,3,3,168.39313811008645,0.14475430898494948,0.006306856246096294,2.7755575615628914e-16
400.0,0.054,3,1,13.529345261311157,0.0982692887173492,0.1515668333935746,4.163336342344337e-17
400.0,0.054,3,2,29.71084916309487,0.121786851725529,0.054071177347911614,4.163336342344337e-17
400.0,0.054,3,3,171.89643344430468,0.14491399631522048,0.006138900461767248,2.498001805406602e-16
400.0,0.0545,3,1,14.595197128586484,0.1011757043536604,0.1368554177077103,2.7755575615628914e-17
400.0,0.0545,3,2,26.601137303680407,0.11923630147610775,0.06226809947993803,5.551115123125783e-17
400.0,0.0545,3,3,175.21662654608764,0.14506137675968336,0.005985900170005705,1.942890293094024e-16
400.0,0.055,3,1,16.408699056778346,0.10535370890195077,0.11702309486948977,2.7755575615628914e-17
400.0,0.055,3,2,22.885468306094474,0.11542478794309426,0.0755952249177714,4.163336342344337e-17
400.0,0.055,3,3,178.37460313215112,0.14519818648808291,0.0058456016714030475,2.220446049250313e-16
401.0,0.0485,3,1,9.090796523414546,0.0800412027788477,0.26095385404548643,-1.3877787807814457e-17
401.0,0.0485,3,2,92.281572404762,0.13933978020991997,0.013343155301555207,5.551115123125783e-17
401.0,0.0485,3,3,98.94642719462732,0.14006058792576526,0.01225608227328969,1.1102230246251565e-16
401.0,0.049,3,1,9.315831930566372,0.08132100987525502,0.2523096887701865,2.7755575615628914e-17
401.0,0.049,3,2,73.70009613732356,0.13679958632839254,0.017542261385219478,0.0
401.0,0.049,3,3,118.84619575094729,0.14182346749452726,0.009792024962835563,5.551115123125783e-17
401.0,0.0495,3,1,9.558286576470643,0.08264194042620686,0.24354044866555632,-1.3877787807814457e-17
401.0,0.0495,3,2,65.31110466546835,0.13528124232097002,0.02032606108646729,0.0
401.0,0.0495,3,3,128.50857684263096,0.142523453854521,0.00889024305109519,2.7755575615628914e-17
401.0,0.05,3,1,9.8209716527326,0.08400963107278765,0.23462421427956465,2.7755575615628914e-17
401.0,0.05,3,2,59.071065912219886,0.13392765814152066,0.0229805559425183,5.551115123125783e-17
401.0,0.05,3,3,135.97504198979775,0.14301199767501502,0.008286666012069925,3.608224830031759e-16
401.0,0.0505,3,1,10.10744922569164,0.08543111591644088,0.2255334973639109,-1.3877787807814457e-17
401.0,0.0505,3,2,53.94739064790685,0.13262676244425134,0.02568519977879566,-8.326672684688674e-17
401.0,0.0505,3,3,142.27534142977882,0.14339413356508154,0.00782933933034104,-2.7755575615628914e-17
401.0,0.051,3,1,10.422333578759215,0.08691536371893493,0.21623307835138883,1.3877787807814457e-17
401.0,0.051,3,2,49.53067388382532,0.1313293065423571,0.02853252524750894,2.7755575615628914e-17
401.0,0.051,3,3,147.81496264963084,0.14371013891049214,0.0074609605109564915,2.7755575615628914e-17
401.0,0.0515,3,1,10.7717646256107,0.08847411349364152,0.20667663592248284,1.3877787807814457e-17
401.0,0.0515,3,2,45.60502853457002,0.13000316110315618,0.0315974457304602,0.0
401.0,0.0515,3,3,152.8043245090743,0.14398040158305583,0.00715294763429524,-8.326672684688674e-17
401.0,0.052,3,1,11.164189482858717,0.09012323995908944,0.19680122835496447,0.0
401.0,0.052,3,2,42.03635748409365,0.12862050273249434,0.03495943606322081,2.7755575615628914e-17
401.0,0.052,3,3,157.36972473469737,0.14421686789863944,0.006888777305083236,-2.7755575615628914e-17
401.0,0.0525,3,1,11.611736052667887,0.09188512805547495,0.1865176775481477,1.3877787807814457e-17
401.0,0.0525,3,2,38.73005850428749,0.12715126688930964,0.03871816995632041,2.7755575615628914e-17
401.0,0.0525,3,3,161.59426249032714,0.14442721518228302,0.006657963228381375,-5.551115123125783e-17
401.0,0.053,3,1,12.132832090320605,0.0937931512444612,0.17569239740205805,-1.3877787807814457e-17
401.0,0.053,3,2,35.610032235072175,0.12555681730363533,0.04301434343957784,0.0
401.0,0.053,3,3,165.53621234344527,0.14461670404678661,0.006453404406244732,3.0531133177191805e-16
401.0,0.0535,3,1,12.757787719428276,0.09590110851729026,0.1641090247646776,1.3877787807814457e-17
401.0,0.0535,3,2,32.60371892264579,0.12377957358498844,0.04806937294946528,1.3877787807814457e-17
401.0,0.0535,3,3,169.23840597189198,0.1447891137727868,0.00627005612208508,4.440892098500626e-16
401.0,0.054,3,1,13.54280795847835,0.09830662750222706,0.1513730742788857,4.163336342344337e-17
401.0,0.054,3,2,29.622836419307422,0.12171909027382267,0.05428147092149636,2.7755575615628914e-17
401.0,0.054,3,3,172.73348254709376,0.1449472601466105,0.0061041995192148936,-2.7755575615628914e-17
401.0,0.0545,3,1,14.61613391610052,0.10122721960575487,0.13660143512976197,5.551115123125783e-17
401.0,0.0545,3,2,26.514091237492902,0.1191556944520555,0.06253657939934806,4.163336342344337e-17
401.0,0.0545,3,3,176.0470373468909,0.14509330270546994,0.005953011261258997,1.6653345369377348e-16
401.0,0.055,3,1,16.458515945656647,0.10545522717699278,0.11656051264909031,1.3877787807814457e-17
401.0,0.055,3,2,22.77671296157334,0.11529534611615523,0.0760704961819187,-1.3877787807814457e-17
401.0,0.055,3,3,179.19961500668603,0.14522893719702928,0.0058142957964716115,8.326672684688674e-17
402.0,0.0485,3,1,9.09303564486896,0.08005238296777795,0.2608777096308359,-1.3877787807814457e-17
402.0,0.0485,3,2,88.39246367224551,0.13887726397584665,0.014065015470940205,-5.551115123125783e-17
402.0,0.0485,3,3,103.57401295941305,0.14051483371677448,0.011594742561832162,0.0
402.0,0.049,3,1,9.31829812198638,0.08133291881851494,0.25222993621550677,-4.163336342344337e-17
402.0,0.049,3,2,73.02348924323012,0.136685482514163,0.01774434311716732,-2.7755575615628914e-17
402.0,0.049,3,3,120.26324899921035,0.14192856553336483,0.009653850000685896,2.7755575615628914e-17
402.0,0.0495,3,1,9.561019576348048,0.08265467567252963,0.24345665826294327,0.0
402.0,0.0495,3,2,64.8981719283148,0.1351961473331019,0.020488142242354658,-1.1102230246251565e-16
402.0,0.0495,3,3,129.66384432102998,0.14259871014406558,0.008795884476524206,-8.326672684688674e-17
402.0,0.05,3,1,9.824022039527579,0.08402331352742308,0.23453585579168232,-1.3877787807814457e-17
402.0,0.05,3,2,58.77340005379228,0.1338551305657855,0.02312738574585806,0.0
402.0,0.05,3,3,137.01684035998068,0.14307373268406168,0.008211904633575866,-2.7755575615628914e-17
402.0,0.0505,3,1,10.110882712773535,0.08544589841013496,0.22543990360224858,-6.938893903907228e-17
402.0,0.0505,3,2,53.71627910314002,0.13256122701041925,0.025825432045377114,-1.1102230246251565e-16
402.0,0.0505,3,3,143.2522786203121,0.14344776969456247,0.007766188318182488,-4.440892098500626e-16
402.0,0.051,3,1,10.426237678136244,0.08693144406923071,0.21613338980950855,1.3877787807814457e-17
402.0,0.051,3,2,49.34325887112488,0.13126799305122075,0.02867078317439771,-5.551115123125783e-17
402.0,0.051,3,3,148.74977108070524,0.14375824850509789,0.007405655974840862,-3.0531133177191805e-16
402.0,0.0515,3,1,10.776259456696737,0.08849175530781123,0.20656971283501324,0.0
402.0,0.0515,3,2,45.44848688901742,0.12994435084304898,0.03173698502120745,-2.7755575615628914e-17
402.0,0.0515,3,3,153.70967041119152,0.14402443971173273,0.007103373439113708,1.1102230246251565e-16
402.0,0.052,3,1,11.16944629639831,0.09014280762183312,0.19668550320963926,2.7755575615628914e-17
402.0,0.052,3,2,41.90263386593302,0.12856291519537058,0.03510314874490563,2.7755575615628914e-17
402.0,0.052,3,3,158.25345637871047,0.14425775065076163,0.006843608741768213,5.551115123125783e-17
402.0,0.0525,3,1,11.618011281393263,0.09190714980420296,0.18639088996709882,4.163336342344337e-17
402.0,0.0525,3,2,38.61363742871883,0.12709375366311063,0.038869208156261964,-2.7755575615628914e-17
402.0,0.0525,3,3,162.4616040711434,0.14446556269995559,0.006616308355844132,-3.0531133177191805e-16
402.0,0.053,3,1,12.140536016189191,0.09381844382098091,0.175551071771599,-1.3877787807814457e-17
402.0,0.053,3,2,35.50680759246244,0.12549811916201362,0.043176815713325094,-2.7755575615628914e-17
402.0,0.053,3,3,166.39082575833385,0.14465295878338888,0.006414630093543595,-2.220446049250313e-16
402.0,0.0535,3,1,12.767642019813417,0.09593105716162924,0.16394730053103973,4.163336342344337e-17
402.0,0.0535,3,2,32.51026706284027,0.12371797673103158,0.048249607487760984,2.7755575615628914e-17
402.0,0.0535,3,3,170.08296015725747,0.14482360425538063,0.006233694545671842,-2.7755575615628914e-17
402.0,0.054,3,1,13.556284865423386,0.09834394903112272,0.1511795285509062,1.3877787807814457e-17
402.0,0.054,3,2,29.53564752086865,0.12165162615718174,0.0544912471947054,4.163336342344337e-17
402.0,0.054,3,3,173.5699829186986,0.14498023808027957,0.00606989391576558,2.7755575615628914e-16
402.0,0.0545,3,1,14.637174816157044,0.10127887543018928,0.13634699635802672,0.0
402.0,0.0545,3,2,26.42764847067618,0.11907520384491017,0.06280524787020002,-1.3877787807814457e-17
402.0,0.0545,3,3,176.87702800711634,0.14512496587977888,0.005920482535735385,-2.220446049250313e-16
402.0,0.055,3,1,16.509596650889993,0.10555881272223426,0.11608945488024155,-4.163336342344337e-17
402.0,0.055,3,2,22.667297090324347,0.11516407486760434,0.0765540056017598,-1.3877787807814457e-17
402.0,0.055,3,3,180.024308842905,0.14525944431155152,0.0057833209715128404,-3.3306690738754696e-16
403.0,0.0485,3,1,9.095265943783492,0.08006351566239457,0.2608018997237028,-1.3877787807814457e-17
403.0,0.0485,3,2,86.13335722154343,0.13859251876926407,0.014518880987430366,0.0
403.0,0.0485,3,3,106.57191842182225,0.14079134977347985,0.011201141620404592,0.0
403.0,0.049,3,1,9.320754832790538,0.08134477796706824,0.2521505296566531,0.0
403.0,0.049,3,2,72.38539471224202,0.13657622020220617,0.017938935072949063,-5.551115123125783e-17
403.0,0.049,3,3,121.6421100592798,0.1420288656995707,0.009522898540102893,-8.326672684688674e-17
403.0,0.0495,3,1,9.563742377007088,0.08266735867195553,0.24337322594204966,2.7755575615628914e-17
403.0,0.0495,3,2,64.49936758238643,0.13511308629716165,0.02064697007754276,2.7755575615628914e-17
403.0,0.0495,3,3,130.80530188220996,0.1426719785995963,0.008704501959760079,8.326672684688674e-17
403.0,0.05,3,1,9.827061449393094,0.08403694113724508,0.23444786802129405,2.7755575615628914e-17
403.0,0.05,3,2,58.48332996688745,0.13378384991114767,0.02327214678518492,2.7755575615628914e-17
403.0,0.05,3,3,138.0513598327974,0.14313426952394304,0.008138923219039772,-5.551115123125783e-17
403.0,0.0505,3,1,10.114304396351349,0.08546062334119194,0.22534669360308376,1.3877787807814457e-17
403.0,0.0505,3,2,53.48997998673066,0.13249658909090914,0.025964117778583862,-2.7755575615628914e-17
403.0,0.0505,3,3,144.2247187465022,0.1435005598155935,0.00770428309395005,-2.498001805406602e-16
403.0,0.051,3,1,10.430129127765687,0.08694746408545724,0.21603409815820962,-4.163336342344337e-17
403.0,0.051,3,2,49.159186784791714,0.1312073854945068,0.02880777768013746,-8.326672684688674e-17
403.0,0.051,3,3,149.68155049872894,0.14380570647871252,0.007351302086939645,0.0
403.0,0.0515,3,1,10.780740842536174,0.08850933411394524,0.20646319914232278,1.3877787807814457e-17
403.0,0.0515,3,2,45.29440861395498,0.12988612768968902,0.03187543412877419,0.0
403.0,0.0515,3,3,154.61286539344027,0.1440679477571956,0.007054565251549503,-2.7755575615628914e-17
403.0,0.052,3,1,11.174689083632261,0.09016231003667406,0.19657019781196622,1.3877787807814457e-17
403.0,0.052,3,2,41.770801612213766,0.12850583455499,0.035245887343201734,2.7755575615628914e-17
403.0,0.052,3,3,159.13560746952732,0.14429818580568088,0.006799080835936522,-2.7755575615628914e-17
403.0,0.0525,3,1,11.624272506534467,0.09192910527113796,0.18626452690843778,2.7755575615628914e-17
403.0,0.0525,3,2,38.498712726353865,0.12703668906927532,0.03901935877430727,2.7755575615628914e-17
403.0,0.0525,3,3,163.32775788364276,0.14450352195483673,0.006575203968040737,-2.498001805406602e-16
403.0,0.053,3,1,12.1482275578523,0.09384367218997931,0.1754101615563508,4.163336342344337e-17
403.0,0.053,3,2,35.404793014643026,0.1254398230412543,0.043338478346931386,0.0
403.0,0.053,3,3,167.2445339461751,0.14468886983056964,0.0063763385354140435,-2.220446049250313e-16
403.0,0.0535,3,1,12.77749002280776,0.09596095209909833,0.16378594582929246,0.0
403.0,0.0535,3,2,32.41780686147801,0.12365673680468568,0.04842913197746241,-1.3877787807814457e-17
403.0,0.0535,3,3,170.9268193223215,0.14485778567728896,0.00619776312094605,5.551115123125783e-17
403.0,0.054,3,1,13.569776336819162,0.09838125423094195,0.1509861912356683,6.938893903907228e-17
403.0,0.054,3,2,29.44926670102299,0.12158445399352263,0.05470051760194261,5.551115123125783e-17
403.0,0.054,3,3,174.4059489093372,0.14501293458622824,0.0060359765067839995,5.551115123125783e-16
403.0,0.0545,3,1,14.65832216609065,0.10133067621364915,0.13609208175184212,1.3877787807814457e-17
403.0,0.0545,3,2,26.34179438795703,0.1189948214015573,0.06307413003014867,1.3877787807814457e-17
403.0,0.0545,3,3,177.706609750051,0.1451563701635743,0.0058883078039600415,-4.440892098500626e-16
403.0,0.055,3,1,16.56203516602461,0.10566462049589216,0.11560927616025841,0.0
403.0,0.055,3,2,22.55711675833254,0.11503081583207216,0.07704640332091574,1.3877787807814457e-17
403.0,0.055,3,3,180.84869353372665,0.1452897112530502,0.005752671754818511,-5.551115123125783e-16
404.0,0.0485,3,1,9.097487473438333,0.08007460117059427,0.2607264220868731,2.7755575615628914e-17
404.0,0.0485,3,2,84.41176176197845,0.13836692292866207,0.014883583150072826,-8.326672684688674e-17
404.0,0.0485,3,3,109.03263367693764,0.14100875746750782,0.010896449799515734,-5.551115123125783e-17
404.0,0.049,3,1,9.32320211918739,0.08135658764018334,0.25207146679889614,0.0
404.0,0.049,3,2,71.78127470782319,0.13647126068142926,0.018126863240380573,-2.7755575615628914e-17
404.0,0.049,3,3,122.98731557774688,0.14212490640269063,0.009398346292220134,2.7755575615628914e-17
404.0,0.0495,3,1,9.566455037661031,0.08267998975533285,0.24329014935031537,-1.3877787807814457e-17
404.0,0.0495,3,2,64.11373563654185,0.13503193484131468,0.02080273871799547,5.551115123125783e-17
404.0,0.0495,3,3,131.93390433279424,0.14274338327953037,0.008615903123489161,8.326672684688674e-17
404.0,0.05,3,1,9.830089944556816,0.0840505142447297,0.23436024855848814,2.7755575615628914e-17
404.0,0.05,3,2,58.200486642840104,0.1337137634249617,0.02341492298769207,2.7755575615628914e-17
404.0,0.05,3,3,139.07896823767257,0.14319366062196925,0.008067639639131258,-8.326672684688674e-17
404.0,0.0505,3,1,10.11771434157366,0.08547529106352769,0.2252538649007649,0.0
404.0,0.0505,3,2,53.26830800391388,0.13243281951545607,0.02610130434436613,2.7755575615628914e-17
404.0,0.0505,3,3,145.19284592910427,0.14355253276137422,0.0076435781371529165,1.6653345369377348e-16
404.0,0.051,3,1,10.434007995480995,0.0869634241324702,0.21593520087915638,1.3877787807814457e-17
404.0,0.051,3,2,48.97834977329872,0.1311474651451703,0.02894353983532188,2.7755575615628914e-17
404.0,0.051,3,3,150.61040758655318,0.1438525312100875,0.007297869666647075,2.220446049250313e-16
404.0,0.0515,3,1,10.785208853258691,0.08852685028701664,0.20635709227788535,-4.163336342344337e-17
404.0,0.0515,3,2,45.1427247093166,0.12982847841374265,0.032012815497750625,-8.326672684688674e-17
404.0,0.0515,3,3,155.5139772928052,0.14411093859007845,0.0070065025570322645,-5.551115123125783e-17
404.0,0.052,3,1,11.179917916612522,0.09018174758791676,0.1964553095514632,1.3877787807814457e-17
404.0,0.052,3,2,41.640813583804075,0.12844925082499312,0.035387669190307974,-2.7755575615628914e-17
404.0,0.052,3,3,160.0162239890367,0.144338182981438,0.006755178221197773,-5.551115123125783e-17
404.0,0.0525,3,1,11.630519802639324,0.0919509948510211,0.18613858571334863,0.0
404.0,0.0525,3,2,38.38525060257833,0.12698006519319752,0.039168635868647994,-2.7755575615628914e-17
404.0,0.0525,3,3,164.19275657033558,0.14454110048248991,0.006534638012748931,-3.885780586188048e-16
404.0,0.053,3,1,12.155906798188097,0.09386883676786408,0.17526966399995303,2.7755575615628914e-17
404.0,0.053,3,2,35.30396335881957,0.12538192242104587,0.04349934322284014,2.7755575615628914e-17
404.0,0.053,3,3,168.09736089684503,0.14472444330764458,0.006338519944745468,-5.551115123125783e-17
404.0,0.0535,3,1,12.787331852065067,0.09599079382844444,0.1636249575413383,2.7755575615628914e-17
404.0,0.0535,3,2,32.326319026139736,0.12359584821225288,0.04860795703310204,5.551115123125783e-17
404.0,0.0535,3,3,171.77000157320566,0.14489166314858892,0.006162253682255257,8.326672684688674e-17
404.0,0.054,3,1,13.583282730787646,0.09841854403241888,0.15079305735174986,1.3877787807814457e-17
404.0,0.054,3,2,29.36367859454793,0.12151756850335425,0.05490929340862994,0.0
404.0,0.054,3,3,175.24139447074776,0.14504535402805382,0.006002440330861459,-1.3877787807814457e-16
404.0,0.0545,3,1,14.679578370564926,0.10138262645695904,0.13583667119593645,1.3877787807814457e-17
404.0,0.0545,3,2,26.256514609495873,0.11891453884126875,0.06334325134867488,4.163336342344337e-17
404.0,0.0545,3,3,178.5357935026801,0.1451875193513156,0.005856481026112544,3.0531133177191805e-16
404.0,0.055,3,1,16.615937146404768,0.10577282449885678,0.11511925202675308,1.3877787807814457e-17
404.0,0.055,3,2,22.44605660128335,0.11489539167347079,0.0775484184247641,2.7755575615628914e-17
404.0,0.055,3,3,181.67277774698925,0.14531974137099493,0.005722342829580227,1.3877787807814457e-16
405.0,0.0485,3,1,9.099700286676388,0.08008563979757492,0.26065127450331355,1.3877787807814457e-17
405.0,0.0485,3,2,82.986616162578,0.1381742146800609,0.015198701354529784,8.326672684688674e-17
405.0,0.0485,3,3,111.19721866753757,0.14119331828563678,0.010641089338698673,5.551115123125783e-17
405.0,0.049,3,1,9.32564003693047,0.08136834815435189,0.2519927453680892,-1.3877787807814457e-17
405.0,0.049,3,2,71.20739926941977,0.13637015980225034,0.01830880848432436,-2.7755575615628914e-17
405.0,0.049,3,3,124.3025943325856,0.14221713149352316,0.009279514076440504,2.7755575615628914e-17
405.0,0.0495,3,1,9.569157617050795,0.0826925692506557,0.24320742615615462,-1.3877787807814457e-17
405.0,0.0495,3,2,63.7404190124454,0.1349525810946757,0.02095562276567763,0.0
405.0,0.0495,3,3,133.0505075739341,0.14281303574417956,0.008529915099399616,5.551115123125783e-17
405.0,0.05,3,1,9.83310758675746,0.08406403318942314,0.23427299501470952,1.3877787807814457e-17
405.0,0.05,3,2,57.92452836687,0.13364482208562906,0.02355579235170892,0.0
405.0,0.05,3,3,140.10000611744496,0.14325195467732574,0.007997977678087433,-5.551115123125783e-17
405.0,0.0505,3,1,10.121112613085149,0.08548990192805654,0.22516141505135354,1.3877787807814457e-17
405.0,0.0505,3,2,53.05108863848791,0.13236989071038494,0.026237036527544447,-5.551115123125783e-17
405.0,0.0505,3,3,146.15683351757733,0.14360371577151246,0.007584030492853782,2.7755575615628914e-17
405.0,0.051,3,1,10.437874348598202,0.08697932457205437,0.21583669547606774,2.7755575615628914e-17
405.0,0.051,3,2,48.800645198476964,0.13108821411447819,0.029078099331758103,2.7755575615628914e-17
405.0,0.051,3,3,151.5364438209059,0.14389874024273158,0.007245330896311989,2.498001805406602e-16
405.0,0.0515,3,1,10.789663558465483,0.08854430419886467,0.20625138969753767,0.0
405.0,0.0515,3,2,44.993369047812024,0.12977139028822207,0.0321491507321298,0.0
405.0,0.0515,3,3,156.4130710806917,0.14415342458180505,0.006959165665526734,0.0
405.0,0.052,3,1,11.185132866852813,0.0902011206566712,0.19634083584030335,2.7755575615628914e-17
405.0,0.052,3,2,41.512624375023556,0.12839315434918688,0.035528511056296994,5.551115123125783e-17
405.0,0.052,3,3,160.89535019283676,0.14437775146910628,0.0067118860770146935,2.220446049250313e-16
405.0,0.0525,3,1,11.636753243711095,0.09197281893534583,0.18601306374592558,1.3877787807814457e-17
405.0,0.0525,3,2,38.27321838093109,0.12692387435258773,0.03931705309504152,5.551115123125783e-17
405.0,0.0525,3,3,165.05663166270386,0.14457830558941745,0.006494598823731296,1.1102230246251565e-16
405.0,0.053,3,1,12.16357381955617,0.09389393796780422,0.17512957636893278,1.3877787807814457e-17
405.0,0.053,3,2,35.20429424118369,0.12532441095326582,0.043659421920187076,8.326672684688674e-17
405.0,0.053,3,3,168.94932984828569,0.1447596851649898,0.006301164821390009,-2.220446049250313e-16
405.0,0.0535,3,1,12.797167631062349,0.0960205828457729,0.16346433256937212,-1.3877787807814457e-17
405.0,0.0535,3,2,32.23578480039805,0.12353530549243202,0.04878609303367039,5.551115123125783e-17
405.0,0.0535,3,3,172.6125244867083,0.14492524164961587,0.0061271582858233985,3.885780586188048e-16
405.0,0.054,3,1,13.596804408986525,0.09845581937029908,0.15060012190937894,-2.7755575615628914e-17
405.0,0.054,3,2,29.278868223655262,0.1214509645061267,0.05511758571821604,-4.163336342344337e-17
405.0,0.054,3,3,176.07633317014822,0.1450775006664181,0.005969278603614103,-3.608224830031759e-16
405.0,0.0545,3,1,14.700945904420669,0.10143473078000997,0.13558074407945578,-1.3877787807814457e-17
405.0,0.0545,3,2,26.171794978239664,0.1188343478481454,0.06361263765272177,0.0
405.0,0.0545,3,3,179.36458990542602,0.1452184171535866,0.00582499630727726,3.0531133177191805e-16
405.0,0.055,3,1,16.67142202154739,0.10588362121093427,0.11461856470039922,0.0
405.0,0.055,3,2,22.33398770513471,0.11475760264669721,0.07806087320132891,2.7755575615628914e-17
405.0,0.055,3,3,182.49656993244514,0.1453495379449772,0.005692329000146157,-3.3306690738754696e-16
406.0,0.0485,3,1,9.101904435907956,0.08009663184586596,0.2605764547759392,0.0
406.0,0.0485,3,2,81.75600069262711,0.13800325809752964,0.015481014196379454,-1.1102230246251565e-16
406.0,0.0485,3,3,113.16759194347246,0.14135616786924746,0.010418283263367795,-2.220446049250313e-16
406.0,0.049,3,1,9.328068641322943,0.08138005982331913,0.2519143631104348,1.3877787807814457e-17
406.0,0.049,3,2,70.66065903373075,0.13627254618115253,0.01848534001678523,5.551115123125783e-17
406.0,0.049,3,3,125.59105451181844,0.14230591205953386,0.009165834350501629,2.7755575615628914e-17
406.0,0.0495,3,1,9.571850173449604,0.08270509748309485,0.24312505404872348,0.0
406.0,0.0495,3,2,63.37864590599436,0.13487492398354636,0.021105779962992323,-2.7755575615628914e-17
406.0,0.0495,3,3,134.15588223981698,0.1428810367594804,0.008446381863907055,-2.7755575615628914e-17
406.0,0.05,3,1,9.836114437249748,0.08407749830797369,0.23418610502251896,4.163336342344337e-17
406.0,0.05,3,2,57.65513801044531,0.13357698023913575,0.02369482752540914,0.0
406.0,0.05,3,3,141.11478943594344,0.1433091970245032,0.007929866455169726,2.7755575615628914e-17
406.0,0.0505,3,1,10.124499275031424,0.08550445628272285,0.22506934163238584,2.7755575615628914e-17
406.0,0.0505,3,2,52.83815731090093,0.13230777657702134,0.026371356728863145,-5.551115123125783e-17
406.0,0.0505,3,3,147.1168449319365,0.14365413461357915,0.007525599574783571,-3.3306690738754696e-16
406.0,0.051,3,1,10.441728253921234,0.08699516576295764,0.21573857947446792,-1.3877787807814457e-17
406.0,0.051,3,2,48.6259752974745,0.13102961529941679,0.029211484569200377,2.7755575615628914e-17
406.0,0.051,3,3,152.45975581036848,0.14394435033746852,0.007193659234674749,2.7755575615628914e-16
406.0,0.0515,3,1,10.794105027234323,0.08856169621822783,0.2061460888792324,-1.3877787807814457e-17
406.0,0.0515,3,2,44.84627821482329,0.12971485106161437,0.032284460640388424,-2.7755575615628914e-17
406.0,0.0515,3,3,157.31020902296854,0.14419541763142543,0.006912535666622462,-1.6653345369377348e-16
406.0,0.052,3,1,11.190334005333897,0.0902204296208871,0.19622677411306352,1.3877787807814457e-17
406.0,0.052,3,2,41.38619022853896,0.12833753578611393,0.03566842917544384,-2.7755575615628914e-17
406.0,0.052,3,3,161.77302869527742,0.14441690024818712,0.006669190102547097,5.551115123125783e-17
406.0,0.0525,3,1,11.642972903213597,0.09199457791239202,0.18588795839292355,0.0
406.0,0.0525,3,2,38.16258445385143,0.1268681090878114,0.03946462372357124,-2.7755575615628914e-17
406.0,0.0525,3,3,165.91941363038794,0.14461514436268635,0.006455075104148225,2.7755575615628914e-17
406.0,0.053,3,1,12.171228703803173,0.09391897619976562,0.1749898959524456,4.163336342344337e-17
406.0,0.053,3,2,35.10576200648783,0.12526728245551347,0.043818725726205134,-2.7755575615628914e-17
406.0,0.053,3,3,169.80046331687038,0.144794601190472,0.006264263940935726,-1.1102230246251565e-16
406.0,0.0535,3,1,12.806997483110164,0.09605031964459261,0.16330406783557813,1.3877787807814457e-17
406.0,0.0535,3,2,32.146185944025476,0.12347510331174642,0.04896355013083047,2.7755575615628914e-17
406.0,0.0535,3,3,173.45440513002632,0.14495852603548934,0.0060924692017522595,-8.326672684688674e-17
406.0,0.054,3,1,13.610341736697112,0.09849308118352341,0.15040737990953668,1.3877787807814457e-17
406.0,0.054,3,2,29.194820984495315,0.12138463691672176,0.055325405478933276,4.163336342344337e-17
406.0,0.054,3,3,176.910778203585,0.1451093786623708,0.005936484711744052,1.6653345369377348e-16
406.0,0.0545,3,1,14.722427315677383,0.10148699392694832,0.13532427927388518,0.0
406.0,0.0545,3,2,26.087621547516253,0.11875424006339898,0.06388231515325156,-1.3877787807814457e-17
406.0,0.0545,3,3,180.19300932150375,0.14524906719962283,0.005793847892881773,-8.326672684688674e-17
406.0,0.055,3,1,16.728625624242856,0.10599723386563503,0.11410628535014493,2.7755575615628914e-17
406.0,0.055,3,2,22.22076497022898,0.1146172223208639,0.07858470087958956,1.3877787807814457e-17
406.0,0.055,3,3,183.3200783285014,0.1453791041866895,0.005662625188417249,-2.498001805406602e-16
407.0,0.0485,3,1,9.104099973115089,0.08010757761535735,0.2605019607273917,1.3877787807814457e-17
407.0,0.0485,3,2,80.66545503562321,0.13784808572277152,0.0157395106107526,2.7755575615628914e-17
407.0,0.0485,3,3,114.99821264765632,0.1415032733947069,0.010219044245338439,2.7755575615628914e-17
407.0,0.049,3,1,9.330487987222192,0.08139172295811384,0.2518363177922577,-2.7755575615628914e-17
407.0,0.049,3,2,70.13843026167858,0.13617810547356693,0.018656939545039674,-5.551115123125783e-17
407.0,0.049,3,3,126.85531868648289,0.14239156215194076,0.009056827062504344,-1.3877787807814457e-16
407.0,0.0495,3,1,9.574532764667786,0.08271757477502859,0.24304303073768593,2.7755575615628914e-17
407.0,0.0495,3,2,63.027718468656275,0.134798871815673,0.0212533534064509,-2.7755575615628914e-17
407.0,0.0495,3,3,135.25072501626673,0.14294747771270452,0.008365162024645162,2.7755575615628914e-17
407.0,0.05,3,1,9.839110556809205,0.08409090993416295,0.23409957623535826,-2.7755575615628914e-17
407.0,0.05,3,2,57.392020657965546,0.13351019528004202,0.023832096314647413,-8.326672684688674e-17
407.0,0.05,3,3,142.1236119512391,0.1433654299522747,0.007863239916990627,-1.942890293094024e-16
407.0,0.0505,3,1,10.12787439106406,0.0855189544725335,0.22497764224263128,-1.3877787807814457e-17
407.0,0.0505,3,2,52.629358618517564,0.13224645238181684,0.026504305143021534,0.0
407.0,0.0505,3,3,148.0730344224244,0.14370381369295027,0.007468246987475034,-2.7755575615628914e-17
407.0,0.051,3,1,10.445569777747068,0.08701094806092384,0.21564085042144127,4.163336342344337e-17
407.0,0.051,3,2,48.45424687215476,0.13097165233429653,0.029343722735142543,5.551115123125783e-17
407.0,0.051,3,3,153.38043560591512,0.14398937752079863,0.007142829337241938,1.6653345369377348e-16
407.0,0.0515,3,1,10.798533328124932,0.08857902671077789,0.20604118732278856,0.0
407.0,0.0515,3,2,44.701391359474286,0.12965884893284618,0.03241876527747859,-8.326672684688674e-17
407.0,0.0515,3,3,158.205450828837,0.144236929190616,0.0068665943877128256,-2.7755575615628914e-16
407.0,0.052,3,1,11.195521402508927,0.09023967485538821,0.1961131218264736,4.163336342344337e-17
407.0,0.052,3,2,41.26146895549008,0.12828238609454576,0.035807439270972456,2.7755575615628914e-17
407.0,0.052,3,3,162.6493005492754,0.144455638001081,0.006627076492078004,2.7755575615628914e-17
407.0,0.0525,3,1,11.64917885407679,0.092016272167261,0.1857632670635013,1.3877787807814457e-17
407.0,0.0525,3,2,38.05331823613867,0.126812762152743,0.039611360654509827,-2.7755575615628914e-17
407.0,0.0525,3,3,166.7811319276701,0.14465162367903817,0.006416055910869367,-1.3877787807814457e-16
407.0,0.053,3,1,12.178871532268312,0.09394395187054612,0.1748506200620213,-1.3877787807814457e-17
407.0,0.053,3,2,35.00834369914406,0.1252105309049555,0.04397726564707573,2.7755575615628914e-17
407.0,0.053,3,3,170.65078312624172,0.14482919701556599,0.00622780834403245,-2.7755575615628914e-17
407.0,0.0535,3,1,12.816821531362017,0.0960800047158587,0.16314416028184375,0.0
407.0,0.0535,3,2,32.05750471411619,0.12341523646017512,0.04914033825676348,1.3877787807814457e-17
407.0,0.0535,3,3,174.29566007957482,0.14499152104043758,0.006058178906384715,-3.3306690738754696e-16
407.0,0.054,3,1,13.623895082914393,0.0985303304154158,0.15021482634304473,-2.7755575615628914e-17
407.0,0.054,3,2,29.111522634232298,0.12131858074207708,0.05553276349031865,0.0
407.0,0.054,3,3,177.74474240871194,0.14514099208053624,0.005904052207349915,1.3877787807814457e-16
407.0,0.0545,3,1,14.744025228698323,0.10153942077164448,0.13506725510978848,1.3877787807814457e-17
407.0,0.0545,3,2,26.00398056884062,0.11867420707745148,0.06415231047280659,1.3877787807814457e-17
407.0,0.0545,3,3,181.02106184589368,0.1452794730397418,0.0057630301643145825,-1.1102230246251565e-16
407.0,0.055,3,1,16.787703499460193,0.10611391782772722,0.11358135178546205,2.7755575615628914e-17
407.0,0.055,3,2,22.106223795856497,0.11447399219983684,0.07912096794061665,2.7755575615628914e-17
407.0,0.055,3,3,184.14331096869032,0.14540844324183264,0.005633226430376969,-1.3877787807814457e-16
408.0,0.0485,3,1,9.106286949856143,0.08011847740332902,0.2604277901998115,1.3877787807814457e-17
408.0,0.0485,3,2,79.6818402246504,0.1377050560315183,0.01597967457239874,-2.7755575615628914e-17
408.0,0.0485,3,3,116.72221858061924,0.14163827610694438,0.010037889902913332,-5.551115123125783e-17
408.0,0.049,3,1,9.332898129044539,0.08140333786707867,0.251758607199773,0.0
408.0,0.049,3,2,69.63847536221425,0.13608656876882871,0.018824019088204188,0.0
408.0,0.049,3,3,128.09762328676405,0.14247435039072756,0.008952081834501595,-5.551115123125783e-17
408.0,0.0495,3,1,9.57720544805755,0.08273000144607341,0.24296135395298143,1.3877787807814457e-17
408.0,0.0495,3,2,62.6870033444804,0.13472434109511114,0.021398473399472862,2.7755575615628914e-17
408.0,0.0495,3,3,136.33566810366875,0.1430124417975624,0.008286126967825134,5.551115123125783e-17
408.0,0.05,3,1,9.842096005737158,0.08410426839893748,0.23401340632731324,0.0
408.0,0.05,3,2,57.13490151875188,0.13344442737044665,0.02396766213026246,0.0
408.0,0.05,3,3,143.12674730359524,0.1434206929846991,0.007798036390372354,-1.6653345369377348e-16
408.0,0.0505,3,1,10.131238024345626,0.08553339683958988,0.22488631450185384,-4.163336342344337e-17
408.0,0.0505,3,2,52.424545648492476,0.13218589465683384,0.026635919919885127,-8.326672684688674e-17
408.0,0.0505,3,3,149.02554775656998,0.14375277615228854,0.007411936365215366,-1.6653345369377348e-16
408.0,0.051,3,1,10.44939898587045,0.08702667181872394,0.21554350588539964,1.3877787807814457e-17
408.0,0.051,3,2,48.285371003269134,0.1309143095461501,0.029474839878338727,-2.7755575615628914e-17
408.0,0.051,3,3,154.29857098668094,0.1440338371294671,0.007092816982930762,1.3877787807814457e-16
408.0,0.0515,3,1,10.802948529183913,0.0885962960391522,0.20593668254965253,0.0
408.0,0.0515,3,2,44.55865005594315,0.12960337252793339,0.03255208398398197,-2.7755575615628914e-17
408.0,0.0515,3,3,159.0988537894572,0.14427797028699577,0.006821324355007618,5.551115123125783e-17
408.0,0.052,3,1,11.20069512830846,0.0902588567319051,0.1959998764591741,-1.3877787807814457e-17
408.0,0.052,3,2,41.13841986046438,0.12822769651983432,0.03594555657832985,5.551115123125783e-17
408.0,0.052,3,3,163.52420532127712,0.14449397312670179,0.006585531911906799,8.326672684688674e-17
408.0,0.0525,3,1,11.65537116870173,0.09203790208190897,0.18563898718897923,4.163336342344337e-17
408.0,0.0525,3,2,37.94539012094972,0.12675782650610434,0.03975727643333623,0.0
408.0,0.0525,3,3,167.64181503741585,0.1446877502135159,0.00637753063962516,8.326672684688674e-17
408.0,0.053,3,1,12.186502385789021,0.09396886538381098,0.17471174603130937,1.3877787807814457e-17
408.0,0.053,3,2,34.91201703575696,0.12515415043246622,0.044135052418255404,5.551115123125783e-17
408.0,0.053,3,3,171.50031043472012,0.14486347812117847,0.006191789326237509,5.551115123125783e-17
408.0,0.0535,3,1,12.826639898824297,0.09610963854801592,0.1629846068694692,2.7755575615628914e-17
408.0,0.0535,3,2,31.969723847067257,0.12335569984697425,0.04931646713167332,0.0
408.0,0.0535,3,3,175.13630543893697,0.1450242312819315,0.006024280075010352,-2.7755575615628914e-16
408.0,0.054,3,1,13.637464820440096,0.09856756801387635,0.15002245618962928,-1.3877787807814457e-17
408.0,0.054,3,2,29.028959278658764,0.12125279107793484,0.055739670409519,4.163336342344337e-17
408.0,0.054,3,3,178.57823827703376,0.1451723448921702,0.005871974802473958,2.7755575615628914e-16
408.0,0.0545,3,1,14.765742347530294,0.10159201632346017,0.1348096493522869,0.0
408.0,0.0545,3,2,25.92085847990471,0.11859424042182898,0.06442265067416032,0.0
408.0,0.0545,3,3,181.84875731395547,0.14530963814768091,0.0057325376347136135,-4.718447854656915e-16
408.0,0.055,3,1,16.848835120609042,0.10623396744211633,0.11304254004773161,5.551115123125783e-17
408.0,0.055,3,2,21.99017585770447,0.11432761487151431,0.0796709025294487,8.326672684688674e-17
408.0,0.055,3,3,184.9662756879087,0.14543755819195517,0.005604127872748354,2.498001805406602e-16
409.0,0.0485,3,1,9.108465417270075,0.08012933150447933,0.2603539410546221,2.7755575615628914e-17
409.0,0.0485,3,2,78.78322373657338,0.13757175206306407,0.016205145054172268,2.7755575615628914e-17
409.0,0.0485,3,3,118.36154110626047,0.14176359268988745,0.009871182842549082,2.7755575615628914e-17
409.0,0.049,3,1,9.335299120769573,0.08141490485589883,0.25168122913886826,0.0
409.0,0.049,3,2,69.15886813591923,0.13599770385840665,0.018986934380854907,2.7755575615628914e-17
409.0,0.049,3,3,129.31989335833134,0.14255450869638384,0.008851244559031904,5.551115123125783e-17
409.0,0.0495,3,1,9.579868280517582,0.08274237781311405,0.2428800214445993,1.3877787807814457e-17
409.0,0.0495,3,2,62.355923704434765,0.13465125552334523,0.02154125901375475,-2.7755575615628914e-17
409.0,0.0495,3,3,137.41128718257474,0.14307600501305257,0.008209159297022954,-5.551115123125783e-17
409.0,0.05,3,1,9.845070843865273,0.0841175740304388,0.23392759299288757,-1.3877787807814457e-17
409.0,0.05,3,2,56.88352408360087,0.13337963919153575,0.02410158438344456,-2.7755575615628914e-17
409.0,0.05,3,3,144.1244508588518,0.1434750231295409,0.0077341981871374005,-8.326672684688674e-17
409.0,0.0505,3,1,10.134590237554445,0.08554778372311873,0.22479535605058096,-1.3877787807814457e-17
409.0,0.0505,3,2,52.22357935497048,0.13212608110941912,0.026766237310781676,-5.551115123125783e-17
409.0,0.0505,3,3,149.97452284193528,0.1438010439618376,0.007356633225911723,-1.942890293094024e-16
409.0,0.051,3,1,10.453215943589242,0.0870423373861894,0.21544654345583655,0.0
409.0,0.051,3,2,48.119262787037904,0.13085757191356556,0.029604860976646694,0.0
409.0,0.051,3,3,155.2142457233171,0.14407774385159736,0.0070435990063899175,-8.326672684688674e-17
409.0,0.0515,3,1,10.807350697949872,0.08861350456298644,0.2058325721026568,2.7755575615628914e-17
409.0,0.0515,3,2,44.41799817417198,0.12954841087817928,0.03268443542265913,0.0
409.0,0.0515,3,3,159.9904729071767,0.144318551545895,0.006776708757147964,-3.0531133177191805e-16
409.0,0.052,3,1,11.205855252145751,0.09027797561910877,0.19588703551147088,-1.3877787807814457e-17
409.0,0.052,3,2,41.01700367096314,0.128173458581059,0.03608279586709949,0.0
409.0,0.052,3,3,164.39778116173233,0.14453191375329505,0.0065445434786035915,-2.7755575615628914e-17
409.0,0.0525,3,1,11.661549918965957,0.09205946803518066,0.18551511622259065,-1.3877787807814457e-17
409.0,0.0525,3,2,37.83877143816415,0.126703295303254,0.03990238326496795,2.7755575615628914e-17
409.0,0.0525,3,3,168.50149051264663,0.14472353044763933,0.0063394890109441234,8.326672684688674e-17
409.0,0.053,3,1,12.19412134470619,0.09399371714012637,0.17457327121583405,0.0
409.0,0.053,3,2,34.81676037900341,0.1250981353170452,0.04429209651431265,0.0
409.0,0.053,3,3,172.34906576136407,0.14489744984319483,0.006156198428350786,2.7755575615628914e-17
409.0,0.0535,3,1,12.836452708365876,0.09613922162704129,0.16282540457888314,-1.3877787807814457e-17
409.0,0.0535,3,2,31.882826541374346,0.12329648849667935,0.049491946270964364,-2.7755575615628914e-17
409.0,0.0535,3,3,175.9763568560063,0.14505666126463815,0.005990765574894725,0.0
409.0,0.054,3,1,13.651051325976614,0.09860479493157516,0.1498302644169875,1.3877787807814457e-17
409.0,0.054,3,2,28.947117360327166,0.12118726310571327,0.055946136757377446,1.3877787807814457e-17
409.0,0.054,3,3,179.41127796562284,0.14520344097809304,0.00584024636387441,-5.551115123125783e-17
409.0,0.0545,3,1,14.787581459430502,0.10164478573333573,0.1345514391751843,0.0
409.0,0.0545,3,2,25.838241892719243,0.11851433156082251,0.06469336329016132,0.0
409.0,0.0545,3,3,182.67610530971123,0.145339565922847,0.005702364944917324,-2.220446049250313e-16
409.0,0.055,3,1,16.912229336487883,0.10635772487756694,0.11248842773062331,0.0
409.0,0.055,3,2,21.872403654853763,0.11417774516233019,0.08023593113785188,2.7755575615628914e-17
409.0,0.055,3,3,185.7889801284193,0.14546645205622766,0.005575324769772971,4.718447854656915e-16
410.0,0.0485,3,1,9.110635426080863,0.08014014021095363,0.2602804111723087,1.3877787807814457e-17
410.0,0.0485,3,2,77.95420511204318,0.13744647182939512,0.016418483981452438,0.0
410.0,0.0485,3,3,119.93157953177557,0.14188092485730283,0.009716362704585344,2.7755575615628914e-17
410.0,0.049,3,1,9.337691015944802,0.08142642422763177,0.2516041814348777,5.551115123125783e-17
410.0,0.049,3,2,68.69793662594255,0.1359113085526126,0.019145995130783536,0.0
410.0,0.049,3,3,130.52379971133885,0.14263223897316507,0.008754007141516649,0.0
410.0,0.0495,3,1,9.58252131849766,0.08275470419033297,0.24279903098235386,2.7755575615628914e-17
410.0,0.0495,3,2,62.03395249867793,0.13457954515205559,0.02168181941338646,-2.7755575615628914e-17
410.0,0.0495,3,3,138.47810816136789,0.14313823701066383,0.008134151509218542,-2.7755575615628914e-17
410.0,0.05,3,1,9.848035130560461,0.0841308271540343,0.23384213394677145,-2.7755575615628914e-17
410.0,0.05,3,2,56.63764849184303,0.13331579572320545,0.024233918836363586,-5.551115123125783e-17
410.0,0.05,3,3,145.11696134130534,0.14352845509861573,0.0076716712536385595,-2.220446049250313e-16
410.0,0.0505,3,1,10.137931092889376,0.08556211545950303,0.22470476454987365,-2.7755575615628914e-17
410.0,0.0505,3,2,52.02632799342675,0.13206699054004792,0.02689529180153499,-8.326672684688674e-17
410.0,0.0505,3,3,150.92009029171174,0.1438486380015461,0.007302304838215657,-1.1102230246251565e-16
410.0,0.051,3,1,10.45702071570901,0.0870579451102425,0.215349960743102,4.163336342344337e-17
410.0,0.051,3,2,47.95584109204103,0.13080142502863687,0.029733809999718672,5.551115123125783e-17
410.0,0.051,3,3,156.12753982104567,0.14412111176470868,0.00699515323546855,3.3306690738754696e-16
410.0,0.0515,3,1,10.81173990145834,0.08863065263894633,0.2057288535457848,0.0
410.0,0.0515,3,2,44.27938175920888,0.12949395339979494,0.032815837612605654,-2.7755575615628914e-17
410.0,0.0515,3,3,160.88036101613446,0.1443586832107013,0.00673273141121412,1.6653345369377348e-16
410.0,0.052,3,1,11.211001842921629,0.09029703188264256,0.1957745965050997,0.0
410.0,0.052,3,2,40.89718247103963,0.1281196640589138,0.036219171461646604,-2.7755575615628914e-17
410.0,0.052,3,3,165.27006487139928,0.14456946775051738,0.006504098738528154,-2.7755575615628914e-17
410.0,0.0525,3,1,11.667715176228565,0.09208097040284262,0.18539165163924165,1.3877787807814457e-17
410.0,0.0525,3,2,37.73343441496706,0.1266491618884008,0.04004669302725395,-2.7755575615628914e-17
410.0,0.0525,3,3,169.36018501590144,0.14475897067715734,0.006301921056825606,0.0
410.0,0.053,3,1,12.201728488869767,0.09401850753699421,0.17443519299274507,1.3877787807814457e-17
410.0,0.053,3,2,34.722552712779695,0.1250424799804952,0.044448408158303386,8.326672684688674e-17
410.0,0.053,3,3,173.19706901076424,0.14493111737776504,0.006121027427210653,8.326672684688674e-17
410.0,0.0535,3,1,12.84626008272811,0.09616875443648686,0.16266655040935732,2.7755575615628914e-17
410.0,0.0535,3,2,31.796796441196506,0.12323759754527869,0.049666784992112654,2.7755575615628914e-17
410.0,0.0535,3,3,176.8158295393589,0.14508881538420332,0.005957628458615031,2.7755575615628914e-16
410.0,0.054,3,1,13.664654980224379,0.09864201212615216,0.14963824597982456,1.3877787807814457e-17
410.0,0.054,3,2,28.865983647166534,0.1211219920894898,0.05615217292432911,1.3877787807814457e-17
410.0,0.054,3,3,180.2438733083564,0.1452342841315056,0.005808860908011362,1.6653345369377348e-16
410.0,0.0545,3,1,14.809545438592414,0.10169773430021711,0.13429260113365804,0.0
410.0,0.0545,3,2,25.756117581882886,0.11843447188289476,0.06496447635485675,-1.3877787807814457e-17
410.0,0.0545,3,3,183.50311517379285,0.14536925969248218,0.005672506859571205,-5.551115123125783e-17
410.0,0.055,3,1,16.978131517762176,0.10648559172414218,0.11191734588387814,-2.7755575615628914e-17
410.0,0.055,3,2,21.752653357465952,0.11402397853810055,0.08081772670356248,1.3877787807814457e-17
410.0,0.055,3,3,186.61143174563264,0.14549512779315452,0.005546812480106361,2.220446049250313e-16
411.0,0.0485,3,1,9.112797026601733,0.08015090381237207,0.26020719845220663,1.3877787807814457e-17
411.0,0.0485,3,2,77.18348349807643,0.13732796281664905,0.01662157629327494,1.1102230246251565e-16
411.0,0.0485,3,3,121.4436335650206,0.14199152485130853,0.009571546102261,1.1102230246251565e-16
411.0,0.049,3,1,9.3400738676899,0.08143789628273512,0.2515274619323687,-2.7755575615628914e-17
411.0,0.049,3,2,68.25421876195588,0.13582720548707533,0.019301472989141987,-2.7755575615628914e-17
411.0,0.049,3,3,131.71080327641224,0.14270771830258963,0.008660099530265293,-1.3877787807814457e-16
411.0,0.0495,3,1,9.585164618003175,0.08276698088923974,0.24271838035566382,1.3877787807814457e-17
411.0,0.0495,3,2,61.72060670693701,0.13450914566028302,0.021820254984370357,-2.7755575615628914e-17
411.0,0.0495,3,3,139.53661292582484,0.14319920181718046,0.008061004865428729,-5.551115123125783e-17
411.0,0.05,3,1,9.850988924729458,0.08414402809234683,0.2337570269236188,0.0
411.0,0.05,3,2,56.397050080320184,0.13325286404797201,0.024364717914097434,-2.7755575615628914e-17
411.0,0.05,3,3,146.10450228467428,0.14358102150384927,0.007610404858985172,-1.1102230246251565e-16
411.0,0.0505,3,1,10.14126065207477,0.08557639238231309,0.22461453768109438,1.3877787807814457e-17
411.0,0.0505,3,2,51.83266660588127,0.13200860276744972,0.02702311623368294,2.7755575615628914e-17
411.0,0.0505,3,3,151.86237393944486,0.14389557813590992,0.0072489201004633875,0.0
411.0,0.051,3,1,10.460813366548008,0.08707349533492771,0.21525375537816757,1.3877787807814457e-17
411.0,0.051,3,2,47.79502833454043,0.13074585506174533,0.02986170996701441,0.0
411.0,0.051,3,3,157.03852974427045,0.14416395437090196,0.006947458433362937,-1.1102230246251565e-16
411.0,0.0515,3,1,10.816116206246823,0.08864774062075974,0.20562552446393584,1.3877787807814457e-17
411.0,0.0515,3,2,44.1427489184949,0.12943998987483216,0.03294630796120083,-2.7755575615628914e-17
411.0,0.0515,3,3,161.76856889490597,0.14439837516189363,0.0066893767309371775,-2.7755575615628914e-17
411.0,0.052,3,1,11.216134969029545,0.09031602588515454,0.19566255698298932,0.0
411.0,0.052,3,2,40.778919638812226,0.12806630498428279,0.03635469726058542,0.0
411.0,0.052,3,3,166.14109196376964,0.14460664274082752,0.006464185648525008,-5.551115123125783e-17
411.0,0.0525,3,1,11.673867011335137,0.09210240955761528,0.18526859093527517,-1.3877787807814457e-17
411.0,0.0525,3,2,37.629352138506185,0.1265954197872141,0.04019021728377715,-2.7755575615628914e-17
411.0,0.0525,3,3,170.2179243565192,0.14479407701940386,0.0062648171081018805,-1.3877787807814457e-16
411.0,0.053,3,1,12.209323897643925,0.0940432369688849,0.17429750876057853,0.0
411.0,0.053,3,2,34.629373618546175,0.12498717898234878,0.044603997330704415,-4.163336342344337e-17
411.0,0.053,3,3,174.04433949664096,0.1449644857863436,0.006086268326924403,5.551115123125783e-17
411.0,0.0535,3,1,12.856062144534205,0.096198237457521,0.16250804137873154,-2.7755575615628914e-17
411.0,0.0535,3,2,31.711617620650777,0.12317902223654971,0.04984099242124186,-6.938893903907228e-17
411.0,0.0535,3,3,177.65473827389755,0.14512069793087254,0.005924861957686003,2.498001805406602e-16
411.0,0.054,3,1,13.67827616798084,0.09867922056041951,0.14944639581888536,1.3877787807814457e-17
411.0,0.054,3,2,28.785545221563833,0.12105697337309301,0.05635778917610601,0.0
411.0,0.054,3,3,181.07603582667954,0.145264878060693,0.005777812596236054,1.3877787807814457e-16
411.0,0.0545,3,1,14.831637250085581,0.10175086747784899,0.13403311113540214,-1.3877787807814457e-17
411.0,0.0545,3,2,25.674472472945254,0.11835465269179984,0.06523601843601745,0.0
411.0,0.0545,3,3,184.32979601109133,0.14539872271374882,0.005642958263382134,4.440892098500626e-16
411.0,0.055,3,1,17.046833098484598,0.10661804446974937,0.11132731483598943,0.0
411.0,0.055,3,2,21.630625259642642,0.11386583562582449,0.08141827279052087,-1.3877787807814457e-17
411.0,0.055,3,3,187.43363781367873,0.1455235883022263,0.005518586463824866,-1.6653345369377348e-16
412.0,0.048,3,1,8.902958313430293,0.07891132076480115,0.26870639183638906,2.7755575615628914e-17
412.0,0.048,3,2,95.832286117872,0.13970682207264734,0.012783836829034983,-2.7755575615628914e-17
412.0,0.048,3,3,102.15238588039456,0.14035275730658467,0.011828606160398755,-2.7755575615628914e-17
412.0,0.0485,3,1,9.114950268739417,0.08016162259585731,0.26013430081228817,4.163336342344337e-17
412.0,0.0485,3,2,76.46247838615906,0.13721527126223101,0.016815857030208936,2.7755575615628914e-17
412.0,0.0485,3,3,122.90628257634548,0.14209634616522912,0.009435299533982755,-2.7755575615628914e-17
412.0,0.049,3,1,9.342447728701277,0.08144932131909587,0.25145106849492144,-1.3877787807814457e-17
412.0,0.049,3,2,67.8264274646479,0.13574523803193894,0.019453607827466905,0.0
412.0,0.049,3,3,132.88219000009514,0.14278110303421088,0.008569283439599057,-1.1102230246251565e-16
412.0,0.0495,3,1,9.587798234599628,0.08277920821869998,0.2426380673733336,1.3877787807814457e-17
412.0,0.0495,3,2,61.41544241252832,0.1344399977343457,0.02195665830342228,-5.551115123125783e-17
412.0,0.0495,3,3,140.58724426503713,0.1432589584547352,0.007989628422057506,8.326672684688674e-17
412.0,0.05,3,1,9.853932284823387,0.0841571771652842,0.23367226967782642,2.7755575615628914e-17
412.0,0.05,3,2,56.161518090161444,0.1331908131759696,0.024494030982963273,8.326672684688674e-17
412.0,0.05,3,3,147.0872833252616,0.14363275303224912,0.00755035131686471,1.3877787807814457e-16
412.0,0.0505,3,1,10.144578976364885,0.0855906148223358,0.22452467314568925,0.0
412.0,0.0505,3,2,51.642476551527906,0.1319508985602423,0.027149741915135275,-2.7755575615628914e-17
412.0,0.0505,3,3,152.8014913083495,0.14394188328230748,0.007196449430171728,-1.1102230246251565e-16
412.0,0.051,3,1,10.46459395994197,0.08708898840144276,0.2151579250124004,1.3877787807814457e-17
412.0,0.051,3,2,47.63675027056221,0.13069084872891912,0.02998858300155588,2.7755575615628914e-17
412.0,0.051,3,3,157.94728862444563,0.14420628462946852,0.006900494245019124,1.3877787807814457e-16
412.0,0.0515,3,1,10.820479678359423,0.08866476885924697,0.20552258246270003,-4.163336342344337e-17
412.0,0.0515,3,2,44.008049716466154,0.12938651043332489,0.03307586329402385,0.0
412.0,0.0515,3,3,162.6551453718524,0.1444376369348692,0.006646629696941651,1.3877787807814457e-16
412.0,0.052,3,1,11.221254698360498,0.09033495798632914,0.1955509145090296,-1.3877787807814457e-17
412.0,0.052,3,2,40.66217978758146,0.12801337362745616,0.03648938675514973,-5.551115123125783e-17
412.0,0.052,3,3,167.01089672389648,0.14464344611023763,0.006424792557712783,-3.0531133177191805e-16
412.0,0.0525,3,1,11.680005494622872,0.09212378586920567,0.1851459316282338,0.0
412.0,0.0525,3,2,37.52649852049432,0.1265420626998067,0.04033296729600697,-2.7755575615628914e-17
412.0,0.0525,3,3,171.07473352598018,0.14482885542028154,0.006228167782446335,-4.718447854656915e-16
412.0,0.053,3,1,12.216907649912521,0.09406790582727126,0.17416021593901448,0.0
412.0,0.053,3,2,34.53720325279347,0.12493222701502465,0.04475887377794266,0.0
412.0,0.053,3,3,174.89089596431958,0.14499756000049738,0.006051913350508292,8.326672684688674e-17
412.0,0.0535,3,1,12.865859016299535,0.09622767116897173,0.16234987452312852,1.3877787807814457e-17
412.0,0.0535,3,2,31.62727456879357,0.12312075791854715,0.05001457749942946,2.7755575615628914e-17
412.0,0.0535,3,3,178.49309743580687,0.14515231309295842,0.005892459476460794,5.551115123125783e-17
412.0,0.054,3,1,13.691915278242305,0.09871642120256884,0.14925470885996417,2.7755575615628914e-17
412.0,0.054,3,2,28.70578946988459,0.12099220237729673,0.05656299565926809,1.3877787807814457e-17
412.0,0.054,3,3,181.90777673993404,0.1452952263916223,0.005747095730173408,-5.551115123125783e-17
412.0,0.0545,3,1,14.853859954023616,0.10180419088195712,0.13377294441012635,1.3877787807814457e-17
412.0,0.0545,3,2,25.593293630838392,0.11827486519739126,0.06550801866916707,-1.3877787807814457e-17
412.0,0.0545,3,3,185.15615669810276,0.14542795817573814,0.005613714157514158,1.3877787807814457e-16
412.0,0.055,3,1,17.118684571476564,0.10675565556846771,0.11071595683753513,-4.163336342344337e-17
412.0,0.055,3,2,21.50596077862605,0.11370274114376024,0.08203995094834889,-4.163336342344337e-17
412.0,0.055,3,3,188.2556054307715,0.14555183642551442,0.00549064227953921,-3.3306690738754696e-16
413.0,0.048,3,1,8.904914396821905,0.07892136935958409,0.2686369445940738,4.163336342344337e-17
413.0,0.048,3,2,91.75262885317606,0.139250456448867,0.013481083482248427,-8.326672684688674e-17
413.0,0.048,3,3,106.97197455555988,0.14080192301026695,0.011186226279256693,-5.551115123125783e-17
413.0,0.0485,3,1,9.117095201998263,0.08017229684606143,0.26006171618895635,0.0
413.0,0.0485,3,2,75.78449477442165,0.13710765081752946,0.01700244893274668,-5.551115123125783e-17
413.0,0.0485,3,3,124.32622043636182,0.14219613488085134,0.009306501785079633,-1.1102230246251565e-16
413.0,0.049,3,1,9.344812651256143,0.08146069963205717,0.25137499900492316,1.3877787807814457e-17
413.0,0.049,3,2,67.41342285763395,0.13566526703028178,0.019602612741650986,2.7755575615628914e-17
413.0,0.049,3,3,134.03909863287723,0.1428525320471695,0.008481347346026227,0.0
413.0,0.0495,3,1,9.590422223417049,0.08279138648496373,0.24255808986333827,0.0
413.0,0.0495,3,2,61.118050560471666,0.13437204653318366,0.022091114973169162,0.0
413.0,0.0495,3,3,141.63041011323628,0.14331756147543576,0.00791993819584661,1.1102230246251565e-16
413.0,0.05,3,1,9.856865268842284,0.08417027469006816,0.23358785998331633,0.0
413.0,0.05,3,2,55.93085451092563,0.13312961388832445,0.024621904599576302,-2.7755575615628914e-17
413.0,0.05,3,3,148.06550135775538,0.14368367860250056,0.007491465736634659,1.6653345369377348e-16
413.0,0.0505,3,1,10.147886126548755,0.08560478310760501,0.2244351686649616,-1.3877787807814457e-17
413.0,0.0505,3,2,51.45564507798369,0.13189385957439173,0.02727519872138081,-5.551115123125783e-17
413.0,0.0505,3,3,153.73755404000076,0.1439875714735083,0.007144864662985406,-2.220446049250313e-16
413.0,0.051,3,1,10.468362559248746,0.0871044246481682,0.21506246731734024,0.0
413.0,0.051,3,2,47.48093580324396,0.13063639326154344,0.030114450379798447,0.0
413.0,0.051,3,3,158.85388645266238,0.14424811498714876,0.006854241147415886,2.498001805406602e-16
413.0,0.0515,3,1,10.824830383351912,0.08868173770235266,0.2054200251681255,0.0
413.0,0.0515,3,2,43.875236075903985,0.1293335055365472,0.03320451988289214,-2.7755575615628914e-17
413.0,0.0515,3,3,163.54013742370626,0.144476477736653,0.006604475828863447,1.6653345369377348e-16
413.0,0.052,3,1,11.226361098307926,0.0903538285429185,0.19543966666784146,0.0
413.0,0.052,3,2,40.54692871030025,0.12796086248794317,0.03662325304654313,-5.551115123125783e-17
413.0,0.052,3,3,167.8795122638652,0.14467988501846754,0.006385908190293479,-3.3306690738754696e-16
413.0,0.0525,3,1,11.686130695925423,0.09214509970433875,0.18502367125662975,0.0
413.0,0.0525,3,2,37.42484826363244,0.12648908449406654,0.040474954034845946,-5.551115123125783e-17
413.0,0.0525,3,3,171.93063673142575,0.14486331166089683,0.006191963972988077,-1.942890293094024e-16
413.0,0.053,3,1,12.224479824084112,0.09409251450066043,0.17402331196864446,-1.3877787807814457e-17
413.0,0.053,3,2,34.4460223255741,0.12487761889920623,0.04491304702052804,0.0
413.0,0.053,3,3,175.73675661214222,0.14503034482649435,0.006017954931914266,-1.942890293094024e-16
413.0,0.0535,3,1,12.875650820440848,0.09625705604736651,0.16219204689668731,0.0
413.0,0.0535,3,2,31.543752175259513,0.1230628000402399,0.05018754898874125,2.7755575615628914e-17
413.0,0.0535,3,3,179.3309210068569,0.14518366496016238,0.005860414586292453,4.996003610813204e-16
413.0,0.054,3,1,13.705572704308064,0.09875361502638207,0.14906318001290103,1.3877787807814457e-17
413.0,0.054,3,2,28.626704072413126,0.12092767459711179,0.05676780240656479,0.0
413.0,0.054,3,3,182.739106975264,0.14532533267043887,0.005716704747288557,2.220446049250313e-16
413.0,0.0545,3,1,14.876216709977637,0.10185771029785061,0.13351207547727922,1.3877787807814457e-17
413.0,0.0545,3,2,25.512568248342955,0.1181951005060828,0.06578050679325254,1.3877787807814457e-17
413.0,0.0545,3,3,185.98220589000255,0.14545696920140572,0.005584769656119016,-1.6653345369377348e-16
413.0,0.055,3,1,17.19411359782853,0.10689912278527662,0.11008037439938156,4.163336342344337e-17
413.0,0.055,3,2,21.37822434007488,0.11353399455515546,0.08268566237685057,5.551115123125783e-17
413.0,0.055,3,3,189.0773415243834,0.1455798749492118,0.005462975581610061,-8.326672684688674e-17
414.0,0.048,3,1,8.906862790623407,0.07893137573792042,0.26856779803452524,-2.7755575615628914e-17
414.0,0.048,3,2,89.43057690327751,0.13897512819651286,0.013910690375152523,-1.1102230246251565e-16
414.0,0.048,3,3,110.03426898386216,0.14107008752192313,0.010811256934144422,-1.3877787807814457e-16
414.0,0.0485,3,1,9.119231875484425,0.0801829268451932,0.25998944253683753,-1.3877787807814457e-17
414.0,0.0485,3,2,75.14419116655303,0.13700450427443658,0.017182250219485617,-5.551115123125783e-17
414.0,0.0485,3,3,125.70878751697067,0.14229148794187677,0.009184256149762328,-1.1102230246251565e-16
414.0,0.049,3,1,9.347168687216893,0.08147203151444653,0.25129925136335557,1.3877787807814457e-17
414.0,0.049,3,2,67.01418989528995,0.13558716816900288,0.019748678085022703,5.551115123125783e-17
414.0,0.049,3,3,135.1825431013049,0.14292212937927873,0.008396102455306545,5.551115123125783e-17
414.0,0.0495,3,1,9.593036639154361,0.08280351599169367,0.24247844567261176,0.0
414.0,0.0495,3,2,60.828053287228855,0.13430524122515416,0.022223704345614333,-8.326672684688674e-17
414.0,0.0495,3,3,142.66648721999928,0.1433750614245397,0.007851856440557217,-1.1102230246251565e-16
414.0,0.05,3,1,9.85978793433973,0.08418332098126374,0.23350379563331644,0.0
414.0,0.05,3,2,55.70487304472615,0.1330692385965955,0.024748382734319233,0.0
414.0,0.05,3,3,149.03934157104453,0.1437338255054957,0.007433705800003487,-5.551115123125783e-17
414.0,0.0505,3,1,10.151182162954651,0.08561889756343054,0.22434602197985593,1.3877787807814457e-17
414.0,0.0505,3,2,51.27206492896337,0.13183746829590356,0.027399515188209114,-5.551115123125783e-17
414.0,0.0505,3,3,154.67066828660194,0.14403265991495198,0.007094138960105446,-8.326672684688674e-17
414.0,0.051,3,1,10.472119227353105,0.08711980441069787,0.21496737998447554,1.3877787807814457e-17
414.0,0.051,3,2,47.32751680410117,0.130582476378216,0.030239332577960253,-2.7755575615628914e-17
414.0,0.051,3,3,159.75839025832855,0.14428945740624563,0.006808680403389017,-1.3877787807814457e-16
414.0,0.0515,3,1,10.829168386296267,0.08869864749517518,0.20531785022649932,2.7755575615628914e-17
414.0,0.0515,3,2,43.74426168551278,0.12928096596130312,0.033332293472166645,5.551115123125783e-17
414.0,0.0515,3,3,164.42359026793903,0.1445149064615769,0.006562901159200157,-1.3877787807814457e-16
414.0,0.052,3,1,11.23145423577251,0.09037263790877335,0.19532881106455055,1.3877787807814457e-17
414.0,0.052,3,2,40.43313332717113,0.12790876428484263,0.03675630886233422,-2.7755575615628914e-17
414.0,0.052,3,3,168.74697057514018,0.14471596640854248,0.00634752162931242,-3.3306690738754696e-16
414.0,0.0525,3,1,11.692242684577835,0.09216635142678908,0.18490180737971493,-2.7755575615628914e-17
414.0,0.0525,3,2,37.3243768297448,0.12643647919931786,0.04061618819160233,-5.551115123125783e-17
414.0,0.0525,3,3,172.78565742746466,0.1448974513638668,0.00615619683749592,-1.942890293094024e-16
414.0,0.053,3,1,12.232040498097208,0.09411706337462662,0.17388679431073722,1.3877787807814457e-17
414.0,0.053,3,2,34.35581208003264,0.12482334957942591,0.045066526360824914,-4.163336342344337e-17
414.0,0.053,3,3,176.58193911188246,0.14506284494968535,0.0059843857084216755,-4.440892098500626e-16
414.0,0.0535,3,1,12.88543767928642,0.09628639256697469,0.16203455557128602,2.7755575615628914e-17
414.0,0.0535,3,2,31.461035716515884,0.12300514414828413,0.05035991547802551,0.0
414.0,0.0535,3,3,180.16822258808156,0.14521475752675841,0.005828721019942854,5.551115123125783e-17
414.0,0.054,3,1,13.719248843887213,0.09879080301144683,0.14887180417055984,1.3877787807814457e-17
414.0,0.054,3,2,28.548276993688724,0.12086338559916872,0.056972219342144734,-1.3877787807814457e-17
414.0,0.054,3,3,183.57003717711757,0.14535520036586622,0.005686634216628614,5.551115123125783e-17
414.0,0.0545,3,1,14.898710781652063,0.10191143168847189,0.13325047811188112,0.0
414.0,0.0545,3,2,25.43228363456204,0.11811534961093234,0.06605351318807794,2.7755575615628914e-17
414.0,0.0545,3,3,186.80795202744096,0.14548575884943635,0.005556119982995645,-6.106226635438361e-16
414.0,0.055,3,1,17.273650924324926,0.10704931117156263,0.10941697628122357,0.0
414.0,0.055,3,2,21.24687745560252,0.11335872809125049,0.08335900194008987,1.3877787807814457e-17
414.0,0.055,3,3,189.89885285623075,0.1456077066051201,0.005435582117461441,8.326672684688674e-17
415.0,0.048,3,1,8.908803540923735,0.07894134016936434,0.26849895018276654,-1.3877787807814457e-17
415.0,0.048,3,2,87.66690833575682,0.13875782422048905,0.014254517233867267,-2.7755575615628914e-17
415.0,0.048,3,3,112.53848997453791,0.14128026368513133,0.010521839853786694,-5.551115123125783e-17
415.0,0.0485,3,1,9.121360337909927,0.08019351287304442,0.25991747782857777,-1.3877787807814457e-17
415.0,0.0485,3,2,74.53722611772409,0.136905344803591,0.017355992967825393,2.7755575615628914e-17
415.0,0.0485,3,3,127.0583241453779,0.14238289191565087,0.009067832050566965,0.0
415.0,0.049,3,1,9.349515888035288,0.08148331725660274,0.2512238234895894,1.3877787807814457e-17
415.0,0.049,3,2,66.62782017090605,0.13551082983834184,0.019891974751409126,8.326672684688674e-17
415.0,0.049,3,3,136.31343069976998,0.14299000636747627,0.008313379419531162,2.498001805406602e-16
415.0,0.0495,3,1,9.595641536083715,0.0828155970399929,0.24239913266683635,6.938893903907228e-17
415.0,0.0495,3,2,60.545100730805125,0.13423953458493063,0.022354500151628192,2.7755575615628914e-17
415.0,0.0495,3,3,143.69582434008905,0.14343150524352727,0.007785311017624762,-1.942890293094024e-16
415.0,0.05,3,1,9.862700338427087,0.08419631635080689,0.2334200744401528,1.3877787807814457e-17
415.0,0.05,3,2,55.483398175503126,0.13300966121631044,0.024873506972363735,0.0
415.0,0.05,3,3,150.00897837889394,0.1437832195307688,0.0073770315601544454,8.326672684688674e-17
415.0,0.0505,3,1,10.154467145454655,0.08563295851242707,0.2242572308507417,0.0
415.0,0.0505,3,2,51.091633984674516,0.13178170798821756,0.02752271859680527,-8.326672684688674e-17
415.0,0.0505,3,3,155.60093507053259,0.1440771650373235,0.007044246723343738,-1.942890293094024e-16
415.0,0.051,3,1,10.475864026671173,0.08713512802186779,0.2148726607250293,-2.7755575615628914e-17
415.0,0.051,3,2,47.17642794701123,0.13052908625856488,0.030363249315110488,0.0
415.0,0.051,3,3,160.66086427513093,0.14433032339077617,0.006763794018693715,-5.551115123125783e-17
415.0,0.0515,3,1,10.833493751785348,0.08871549857999679,0.20521605530412712,-2.7755575615628914e-17
415.0,0.0515,3,2,43.61508191325759,0.12922888278517172,0.033459199303449975,-2.7755575615628914e-17
415.0,0.0515,3,3,165.30554744936939,0.14455293170600342,0.006521892208764218,2.7755575615628914e-17
415.0,0.052,3,1,11.236534177166794,0.09039138643487309,0.19521834532456755,1.3877787807814457e-17
415.0,0.052,3,2,40.32076163615688,0.12785707194773357,0.03688856657196347,2.7755575615628914e-17
415.0,0.052,3,3,169.61330257799776,0.14475169701587112,0.00630962230130573,-8.326672684688674e-17
415.0,0.0525,3,1,11.698341529421336,0.0921875413974118,0.18478033757725623,4.163336342344337e-17
415.0,0.0525,3,2,37.22506040951799,0.12638424100029008,0.040756680188427735,2.7755575615628914e-17
415.0,0.0525,3,3,173.63981834638162,0.1449312799993178,0.006120857788097335,2.220446049250313e-16
415.0,0.053,3,1,12.239589749425374,0.09414155283184274,0.1737506604470086,1.3877787807814457e-17
415.0,0.053,3,2,34.266554272882196,0.12476941411984566,0.04521932089047462,1.3877787807814457e-17
415.0,0.053,3,3,177.42646062821228,0.14509506493868995,0.005951198513373963,-2.7755575615628914e-17
415.0,0.0535,3,1,12.895219715085634,0.09631568119984778,0.16187739763627493,1.3877787807814457e-17
415.0,0.0535,3,2,31.379110842706194,0.12294778588392868,0.05053168538846656,-2.7755575615628914e-17
415.0,0.0535,3,3,181.00501541288293,0.1452455946946456,0.005797372666226013,-1.3877787807814457e-16
415.0,0.054,3,1,13.732944099208108,0.09882798614337636,0.14868057620778852,1.3877787807814457e-17
415.0,0.054,3,2,28.470496473222415,0.12079933101918973,0.05717625628661204,5.551115123125783e-17
415.0,0.054,3,3,184.40057771637646,0.14538483287151388,0.005656878834731175,1.6653345369377348e-16
415.0,0.0545,3,1,14.921345541843074,0.10196536120292977,0.13298812530831344,1.3877787807814457e-17
415.0,0.0545,3,2,25.35242720336791,0.11803560338130897,0.0663270689136583,0.0
415.0,0.0545,3,3,187.6334033430932,0.14551433011604273,0.005527760468372558,2.220446049250313e-16
415.0,0.055,3,1,17.357968657756626,0.10720731502202586,0.10872122067147706,-1.3877787807814457e-17
415.0,0.055,3,2,21.111240443604846,0.11317584479293412,0.08406451498901042,-1.3877787807814457e-17
415.0,0.055,3,3,190.72014602708592,0.1456353340720876,0.0054084577249876985,-1.1102230246251565e-16
416.0,0.048,3,1,8.910736693437963,0.07895126292114982,0.2684303990812753,0.0
416.0,0.048,3,2,86.20884046620158,0.13857252896980296,0.014551014177469497,-2.7755575615628914e-17
416.0,0.048,3,3,114.73741909557967,0.1414584668016565,0.010279526361515351,0.0
416.0,0.0485,3,1,9.123480637596622,0.08020405520701591,0.2598458200546452,2.7755575615628914e-17
416.0,0.0485,3,2,73.96001515958054,0.13680976926596272,0.01752428330587039,8.326672684688674e-17
416.0,0.0485,3,3,128.3784136790478,0.14247074968155185,0.008956624846589857,1.942890293094024e-16
416.0,0.049,3,1,9.351854304756602,0.08149455714640277,0.25114871332117994,0.0
416.0,0.049,3,2,66.25349698933391,0.13543615137334172,0.020032656872004607,2.7755575615628914e-17
416.0,0.049,3,3,137.432577017803,0.1430562634063338,0.008233025640394657,3.3306690738754696e-16
416.0,0.0495,3,1,9.598236968054692,0.0828276299284321,0.2423201487302379,4.163336342344337e-17
416.0,0.0495,3,2,60.26886824667392,0.13417488264122787,0.0224835710509771,-2.7755575615628914e-17
416.0,0.0495,3,3,144.7187450174735,0.14348693662234793,0.007720234846271892,5.551115123125783e-17
416.0,0.05,3,1,9.865602537777946,0.08420926110803273,0.23333669423503814,-2.7755575615628914e-17
416.0,0.05,3,2,55.26626433070871,0.13295085705290163,0.024997316694948896,0.0
416.0,0.05,3,3,150.97457625819573,0.14383188508053088,0.007321405260613765,0.0
416.0,0.0505,3,1,10.157741133469079,0.08564696627454275,0.22416879305720203,-2.7755575615628914e-17
416.0,0.0505,3,2,50.91425493167088,0.13172656264384125,0.027644835051971232,-5.551115123125783e-17
416.0,0.0505,3,3,156.52845061444017,0.14412110254489002,0.006995163517049315,8.326672684688674e-17
416.0,0.051,3,1,10.47959701915512,0.08715039581178574,0.21477830726974076,-5.551115123125783e-17
416.0,0.051,3,2,47.027606553830104,0.1304762115188644,0.030486219593290752,-8.326672684688674e-17
416.0,0.051,3,3,161.56137009535735,0.1443707240108262,0.006719564702031864,-1.1102230246251565e-16
416.0,0.0515,3,1,10.837806543937761,0.08873229129631405,0.20511463808710992,0.0
416.0,0.0515,3,2,43.48765372502661,0.129177247372636,0.03358525213880117,2.7755575615628914e-17
416.0,0.0515,3,3,166.18605092143986,0.14459056178216598,0.006481435963620507,5.551115123125783e-17
416.0,0.052,3,1,11.241600988420025,0.0904100744693563,0.1951082670933639,-4.163336342344337e-17
416.0,0.052,3,2,40.209782666210764,0.12780577860805112,0.037020038201419456,-8.326672684688674e-17
416.0,0.052,3,3,170.47853816823996,0.14478708337683813,0.006272199961776604,-3.885780586188048e-16
416.0,0.0525,3,1,11.704427298807996,0.09220866997417261,0.18465925944931433,-1.3877787807814457e-17
416.0,0.0525,3,2,37.12687589374971,0.12633236423137764,0.04089644018824801,-2.7755575615628914e-17
416.0,0.0525,3,3,174.4931415268301,0.14496480289059394,0.0060859384815006,2.498001805406602e-16
416.0,0.053,3,1,12.247127655082267,0.09416598325211199,0.17361490787939515,0.0
416.0,0.053,3,2,34.178231155775066,0.12471580770022449,0.04537143949748796,-4.163336342344337e-17
416.0,0.053,3,3,178.27033783727472,0.14512700924939767,0.005918386369241411,8.326672684688674e-17
416.0,0.0535,3,1,12.904997050018952,0.09634492241586055,0.1617205701982071,-4.163336342344337e-17
416.0,0.0535,3,2,31.297963565050036,0.12289072098004512,0.050702866978915954,-1.3877787807814457e-17
416.0,0.0535,3,3,181.84131235956582,0.14527618027627603,0.005766363564874432,5.551115123125783e-17
416.0,0.054,3,1,13.746658877130688,0.09886516541403396,0.14848949098036004,-1.3877787807814457e-17
416.0,0.054,3,2,28.393351016572556,0.12073550655954234,0.05737992296194685,-4.163336342344337e-17
416.0,0.054,3,3,185.2307386991145,0.14541423350809748,0.005627433421691876,-2.498001805406602e-16
416.0,0.0545,3,1,14.94412447769972,0.1020195051855491,0.13272498924192622,1.3877787807814457e-17
416.0,0.0545,3,2,25.272986461791856,0.11795585255210801,0.06660120575164062,4.163336342344337e-17
416.0,0.0545,3,3,188.4585678679505,0.14554268593669945,0.005499686545808083,-2.220446049250313e-16
416.0,0.055,3,1,17.447938950702646,0.10737455282380082,0.1079872216488022,0.0
416.0,0.055,3,2,20.97043373879005,0.11298392356023146,0.0848080909023473,-1.3877787807814457e-17
416.0,0.055,3,3,191.54122748141643,0.14566275997739805,0.005381598330050255,-5.551115123125783e-16
417.0,0.048,3,1,8.912662293511305,0.07896114425821635,0.26836214278978565,4.163336342344337e-17
417.0,0.048,3,2,84.95058857101176,0.1384083242381954,0.014816314143791719,-2.7755575615628914e-17
417.0,0.048,3,3,116.73683996087216,0.14161561483079455,0.010068184949604875,0.0
417.0,0.0485,3,1,9.125592822480188,0.08021455412214341,0.25977446722313097,-1.3877787807814457e-17
417.0,0.0485,3,2,73.40955870647447,0.13671743929551863,0.01768762989803389,1.1102230246251565e-16
417.0,0.0485,3,3,129.6720545994118,0.14255539934829778,0.008850127348020707,2.220446049250313e-16
417.0,0.049,3,1,9.354183988023696,0.08150575146928812,0.251073918813668,2.7755575615628914e-17
417.0,0.049,3,2,65.89048301624831,0.1353630415970571,0.020170864049177714,0.0
417.0,0.049,3,3,138.54071829075696,0.14312099140482173,0.008154903035527008,8.326672684688674e-17
417.0,0.0495,3,1,9.600822988498603,0.08283961495307694,0.24224149176538004,-1.3877787807814457e-17
417.0,0.0495,3,2,59.99905396825872,0.13411124436772257,0.022610981114831338,-5.551115123125783e-17
417.0,0.0495,3,3,145.735550024784,0.14354139630847149,0.0076565654211429865,0.0
417.0,0.05,3,1,9.868494588632524,0.08422215555970348,0.23325365286786276,-1.3877787807814457e-17
417.0,0.05,3,2,55.05331512446823,0.13289280269858625,0.025119849243235237,2.7755575615628914e-17
417.0,0.05,3,3,151.93629050575845,0.14387984527276135,0.007266791171539318,2.7755575615628914e-17
417.0,0.0505,3,1,10.161004185970983,0.08566092116708768,0.22408070639782138,1.3877787807814457e-17
417.0,0.0505,3,2,50.739834959278966,0.13167201693981181,0.027765889554140645,5.551115123125783e-17
417.0,0.0505,3,3,157.45330664475483,0.14416448746000973,0.006946865996238478,2.498001805406602e-16
417.0,0.051,3,1,10.483318266297655,0.08716560810785984,0.21468431736865318,0.0
417.0,0.051,3,2,46.880992450662774,0.1304238411892973,0.030608261734918495,2.7755575615628914e-17
417.0,0.051,3,3,162.45996681357377,0.14441066992525733,0.006675975827797183,0.0
417.0,0.0515,3,1,10.842106826402137,0.08874902598086581,0.20501359628113558,-2.7755575615628914e-17
417.0,0.0515,3,2,43.361935608230766,0.12912605136203312,0.03371046628256961,2.7755575615628914e-17
417.0,0.0515,3,3,167.0651411225663,0.14462780473118875,0.006441519853399955,0.0
417.0,0.052,3,1,11.246654734982837,0.09042870235755067,0.19499857403625456,2.7755575615628914e-17
417.0,0.052,3,2,40.100166433046844,0.12775487759091725,0.037150735447138844,0.0
417.0,0.052,3,3,171.34270626137211,0.14482213183694262,0.006235244681446493,-1.942890293094024e-16
417.0,0.0525,3,1,11.710500060605586,0.09222973751217885,0.1845385706160215,-2.7755575615628914e-17
417.0,0.0525,3,2,37.02980084601464,0.12628084337117304,0.04103547810422057,-8.326672684688674e-17
417.0,0.0525,3,3,175.34564834111413,0.14499802521969304,0.0060514308096902576,-5.551115123125783e-17
417.0,0.053,3,1,12.254654291626641,0.09419035501239909,0.17347953412982997,2.7755575615628914e-17
417.0,0.053,3,2,34.090825457514725,0.12466252561205894,0.04552289087303232,-4.163336342344337e-17
417.0,0.053,3,3,179.11358694441893,0.14515868222879375,0.005885942480992252,-4.163336342344337e-16
417.0,0.0535,3,1,12.914769806207694,0.09637411668275143,0.1615640703805741,-1.3877787807814457e-17
417.0,0.0535,3,2,31.217580243772858,0.12283394525827725,0.05087346835100853,-1.3877787807814457e-17
417.0,0.0535,3,3,182.67712596335187,0.1453065179974643,0.005735687901616909,7.771561172376096e-16
417.0,0.054,3,1,13.760393589261767,0.09890234182176287,0.148298543323892,0.0
417.0,0.054,3,2,28.31682938676258,0.12067190798687154,0.057583228996297246,1.3877787807814457e-17
417.0,0.054,3,3,186.0605299750191,0.1454434055255755,0.005598292917383438,1.942890293094024e-16
417.0,0.0545,3,1,14.967051196311303,0.10207387018547744,0.13246104122829108,2.7755575615628914e-17
417.0,0.0545,3,2,25.1939489983217,0.11787608771246998,0.06687595624896753,1.3877787807814457e-17
417.0,0.0545,3,3,189.28345343739852,0.1455708291878162,0.005471893749202785,-5.551115123125783e-17
417.0,0.055,3,1,17.54472820094374,0.10755291958427338,0.10720711788770208,0.0
417.0,0.055,3,2,20.823283688240352,0.11278106682314355,0.08559759438337049,1.3877787807814457e-17
417.0,0.055,3,3,192.36210351186367,0.14568998689811383,0.005354999944060319,2.220446049250313e-16
418.0,0.048,3,1,8.914580386122752,0.07897098444323324,0.26829417938509986,-4.163336342344337e-17
418.0,0.048,3,2,83.83591299481998,0.13825938922541106,0.015059016124415911,0.0
418.0,0.048,3,3,118.59299112271815,0.14175752832807592,0.00987921804441052,0.0
418.0,0.0485,3,1,9.127696940114097,0.08022500989112337,0.259703417359554,-1.3877787807814457e-17
418.0,0.0485,3,2,72.88331715475219,0.13662806755334359,0.01784646464108769,-5.551115123125783e-17
418.0,0.0485,3,3,130.9417854125268,0.14263712799979994,0.008747909120227066,-5.551115123125783e-17
418.0,0.049,3,1,9.356504988081031,0.08151690050829073,0.25099943794038154,1.3877787807814457e-17
418.0,0.049,3,2,65.5381099810572,0.13529141760449032,0.020306723220892067,-1.1102230246251565e-16
418.0,0.049,3,3,139.63852169684375,0.14318427300234587,0.008078886174209661,0.0
418.0,0.0495,3,1,9.603399650432674,0.08285155240751486,0.2421631596929616,4.163336342344337e-17
418.0,0.0495,3,2,59.73537666134847,0.13404858141085946,0.022736790250620604,1.1102230246251565e-16
418.0,0.0495,3,3,146.74651950885,0.14359492237905463,0.007594244387587452,3.3306690738754696e-16
418.0,0.05,3,1,9.871376546801788,0.08423500001003521,0.23317094820699458,1.3877787807814457e-17
418.0,0.05,3,2,54.84440267276554,0.13283547593893086,0.025241140066743176,8.326672684688674e-17
418.0,0.05,3,3,152.8942679230633,0.14392712203461502,0.007213155441423793,1.6653345369377348e-16
418.0,0.0505,3,1,10.16425636149034,0.08567482350476091,0.22399296868998347,2.7755575615628914e-17
418.0,0.0505,3,2,50.56828548003701,0.13161805619662123,0.027885906065780893,-2.7755575615628914e-17
418.0,0.0505,3,3,158.37559067119815,0.14420733416417844,0.006899331840335992,-1.1102230246251565e-16
418.0,0.051,3,1,10.487027829136347,0.08718076523482653,0.21459068879090676,0.0
418.0,0.051,3,2,46.73652783391195,0.13037196469273263,0.030729393417689353,0.0
418.0,0.051,3,3,163.35671116052032,0.14445017140290087,0.006633011401316104,-2.7755575615628914e-17
418.0,0.0515,3,1,10.846394662361863,0.08876570296766302,0.20491292761126262,2.7755575615628914e-17
418.0,0.0515,3,2,43.237887499977546,0.12907528665326548,0.03383485560195178,2.7755575615628914e-17
418.0,0.0515,3,3,167.94285704790855,0.14466466833534566,0.006402131730890321,0.0
418.0,0.052,3,1,11.25169548183156,0.09044727044200125,0.19488926383818808,-4.163336342344337e-17
418.0,0.052,3,2,39.99188389728714,0.12770436240739758,0.037280669689176725,-5.551115123125783e-17
418.0,0.052,3,3,172.20583483439802,0.14485684855851158,0.0061987468332314645,1.942890293094024e-16
418.0,0.0525,3,1,11.716559882202219,0.0922507443637088,0.18441826871736475,4.163336342344337e-17
418.0,0.0525,3,2,36.93381347666542,0.1262296730372572,0.04117380360874279,2.7755575615628914e-17
418.0,0.0525,3,3,176.197359521134,0.1450309520324451,0.006017326891068369,-2.7755575615628914e-17
418.0,0.053,3,1,12.262169735167191,0.0942146684868604,0.17334453674002334,-1.3877787807814457e-17
418.0,0.053,3,2,34.00432036706916,0.12460956325489254,0.04567368351791906,-1.3877787807814457e-17
418.0,0.053,3,3,179.95622370113534,0.14519008811861922,0.0058538602297556796,-2.220446049250313e-16
418.0,0.0535,3,1,12.924538105723725,0.09640326446616208,0.16140789532354588,1.3877787807814457e-17
418.0,0.0535,3,2,31.137947576536586,0.12277745462630246,0.05104349745407852,0.0
418.0,0.0535,3,3,183.51246842788683,0.14533661150008445,0.005705340003457595,4.163336342344337e-16
418.0,0.054,3,1,13.774148652072721,0.09893951637161952,0.14810772805275396,-1.3877787807814457e-17
418.0,0.054,3,2,28.240920596028133,0.12060853112980914,0.05778618392863947,-2.7755575615628914e-17
418.0,0.054,3,3,186.88996114547285,0.1454723521052058,0.0055694523778193296,-3.0531133177191805e-16
418.0,0.0545,3,1,14.990129430645904,0.1021284629668913,0.13219625167991977,1.3877787807814457e-17
418.0,0.0545,3,2,25.11530247107201,0.11779629929395863,0.06715135376396827,1.3877787807814457e-17
418.0,0.0545,3,3,190.1080676970517,0.14559876268835206,0.005444377709919677,2.498001805406602e-16
418.0,0.055,3,1,17.649957154698793,0.10774504559331936,0.1063700003752969,4.163336342344337e-17
418.0,0.055,3,2,20.66816244380692,0.11256464177810889,0.08644393774537645,2.7755575615628914e-17
418.0,0.055,3,3,193.1827802635564,0.14571701736237416,0.005328658661644154,-2.498001805406602e-16
419.0,0.048,3,1,8.916491015889036,0.0789807837366251,0.2682265069608944,2.7755575615628914e-17
419.0,0.048,3,2,82.83069736538606,0.1381221830779302,0.015284349847685166,-8.326672684688674e-17
419.0,0.048,3,3,120.33998785688416,0.14188774790450864,0.009707397323487394,-1.6653345369377348e-16
419.0,0.0485,3,1,9.12979303767343,0.08023542278433761,0.2596326685066694,0.0
419.0,0.0485,3,2,72.37911826865138,0.13654140752298713,0.01800115802667807,-2.7755575615628914e-17
419.0,0.0485,3,3,132.18977726312323,0.14271618189978946,0.008649601121372136,0.0
419.0,0.049,3,1,9.358817354778756,0.08152800454405919,0.2509252686922386,-1.3877787807814457e-17
419.0,0.049,3,2,65.19577003141512,0.13522120374031196,0.02044035022780683,0.0
419.0,0.049,3,3,140.72659400255995,0.1432461835910004,0.008004860710410905,-1.6653345369377348e-16
419.0,0.0495,3,1,9.605967006463962,0.08286344258288063,0.24208515045162374,1.3877787807814457e-17
419.0,0.0495,3,2,59.477573830368954,0.13398685784929384,0.022861054577448112,-5.551115123125783e-17
419.0,0.0495,3,3,147.75191488436698,0.14364755048147163,0.007533217166382548,-1.6653345369377348e-16
419.0,0.05,3,1,9.87424846767175,0.08424779476072504,0.23308857813907471,-1.3877787807814457e-17
419.0,0.05,3,2,54.63938697247226,0.13277885566800926,0.025361222858114558,-2.7755575615628914e-17
419.0,0.05,3,3,153.8486474371793,0.14397373618723677,0.007160465962472915,-2.7755575615628914e-17
419.0,0.0505,3,1,10.167497718118598,0.08568867359967891,0.22390557776966064,0.0
419.0,0.0505,3,2,50.39952187187246,0.1315646663402788,0.028004907572710052,-2.7755575615628914e-17
419.0,0.0505,3,3,159.29538624455162,0.14424965643593798,0.006852539692000918,-1.3877787807814457e-16
419.0,0.051,3,1,10.490725768258141,0.08719586751477898,0.2144974193245297,0.0
419.0,0.051,3,2,46.59415714530057,0.1303205718248933,0.0308496317071875,2.7755575615628914e-17
419.0,0.051,3,3,164.25165762803488,0.1444892383423607,0.006590656026382651,-8.326672684688674e-17
419.0,0.0515,3,1,10.850670114539346,0.08878232258801644,0.20481262982171444,0.0
419.0,0.0515,3,2,43.115470719492365,0.12902494539621978,0.03395843354635894,5.551115123125783e-17
419.0,0.0515,3,3,168.81923631689423,0.14470116012961184,0.00636325985281341,-5.551115123125783e-17
419.0,0.052,3,1,11.256723293473092,0.09046577906250076,0.1947803342035292,0.0
419.0,0.052,3,2,39.88490692482851,0.12765422674715562,0.03740985200369954,2.7755575615628914e-17
419.0,0.052,3,3,173.06795096539986,0.14489123952801516,0.00616269707989733,5.551115123125783e-17
419.0,0.0525,3,1,11.722606830510664,0.09227169087824062,0.1842983514129768,1.3877787807814457e-17
419.0,0.0525,3,2,36.8388926180904,0.12617884798123358,0.041311426142037526,-5.551115123125783e-17
419.0,0.0525,3,3,177.04829518307267,0.14506358824344825,0.005983619062015842,1.3877787807814457e-16
419.0,0.053,3,1,12.269674061367557,0.09423892404687495,0.17320991327124272,-2.7755575615628914e-17
419.0,0.053,3,2,33.91869951733707,0.12455691613278085,0.045823825748816965,-4.163336342344337e-17
419.0,0.053,3,3,180.79826342123096,0.14522123105887394,0.0058221331667612985,-2.7755575615628914e-16
419.0,0.0535,3,1,12.934302070599491,0.09643236622967788,0.16125204218370787,-2.7755575615628914e-17
419.0,0.0535,3,2,31.059052587348123,0.12272124507520106,0.051212962089881756,-2.7755575615628914e-17
419.0,0.0535,3,3,184.34735163628002,0.14536646434465988,0.0056753143341461134,0.0
419.0,0.054,3,1,13.787924487021288,0.09897669007561445,0.14791703995894004,0.0
419.0,0.054,3,2,28.16561389787155,0.1205453718767509,0.057988797213333165,2.7755575615628914e-17
419.0,0.054,3,3,187.71904157133682,0.14550107636152645,0.0055409069716551565,2.7755575615628914e-17
419.0,0.0545,3,1,15.013363045867335,0.10218329051984833,0.1319305900602531,2.7755575615628914e-17
419.0,0.0545,3,2,25.0370345957899,0.1177164775581499,0.06742743251507641,5.551115123125783e-17
419.0,0.0545,3,3,190.93241810838532,0.1456264892013737,0.00541713415400723,2.7755575615628914e-17
419.0,0.055,3,1,17.76599381572902,0.10795476957410773,0.10545995192693573,2.7755575615628914e-17
419.0,0.055,3,2,20.50269504878707,0.11233080723594262,0.08736304139826333,1.3877787807814457e-17
419.0,0.055,3,3,194.0032637382932,0.1457438538506511,0.005302570658387263,3.3306690738754696e-16
420.0,0.048,3,1,8.91839422706805,0.07899054239659474,0.2681591236275404,-1.3877787807814457e-17
420.0,0.048,3,2,81.91240922339811,0.13799436070263776,0.015495778222858215,-2.7755575615628914e-17
420.0,0.048,3,3,122.00036153275025,0.14200861841288467,0.009549261271564483,-2.7755575615628914e-17
420.0,0.0485,3,1,9.131881161958683,0.0802457930698784,0.2595622187242797,-1.3877787807814457e-17
420.0,0.0485,3,2,71.89508720891799,0.13645724579155585,0.018152030760327273,-8.326672684688674e-17
420.0,0.0485,3,3,133.41790390592956,0.1427927742107002,0.008554884083543273,-1.1102230246251565e-16
420.0,0.049,3,1,9.361121137576596,0.0815390638548839,0.25085140907755515,2.7755575615628914e-17
420.0,0.049,3,2,64.86290842707449,0.13515233073387514,0.02057185113906688,2.7755575615628914e-17
420.0,0.049,3,3,141.805488868787,0.14330679218052775,0.007932722057128283,5.551115123125783e-17
420.0,0.0495,3,1,9.608525108793641,0.08287528576788335,0.24200746199774778,1.3877787807814457e-17
420.0,0.0495,3,2,59.2254000413587,0.13392603998058095,0.02298382675892955,0.0
420.0,0.0495,3,3,148.7519805108731,0.14369931404659722,0.007473432621032115,0.0
420.0,0.05,3,1,9.877110406207688,0.0842605401109779,0.23300654056881856,-1.3877787807814457e-17
420.0,0.05,3,2,54.43813533711341,0.13272292181120476,0.02548012967570926,-1.1102230246251565e-16
420.0,0.05,3,3,154.79956066494745,0.14401970752293153,0.007108692248146948,-8.326672684688674e-17
420.0,0.0505,3,1,10.170728313512786,0.08570247176140211,0.22381853149121683,2.7755575615628914e-17
420.0,0.0505,3,2,50.23346323999881,0.13151183386722493,0.028122916140794204,0.0
420.0,0.0505,3,3,160.21277319470377,0.1442914674859352,0.006806469100567875,2.7755575615628914e-17
420.0,0.051,3,1,10.494412143803698,0.08721091526719472,0.21440450677623335,1.3877787807814457e-17
420.0,0.051,3,2,46.45382695515378,0.1302696527358062,0.03096899308737962,0.0
420.0,0.051,3,3,165.14485858571666,0.14452788029053476,0.006548894874905155,-3.885780586188048e-16
420.0,0.0515,3,1,10.854933245200675,0.0887988851705655,0.20471270067566813,0.0
420.0,0.0515,3,2,42.99464790448544,0.12897501997984429,0.03408121316568007,0.0
420.0,0.0515,3,3,169.69431523680035,0.1447372874125574,0.00632489286170543,1.6653345369377348e-16
420.0,0.052,3,1,11.261738233949055,0.09048422855611694,0.19467178285585532,-2.7755575615628914e-17
420.0,0.052,3,2,39.779208249290974,0.12760446447148102,0.037538293174837895,-2.7755575615628914e-17
420.0,0.052,3,3,173.92908087103984,0.1449253105630091,0.006127086362350961,-8.326672684688674e-17
420.0,0.0525,3,1,11.728640971973253,0.09229257740248235,0.18417881638191883,-1.3877787807814457e-17
420.0,0.0525,3,2,36.74501770115278,0.12612836308398967,0.04144835492034414,-5.551115123125783e-17
420.0,0.0525,3,3,177.8984748509038,0.14509593864077666,0.005950299868849633,-3.608224830031759e-16
420.0,0.053,3,1,12.27716734545111,0.09426312206107394,0.1730756613040978,-1.3877787807814457e-17
420.0,0.053,3,2,33.833946969629565,0.12450457985090611,0.04597332570420083,-4.163336342344337e-17
420.0,0.053,3,3,181.63972099629848,0.14525211509117067,0.005790755007540363,-2.7755575615628914e-16
420.0,0.0535,3,1,12.94406182283783,0.09646142243486738,0.16109650813380447,0.0
420.0,0.0535,3,2,30.980882615921193,0.12266531267692769,0.05138186991713509,1.3877787807814457e-17
420.0,0.0535,3,3,185.1817871616816,0.145396080012851,0.0056456054898296965,-1.3877787807814457e-16
420.0,0.054,3,1,13.80172152067537,0.09901386395295614,0.14772647381093457,0.0
420.0,0.054,3,2,28.09089877941598,0.12048242617370387,0.058191078224558636,0.0
420.0,0.054,3,3,188.54778038041798,0.14552958134426341,0.005512651976821796,1.1102230246251565e-16
420.0,0.0545,3,1,15.036756046059578,0.10223836007183457,0.1316640248347131,0.0
420.0,0.0545,3,2,24.959133133658383,0.11763661258357849,0.06770422763239059,-2.7755575615628914e-17
420.0,0.0545,3,3,191.75651195416256,0.14565401143556006,0.005390158899520882,-3.608224830031759e-16
420.0,0.055,3,1,17.896545005791758,0.10818809373463167,0.10445209037896169,0.0
420.0,0.055,3,2,20.323167873396727,0.11207355856909042,0.08837979065787203,-1.3877787807814457e-17
420.0,0.055,3,3,194.82355979855853,0.14577049879696452,0.005276732188654643,-1.1102230246251565e-16
421.0,0.048,3,1,8.920290063562758,0.07900026067914823,0.26809202751191286,0.0
421.0,0.048,3,2,81.06525056250794,0.1378742733115398,0.01569573546728071,-1.1102230246251565e-16
421.0,0.048,3,3,123.58990907321225,0.14212178840303843,0.009402377053500673,-2.7755575615628914e-17
421.0,0.0485,3,1,9.133961359399636,0.08025612101357302,0.25949206608904474,-2.7755575615628914e-17
421.0,0.0485,3,2,71.42959278918269,0.13637539611393606,0.01829936269529389,-8.326672684688674e-17
421.0,0.0485,3,3,134.62779544924564,0.14286709092942027,0.008463479579022222,-1.3877787807814457e-16
421.0,0.049,3,1,9.363416385547673,0.08155007871672179,0.2507778571218579,0.0
421.0,0.049,3,2,64.53901732822104,0.1350847349628894,0.020701323380733605,-5.551115123125783e-17
421.0,0.049,3,3,142.87571306239562,0.14336616213461825,0.007862374258090672,-1.3877787807814457e-16
421.0,0.0495,3,1,9.6110740092209,0.08288708224883147,0.24193009230526522,1.3877787807814457e-17
421.0,0.0495,3,2,58.97862543216648,0.1338660961314304,0.023105156299212615,8.326672684688674e-17
421.0,0.0495,3,3,149.7469451824907,0.14375024447852644,0.00741484276187917,2.7755575615628914e-16
421.0,0.05,3,1,9.879962416958149,0.08427323635753241,0.23292483341882136,0.0
421.0,0.05,3,2,54.24052188317901,0.13266765525483004,0.02559789105535402,-5.551115123125783e-17
421.0,0.05,3,3,155.7471324266113,0.14406505487551743,0.0070578053215480715,-2.7755575615628914e-17
421.0,0.0505,3,1,10.17394820489972,0.08571621829696163,0.2237318277272079,0.0
421.0,0.0505,3,2,50.07003219672106,0.13145954581183492,0.028239952968448587,0.0
421.0,0.0505,3,3,161.1278278507906,0.14433277998938987,0.00676110046968473,-2.220446049250313e-16
421.0,0.051,3,1,10.498087015471617,0.08722590880896257,0.21431194897121303,1.3877787807814457e-17
421.0,0.051,3,2,46.315485853281785,0.1302191979124331,0.03108749348916267,2.7755575615628914e-17
421.0,0.051,3,3,166.03636438999254,0.1445661064599561,0.0065077136584989915,1.1102230246251565e-16
421.0,0.0515,3,1,10.859184116159778,0.0888153910413055,0.2046131379550547,-1.3877787807814457e-17
421.0,0.0515,3,2,42.87538295118817,0.1289255030218389,0.0342032071275162,-2.7755575615628914e-17
421.0,0.0515,3,3,170.5681288626607,0.14477305725662856,0.0062870197688243284,1.942890293094024e-16
421.0,0.052,3,1,11.266740366840494,0.09050261925722175,0.19456360753774565,2.7755575615628914e-17
421.0,0.052,3,2,39.67476143641556,0.1275550696066687,0.037666003705941406,2.7755575615628914e-17
421.0,0.052,3,3,174.78924994210746,0.14495906731872654,0.006091905888528358,2.7755575615628914e-17
421.0,0.0525,3,1,11.734662372566177,0.09231340428040001,0.18405966132247484,0.0
421.0,0.0525,3,2,36.65216873274727,0.1260782133511762,0.041584598943730684,0.0
421.0,0.0525,3,3,178.74791747878683,0.14512800789047203,0.005917362060153507,-3.608224830031759e-16
421.0,0.053,3,1,12.284649662205672,0.09428726289537037,0.17294177843832964,2.7755575615628914e-17
421.0,0.053,3,2,33.750047198829904,0.12445255011233454,0.046122191350048705,5.551115123125783e-17
421.0,0.053,3,3,182.4806109105036,0.14528274416194784,0.005759719626375273,0.0
421.0,0.0535,3,1,12.953817484421842,0.09649043354132164,0.16094129036248325,-1.3877787807814457e-17
421.0,0.0535,3,2,30.90342530746972,0.12260965358188027,0.051550228455880566,-4.163336342344337e-17
421.0,0.0535,3,3,186.01578627743064,0.14542546190984612,0.005616208194878447,-2.7755575615628914e-16
421.0,0.054,3,1,13.815540184841256,0.09905103903030255,0.1475360243525407,1.3877787807814457e-17
421.0,0.054,3,2,28.016764954039463,0.12041969002219534,0.058393036260660024,2.7755575615628914e-17
421.0,0.054,3,3,189.37618647466462,0.14555787004016876,0.005484682777284049,1.942890293094024e-16
421.0,0.0545,3,1,15.06031258139302,0.10229367910006586,0.13139652341856572,-1.3877787807814457e-17
421.0,0.0545,3,2,24.881585878853183,0.11755669425198269,0.06798177521232635,-4.163336342344337e-17
421.0,0.0545,3,3,192.58035634366405,0.14568133204665515,0.005363447853938849,-2.498001805406602e-16
421.0,0.055,3,1,18.048032024167114,0.10845540345852002,0.1033033733388975,1.3877787807814457e-17
421.0,0.055,3,2,20.123152951307187,0.11178250801963968,0.08953723099784389,2.7755575615628914e-17
421.0,0.055,3,3,195.64367417142202,0.1457969545900575,0.005251139583483708,-1.1102230246251565e-16
422.0,0.048,3,1,8.92217856892462,0.07900993883811779,0.26802521675721414,1.3877787807814457e-17
422.0,0.048,3,2,80.27764190427892,0.13776070899897275,0.015886010459228203,-5.551115123125783e-17
422.0,0.048,3,3,125.12020887968737,0.1422284695446136,0.009264957161567193,-2.7755575615628914e-17
422.0,0.0485,3,1,9.13603367605899,0.0802664068790078,0.2594222086943006,0.0
422.0,0.0485,3,2,70.98120558768431,0.136295694780892,0.018443399803156516,5.551115123125783e-17
422.0,0.0485,3,3,135.82088024316295,0.14293929551916884,0.008375143049829144,5.551115123125783e-17
422.0,0.049,3,1,9.365703147382527,0.08156104940322197,0.25070461086769075,1.3877787807814457e-17
422.0,0.049,3,2,64.22363048461592,0.13501835782308827,0.020828856701642435,5.551115123125783e-17
422.0,0.049,3,3,143.93773176705636,0.14342435180121746,0.0077937290220309605,1.942890293094024e-16
422.0,0.0495,3,1,9.613613759146887,0.08289883230965837,0.2418530393654673,1.3877787807814457e-17
422.0,0.0495,3,2,58.73703438498307,0.13380699648841168,0.02322508980704887,0.0
422.0,0.0495,3,3,150.73702345534406,0.14380037132384302,0.0073574024821673675,8.326672684688674e-17
422.0,0.05,3,1,9.882804554059081,0.08428588379468689,0.23284345462936362,1.3877787807814457e-17
422.0,0.05,3,2,54.04642706157168,0.13261303778184125,0.025714536112395887,0.0
422.0,0.05,3,3,156.69148121431928,0.14410979618458536,0.007007777613500663,1.942890293094024e-16
422.0,0.0505,3,1,10.177157449080216,0.08572991351088603,0.2236454643681847,1.3877787807814457e-17
422.0,0.0505,3,2,49.909154657540185,0.13140778971628403,0.028356038435314264,-2.7755575615628914e-17
422.0,0.0505,3,3,162.04062324504372,0.14437360611620295,0.0067164150087718815,-2.7755575615628914e-17
422.0,0.051,3,1,10.501750442522674,0.08724084845440973,0.2142197437529487,-1.3877787807814457e-17
422.0,0.051,3,2,46.17908434687401,0.13016919816239214,0.031205148317112005,0.0
422.0,0.051,3,3,166.92622348616501,0.1446039257450438,0.006467098601875332,-1.3877787807814457e-16
422.0,0.0515,3,1,10.863422788782788,0.08883184052361513,0.20451393946035676,-2.7755575615628914e-17
422.0,0.0515,3,2,42.75764095780548,0.1288763873589168,0.034324427733455655,0.0
422.0,0.0515,3,3,171.44071105376548,0.14480847651785791,0.006249629938013585,2.7755575615628914e-17
422.0,0.052,3,1,11.271729755271972,0.09052095149751828,0.19445580601058263,1.3877787807814457e-17
422.0,0.052,3,2,39.57154085028974,0.12750603633772636,0.03779299383027172,-2.7755575615628914e-17
422.0,0.052,3,3,175.64848277724127,0.14499251529434162,0.006057147122842615,-1.6653345369377348e-16
422.0,0.0525,3,1,11.740671097803848,0.09233417185324577,0.1839408839519479,2.7755575615628914e-17
422.0,0.0525,3,2,36.56032627440828,0.12602839390888979,0.04172016700355261,2.7755575615628914e-17
422.0,0.0525,3,3,179.5966414724022,0.14515980054083186,0.005884798579461547,-3.0531133177191805e-16
422.0,0.053,3,1,12.292121085988255,0.09431134691298809,0.1728082622925999,0.0
422.0,0.053,3,2,33.66698507919417,0.12440082271490692,0.04627043048530279,1.3877787807814457e-17
422.0,0.053,3,3,183.32094725473132,0.14531312212554864,0.005729021050984478,-1.6653345369377348e-16
422.0,0.0535,3,1,12.963569177324912,0.09651940000669358,0.1607863860740404,-4.163336342344337e-17
422.0,0.0535,3,2,30.82666860291068,0.12255426401656105,0.051718045091685906,-5.551115123125783e-17
422.0,0.0535,3,3,186.84935996679812,0.14545461336665988,0.005587117297875265,-2.7755575615628914e-16
422.0,0.054,3,1,13.829380916694257,0.09908821634201657,0.1473456863016979,2.7755575615628914e-17
422.0,0.054,3,2,27.94320235428059,0.1203571594772445,0.05859468054838674,5.551115123125783e-17
422.0,0.054,3,3,190.20426853708207,0.14558594537479283,0.0054569948599193716,3.0531133177191805e-16
422.0,0.0545,3,1,15.084036955766132,0.10234925534459989,0.13112805212135942,-4.163336342344337e-17
422.0,0.0545,3,2,24.804380645812344,0.11747671223378743,0.06826011237560671,-2.7755575615628914e-17
422.0,0.0545,3,3,193.40395821772876,0.14570845363887167,0.005336997011668285,1.3877787807814457e-16
422.0,0.055,3,1,18.233585650329065,0.10877790959600943,0.10192591350099665,4.163336342344337e-17
422.0,0.055,3,2,19.889512973170476,0.11143644240720835,0.0909232527360397,5.551115123125783e-17
422.0,0.055,3,3,196.46361245228982,0.14582322357453434,0.00522578924854721,-3.608224830031759e-16
423.0,0.048,3,1,8.924059786357217,0.07901957712518519,0.26795868952279317,1.3877787807814457e-17
423.0,0.048,3,2,79.54079891674816,0.13765274580323608,0.016067963848924508,8.326672684688674e-17
423.0,0.048,3,3,126.60004421349477,0.14232958356540631,0.009135642304553115,1.1102230246251565e-16
423.0,0.0485,3,1,9.138098157636055,0.08027665092755189,0.2593526446498758,1.3877787807814457e-17
423.0,0.0485,3,2,70.54866486902964,0.13621799695699752,0.018584359684228502,5.551115123125783e-17
423.0,0.0485,3,3,136.99841795775285,0.14300953257154078,0.008289658297433364,1.3877787807814457e-16
423.0,0.049,3,1,9.367981471392785,0.0815719761857494,0.250631668374434,5.551115123125783e-17
423.0,0.049,3,2,63.91631867108587,0.1349531451857993,0.020954534004448418,-2.7755575615628914e-17
423.0,0.049,3,3,144.9919731476899,0.14348141505493103,0.007726704891767866,-2.220446049250313e-16
423.0,0.0495,3,1,9.616144409578704,0.08291053623194737,0.24177630118681437,-1.3877787807814457e-17
423.0,0.0495,3,2,58.50042434015193,0.1337487129464763,0.023343671232034957,2.7755575615628914e-17
423.0,0.0495,3,3,151.72241683369873,0.14384972242307095,0.0073010693219307055,-5.551115123125783e-17
423.0,0.05,3,1,9.885636871237818,0.084298482714325,0.2327624021582206,0.0
423.0,0.05,3,2,53.8557372294477,0.13255905201301146,0.02583009263507254,5.551115123125783e-17
423.0,0.05,3,3,157.6327196202286,0.14415394855429886,0.006958582869314577,-2.7755575615628914e-17
423.0,0.0505,3,1,10.18035610243319,0.08574355770522711,0.22355943932249914,2.7755575615628914e-17
423.0,0.0505,3,2,49.75075965211004,0.1313565536025658,0.02847119214744753,8.326672684688674e-17
423.0,0.0505,3,3,162.95122930177422,0.14441395755891087,0.006672394687968086,3.3306690738754696e-16
423.0,0.051,3,1,10.505402483784119,0.08725573451532864,0.2141278889830067,2.7755575615628914e-17
423.0,0.051,3,2,46.044574764858844,0.13011964459868564,0.03132197247457206,2.7755575615628914e-17
423.0,0.051,3,3,167.81448250400825,0.14464134673734716,0.006427036417888396,-2.7755575615628914e-17
423.0,0.0515,3,1,10.867649323992362,0.08884823393828378,0.2044151030104087,5.551115123125783e-17
423.0,0.0515,3,2,42.64138817114957,0.1288276660375983,0.03444488693445641,0.0
423.0,0.0515,3,3,172.31209452697317,0.14484355184504247,0.006212713070458224,-3.3306690738754696e-16
423.0,0.052,3,1,11.27670646191613,0.0905392256060691,0.19434837605434682,-1.3877787807814457e-17
423.0,0.052,3,2,39.46952162128772,0.12745735900239122,0.037919273521168945,5.551115123125783e-17
423.0,0.052,3,3,176.50680321494008,0.1450256598389241,0.006022801776157735,2.7755575615628914e-16
423.0,0.0525,3,1,11.74666721274338,0.09235488045958613,0.18382248200645487,-1.3877787807814457e-17
423.0,0.0525,3,2,36.46947142191002,0.12597889999954812,0.04185506768957827,-2.7755575615628914e-17
423.0,0.0525,3,3,180.4446647093032,0.14519132102650498,0.0058526025582745856,8.326672684688674e-17
423.0,0.053,3,1,12.299581690729879,0.09433537447449124,0.17267511050428222,1.3877787807814457e-17
423.0,0.053,3,2,33.584745870759726,0.1243493935482566,0.04641805074710717,4.163336342344337e-17
423.0,0.053,3,3,184.16074374012877,0.14534325274717264,0.0056986534574307145,-2.7755575615628914e-17
423.0,0.0535,3,1,12.973317023520618,0.096548322286737,0.16063179248816983,0.0
423.0,0.0535,3,2,30.750600729458384,0.12249914028132682,0.051885327079684296,0.0
423.0,0.0535,3,3,187.6825189323367,0.14548353764234329,0.00555832776776285,6.106226635438361e-16
423.0,0.054,3,1,13.843244158913748,0.09912539693042936,0.14715545434926305,1.3877787807814457e-17
423.0,0.054,3,2,27.87020112499957,0.12029483064538998,0.058796020247050766,2.7755575615628914e-17
423.0,0.054,3,3,191.0320350383904,0.1456138102141924,0.005429583811511216,-2.220446049250313e-16
423.0,0.0545,3,1,15.10793363496344,0.10240509682232934,0.1308585760876399,0.0
423.0,0.0545,3,2,24.72750525616857,0.11739665597275423,0.06853927732888881,4.163336342344337e-17
423.0,0.0545,3,3,194.22732435361957,0.14573537876624737,0.0053108024516379205,6.938893903907228e-16
423.0,0.055,3,1,18.490894665205744,0.10921641171941927,0.10006785309150114,1.3877787807814457e-17
423.0,0.055,3,2,19.584552761682758,0.11097455987236776,0.09278971659118301,2.7755575615628914e-17
423.0,0.055,3,3,197.28338010853963,0.1458493080519621,0.005200677662183232,-4.163336342344337e-16
424.0,0.0475,3,1,8.72560574617299,0.07780570995296979,0.27640224416887,5.551115123125783e-17
424.0,0.0475,3,2,96.2975296546147,0.1397292957160028,0.012749979320906348,1.3877787807814457e-16
424.0,0.0475,3,3,109.13440475926254,0.14096750079715825,0.01095394706659283,1.942890293094024e-16
424.0,0.048,3,1,8.925933758719822,0.079029175789905,0.26789244398396667,0.0
424.0,0.048,3,2,78.84787237210634,0.13754966282022588,0.016242659380659226,-2.7755575615628914e-17
424.0,0.048,3,3,128.0362632381226,0.14242585113770836,0.009013370085769773,-1.1102230246251565e-16
424.0,0.0485,3,1,9.14015484947047,0.08028685341838113,0.25928337208191,2.7755575615628914e-17
424.0,0.0485,3,2,70.1308521537519,0.13614217375104484,0.018722435975262696,0.0
424.0,0.0485,3,3,138.16152601345436,0.14307793073607247,0.008206833075174308,-5.551115123125783e-17
424.0,0.049,3,1,9.370251405514914,0.08158285933340921,0.25055902771812116,1.3877787807814457e-17
424.0,0.049,3,2,63.61668574521985,0.1348890469288646,0.021078432064191358,0.0
424.0,0.049,3,3,146.0388322927275,0.14353740176607901,0.00766122652576905,-2.7755575615628914e-17
424.0,0.0495,3,1,9.618666011133227,0.08292219429495652,0.24169987579475205,4.163336342344337e-17
424.0,0.0495,3,2,58.26860473334825,0.13369121897305405,0.023460942076530156,-2.7755575615628914e-17
424.0,0.0495,3,3,152.70331483272702,0.14389832404655334,0.007245803256204548,-3.0531133177191805e-16
424.0,0.05,3,1,9.8884594218171,0.084311033405941,0.23268167398047251,1.3877787807814457e-17
424.0,0.05,3,2,53.668344258292,0.1325056813530063,0.025944587170084982,-2.7755575615628914e-17
424.0,0.05,3,3,158.57095472838236,0.1441975283072924,0.006910196063343049,-2.7755575615628914e-17
424.0,0.0505,3,1,10.183544220919677,0.08575715117958575,0.2234737505161142,1.3877787807814457e-17
424.0,0.0505,3,2,49.59477914875315,0.131305825946479,0.028585432979321278,-8.326672684688674e-17
424.0,0.0505,3,3,163.85971301280932,0.14445384555867266,0.006629022196260625,-3.0531133177191805e-16
424.0,0.051,3,1,10.509043197653632,0.08727056730100259,0.21403638254084978,-1.3877787807814457e-17
424.0,0.051,3,2,45.91191116824487,0.1300705286253613,0.03143798038720755,2.7755575615628914e-17
424.0,0.051,3,3,168.70118634736906,0.1446783777398581,0.006387514284117388,-1.1102230246251565e-16
424.0,0.0515,3,1,10.871863782271696,0.08886457160353756,0.20431662644220439,2.7755575615628914e-17
424.0,0.0515,3,2,42.52659193624135,0.12877933230550262,0.03456459634539383,2.7755575615628914e-17
424.0,0.0515,3,3,173.1823109070611,0.14487828968842464,0.006176259190273194,3.885780586188048e-16
424.0,0.052,3,1,11.281670548997802,0.09055744190932295,0.19424131546742168,1.3877787807814457e-17
424.0,0.052,3,2,39.36867961562341,0.12740903208543847,0.03804485250171912,2.7755575615628914e-17
424.0,0.052,3,3,177.36423436395503,0.14505850615710364,0.0059888617962568355,5.551115123125783e-17
424.0,0.0525,3,1,11.752650781988946,0.09237553043532964,0.18370445324072596,0.0
424.0,0.0525,3,2,36.37958578580526,0.12592972697794821,0.041989309396796286,0.0
424.0,0.0525,3,3,181.29200455832355,0.14522257367240496,0.005820767309391541,-1.1102230246251565e-16
424.0,0.053,3,1,12.307031549939989,0.09435934593781198,0.17254232072926068,0.0
424.0,0.053,3,2,33.503315206332765,0.12429825859095005,0.046565059615827464,1.3877787807814457e-17
424.0,0.053,3,3,185.00001371106498,0.14537313970570667,0.005668611165241364,1.3877787807814457e-16
424.0,0.0535,3,1,12.983061144992647,0.09657720083534498,0.1604775068397145,-1.3877787807814457e-17
424.0,0.0535,3,2,30.675210191590374,0.12244427874822295,0.05205208154846421,5.551115123125783e-17
424.0,0.0535,3,3,188.51527360485395,0.14551223792611,0.005529834690140289,0.0
424.0,0.054,3,1,13.857130359821069,0.0991625818461082,0.14696532315777713,1.3877787807814457e-17
424.0,0.054,3,2,27.797751616785458,0.12023269968277288,0.058997064452598336,1.3877787807814457e-17
424.0,0.054,3,3,191.85949424343704,0.14564146736657832,0.005402445315851959,5.551115123125783e-17
424.0,0.0545,3,1,15.13200725537166,0.10246121184192612,0.130588059233644,0.0
424.0,0.0545,3,2,24.650947525295905,0.1173165146697247,0.06881930943033049,0.0
424.0,0.0545,3,3,195.05046136971356,0.1457621099339559,0.005284860334973647,-2.498001805406602e-16
425.0,0.0475,3,1,8.727314921605638,0.07781473078947175,0.27633901295916696,-1.3877787807814457e-17
425.0,0.0475,3,2,93.55925993767235,0.1394285937281434,0.01320671816150441,0.0
425.0,0.0475,3,3,112.6141977309399,0.14126196509184877,0.010546881360408763,0.0
425.0,0.048,3,1,8.927800528530765,0.07903873507972685,0.26782647833184925,1.3877787807814457e-17
425.0,0.048,3,2,78.1934008455845,0.1374508835740298,0.016410947549478624,-5.551115123125783e-17
425.0,0.048,3,3,129.4343263202924,0.14251784850768834,0.008897291346481552,5.551115123125783e-17
425.0,0.0485,3,1,9.1422037965457,0.08029701460850097,0.2592143891326797,0.0
425.0,0.0485,3,2,69.72676987367504,0.1360681098473407,0.01885780191284449,5.551115123125783e-17
425.0,0.0485,3,3,139.31120092566147,0.14314460508892274,0.008126495524991078,1.3877787807814457e-16
425.0,0.049,3,1,9.372512997314049,0.08159369911307088,0.2504866869912554,-1.3877787807814457e-17
425.0,0.049,3,2,63.324365226825286,0.13482601652913082,0.021200622152455297,-2.7755575615628914e-17
425.0,0.049,3,3,147.07867463459127,0.14359235820818153,0.007597224074116265,-1.3877787807814457e-16
425.0,0.0495,3,1,9.621178614040856,0.0829338067756425,0.24162376123152904,0.0
425.0,0.0495,3,2,58.041396040831785,0.1336344894858054,0.02357694158624831,-2.7755575615628914e-17
425.0,0.0495,3,3,153.6798959332063,0.14394620101667466,0.0071915665045611905,-2.7755575615628914e-17
425.0,0.05,3,1,9.89127225871893,0.08432353615666453,0.23260126808832002,-1.3877787807814457e-17
425.0,0.05,3,2,53.484145174558265,0.13245290994087058,0.026058045101157144,-2.7755575615628914e-17
425.0,0.05,3,3,159.5062884740138,0.14424055103415942,0.0068625933205529455,-5.551115123125783e-17
425.0,0.0505,3,1,10.186721860086893,0.08577069423113744,0.22338839589241422,1.3877787807814457e-17
425.0,0.0505,3,2,49.44114789136448,0.13125559565341377,0.028698779112914727,2.7755575615628914e-17
425.0,0.0505,3,3,164.76613860053962,0.1444932809294567,0.0065862809025292,-2.7755575615628914e-17
425.0,0.051,3,1,10.512672642103604,0.08728534711823234,0.21394522232364252,1.3877787807814457e-17
425.0,0.051,3,2,45.7810492659886,0.13002184192403518,0.0315531860251354,2.7755575615628914e-17
425.0,0.051,3,3,169.58637827825208,0.144715026780461,0.006348519820868551,2.7755575615628914e-17
425.0,0.0515,3,1,10.876066223668968,0.08888085383506661,0.2042185076106986,2.7755575615628914e-17
425.0,0.0515,3,2,42.41322064868159,0.12873137960310418,0.03468356725882852,2.7755575615628914e-17
425.0,0.0515,3,3,174.05139077429635,0.1449126963079084,0.006140258630869681,3.0531133177191805e-16
425.0,0.052,3,1,11.286622078298278,0.09057560073114151,0.19413462206639703,2.7755575615628914e-17
425.0,0.052,3,2,39.268991406414195,0.12736105021326158,0.03816974025395938,-2.7755575615628914e-17
425.0,0.052,3,3,178.22079863218013,0.14509105931446095,0.005955319358775067,2.7755575615628914e-17
425.0,0.0525,3,1,11.758621869695927,0.09239612211375386,0.18358679542790882,-1.3877787807814457e-17
425.0,0.0525,3,2,36.2906514728503,0.12588087030749698,0.042122900331923015,2.7755575615628914e-17
425.0,0.0525,3,3,182.13867789810786,0.14525356269745165,0.005789286320538283,2.498001805406602e-16
425.0,0.053,3,1,12.314470736711142,0.09438326165827904,0.17240989064172652,1.3877787807814457e-17
425.0,0.053,3,2,33.422679079021826,0.12424741390774112,0.04671146441987122,0.0
425.0,0.053,3,3,185.83877015754746,0.14540278659644093,0.00563888863273018,-2.220446049250313e-16
425.0,0.0535,3,1,12.992801663744936,0.0966060361045889,0.1603235263784174,4.163336342344337e-17
425.0,0.0535,3,2,30.60048576236683,0.12238967585889761,0.05221831550381708,4.163336342344337e-17
425.0,0.0535,3,3,189.34763415204756,0.14554071733938242,0.005501633263702077,-5.551115123125783e-17
425.0,0.054,3,1,13.871039973521977,0.09919977214813226,0.14677528736019368,1.3877787807814457e-17
425.0,0.054,3,2,27.72584437959681,0.1201707627932711,0.05919782220160579,2.7755575615628914e-17
425.0,0.054,3,3,192.68665421736338,0.14566891958390513,0.00537557515095069,-2.7755575615628914e-17
425.0,0.0545,3,1,15.156262633302719,0.10251760901982111,0.130316464179618,2.7755575615628914e-17
425.0,0.0545,3,2,24.574695248413068,0.11723627726537252,0.06910024925945293,1.3877787807814457e-17
425.0,0.0545,3,3,195.8733757300374,0.14578864959957422,0.005259166902753545,8.326672684688674e-17
426.0,0.0475,3,1,8.729017425907749,0.07782371428078004,0.276276050707697,-4.163336342344337e-17
426.0,0.0475,3,2,91.59806547782577,0.13920396146471545,0.013553158798677968,-5.551115123125783e-17
426.0,0.0475,3,3,115.31721534079811,0.14148039115457461,0.010249909507962972,-2.7755575615628914e-17
426.0,0.048,3,1,8.929660137970945,0.07904825524001809,0.2677607907731774,-1.3877787807814457e-17
426.0,0.048,3,2,77.57294750905291,0.13735593839257595,0.01657352117670074,2.7755575615628914e-17
426.0,0.048,3,3,130.79866923630402,0.14260604511972033,0.00878671459050897,0.0
426.0,0.0485,3,1,9.144245043492685,0.08030713475276975,0.25914569396041964,0.0
426.0,0.0485,3,2,69.33552396693877,0.13599570157188515,0.018990613242207816,8.326672684688674e-17
426.0,0.0485,3,3,140.4483357096405,0.14320965906666988,0.008048491268727606,1.3877787807814457e-16
426.0,0.049,3,1,9.374766293987578,0.08160449578939145,0.25041464430263394,1.3877787807814457e-17
426.0,0.049,3,2,63.039017317277974,0.13476401070689595,0.021321170581870226,2.7755575615628914e-17
426.0,0.049,3,3,148.11183893030346,0.14364632741348804,0.007534632634127313,0.0
426.0,0.0495,3,1,9.6236822681495,0.08294537394868558,0.24154795555601122,1.3877787807814457e-17
426.0,0.0495,3,2,57.81862891967151,0.13357850074238667,0.023691706922092645,-2.7755575615628914e-17
426.0,0.0495,3,3,154.65232844123855,0.14399337681807067,0.00713832335940117,-1.1102230246251565e-16
426.0,0.05,3,1,9.894075434468517,0.08433599125128544,0.23252118249089934,0.0
426.0,0.05,3,2,53.30304182963889,0.1324007226044912,0.02617049072127235,0.0
426.0,0.05,3,3,160.43881797352816,0.14428303163896375,0.006815751844415597,-1.942890293094024e-16
426.0,0.0505,3,1,10.189889075072157,0.08578418715465726,0.22330337341201928,0.0
426.0,0.0505,3,2,49.28980324766515,0.13120585203579024,0.028811248074126702,2.7755575615628914e-17
426.0,0.0505,3,3,165.6705676696094,0.14453227408057737,0.006544154819259523,1.6653345369377348e-16
426.0,0.051,3,1,10.51629087468503,0.08730007427136112,0.21385440624606494,0.0
426.0,0.051,3,2,45.6519463359847,0.12997357644121557,0.03166760292373661,0.0
426.0,0.051,3,3,170.4700999957767,0.1447513016245828,0.006310041070493989,2.7755575615628914e-17
426.0,0.0515,3,1,10.880256707801198,0.08889708094605038,0.20412074438862032,-1.3877787807814457e-17
426.0,0.0515,3,2,42.30124370960799,0.12868380155592357,0.0348018106580464,0.0
426.0,0.0515,3,3,174.91936370943807,0.1449467777808418,0.006104702022048063,1.6653345369377348e-16
426.0,0.052,3,1,11.291561111159444,0.09059370239282609,0.19402829368587632,2.7755575615628914e-17
426.0,0.052,3,2,39.170434246170565,0.1273134081487115,0.03829394602764033,2.7755575615628914e-17
426.0,0.052,3,3,179.0765177541095,0.14512332424266192,0.005922166858570143,-1.1102230246251565e-16
426.0,0.0525,3,1,11.764580539575288,0.09241665582553255,0.18346950635937123,1.3877787807814457e-17
426.0,0.0525,3,2,36.20265106826639,0.125832325556605,0.04225584851962842,-2.7755575615628914e-17
426.0,0.0525,3,3,182.98470113479308,0.14528429221814929,0.005758153248278316,-1.3877787807814457e-16
426.0,0.053,3,1,12.321899323723548,0.09440712198864554,0.17227781793397826,0.0
426.0,0.053,3,2,33.342823830292105,0.12419685564693549,0.04685727234031364,1.3877787807814457e-17
426.0,0.053,3,3,186.6770257271214,0.14543219693367598,0.005609480452510395,2.220446049250313e-16
426.0,0.0535,3,1,13.00253870181159,0.09663482854475634,0.16016984836867762,0.0
426.0,0.0535,3,2,30.526416475088542,0.12233532812259336,0.052384035832345535,-1.3877787807814457e-17
426.0,0.0535,3,3,190.1796104867837,0.1455689789377612,0.005473718796813291,-6.106226635438361e-16
426.0,0.054,3,1,13.884973460052265,0.09923696890437395,0.14658534155859068,2.7755575615628914e-17
426.0,0.054,3,2,27.654470156626243,0.12010901622668264,0.05939830247520289,2.7755575615628914e-17
426.0,0.054,3,3,193.51352283155535,0.14569616956340484,0.005348969186341159,7.494005416219807e-16
426.0,0.0545,3,1,15.180704774973822,0.10257429729730312,0.1300437521774071,4.163336342344337e-17
426.0,0.0545,3,2,24.498736186189184,0.11715593242187781,0.06938213869165917,5.551115123125783e-17
426.0,0.0545,3,3,196.6960737486283,0.1458150001743079,0.00523371847383921,5.551115123125783e-17
427.0,0.0475,3,1,8.73071329862347,0.07783266066112851,0.27621335568361016,0.0
427.0,0.0475,3,2,90.01468170316373,0.13901660624782006,0.013845539235063825,-5.551115123125783e-17
427.0,0.0475,3,3,117.64272110961204,0.141661571446864,0.010006794780237572,0.0
427.0,0.048,3,1,8.931512628887234,0.07905773651408596,0.26769537953014005,0.0
427.0,0.048,3,2,76.98285058520537,0.13726443852755124,0.016730953633879244,-2.7755575615628914e-17
427.0,0.048,3,3,132.13295271780407,0.14269082949644268,0.00868106776038286,2.7755575615628914e-17
427.0,0.0485,3,1,9.146278634593259,0.08031721410392113,0.25907728473915254,1.3877787807814457e-17
427.0,0.0485,3,2,68.9563095596829,0.1359248552995876,0.019121010612777368,0.0
427.0,0.0485,3,3,141.57373419880105,0.1432731860590729,0.007972681012710684,5.551115123125783e-17
427.0,0.049,3,1,9.377011342368721,0.08161524962483865,0.25034289777717295,2.7755575615628914e-17
427.0,0.049,3,2,62.760326291660945,0.1347029891144306,0.02144013918304879,-2.7755575615628914e-17
427.0,0.049,3,3,149.1386398692896,0.14369934948443175,0.007473391773541569,-8.326672684688674e-17
427.0,0.0495,3,1,9.626177022928056,0.08295689608651252,0.24147245684350924,0.0
427.0,0.0495,3,2,57.60014343167431,0.13352323024081367,0.023805273315444415,5.551115123125783e-17
427.0,0.0495,3,3,155.62077126427747,0.1440398736972407,0.007086040030788676,8.326672684688674e-17
427.0,0.05,3,1,9.89686900119803,0.0843483989722777,0.23244141521410233,1.3877787807814457e-17
427.0,0.05,3,2,53.124940596300334,0.1323491048186524,0.026281947299199984,-2.7755575615628914e-17
427.0,0.05,3,3,161.3686358280175,0.14432498438115993,0.006769649850506266,-1.3877787807814457e-16
427.0,0.0505,3,1,10.193045920606846,0.08579763024254472,0.223218681052601,0.0
427.0,0.0505,3,2,49.14068506784834,0.13115658479200934,0.02892285676674316,2.7755575615628914e-17
427.0,0.0505,3,3,166.5730593482235,0.1445708350377178,0.006502628568705761,-8.326672684688674e-17
427.0,0.051,3,1,10.519897952531595,0.08731474906230034,0.21376393224012527,1.3877787807814457e-17
427.0,0.051,3,2,45.52456115080193,0.12992572437636893,0.03178124420324595,2.7755575615628914e-17
427.0,0.051,3,3,171.3523917103939,0.14478720978710072,0.006272066477931852,5.551115123125783e-17
427.0,0.0515,3,1,10.88443529385845,0.08891325324718381,0.20402333466628256,-2.7755575615628914e-17
427.0,0.0515,3,2,42.190631483070625,0.12863659196712518,0.034919337229416716,-2.7755575615628914e-17
427.0,0.0515,3,3,175.78625833630667,0.1449805400093924,0.0060695802777714115,-5.551115123125783e-17
427.0,0.052,3,1,11.296487708487957,0.09061174721314359,0.19392232817828542,-1.3877787807814457e-17
427.0,0.052,3,2,39.0729860406241,0.1272661007861779,0.03841747884857603,2.7755575615628914e-17
427.0,0.052,3,3,179.93141281696174,0.14515530574434912,0.0058893969015048645,-1.1102230246251565e-16
427.0,0.0525,3,1,11.770526854897557,0.09243713189876168,0.18335258384451186,-2.7755575615628914e-17
427.0,0.0525,3,2,36.115567618794216,0.1257840883952354,0.04238816180849246,-2.7755575615628914e-17
427.0,0.0525,3,3,183.83009021891363,0.14531476625201048,0.0057273619121898335,2.7755575615628914e-17
427.0,0.053,3,1,12.329317383249562,0.09443092727911646,0.17214610031622526,1.3877787807814457e-17
427.0,0.053,3,2,33.263736138514304,0.12414658003785944,0.04700249041533902,2.7755575615628914e-17
427.0,0.053,3,3,187.51479273626575,0.1454613741532259,0.005580381347189867,5.551115123125783e-17
427.0,0.0535,3,1,13.012272381267234,0.09666357860439011,0.16001647008930303,1.3877787807814457e-17
427.0,0.0535,3,2,30.452991615275007,0.12228123211421038,0.05254924930494468,2.7755575615628914e-17
427.0,0.0535,3,3,191.0112122750703,0.1455970257129219,0.005446086704214353,0.0
427.0,0.054,3,1,13.898931285528189,0.09927417319178826,0.14639548032284264,1.3877787807814457e-17
427.0,0.054,3,2,27.58361987837752,0.120047456276955,0.059598514202931975,6.938893903907228e-17
427.0,0.054,3,3,194.3401077693659,0.1457232199490677,0.005322623380485678,1.1102230246251565e-16
427.0,0.0545,3,1,15.205338887204132,0.10263128595883975,0.1297698830328797,0.0
427.0,0.0545,3,2,24.423058049783602,0.1170754685034206,0.06966502097784091,2.7755575615628914e-17
427.0,0.0545,3,3,197.51856159376007,0.14584116402417688,0.00520851144278018,0.0
428.0,0.0475,3,1,8.732402578980858,0.07784157016277556,0.27615092617101095,4.163336342344337e-17
428.0,0.0475,3,2,88.66589157334275,0.13885257321494973,0.014104085578066864,2.7755575615628914e-17
428.0,0.0475,3,3,119.73393103273658,0.141819460616789,0.009797312332778866,5.551115123125783e-17
428.0,0.048,3,1,8.933358042795717,0.07906717914319893,0.2676302428402144,-2.7755575615628914e-17
428.0,0.048,3,2,76.4200468136241,0.13717605782519707,0.016883725911607667,-2.7755575615628914e-17
428.0,0.048,3,3,133.44023898566752,0.14277252756793984,0.008579871168656425,-1.1102230246251565e-16
428.0,0.0485,3,1,9.148304613783658,0.08032725291258647,0.2590091596585177,0.0
428.0,0.0485,3,2,68.58839909132331,0.13585548613171736,0.0192491215670335,-8.326672684688674e-17
428.0,0.0485,3,3,142.68812291936612,0.14333527073159735,0.007898938559003704,2.7755575615628914e-17
428.0,0.049,3,1,9.379248188930191,0.08162596087971406,0.25027144555573233,1.3877787807814457e-17
428.0,0.049,3,2,62.48799820834288,0.13464291406206527,0.021557585723941623,2.7755575615628914e-17
428.0,0.049,3,3,150.15937036375567,0.14375146186751925,0.0074134451112853805,2.7755575615628914e-17
428.0,0.0495,3,1,9.628662927470264,0.08296837345932051,0.24139726318559837,1.3877787807814457e-17
428.0,0.0495,3,2,57.385788341294734,0.13346865662920185,0.0239176742088141,2.7755575615628914e-17
428.0,0.0495,3,3,156.58537461316442,0.14408571275278334,0.007034684505922504,8.326672684688674e-17
428.0,0.05,3,1,9.899653010650427,0.08436075959982377,0.23236196430039655,1.3877787807814457e-17
428.0,0.05,3,2,52.9497520890428,0.1322980426663407,0.02639243714085611,0.0
428.0,0.05,3,3,162.29583040284857,0.1443664229142628,0.006724266505268943,-8.326672684688674e-17
428.0,0.0505,3,1,10.19619245102024,0.08581102378484828,0.2231343168087014,4.163336342344337e-17
428.0,0.0505,3,2,48.99373555277275,0.1311077839867962,0.02903362150415035,-2.7755575615628914e-17
428.0,0.0505,3,3,167.47367041990688,0.14460897346256182,0.00646168735130296,1.942890293094024e-16
428.0,0.051,3,1,10.523493932363552,0.08732937179055413,0.21367379825497704,1.3877787807814457e-17
428.0,0.051,3,2,45.39885390782414,0.1298782781706762,0.03189412258720505,2.7755575615628914e-17
428.0,0.051,3,3,172.23329221369383,0.14482275854356072,0.006234584872381115,0.0
428.0,0.0515,3,1,10.888602040607797,0.08892937104670251,0.20392627635139624,1.3877787807814457e-17
428.0,0.0515,3,2,42.08135525567063,0.12858974481049654,0.035036157374110435,5.551115123125783e-17
428.0,0.0515,3,3,176.6521023620988,0.1450139887275423,0.0060348845845758226,3.0531133177191805e-16
428.0,0.052,3,1,11.301401930759278,0.09062973550835259,0.193816723413685,0.0
428.0,0.052,3,2,38.976625323816435,0.12721912314689918,0.03854034752660446,2.7755575615628914e-17
428.0,0.052,3,3,180.78550428554217,0.14518700849780544,0.005857002296617876,1.942890293094024e-16
428.0,0.0525,3,1,11.776460878497211,0.09245755065898657,0.1832360257105655,1.3877787807814457e-17
428.0,0.0525,3,2,36.02938461649772,0.12573615459159873,0.04251984787670778,2.7755575615628914e-17
428.0,0.0525,3,3,184.67486066154066,0.14534498872083415,0.005696906289295586,-1.1102230246251565e-16
428.0,0.053,3,1,12.336724987157984,0.09445467787737544,0.17201473551639546,0.0
428.0,0.053,3,2,33.18540300798218,0.1240965833884272,0.047147125544509054,-4.163336342344337e-17
428.0,0.053,3,3,188.35208318133348,0.14549032161482253,0.005551586165239154,-2.220446049250313e-16
428.0,0.0535,3,1,13.02200282423682,0.0966922867303252,0.15986338883327292,2.7755575615628914e-17
428.0,0.0535,3,2,30.380200712952114,0.12222738447244219,0.052713962580152304,0.0
428.0,0.0535,3,3,191.84244894370994,0.145624860594442,0.005418732503849696,2.220446049250313e-16
428.0,0.054,3,1,13.91291392230045,0.09931138609670853,0.14620569818927187,2.7755575615628914e-17
428.0,0.054,3,2,27.513284656947597,0.11998607928045908,0.05979846626654275,5.551115123125783e-17
428.0,0.054,3,3,195.16641653164413,0.14575007333307158,0.005296533778270773,-2.498001805406602e-16
428.0,0.0545,3,1,15.230170388890581,0.10268858465172548,0.12949481502274296,-5.551115123125783e-17
428.0,0.0545,3,2,24.347648485251035,0.11699487355538396,0.06994894082952975,-1.3877787807814457e-17
428.0,0.0545,3,3,198.3408452920163,0.14586714347116211,0.0051835422777884825,-5.551115123125783e-16
429.0,0.0475,3,1,8.734085305895029,0.07785044301602502,0.2760887604687984,0.0
429.0,0.0475,3,2,87.4807564367339,0.13870493126274555,0.014338841720909951,8.326672684688674e-17
429.0,0.0475,3,3,121.66178272290861,0.1419609895551872,0.009611419524759598,2.7755575615628914e-17
429.0,0.048,3,1,8.935196420885163,0.07907658336660893,0.26756537895599547,2.7755575615628914e-17
429.0,0.048,3,2,75.88194341506596,0.13709051941725944,0.017032246272465534,2.7755575615628914e-17
429.0,0.048,3,3,134.72311978566495,0.14285141598077045,0.00848271784507361,5.551115123125783e-17
429.0,0.0485,3,1,9.15032302465795,0.08033725142731707,0.25894131692360234,0.0
429.0,0.0485,3,2,68.23113239283823,0.13578751678953546,0.01937506220407589,0.0
429.0,0.0485,3,3,143.79216101203605,0.1433959901317611,0.007827149141959675,-5.551115123125783e-17
429.0,0.049,3,1,9.381476879787702,0.08163662981217572,0.25020028579494535,4.163336342344337e-17
429.0,0.049,3,2,62.221758890099615,0.1345837502764431,0.02167356427989355,0.0
429.0,0.049,3,3,151.17430356751186,0.14380269959505418,0.00735473994753469,-2.7755575615628914e-17
429.0,0.0495,3,1,9.631140030498287,0.08297980633510027,0.24132237268994555,2.7755575615628914e-17
429.0,0.0495,3,2,57.17542047910345,0.13341475962382357,0.024028941383511856,8.326672684688674e-17
429.0,0.0495,3,3,157.54628063861256,0.14413091401731515,0.006984226421587724,1.3877787807814457e-16
429.0,0.05,3,1,9.90242751418324,0.08437307341183824,0.23228282780864776,4.163336342344337e-17
429.0,0.05,3,2,52.77739090613133,0.13224752280299856,0.026501981645978643,5.551115123125783e-17
429.0,0.05,3,3,163.22048608558663,0.14440736032157028,0.006679581869463162,4.163336342344337e-16
429.0,0.0505,3,1,10.19932872024332,0.08582436806928928,0.22305027869155447,0.0
429.0,0.0505,3,2,48.84889913092696,0.1310594400328238,0.02914355803897743,0.0
429.0,0.0505,3,3,168.37245544648556,0.14464669867114519,0.006421316916149352,0.0
429.0,0.051,3,1,10.527078870491685,0.08734394275324431,0.21358400225673682,0.0
429.0,0.051,3,2,45.27478616348244,0.12983123049643017,0.03200625041985942,-2.7755575615628914e-17
429.0,0.051,3,3,173.11283894412637,0.14485795494075446,0.006197585450030943,-1.1102230246251565e-16
429.0,0.0515,3,1,10.8927570063972,0.08894543465040751,0.20382956736888908,-1.3877787807814457e-17
429.0,0.0515,3,2,41.973387198316374,0.1285432542237843,0.035152281219220934,0.0
429.0,0.0515,3,3,177.51692261557952,0.1450471295077262,0.006000606390577707,3.885780586188048e-16
429.0,0.052,3,1,11.306303838021673,0.09064766759222849,0.19371147727958535,4.163336342344337e-17
429.0,0.052,3,2,38.88133123437654,0.1271724703744883,0.03866256066317987,0.0
429.0,0.052,3,3,181.6388120259151,0.14521843706140172,0.00582497604866066,1.1102230246251565e-16
429.0,0.0525,3,1,11.782382672776492,0.09247791242922687,0.1831198298024198,-1.3877787807814457e-17
429.0,0.0525,3,2,35.94408598327863,0.12568852000898778,0.0426509142375405,0.0
429.0,0.0525,3,3,185.5190275497259,0.14537496345384418,0.00566678050873181,-3.608224830031759e-16
429.0,0.053,3,1,12.344122206918668,0.09447837412861217,0.1718837212799399,2.7755575615628914e-17
429.0,0.053,3,2,33.10781175837704,0.12404686208280315,0.0472911844928642,1.3877787807814457e-17
429.0,0.053,3,3,189.18890874903585,0.1455190426044259,0.0055230898770243855,2.7755575615628914e-17
429.0,0.0535,3,1,13.031730152906034,0.09672095336772744,0.15971060190749425,5.551115123125783e-17
429.0,0.0535,3,2,30.30803353522938,0.12217378189797533,0.05287818220738759,9.71445146547012e-17
429.0,0.0535,3,3,192.6733296876736,0.1456524864515609,0.00539165181381455,2.7755575615628914e-16
429.0,0.054,3,1,13.92692184911293,0.0993486087151501,0.1460159896592628,-1.3877787807814457e-17
429.0,0.054,3,2,27.44345578050174,0.11992488161430355,0.05999816750373573,-4.163336342344337e-17
429.0,0.054,3,3,195.99245644205135,0.14577673225716295,0.0052706965085908076,-3.608224830031759e-16
429.0,0.0545,3,1,15.25520492333319,0.10274620340717726,0.12921850480524222,4.163336342344337e-17
429.0,0.0545,3,2,24.272495057237467,0.11691413528214843,0.07023394451009375,5.551115123125783e-17
429.0,0.0545,3,3,199.1629307322297,0.14589294079431578,0.005158807518780569,2.220446049250313e-16
430.0,0.0475,3,1,8.735761517971417,0.07785927944924723,0.27602685689050166,0.0
430.0,0.0475,3,2,86.41800885920357,0.13856963739691844,0.014555665261783288,-2.7755575615628914e-17
430.0,0.0475,3,3,123.46754258141677,0.14209020104571898,0.009443259999940876,-2.7755575615628914e-17
430.0,0.048,3,1,8.937027804020103,0.07908594942157184,0.26750078614503786,1.3877787807814457e-17
430.0,0.048,3,2,75.36632320887318,0.13700758584675038,0.017176864830400002,-2.7755575615628914e-17
430.0,0.048,3,3,135.98381127099785,0.1429277319721838,0.00838925895730067,8.326672684688674e-17
430.0,0.0485,3,1,9.152333910471402,0.08034720989460585,0.2588737547547759,1.3877787807814457e-17
430.0,0.0485,3,2,67.88390833973062,0.1357208766823903,0.019498938580685014,0.0
430.0,0.0485,3,3,144.88644857898024,0.14345541462101705,0.007757208027274714,1.3877787807814457e-16
430.0,0.049,3,1,9.383697460703427,0.08164725667826021,0.25012941666704974,1.3877787807814457e-17
430.0,0.049,3,2,61.961352138511394,0.13452546468643198,0.02178812556131329,0.0
430.0,0.049,3,3,152.1836946615298,0.14385309549920236,0.00729722693616323,8.326672684688674e-17
430.0,0.0495,3,1,9.633608380366296,0.08299119497965869,0.2412477834801383,0.0
430.0,0.0495,3,2,56.96890416351045,0.13336151993456385,0.024139105075770762,2.7755575615628914e-17
430.0,0.0495,3,3,158.50362400943413,0.14417549653199155,0.006934636948151114,2.7755575615628914e-17
430.0,0.05,3,1,9.905192562772127,0.08438534068399083,0.23220400381394898,6.938893903907228e-17
430.0,0.05,3,2,52.607775391283454,0.13219753242345333,0.026610601360550885,-2.7755575615628914e-17
430.0,0.05,3,3,164.14268352425208,0.14444780914920996,0.006635576845862591,-8.326672684688674e-17
430.0,0.0505,3,1,10.20245478181264,0.08583766338128627,0.2229665647289078,1.3877787807814457e-17
430.0,0.0505,3,2,48.706122343464926,0.13101154367351556,0.02925268159083162,5.551115123125783e-17
430.0,0.0505,3,3,169.26946688300896,0.1446840196510287,0.006381503533394562,1.942890293094024e-16
430.0,0.051,3,1,10.530652822821134,0.0873584622451346,0.21349454222830555,0.0
430.0,0.051,3,2,45.15232077129065,0.12978457424702997,0.03211763968257285,2.7755575615628914e-17
430.0,0.051,3,3,173.99106804891704,0.14489280580669983,0.006161057757771518,-2.220446049250313e-16
430.0,0.0515,3,1,10.896900249159637,0.08896144436169084,0.2037332056607198,0.0
430.0,0.0515,3,2,41.86670032996397,0.12849711450236537,0.0352677186283241,-5.551115123125783e-17
430.0,0.0515,3,3,178.38074508329666,0.1450799677671346,0.0059667373950407785,1.1102230246251565e-16
430.0,0.052,3,1,11.311193489900157,0.09066554377608865,0.19360658768076364,0.0
430.0,0.052,3,2,38.78708349291842,0.12712613773066248,0.03878412665861778,-2.7755575615628914e-17
430.0,0.052,3,3,182.49135532796268,0.14524959587784145,0.00579331135097984,3.608224830031759e-16
430.0,0.0525,3,1,11.788292299709646,0.09249821753000288,0.18300399398242706,1.3877787807814457e-17
430.0,0.0525,3,2,35.859656056062356,0.12564118060274335,0.042781368244564404,0.0
430.0,0.0525,3,3,186.36260556126592,0.1454046941906971,0.00563697884664425,0.0
430.0,0.053,3,1,12.351509113606612,0.0945020163755481,0.17175305536964744,-1.3877787807814457e-17
430.0,0.053,3,2,33.03095001465774,0.1239974125791541,0.04743467389486471,-5.551115123125783e-17
430.0,0.053,3,3,190.02528082650443,0.14554754033644499,0.005494887570996847,-2.7755575615628914e-17
430.0,0.0535,3,1,13.04145448953133,0.0967495789601306,0.15955810663256595,-1.3877787807814457e-17
430.0,0.0535,3,2,30.23648007915972,0.1221204211517552,0.05304191463006852,-5.551115123125783e-17
430.0,0.0535,3,3,193.50386347718697,0.14567990609487708,0.005364840349414675,-5.551115123125783e-17
430.0,0.054,3,1,13.940955551266093,0.09938584215312246,0.14582634919784218,5.551115123125783e-17
430.0,0.054,3,2,27.374124707934982,0.11986385969468816,0.06019762671185376,2.7755575615628914e-17
430.0,0.054,3,3,196.81823465219549,0.14580319921399051,0.005245107782015745,-2.7755575615628914e-16
430.0,0.0545,3,1,15.280448371486969,0.1028041526630074,0.1289409073241951,-1.3877787807814457e-17
430.0,0.0545,3,2,24.197585231883153,0.11683324102334298,0.07052007993254211,-1.3877787807814457e-17
430.0,0.0545,3,3,199.98482366927786,0.14591855823083535,0.00513430377548393,-1.1102230246251565e-16
431.0,0.0475,3,1,8.737431253508795,0.07786807968889908,0.27596521376412453,0.0
431.0,0.0475,3,2,85.45114532516482,0.13844408801722832,0.0147583276726652,2.7755575615628914e-17
431.0,0.0475,3,3,125.17771309700079,0.14220969847986745,0.009289063517961113,2.7755575615628914e-17
431.0,0.048,3,1,8.938852232744233,0.07909527754336916,0.2674364626896905,-1.3877787807814457e-17
431.0,0.048,3,2,74.8712729646889,0.13692705160303473,0.017317884571571785,-2.7755575615628914e-17
431.0,0.048,3,3,137.22422565053665,0.14300168083501186,0.008299192790192297,-8.326672684688674e-17
431.0,0.0485,3,1,9.154337314143811,0.08035712855890888,0.2588064713875261,0.0
431.0,0.0485,3,2,67.54617778495715,0.1356555011177554,0.019620847898833615,-2.7755575615628914e-17
431.0,0.0485,3,3,145.9715337508528,0.14351360866469193,0.00768901932459162,0.0
431.0,0.049,3,1,9.385909977089568,0.08165784173190535,0.25005883635971865,4.163336342344337e-17
431.0,0.049,3,2,61.70653814958295,0.13446802623291854,0.021901317204748322,0.0
431.0,0.049,3,3,153.18778243827197,0.1439026804021751,0.007240859793783508,-1.6653345369377348e-16
431.0,0.0495,3,1,9.63606802506408,0.08300253965664184,0.2411734936955141,-1.3877787807814457e-17
431.0,0.0495,3,2,56.766110674369294,0.13330891919697166,0.024248194082579694,-2.7755575615628914e-17
431.0,0.0495,3,3,159.45753243888805,0.14421947841443233,0.006885888683847127,-1.3877787807814457e-16
431.0,0.05,3,1,9.907948207014671,0.08439756168972991,0.23212549040744476,4.163336342344337e-17
431.0,0.05,3,2,52.440827413221726,0.13214805923128153,0.026718316025356594,5.551115123125783e-17
431.0,0.05,3,3,165.0624998477315,0.14448778143675137,0.006592233130819987,5.551115123125783e-17
431.0,0.0505,3,1,10.205570688873994,0.08585091000397825,0.22288317296484883,4.163336342344337e-17
431.0,0.0505,3,2,48.565353736679654,0.1309640859669364,0.029361006872273197,0.0
431.0,0.0505,3,3,170.16475518522358,0.1447209450773828,0.006342233968385901,1.942890293094024e-16
431.0,0.051,3,1,10.534215844855186,0.08737293055865454,0.21340541616919217,1.3877787807814457e-17
431.0,0.051,3,2,45.03142182342126,0.1297383025275323,0.03222830200932529,2.7755575615628914e-17
431.0,0.051,3,3,174.8680144424439,0.14492731776006512,0.006124991677818982,1.1102230246251565e-16
431.0,0.0515,3,1,10.901031826416759,0.08897740048155918,0.20363718918570392,0.0
431.0,0.0515,3,2,41.76126848322009,0.12845132009323298,0.03538247921151007,-8.326672684688674e-17
431.0,0.0515,3,3,179.24359494393047,0.14511250877370271,0.005933269538468485,-3.608224830031759e-16
431.0,0.052,3,1,11.31607094560063,0.09068336436881796,0.19350205253907932,2.7755575615628914e-17
431.0,0.052,3,2,38.693862380494934,0.12708012059116483,0.03890505371901305,2.7755575615628914e-17
431.0,0.052,3,3,183.3431529268784,0.1452804892782131,0.005762001578725833,2.7755575615628914e-17
431.0,0.0525,3,1,11.79418982084676,0.09251846627936024,0.1828885161302231,-1.3877787807814457e-17
431.0,0.0525,3,2,35.7760795726229,0.12559413241734593,0.04291121709667607,2.7755575615628914e-17
431.0,0.0525,3,3,187.20560897882848,0.1454341845843646,0.005607495721299393,2.220446049250313e-16
431.0,0.053,3,1,12.358885777906568,0.09452560495846368,0.17162273556545302,2.7755575615628914e-17
431.0,0.053,3,2,32.9548056973528,0.1239482314074864,0.04757760025818543,0.0
431.0,0.053,3,3,190.86121051095392,0.14557581795587288,0.005466974450031843,-1.6653345369377348e-16
431.0,0.0535,3,1,13.051175956450495,0.09677816394947476,0.15940590034253785,-1.3877787807814457e-17
431.0,0.0535,3,2,30.16553056486258,0.12206729905331054,0.053205166188629235,-1.3877787807814457e-17
431.0,0.0535,3,3,194.33405906455422,0.1457071222779836,0.005338293920333969,5.551115123125783e-17
431.0,0.054,3,1,13.95501552078429,0.0994230875269475,0.1456367712322352,2.7755575615628914e-17
431.0,0.054,3,2,27.305283063712885,0.1198030099752958,0.060396852651522316,2.7755575615628914e-17
431.0,0.054,3,3,197.64375814658186,0.14582947664839435,0.005219763888539609,1.1102230246251565e-16
431.0,0.0545,3,1,15.305906866230202,0.102862443288029,0.1286619757057041,1.3877787807814457e-17
431.0,0.0545,3,2,24.122906358836126,0.11675217772839963,0.07080739676457971,0.0
431.0,0.0545,3,3,200.8065297277677,0.14594399797710392,0.005110027725605731,-5.551115123125783e-16
432.0,0.0475,3,1,8.739094550502344,0.07787684395954429,0.27590382943199016,2.7755575615628914e-17
432.0,0.0475,3,2,84.56195318550809,0.1383264891235412,0.014949427213927296,2.7755575615628914e-17
432.0,0.0475,3,3,126.81050589787118,0.14232127565086075,0.00914623303983846,1.1102230246251565e-16
432.0,0.048,3,1,8.940669747283522,0.07910456796532839,0.26737240688693964,2.7755575615628914e-17
432.0,0.048,3,2,74.39512839583365,0.1368487373841448,0.017455569824312806,-5.551115123125783e-17
432.0,0.048,3,3,138.44602619539734,0.14307344165533323,0.008212256275944057,-1.1102230246251565e-16
432.0,0.0485,3,1,9.15633327826287,0.08036700766266684,0.2587394650722957,4.163336342344337e-17
432.0,0.0485,3,2,67.21743754012768,0.1355913306276247,0.0197408795181574,2.7755575615628914e-17
432.0,0.0485,3,3,147.04791870555292,0.14357063150557045,0.0076224949751408375,-2.7755575615628914e-17
432.0,0.049,3,1,9.388114474011564,0.08166838522497107,0.2499885430759014,1.3877787807814457e-17
432.0,0.049,3,2,61.45709210360128,0.13441140569930132,0.02201318403224605,0.0
432.0,0.049,3,3,154.18679071178798,0.14395148328571394,0.007185595040500265,-1.3877787807814457e-16
432.0,0.0495,3,1,9.638519012220545,0.08301384062755704,0.24109950149099316,5.551115123125783e-17
432.0,0.0495,3,2,56.56691777290456,0.1332569399102058,0.024356235858318222,0.0
432.0,0.0495,3,3,160.40812716470532,0.14426287692075299,0.006837955558259261,2.498001805406602e-16
432.0,0.05,3,1,9.910694497133946,0.08440973670030527,0.23204728569616256,2.7755575615628914e-17
432.0,0.05,3,2,52.27647216148876,0.13209909141039214,0.026825144621009444,2.7755575615628914e-17
432.0,0.05,3,3,165.9800088699027,0.14452728874559898,0.006549533169355831,5.551115123125783e-17
432.0,0.0505,3,1,10.208676494186063,0.08586410821824776,0.22280010145963453,1.3877787807814457e-17
432.0,0.0505,3,2,48.426543761334806,0.1309170582706877,0.02946854811316762,-2.7755575615628914e-17
432.0,0.0505,3,3,171.0583689101951,0.14475748332806862,0.006303495457437412,-1.6653345369377348e-16
432.0,0.051,3,1,10.537767991699091,0.08738734798392338,0.213316622095338,4.163336342344337e-17
432.0,0.051,3,2,44.91205459557817,0.12969240864572104,0.03233824870135773,2.7755575615628914e-17
432.0,0.051,3,3,175.74371186131535,0.14496149721907495,0.006089377413192654,1.942890293094024e-16
432.0,0.0515,3,1,10.905151795282853,0.0889933033086584,0.20354151591933406,-2.7755575615628914e-17
432.0,0.0515,3,2,41.65706627169076,0.1284058655892783,0.03549657233492074,5.551115123125783e-17
432.0,0.0515,3,3,180.1054966008987,0.1451447576518041,0.00590019499318985,2.220446049250313e-16
432.0,0.052,3,1,11.320936263913419,0.0907011296768923,0.19339786979330204,4.163336342344337e-17
432.0,0.052,3,2,38.60164871805004,0.12703441444186855,0.03902534986284678,5.551115123125783e-17
432.0,0.052,3,3,184.19422302367462,0.1453111214858613,0.005731040282369433,1.6653345369377348e-16
432.0,0.0525,3,1,11.800075297317818,0.09253865899289536,0.18277339414254543,0.0
432.0,0.0525,3,2,35.693341658011214,0.1255473715836256,0.04304046784290596,-2.7755575615628914e-17
432.0,0.0525,3,3,188.04805170347973,0.14546343820389757,0.005578325688399987,-1.1102230246251565e-16
432.0,0.053,3,1,12.36625227011693,0.09454914021522297,0.17149275966425828,-1.3877787807814457e-17
432.0,0.053,3,2,32.87936701323988,0.1238993151675658,0.04771996996736122,-5.551115123125783e-17
432.0,0.053,3,3,191.696708618955,0.145603878540341,0.005439345827909892,-1.6653345369377348e-16
432.0,0.0535,3,1,13.060894676092639,0.09680670877614278,0.15925398038467972,0.0
432.0,0.0535,3,2,30.095175428905847,0.12201441247913904,0.053367943123423384,1.3877787807814457e-17
432.0,0.0535,3,3,195.1639249907221,0.1457341376990459,0.00531200842790522,-2.498001805406602e-16
432.0,0.054,3,1,13.969102256588974,0.09946034596358871,0.1454472501503736,0.0
432.0,0.054,3,2,27.236922632879384,0.11974232894571653,0.06059585405025697,-4.163336342344337e-17
432.0,0.054,3,3,198.4690337473883,0.14585556695865176,0.005194661195406241,-2.7755575615628914e-17
432.0,0.0545,3,1,15.33158680774035,0.10292108660834513,0.12838166114690894,2.7755575615628914e-17
432.0,0.0545,3,2,24.048445652282776,0.11667093192925497,0.07109594654157347,6.938893903907228e-17
432.0,0.0545,3,3,201.62805440558395,0.14596926218969766,0.005085976113061176,-1.6653345369377348e-16
433.0,0.0475,3,1,8.740751446646742,0.07788557248387333,0.2758427022505845,1.3877787807814457e-17
433.0,0.0475,3,2,83.7372838699425,0.13821554200690947,0.015130844498217779,-2.7755575615628914e-17
433.0,0.0475,3,3,128.37906853932094,0.1424262310625716,0.00901288916419459,-5.551115123125783e-17
433.0,0.048,3,1,8.94248038754932,0.07911382091884335,0.26730861704825226,-4.163336342344337e-17
433.0,0.048,3,2,73.93643130387102,0.13677248562138616,0.01759015286499545,-5.551115123125783e-17
433.0,0.048,3,3,139.65067009432394,0.14314317178784638,0.00812821838833236,-1.6653345369377348e-16
433.0,0.0485,3,1,9.15832184508733,0.08037684744632563,0.25867273407432506,2.7755575615628914e-17
433.0,0.0485,3,2,66.89722522122868,0.1355283103909572,0.019859115823947806,5.551115123125783e-17
433.0,0.0485,3,3,148.11606482244704,0.14362653774142847,0.007557553883859293,0.0
433.0,0.049,3,1,9.39031099619168,0.0816788874072618,0.24991853503365455,-1.3877787807814457e-17
433.0,0.049,3,2,61.2128029064191,0.1343555755599902,0.022123768283129702,8.326672684688674e-17
433.0,0.049,3,3,155.18092957638123,0.14399953144256877,0.007131391768248079,8.326672684688674e-17
433.0,0.0495,3,1,9.64096138910709,0.08302509815179461,0.24102580503691526,1.3877787807814457e-17
433.0,0.0495,3,2,56.371209263088915,0.1332055653802611,0.02446325660315475,-2.7755575615628914e-17
433.0,0.0495,3,3,161.35552338766104,0.14430570850231586,0.006790812744036942,8.326672684688674e-17
433.0,0.05,3,1,9.913431482982038,0.08442186598479035,0.23196938780284612,-2.7755575615628914e-17
433.0,0.05,3,2,52.11463795708453,0.1320506175986342,0.026931105409768088,-2.7755575615628914e-17
433.0,0.05,3,3,166.89528127895704,0.1445663421853618,0.00650746011346072,-1.942890293094024e-16
433.0,0.0505,3,1,10.211772250124215,0.08587725830274447,0.2227173482895173,-1.3877787807814457e-17
433.0,0.0505,3,2,48.28964467833379,0.13087045222773167,0.02957531908353416,-5.551115123125783e-17
433.0,0.0505,3,3,171.9503548105958,0.1447936424977902,0.006265275685098888,-2.7755575615628914e-16
433.0,0.051,3,1,10.541309318063709,0.08740171480877319,0.21322815803894657,-1.3877787807814457e-17
433.0,0.051,3,2,44.79418549494336,0.1296468861036616,0.03244749074101985,-5.551115123125783e-17
433.0,0.051,3,3,176.61819291637894,0.14499535040993217,0.006054205473987332,-2.498001805406602e-16
433.0,0.0515,3,1,10.909260212468588,0.08900915313929741,0.2034461838536069,0.0
433.0,0.0515,3,2,41.55406905897104,0.12836074572385028,0.03561000712982097,-2.7755575615628914e-17
433.0,0.0515,3,3,180.9664737133151,0.14517671938766635,0.005867506154409189,2.220446049250313e-16
433.0,0.052,3,1,11.325789503217422,0.0907188400044036,0.1932940373989288,-1.3877787807814457e-17
433.0,0.052,3,2,38.510423846812,0.12698901487505257,0.03914502292730202,0.0
433.0,0.052,3,3,185.04458330473736,0.14534149662008589,0.005700421181509813,1.1102230246251565e-16
433.0,0.0525,3,1,11.805948789836544,0.0925587959837798,0.18265862593305537,2.7755575615628914e-17
433.0,0.0525,3,2,35.6114278115582,0.12550089431608571,0.043169127387032755,2.7755575615628914e-17
433.0,0.0525,3,3,188.88994726763696,0.14549245853707743,0.005549463436594595,3.0531133177191805e-16
433.0,0.053,3,1,12.37360866015434,0.09457262248130029,0.1713631254797436,1.3877787807814457e-17
433.0,0.053,3,2,32.804622446389494,0.12385066052691444,0.047861789287300234,4.163336342344337e-17
433.0,0.053,3,3,192.53178569534478,0.14563172510209543,0.00541199712593341,0.0
433.0,0.0535,3,1,13.07061077098874,0.09683521387899809,0.15910234411924506,-1.3877787807814457e-17
433.0,0.0535,3,2,30.02540531792835,0.12196175836114664,0.05353025157753573,-1.3877787807814457e-17
433.0,0.0535,3,3,195.99346959160988,0.14576095500232372,0.0052859798624793845,2.220446049250313e-16
433.0,0.054,3,1,13.983216264676273,0.0994976186009875,0.1452577802993748,-1.3877787807814457e-17
433.0,0.054,3,2,27.169035356228374,0.1196818131299056,0.06079463960602975,2.7755575615628914e-17
433.0,0.054,3,3,199.29406811907748,0.14588147249768174,0.0051697961450091826,-2.498001805406602e-16
433.0,0.0545,3,1,15.35749488008878,0.102980094435714,0.12809991279596883,4.163336342344337e-17
433.0,0.0545,3,2,23.97419017087754,0.11658948971100958,0.07138578278822458,2.7755575615628914e-17
433.0,0.0545,3,3,202.44940307732116,0.14599435298636138,0.0050621457462591835,-3.885780586188048e-16
434.0,0.0475,3,1,8.742401979339132,0.07789426548272316,0.27578183059040645,2.7755575615628914e-17
434.0,0.0475,3,2,82.96728022640059,0.13811027038566984,0.015303993019439672,0.0
434.0,0.0475,3,3,129.8932571642738,0.14252554079339894,0.008887619598382296,2.7755575615628914e-17
434.0,0.048,3,1,8.944284193141602,0.07912303663339489,0.26724509149941916,0.0
434.0,0.048,3,2,73.49389574875354,0.13669815694237714,0.017721839138179808,-5.551115123125783e-17
434.0,0.048,3,3,140.83944228349836,0.14321101039280984,0.008046874922674785,-1.6653345369377348e-16
434.0,0.0485,3,1,9.160303056550271,0.08038664814835737,0.2586062766734936,-4.163336342344337e-17
434.0,0.0485,3,2,66.58511481199717,0.13546638973592803,0.0199756329751115,-1.1102230246251565e-16
434.0,0.0485,3,3,149.1763971189509,0.14368137782276122,0.007494121171540225,-1.6653345369377348e-16
434.0,0.049,3,1,9.392499588012182,0.0816893485265472,0.24984881046598617,1.3877787807814457e-17
434.0,0.049,3,2,60.97347206279733,0.1343005098446252,0.022233109821695678,0.0
434.0,0.049,3,3,156.17039653321964,0.14404685061225767,0.007078211433205321,-2.7755575615628914e-17
434.0,0.0495,3,1,9.643395202641202,0.08303631248665022,0.24095240251887393,0.0
434.0,0.0495,3,2,56.178874590189274,0.1331547796679338,0.024569281344052604,2.7755575615628914e-17
434.0,0.0495,3,3,162.29983067298753,0.14434798885774233,0.006744436576003772,1.942890293094024e-16
434.0,0.05,3,1,9.916159214043638,0.08443394981010484,0.23189179486578806,1.3877787807814457e-17
434.0,0.05,3,2,51.955256076639344,0.13200262686325528,0.027036215974411592,-2.7755575615628914e-17
434.0,0.05,3,3,167.80838481317994,0.14460495243837196,0.006465997783335419,5.551115123125783e-17
434.0,0.0505,3,1,10.21485800868399,0.0858903605339074,0.2226349115465803,1.3877787807814457e-17
434.0,0.0505,3,2,48.154610470243554,0.1308242597530749,0.029681333115006862,2.7755575615628914e-17
434.0,0.0505,3,3,172.8407579231296,0.14482943041138752,0.006227562762813132,-5.551115123125783e-17
434.0,0.051,3,1,10.544839878269308,0.08741603131877267,0.21314002204831056,1.3877787807814457e-17
434.0,0.051,3,2,44.67778201099102,0.12960172858970664,0.0325560388048747,2.7755575615628914e-17
434.0,0.051,3,3,177.4914891418631,0.14502888337478778,0.006019466664388233,5.551115123125783e-17
434.0,0.0515,3,1,10.91335713428474,0.08902495026747152,0.2033511909968509,0.0
434.0,0.0515,3,2,41.45225292917364,0.12831595536557602,0.03572279250123512,2.7755575615628914e-17
434.0,0.0515,3,3,181.82654922542116,0.14520839883452621,0.005835195631691779,4.163336342344337e-16
434.0,0.052,3,1,11.330630721483818,0.0907364956530838,0.19319055332801258,-1.3877787807814457e-17
434.0,0.052,3,2,38.4201696095767,0.12694391758583962,0.03926408057430252,0.0
434.0,0.052,3,3,185.89425096049948,0.145371618699679,0.005670138158957876,-3.0531133177191805e-16
434.0,0.0525,3,1,11.811810358704259,0.09257887756278481,0.1825442094321619,6.938893903907228e-17
434.0,0.0525,3,2,35.53032389442184,0.12545469691033317,0.0432972024920123,1.1102230246251565e-16
434.0,0.0525,3,3,189.73130884747096,0.14552124899296062,0.005520903783171508,2.498001805406602e-16
434.0,0.053,3,1,12.38095501755747,0.0945960520898047,0.1712338308421934,2.7755575615628914e-17
434.0,0.053,3,2,32.73056074956005,0.12380226421888296,0.04800306436666188,1.3877787807814457e-17
434.0,0.053,3,3,193.36645202178573,0.14565936058989937,0.005384923869672801,0.0
434.0,0.0535,3,1,13.080324363782008,0.09686367969542166,0.15895098891923998,0.0
434.0,0.0535,3,2,29.956211082495706,0.12190933368514058,0.05369209759949692,1.3877787807814457e-17
434.0,0.0535,3,3,196.8227010041948,0.14578757677963985,0.005260204300889283,-8.326672684688674e-17
434.0,0.054,3,1,13.997358058299978,0.09953490658840912,0.1450683559839816,6.938893903907228e-17
434.0,0.054,3,2,27.101613325631078,0.11962145908467271,0.06099321799080101,5.551115123125783e-17
434.0,0.054,3,3,200.11886777284508,0.14590719557421006,0.0051451652528626554,2.7755575615628914e-17
434.0,0.0545,3,1,15.383638069171969,0.10303947909818811,0.12781667762243476,0.0
434.0,0.0545,3,2,23.90012679644839,0.11650783668034144,0.07167696114980333,-4.163336342344337e-17
434.0,0.0545,3,3,203.27058099761135,0.14601927244695403,0.005038533496443108,-3.608224830031759e-16
435.0,0.047,3,1,8.554490668035294,0.0767049849004779,0.284172024483433,-1.3877787807814457e-17
435.0,0.047,3,2,103.76031105197971,0.14045430554344288,0.011681806808436349,1.1102230246251565e-16
435.0,0.047,3,3,108.32595442950584,0.14087147715910356,0.011088356070214783,1.1102230246251565e-16
435.0,0.0475,3,1,8.744046185682121,0.07790292317509663,0.27572121283581513,1.3877787807814457e-17
435.0,0.0475,3,2,82.24432940913101,0.13800991817936975,0.015469967294144682,0.0
435.0,0.0475,3,3,131.36068361514165,0.14261996072232194,0.008769331017195073,-5.551115123125783e-17
435.0,0.048,3,1,8.946081203351893,0.0791322153365702,0.2671818285804043,-1.3877787807814457e-17
435.0,0.048,3,2,73.06638102650872,0.13662562734253433,0.01785081143072974,0.0
435.0,0.048,3,3,142.01348246880585,0.14327708126453573,0.00796804432182034,8.326672684688674e-17
435.0,0.0485,3,1,9.162276954262389,0.08039641000528114,0.258540091164161,2.7755575615628914e-17
435.0,0.0485,3,2,66.28071282664949,0.13540552170889222,0.020090501551799863,0.0
435.0,0.0485,3,3,150.22930808775297,0.14373519848379787,0.007432127527313269,-1.6653345369377348e-16
435.0,0.049,3,1,9.394680293518707,0.08169976882858328,0.24977936762069466,-1.3877787807814457e-17
435.0,0.049,3,2,60.73891266529181,0.13424618401606112,0.022341246323826894,-2.7755575615628914e-17
435.0,0.049,3,3,157.15537750140481,0.14409346510306034,0.007026017669292113,2.220446049250313e-16
435.0,0.0495,3,1,9.645820499389739,0.08304748388734598,0.24087929213755677,2.7755575615628914e-17
435.0,0.0495,3,2,55.989808472720085,0.1331045675410518,0.02467433400912447,-8.326672684688674e-17
435.0,0.0495,3,3,163.2411533183684,0.14438973298066107,0.006698804476914631,-1.1102230246251565e-16
435.0,0.05,3,1,9.91887773943944,0.08444598844103623,0.2318145050386689,2.7755575615628914e-17
435.0,0.05,3,2,51.79826058896266,0.13195510867805404,0.027140493254425056,0.0
435.0,0.05,3,3,168.71938442435172,0.14464312978250973,0.006425130631319212,5.551115123125783e-17
435.0,0.0505,3,1,10.217933821484637,0.08590341518598726,0.2225527893385722,0.0
435.0,0.0505,3,2,48.02139675824126,0.13077847302124898,0.029786603121006436,-2.7755575615628914e-17
435.0,0.0505,3,3,173.72962165154053,0.14486485463633317,0.006190345208858869,-8.326672684688674e-17
435.0,0.051,3,1,10.548359726249076,0.08743029779724919,0.2130522121876464,2.7755575615628914e-17
435.0,0.051,3,2,44.56281266898184,0.12955692997092624,0.032663903276105605,-2.7755575615628914e-17
435.0,0.051,3,3,178.36363104183064,0.145062101979288,0.005985152070380249,-2.7755575615628914e-17
435.0,0.0515,3,1,10.917442616645875,0.0890406949848858,0.20325653537355673,-4.163336342344337e-17
435.0,0.0515,3,2,41.35159465891037,0.1282714895134289,0.03583493713616698,-2.7755575615628914e-17
435.0,0.0515,3,3,182.6857453945549,0.14523980071753803,0.0058032562408602455,-3.608224830031759e-16
435.0,0.052,3,1,11.33545997627967,0.09075409692232783,0.19308741556899267,0.0
435.0,0.052,3,2,38.33086833283408,0.12689911836878928,0.03938253029628727,-2.7755575615628914e-17
435.0,0.052,3,3,186.74324270327125,0.1454014916463083,0.005640185255080289,-5.551115123125783e-17
435.0,0.0525,3,1,11.817660063813602,0.09259890403830479,0.18243014258684992,1.3877787807814457e-17
435.0,0.0525,3,2,35.450016117652304,0.12540877574061168,0.04342469978422888,-2.7755575615628914e-17
435.0,0.0525,3,3,190.57214927480047,0.14554981290432115,0.0054926416699278115,-1.1102230246251565e-16
435.0,0.053,3,1,12.388291411491467,0.09461942937150537,0.1711048735983135,1.3877787807814457e-17
435.0,0.053,3,2,32.65717093592368,0.1237541230407924,0.04814380124111448,-2.7755575615628914e-17
435.0,0.053,3,3,194.2007176249958,0.14568678789086476,0.005358121685835793,1.942890293094024e-16
435.0,0.0535,3,1,13.090035577238371,0.09689210666134908,0.1587999121701918,1.3877787807814457e-17
435.0,0.0535,3,2,29.887583771179983,0.12185713548937492,0.053853487145904336,1.3877787807814457e-17
435.0,0.0535,3,3,197.65162717239008,0.145814005571798,0.005234677904003409,2.7755575615628914e-17
435.0,0.054,3,1,14.01152815815977,0.09957221108679722,0.14487897146496392,2.7755575615628914e-17
435.0,0.054,3,2,27.034648779510448,0.11956126339819874,0.06119159785402805,4.163336342344337e-17
435.0,0.054,3,3,200.94343907091329,0.14593273845389587,0.005120765105640764,-3.608224830031759e-16
435.0,0.0545,3,1,15.410023682113518,0.10309925347325599,0.12753190027704842,-2.7755575615628914e-17
435.0,0.0545,3,2,23.826242211342414,0.11642595793144833,0.07196953953389683,-2.7755575615628914e-17
435.0,0.0545,3,3,204.09159330433317,0.14604402261436494,0.005015136296084506,5.551115123125783e-17
436.0,0.047,3,1,8.555995863990427,0.07671314005295472,0.2841140630208686,-1.3877787807814457e-17
436.0,0.047,3,2,98.92528990678711,0.1399775534410156,0.01237895556704897,-1.1102230246251565e-16
436.0,0.047,3,3,113.90362979073294,0.14134279921436363,0.010436485053144588,-5.551115123125783e-17
436.0,0.0475,3,1,8.745684102486663,0.07791154577818156,0.2756608473848845,-1.3877787807814457e-17
436.0,0.0475,3,2,81.5624084247269,0.13791388554468706,0.015629635547061135,5.551115123125783e-17
436.0,0.0475,3,3,132.78736988775208,0.14271009049296055,0.008657156377442738,2.7755575615628914e-17
436.0,0.048,3,1,8.947871457166393,0.0791413572540829,0.26711882664519326,-2.7755575615628914e-17
436.0,0.048,3,2,72.65286985292816,0.13655478589882136,0.017977233245334477,-2.7755575615628914e-17
436.0,0.048,3,3,143.17380694209797,0.14334149511762143,0.007891564302732669,-1.1102230246251565e-16
436.0,0.0485,3,1,9.164243579514913,0.08040613325168233,0.2584741758550195,0.0
436.0,0.0485,3,2,65.9836549760445,0.13534566269943826,0.020203787118691967,5.551115123125783e-17
436.0,0.0485,3,3,151.27516103060685,0.1437880431174283,0.007371508645466546,1.1102230246251565e-16
436.0,0.049,3,1,9.39685315642349,0.08171014855713317,0.24971020476021424,2.7755575615628914e-17
436.0,0.049,3,2,60.50894848456386,0.13419257486044878,0.022448213445080422,-2.7755575615628914e-17
436.0,0.049,3,3,158.13604772761045,0.14413939790191618,0.006974776120190793,1.1102230246251565e-16
436.0,0.0495,3,1,9.648237325572284,0.0830586126070516,0.2408064721085873,1.3877787807814457e-17
436.0,0.0495,3,2,55.803910564471536,0.13305491443054676,0.024778437495996133,2.7755575615628914e-17
436.0,0.0495,3,3,164.17959069186995,0.14443095520361346,0.006653894889204083,0.0
436.0,0.05,3,1,9.921587107929659,0.08445798214026183,0.23173751649039365,1.3877787807814457e-17
436.0,0.05,3,2,51.64358820292262,0.13190805290208524,0.027243953579720905,0.0
436.0,0.05,3,3,169.62834242982683,0.14468088411247623,0.006384843708281609,1.1102230246251565e-16
436.0,0.0505,3,1,10.220999739772804,0.0859164225310692,0.22247097978873986,5.551115123125783e-17
436.0,0.0505,3,2,47.88996072408051,0.13073308445452872,0.029891141615720745,-2.7755575615628914e-17
436.0,0.0505,3,3,174.6169878446036,0.14489992249449088,0.006153611929485918,-5.551115123125783e-17
436.0,0.051,3,1,10.551868915552761,0.08744451452531178,0.21296472653692813,0.0
436.0,0.051,3,2,44.449246985958766,0.12951248428593226,0.03277109425627496,-2.7755575615628914e-17
436.0,0.051,3,3,179.23464813414427,0.14509501191972615,0.005951253048106247,-2.7755575615628914e-17
436.0,0.0515,3,1,10.92151671507416,0.0890563875809784,0.20316221502420684,1.3877787807814457e-17
436.0,0.0515,3,2,41.25207169063366,0.1282273432920271,0.03594644951143646,0.0
436.0,0.0515,3,3,183.54408381776975,0.1452709296384512,0.005771680996277388,-3.3306690738754696e-16
436.0,0.052,3,1,11.340277324771852,0.09077164410921766,0.19298462212652073,1.3877787807814457e-17
436.0,0.052,3,2,38.24250280968886,0.12685461311463606,0.039500379421739645,0.0
436.0,0.052,3,3,187.59157478426945,0.14543111928775435,0.005610556662390379,2.7755575615628914e-17
436.0,0.0525,3,1,11.82349796465251,0.09261887571638212,0.1823164233605044,-4.163336342344337e-17
436.0,0.0525,3,2,35.370491030746436,0.1253631272574306,0.04355162575758208,-2.7755575615628914e-17
436.0,0.0525,3,3,191.4124810484914,0.14557815352999623,0.005464672159205033,-2.7755575615628914e-16
436.0,0.053,3,1,12.395617910751835,0.09464275465485607,0.1709762516110589,-1.3877787807814457e-17
436.0,0.053,3,2,32.58444227111145,0.1237062338521454,0.04828400583646981,-6.938893903907228e-17
436.0,0.053,3,3,195.03459228465704,0.14571400983221652,0.005331586299254554,-2.7755575615628914e-17
436.0,0.0535,3,1,13.099744534257116,0.09692049521130762,0.15864911126991832,0.0
436.0,0.0535,3,2,29.819514624850463,0.12180516086314314,0.05401442608396026,-1.3877787807814457e-17
436.0,0.0535,3,3,198.48025585269497,0.14584024386995117,0.005209396914366265,-5.273559366969494e-16
436.0,0.054,3,1,14.025727092595716,0.09960953326914036,0.14468962095747165,0.0
436.0,0.054,3,2,26.96813409845763,0.11950122268857927,0.06138978782614911,1.3877787807814457e-17
436.0,0.054,3,3,201.76778823068588,0.14595810336042217,0.005096592359282068,-1.6653345369377348e-16
436.0,0.0545,3,1,15.436659368285547,0.10315943102373844,0.1272455229399044,-1.3877787807814457e-17
436.0,0.0545,3,2,23.75252287425629,0.1163438380092624,0.07226357826375034,-2.7755575615628914e-17
436.0,0.0545,3,3,204.91244502172023,0.14606860549540163,0.004991951137327826,4.996003610813204e-16
437.0,0.047,3,1,8.557495227600254,0.076721261901887,0.28405634413353137,2.7755575615628914e-17
437.0,0.047,3,2,96.42904567131198,0.13971577368969434,0.012770345454078657,5.551115123125783e-17
437.0,0.047,3,3,117.14281880368794,0.14159917653602214,0.01009018928164759,5.551115123125783e-17
437.0,0.0475,3,1,8.747315766274996,0.07792013350736983,0.27560073264925483,-1.3877787807814457e-17
437.0,0.0475,3,2,80.91665614796453,0.13782168699872197,0.01578370038601107,-2.7755575615628914e-17
437.0,0.0475,3,3,134.17817611546178,0.1427964153902643,0.00855039424313518,0.0
437.0,0.048,3,1,8.949654993269009,0.0791504626097926,0.2670560840616417,1.3877787807814457e-17
437.0,0.048,3,2,72.2524505786234,0.13648553290378496,0.018101251553569963,-2.7755575615628914e-17
437.0,0.048,3,3,144.32132636609575,0.14340435145289332,0.007817289103532628,5.551115123125783e-17
437.0,0.0485,3,1,9.166202973282921,0.08041581812023346,0.25840852906893763,0.0
437.0,0.0485,3,2,65.6936032589507,0.13528677211284632,0.02031555071699899,-1.1102230246251565e-16
437.0,0.0485,3,3,152.31429296701245,0.1438399521027236,0.007312204733549757,-3.608224830031759e-16
437.0,0.049,3,1,9.399018220108522,0.08172048795398733,0.24964132016146084,0.0
437.0,0.049,3,2,60.283413148972784,0.13413966038797412,0.02255404497245574,0.0
437.0,0.049,3,3,159.11257260645098,0.1441846707736641,0.006924454287685925,5.551115123125783e-17
437.0,0.0495,3,1,9.6506457270645,0.08306969889690556,0.2407339406623669,1.3877787807814457e-17
437.0,0.0495,3,2,55.62108514368099,0.13300580638999912,0.02488161373475488,-2.7755575615628914e-17
437.0,0.0495,3,3,165.11523754271965,0.144471669238488,0.006609687212145953,-2.7755575615628914e-16
437.0,0.05,3,1,9.924287367917412,0.0844699311683701,0.2316608274049333,5.551115123125783e-17
437.0,0.05,3,2,51.49117812571644,0.13186144975979017,0.02734661270209737,8.326672684688674e-17
437.0,0.05,3,3,170.53531865421556,0.144718224959641,0.006345122632275142,1.942890293094024e-16
437.0,0.0505,3,1,10.224055814425798,0.08592938283909374,0.22238948103567158,0.0
437.0,0.0505,3,2,47.76026103671847,0.130688086711838,0.02999496073197447,-2.7755575615628914e-17
437.0,0.0505,3,3,175.50289686945044,0.1449346410731879,0.006117352201157357,5.551115123125783e-17
437.0,0.051,3,1,10.555367499350291,0.08745868178187362,0.21287756319172196,1.3877787807814457e-17
437.0,0.051,3,2,44.33705542908602,0.12946838573807476,0.03287762157647143,-2.7755575615628914e-17
437.0,0.051,3,3,180.10456899207958,0.14512761872982397,0.005917761212833493,0.0
437.0,0.0515,3,1,10.925579484702636,0.08907202834294226,0.20306822800511604,-2.7755575615628914e-17
437.0,0.0515,3,2,41.153662107265596,0.12818351194715244,0.036057337901145986,-1.1102230246251565e-16
437.0,0.0515,3,3,184.40158545715474,0.1453017900800686,0.005740463103493546,1.942890293094024e-16
437.0,0.052,3,1,11.345082823730548,0.09078913750854496,0.19288217102129673,-4.163336342344337e-17
437.0,0.052,3,2,38.15505628353679,0.12681039780716638,0.039617635120478535,-5.551115123125783e-17
437.0,0.052,3,3,188.4392630099017,0.14546050536101046,0.005581246720372735,-1.3877787807814457e-16
437.0,0.0525,3,1,11.829324120307803,0.09263879290072995,0.1822030497327436,0.0
437.0,0.0525,3,2,35.29173551067232,0.12531774798528808,0.04367798677740832,-5.551115123125783e-17
437.0,0.0525,3,3,192.25231634538733,0.14560627405713986,0.00543699043008336,-4.440892098500626e-16
437.0,0.053,3,1,12.402934583768703,0.09466602826601984,0.1708479627594561,-1.3877787807814457e-17
437.0,0.053,3,2,32.51236426555991,0.12365859357290061,0.04842368397170676,-4.163336342344337e-17
437.0,0.053,3,3,195.8680855410266,0.14574102918299253,0.005305313529985137,-3.608224830031759e-16
437.0,0.0535,3,1,13.109451357881285,0.0969488457784526,0.1584985836283029,-1.3877787807814457e-17
437.0,0.0535,3,2,29.75199507116915,0.12175340694541908,0.05417492019392402,-2.7755575615628914e-17
437.0,0.0535,3,3,199.30859461965676,0.14586629411692428,0.005184357653921261,1.1102230246251565e-16
437.0,0.054,3,1,14.039955397787784,0.09964687432084623,0.14450029862935493,0.0
437.0,0.054,3,2,26.902061800984853,0.11944133360239396,0.061587796522046,-2.7755575615628914e-17
437.0,0.054,3,3,202.59192132874986,0.14598329247655076,0.005072643737157091,-2.7755575615628914e-16
437.0,0.0545,3,1,15.463553142118716,0.1032200258367269,0.12695748515575936,-2.7755575615628914e-17
437.0,0.0545,3,2,23.678954994378582,0.11626146086964993,0.07255914024441229,-1.3877787807814457e-17
437.0,0.0545,3,3,205.73314106337017,0.14609302306165084,0.00496897507048409,5.828670879282072e-16
438.0,0.047,3,1,8.558988793086268,0.07672935065284055,0.2839988662886357,-1.3877787807814457e-17
438.0,0.047,3,2,94.55819207521932,0.1395119837734939,0.013079250896236239,-5.551115123125783e-17
438.0,0.047,3,3,119.75690674707027,0.14179759145210288,0.009826195454949102,-8.326672684688674e-17
438.0,0.0475,3,1,8.748941213283462,0.07792868657627589,0.27554086705399,0.0
438.0,0.0475,3,2,80.30308284075475,0.13773292296454576,0.01593274002567125,-2.7755575615628914e-17
438.0,0.0475,3,3,135.53709105016034,0.14287933479494463,0.00844846756182233,0.0
438.0,0.048,3,1,8.9514318500442,0.0791595316257235,0.2669935992113332,2.7755575615628914e-17
438.0,0.048,3,2,71.86430256160578,0.1364177783290724,0.018222999062593837,8.326672684688674e-17
438.0,0.048,3,3,145.4568604017576,0.14346574009386986,0.007745087216905484,8.326672684688674e-17
438.0,0.0485,3,1,9.168155176228352,0.08042546484171352,0.25834314914281065,1.3877787807814457e-17
438.0,0.0485,3,2,65.41024341410952,0.1352288120828195,0.02042584929591897,0.0
438.0,0.0485,3,3,153.34701718211812,0.14389096309218505,0.007254160081023221,5.551115123125783e-17
438.0,0.049,3,1,9.401175527628883,0.08173078725898429,0.24957271211567628,-1.3877787807814457e-17
438.0,0.049,3,2,60.06214940300108,0.13408741974301727,0.022658772961739158,2.7755575615628914e-17
438.0,0.049,3,3,160.08510842200573,0.1442293043508624,0.0068750213944261335,1.6653345369377348e-16
438.0,0.0495,3,1,9.653045749401386,0.08308074300603571,0.24066169604392024,0.0
438.0,0.0495,3,2,55.4412408267281,0.13295723005832175,0.024983883746005613,2.7755575615628914e-17
438.0,0.0495,3,3,166.04818428756937,0.14451188821381464,0.006566161743907398,-1.3877787807814457e-16
438.0,0.05,3,1,9.926978567452052,0.08448183578388165,0.23158443598116774,0.0
438.0,0.05,3,2,51.34097193068004,0.13181528982243723,0.027448485824617883,-5.551115123125783e-17
438.0,0.05,3,3,171.44037056153027,0.1447551615105801,0.0063059535592656325,-8.326672684688674e-17
438.0,0.0505,3,1,10.227102095955276,0.08594229637787948,0.22230829123313267,6.938893903907228e-17
438.0,0.0505,3,2,47.63225778326473,0.13064347267829157,0.030098072238071184,0.0
438.0,0.0505,3,3,176.38738768057493,0.14496901723565062,0.006081555653820023,-3.608224830031759e-16
438.0,0.051,3,1,10.558855530435174,0.08747279984367352,0.21279072026302712,0.0
438.0,0.051,3,2,44.22620937617923,0.1294246286889846,0.03298349480788763,-2.7755575615628914e-17
438.0,0.051,3,3,180.9734212837502,0.14515992778716585,0.005884668428489599,-1.1102230246251565e-16
438.0,0.0515,3,1,10.929630980279208,0.08908761755574883,0.20297457238825975,-1.3877787807814457e-17
438.0,0.0515,3,2,41.056344608033385,0.12813999084147382,0.03616761038380634,-8.326672684688674e-17
438.0,0.0515,3,3,185.2582706639544,0.14533238641049948,0.0057095959522374,-4.996003610813204e-16
438.0,0.052,3,1,11.349876529533061,0.09080657741283442,0.19278006028990005,1.3877787807814457e-17
438.0,0.052,3,2,38.0685124324529,0.1267664685202261,0.03973430440872921,-2.7755575615628914e-17
438.0,0.052,3,3,189.28632275733273,0.14548965351525125,0.0055522499105294795,5.551115123125783e-17
438.0,0.0525,3,1,11.835138589468796,0.09265865589275513,0.18209001969925237,2.7755575615628914e-17
438.0,0.0525,3,2,35.21373675133649,0.1252726345204815,0.043803789084253676,2.7755575615628914e-17
438.0,0.0525,3,3,193.0916670308013,0.14563417760338868,0.005409591774726626,3.885780586188048e-16
438.0,0.053,3,1,12.41024149861052,0.09468925052889243,0.17072000493843736,2.7755575615628914e-17
438.0,0.053,3,2,32.440926667148034,0.1236111991818105,0.048562841361883734,1.3877787807814457e-17
438.0,0.053,3,3,196.70120670225603,0.14576784865568163,0.005279299290514301,-1.3877787807814457e-16
438.0,0.0535,3,1,13.11915617130856,0.09697715879460472,0.15834832666706436,4.163336342344337e-17
438.0,0.0535,3,2,29.685016719281233,0.12170187092354241,0.054334975171484466,4.163336342344337e-17
438.0,0.0535,3,3,200.13665087112153,0.14589215870849093,0.005159556521812991,2.7755575615628914e-16
438.0,0.054,3,1,14.054213617962041,0.09968423544012793,0.1443109985994319,1.3877787807814457e-17
438.0,0.054,3,2,26.836424539406924,0.11938159281329828,0.06178563254449489,1.3877787807814457e-17
438.0,0.054,3,3,203.4158443047534,0.14600830794514388,0.005048916028296033,-1.3877787807814457e-16
438.0,0.0545,3,1,15.490713407890034,0.1032810526658849,0.1266677236551318,-1.3877787807814457e-17
438.0,0.0545,3,2,23.605524503651647,0.11617880983627475,0.07285629114303625,-1.3877787807814457e-17
438.0,0.0545,3,3,206.55368623515508,0.14611727725031348,0.004946205202571761,-5.828670879282072e-16
439.0,0.047,3,1,8.560476594399978,0.07673740650967868,0.2839416279663762,0.0
439.0,0.047,3,2,93.01986515810137,0.13933926151885032,0.013343954184736577,-2.7755575615628914e-17
439.0,0.047,3,3,122.03875659530408,0.1419649659498642,0.009606222398507999,-8.326672684688674e-17
439.0,0.0475,3,1,8.750560479465358,0.0779372051967553,0.2754812490374337,-1.3877787807814457e-17
439.0,0.0475,3,2,79.71836677184264,0.13764725982643292,0.01607723718019248,-5.551115123125783e-17
439.0,0.0475,3,3,136.8674354425253,0.14295918212822387,0.008350894772073302,-2.7755575615628914e-17
439.0,0.048,3,1,8.953202065580017,0.079168564522084,0.2669313704894296,-2.7755575615628914e-17
439.0,0.048,3,2,71.48768403882764,0.13635144054994477,0.018342596096601705,-2.7755575615628914e-17
439.0,0.048,3,3,146.58114983669913,0.143525742462229,0.007674839508745598,8.326672684688674e-17
439.0,0.0485,3,1,9.170100228703006,0.08043507364502746,0.2582780344274148,6.938893903907228e-17
439.0,0.0485,3,2,65.1332826799532,0.13517174721858807,0.020534736092417207,8.326672684688674e-17
439.0,0.0485,3,3,154.3736254669451,0.1439411112646202,0.00719732267958021,2.498001805406602e-16
439.0,0.049,3,1,9.403325121715708,0.08174104671002998,0.24950437892828242,-1.3877787807814457e-17
439.0,0.049,3,2,59.8450084354683,0.13403583312265974,0.022762427862068876,-2.7755575615628914e-17
439.0,0.049,3,3,161.05380301956177,0.14427331821526193,0.0068264482594638095,2.7755575615628914e-17
439.0,0.0495,3,1,9.655437437780503,0.08309174518157968,0.24058973651274276,-1.3877787807814457e-17
439.0,0.0495,3,2,55.26429030404937,0.13290917262529284,0.02508526769448501,-8.326672684688674e-17
439.0,0.0495,3,3,166.97851727453457,0.14455162470921173,0.006523299628039723,-1.6653345369377348e-16
439.0,0.05,3,1,9.92966075423257,0.08449369624327052,0.23150834043272958,0.0
439.0,0.05,3,2,51.19291343386549,0.1317695639907672,0.027549587629079123,-8.326672684688674e-17
439.0,0.05,3,3,172.3435533785655,0.1447917026244089,0.006267323155774008,5.551115123125783e-17
439.0,0.0505,3,1,10.230138634510373,0.0859551634131433,0.22222740854991319,-2.7755575615628914e-17
439.0,0.0505,3,2,47.505912403950525,0.13059923545533117,0.03020048755367591,-2.7755575615628914e-17
439.0,0.0505,3,3,177.27049788482418,0.14500305763084678,0.00604621225513152,-1.942890293094024e-16
439.0,0.051,3,1,10.562333061228054,0.08748686898529819,0.2127041958771145,2.7755575615628914e-17
439.0,0.051,3,2,44.11668107828964,0.12938120765244282,0.03308872327186176,2.7755575615628914e-17
439.0,0.051,3,3,181.84123180948262,0.14519194431930768,0.005851966797732427,1.3877787807814457e-16
439.0,0.0515,3,1,10.933671256169925,0.08910315550216939,0.2028812462611177,2.7755575615628914e-17
439.0,0.0515,3,2,40.96009848544827,0.12809677545046677,0.03627727484913319,0.0
439.0,0.0515,3,3,186.11415920155625,0.1453627228872177,0.005679073109730824,-5.551115123125783e-17
439.0,0.052,3,1,11.354658498167101,0.09082396411236532,0.1926782879846312,-1.3877787807814457e-17
439.0,0.052,3,2,37.98285535425766,0.12672282141485322,0.039850394153980055,0.0
439.0,0.052,3,3,190.13276898937295,0.1455185673146773,0.005523560851636703,-8.326672684688674e-17
439.0,0.0525,3,1,11.84094143043102,0.09267846499158151,0.1819773312716164,1.3877787807814457e-17
439.0,0.0525,3,2,35.1364822534742,0.12522778352900163,0.043929038797500465,5.551115123125783e-17
439.0,0.0525,3,3,193.9305446685759,0.14566186721894392,0.005382471594871053,2.220446049250313e-16
439.0,0.053,3,1,12.417538722988272,0.09471242176512668,0.17059237605866634,0.0
439.0,0.053,3,2,32.370119454109094,0.12356404771481706,0.048701483620949,1.3877787807814457e-17
439.0,0.053,3,3,197.5339648514332,0.1457944709078032,0.005253539583068859,-2.7755575615628914e-16
439.0,0.0535,3,1,13.128859097901671,0.0970054346902856,0.15819833781953596,-1.3877787807814457e-17
439.0,0.0535,3,2,29.618571354692172,0.12165055003194754,0.05449459663005578,0.0
439.0,0.0535,3,3,200.96443183331402,0.14591783999460756,0.005134989992265308,1.942890293094024e-16
439.0,0.054,3,1,14.068502305602628,0.09972161783840039,0.14412171493571696,0.0
439.0,0.054,3,2,26.77121509584798,0.1193219970206375,0.06198330448760235,-1.3877787807814457e-17
439.0,0.054,3,3,204.23956296514638,0.14603315187015295,0.005025406085674503,5.828670879282072e-16
439.0,0.0545,3,1,15.518148986698922,0.10334252697746898,0.12637617215969196,0.0
439.0,0.0545,3,2,23.532217026938874,0.1160958675537665,0.0731550995848579,0.0
439.0,0.0545,3,3,207.3740852380458,0.1461413699650142,0.0049236386959029535,1.1102230246251565e-16
440.0,0.047,3,1,8.561958665225417,0.07674542967457931,0.28388462765979516,4.163336342344337e-17
440.0,0.047,3,2,91.69609477020609,0.13918673254224753,0.013579915421957002,0.0
440.0,0.047,3,3,124.1063375177614,0.1421121742281547,0.009414811117453419,5.551115123125783e-17
440.0,0.0475,3,1,8.75217360049374,0.07794568957892307,0.2754218770510689,1.3877787807814457e-17
440.0,0.0475,3,2,79.15970801025325,0.13756441557579377,0.01621759985505574,-5.551115123125783e-17
440.0,0.0475,3,3,138.17200824853063,0.1430362392058838,0.008257269011718409,-5.551115123125783e-17
440.0,0.048,3,1,8.95496567767101,0.07917756151728525,0.26686939630452844,-1.3877787807814457e-17
440.0,0.048,3,2,71.12192199446476,0.13628644527852093,0.018460152170214773,-8.326672684688674e-17
440.0,0.048,3,3,147.69486671686036,0.143584432644545,0.0076064376448692125,-2.220446049250313e-16
440.0,0.0485,3,1,9.172038170751536,0.08044464475722521,0.25821318328726106,2.7755575615628914e-17
440.0,0.0485,3,2,64.86244781783599,0.13511554438148185,0.020642260966710645,-1.1102230246251565e-16
440.0,0.0485,3,3,155.3943900951206,0.14399042954855062,0.00714164388776456,-2.7755575615628914e-17
440.0,0.049,3,1,9.405467044779412,0.08175126654311793,0.24943631891872922,2.7755575615628914e-17
440.0,0.049,3,2,59.63184926968936,0.13398488170260733,0.022865038629147915,2.7755575615628914e-17
440.0,0.049,3,3,162.01879641541274,0.1443167309718623,0.006778707185146807,0.0
440.0,0.0495,3,1,9.657820837065193,0.08310270566870515,0.2405180603426491,2.7755575615628914e-17
440.0,0.0495,3,2,55.09015009619584,0.13286162179967184,0.025185784938650552,2.7755575615628914e-17
440.0,0.0495,3,3,167.90631902709282,0.14459089078724888,0.006481082803996812,1.1102230246251565e-16
440.0,0.05,3,1,9.932333975610804,0.08450551280098445,0.23143253898785165,0.0
440.0,0.05,3,2,51.04694857869375,0.1317242634787507,0.02764993230171376,-2.7755575615628914e-17
440.0,0.05,3,3,173.24492021019753,0.14482785684900396,0.006229218573279447,1.942890293094024e-16
440.0,0.0505,3,1,10.233165479881412,0.08596798420852265,0.22214683116966585,2.7755575615628914e-17
440.0,0.0505,3,2,47.38118763083439,0.1305553683514132,0.030302217764807043,2.7755575615628914e-17
440.0,0.0505,3,3,178.15226380264494,0.1450367687027763,0.0060113122955778526,4.440892098500626e-16
440.0,0.051,3,1,10.565800143780097,0.08750088947920333,0.21261798817537006,1.3877787807814457e-17
440.0,0.051,3,2,44.008443624213946,0.1293381172885553,0.033193316049416534,-5.551115123125783e-17
440.0,0.051,3,3,182.708026537258,0.14522367340958003,0.005819648652521355,-3.885780586188048e-16
440.0,0.0515,3,1,10.937700366362433,0.08911864246279683,0.20278824772651488,1.3877787807814457e-17
440.0,0.0515,3,2,40.86490360335915,0.12805386135851654,0.03638633900453795,5.551115123125783e-17
440.0,0.0515,3,3,186.969270267381,0.14539280366093618,0.005648888314310176,1.942890293094024e-16
440.0,0.052,3,1,11.359428785234687,0.09084129789519492,0.19257685217334433,-1.3877787807814457e-17
440.0,0.052,3,2,37.89806955222333,0.126679452736528,0.039965911079640155,-2.7755575615628914e-17
440.0,0.052,3,3,190.97861626873197,0.14554725024124196,0.0054951742952002195,-4.440892098500626e-16
440.0,0.0525,3,1,11.846732701099823,0.09269822049407263,0.1818649824771582,-4.163336342344337e-17
440.0,0.0525,3,2,35.05995981494184,0.12518319174450682,0.04405374191885641,2.7755575615628914e-17
440.0,0.0525,3,3,194.76896053075683,0.14568934588857424,0.005355625398450657,-1.1102230246251565e-16
440.0,0.053,3,1,12.424826324259305,0.09473554229415582,0.1704650740463738,2.7755575615628914e-17
440.0,0.053,3,2,32.29993282820632,0.1235171362635048,0.04883961626445127,1.3877787807814457e-17
440.0,0.053,3,3,198.36636885336722,0.14582089854342994,0.005228030497023019,-4.163336342344337e-16
440.0,0.0535,3,1,13.138560261199721,0.09703367389475596,0.15804861453043362,0.0
440.0,0.0535,3,2,29.552650934322465,0.12159944155093261,0.05465379010300312,-1.3877787807814457e-17
440.0,0.0535,3,3,201.79194456573163,0.14594334028060654,0.005110654612532159,4.163336342344337e-16
440.0,0.054,3,1,14.082822021671042,0.09975902274068958,0.14393244165359098,-1.3877787807814457e-17
440.0,0.054,3,2,26.70642637836505,0.11926254294807898,0.06218082094024066,0.0
440.0,0.054,3,3,205.06308298679568,0.14605782631757644,0.005002110824554902,-8.326672684688674e-17
440.0,0.0545,3,1,15.54586914587577,0.10340446500048439,0.126082761170181,2.7755575615628914e-17
440.0,0.0545,3,2,23.459017849848692,0.11601261593677926,0.07345563736658929,-1.3877787807814457e-17
440.0,0.0545,3,3,208.1943426708285,0.14616530307658693,0.004901272766713453,8.326672684688674e-17
441.0,0.047,3,1,8.56343503898188,0.07675342034805262,0.28382786387464365,1.3877787807814457e-17
441.0,0.047,3,2,90.52531088387416,0.13904870627981888,0.013795223475223863,-5.551115123125783e-17
441.0,0.047,3,3,126.02121856728039,0.14224490666779374,0.009243873842892963,0.0
441.0,0.0475,3,1,8.753780611764105,0.07795413993117138,0.2753627495593805,-1.3877787807814457e-17
441.0,0.0475,3,2,78.62472090520156,0.13748414924333266,0.016354176653178374,-5.551115123125783e-17
441.0,0.0475,3,3,139.4531941494934,0.1431107468060897,0.00816724281183935,-1.1102230246251565e-16
441.0,0.048,3,1,8.956722723820995,0.07918652282795936,0.26680767507852327,-1.3877787807814457e-17
441.0,0.048,3,2,70.76640363774752,0.13622272466542826,0.018575767313333345,-5.551115123125783e-17
441.0,0.048,3,3,148.79862286863641,0.14364187829061903,0.007539782766258945,-2.498001805406602e-16
441.0,0.0485,3,1,9.173969042114516,0.08045417840352116,0.25814859410044855,2.7755575615628914e-17
441.0,0.0485,3,2,64.59748336192902,0.1350601724868743,0.020748470699617865,5.551115123125783e-17
441.0,0.0485,3,3,156.40956557293816,0.14403894882024837,0.007087078133722282,1.3877787807814457e-16
441.0,0.049,3,1,9.407601338912638,0.08176144699234826,0.24936853042035098,1.3877787807814457e-17
441.0,0.049,3,2,59.42253820876107,0.133934547569721,0.022966632828343162,-2.7755575615628914e-17
441.0,0.049,3,3,162.98022135152735,0.14435956031636174,0.006731771854120713,-2.7755575615628914e-17
441.0,0.0495,3,1,9.660195991787699,0.0831136247106295,0.240446665821625,0.0
441.0,0.0495,3,2,54.9187403282047,0.13281456577966855,0.02528545407660163,2.7755575615628914e-17
441.0,0.0495,3,3,168.83166846966873,0.14462969802295805,0.006439493961316643,1.1102230246251565e-16
441.0,0.05,3,1,9.934998278594673,0.08451728570946522,0.23135702988921703,-2.7755575615628914e-17
441.0,0.05,3,2,50.903025328043505,0.13167937979836966,0.027749533557269723,-2.7755575615628914e-17
441.0,0.05,3,3,174.14452214725526,0.14486363243620076,0.006191627424246652,0.0
441.0,0.0505,3,1,10.236182681502845,0.08598075902559509,0.22206655729076022,4.163336342344337e-17
441.0,0.0505,3,2,47.2580474299895,0.13051186487321195,0.030403273637995606,-2.7755575615628914e-17
441.0,0.0505,3,3,179.0327205258512,0.1450701566992467,0.005976846374420941,-3.885780586188048e-16
441.0,0.051,3,1,10.569256829776435,0.08751486159573514,0.21253209531413825,2.7755575615628914e-17
441.0,0.051,3,2,43.90147090680929,0.12929535239821457,0.03329728199032752,0.0
441.0,0.051,3,3,183.57383063636297,0.1452551200026043,0.0057877065451588244,8.049116928532385e-16
441.0,0.0515,3,1,10.941718364469592,0.08913407871606775,0.20269557490246126,-1.3877787807814457e-17
441.0,0.0515,3,2,40.770740376021465,0.12801124425519478,0.03649481038132827,-5.551115123125783e-17
441.0,0.0515,3,3,187.82362251377916,0.14542263277930811,0.005619035469336349,3.3306690738754696e-16
441.0,0.052,3,1,11.36418744595539,0.0908585790471796,0.1924757509392927,1.3877787807814457e-17
441.0,0.052,3,2,37.81413992138834,0.12663635881253552,0.04008086176950633,2.7755575615628914e-17
441.0,0.052,3,3,191.82387877166187,0.14557570569726622,0.005467085121100622,1.1102230246251565e-16
441.0,0.0525,3,1,11.852512458994,0.092717922694854,0.18175297135877547,1.3877787807814457e-17
441.0,0.0525,3,2,34.98415752139284,0.12513885596637372,0.044177904335711414,0.0
441.0,0.0525,3,3,195.60692560687048,0.14571661653354187,0.005329048796353201,4.440892098500626e-16
441.0,0.053,3,1,12.432104369431269,0.09475861243321672,0.1703380968431902,-1.3877787807814457e-17
441.0,0.053,3,2,32.23035720816081,0.12347046197360766,0.04897724471215434,1.3877787807814457e-17
441.0,0.053,3,3,199.1984273611178,0.14584713411465744,0.0052027682063994505,2.498001805406602e-16
441.0,0.0535,3,1,13.148259784928529,0.0970618768360506,0.1578991542556406,1.3877787807814457e-17
441.0,0.0535,3,2,29.48724758173539,0.12154854280546995,0.05481256104579358,4.163336342344337e-17
441.0,0.0535,3,3,202.61919596586515,0.14596866182834936,0.0050865470009182605,1.6653345369377348e-16
441.0,0.054,3,1,14.097173335831506,0.09979645138605227,0.14374317271393008,2.7755575615628914e-17
441.0,0.054,3,2,26.64205141718656,0.11920322734226414,0.06237819048947509,4.163336342344337e-17
441.0,0.054,3,3,205.88640992049335,0.14608233331638773,0.004979027220881224,6.106226635438361e-16
441.0,0.0545,3,1,15.573883631091677,0.1034668837814302,0.12578741773494675,1.3877787807814457e-17
441.0,0.0545,3,2,23.385911883944125,0.11592903611448303,0.07375797968916471,0.0
441.0,0.0545,3,3,209.01446303275947,0.14618907842383713,0.004879104683834665,2.7755575615628914e-16
442.0,0.047,3,1,8.564905748826598,0.07676137872895873,0.283771335129245,1.3877787807814457e-17
442.0,0.047,3,2,89.47057767526897,0.13892175995107528,0.013994742859779604,8.326672684688674e-17
442.0,0.047,3,3,127.8203345983945,0.14236658586782572,0.009088547149039082,1.6653345369377348e-16
442.0,0.0475,3,1,8.755381548397253,0.07796255646018775,0.27530386503971455,-1.3877787807814457e-17
442.0,0.0475,3,2,78.11135343839128,0.1374062529634816,0.016487268267459526,0.0
442.0,0.0475,3,3,140.71304419973183,0.14318291260493793,0.00808051660431938,8.326672684688674e-17
442.0,0.048,3,1,8.958473241245956,0.07919544866897797,0.26674620524646236,0.0
442.0,0.048,3,2,70.42056918881401,0.13616021653843527,0.018689533193850718,2.7755575615628914e-17
442.0,0.048,3,3,149.89297711297695,0.14369814137482764,0.007474784366447497,2.7755575615628914e-17
442.0,0.0485,3,1,9.175892882231258,0.08046367480731244,0.25808426525852485,1.3877787807814457e-17
442.0,0.0485,3,2,64.33815006487112,0.13500560232806008,0.02085340925694459,2.7755575615628914e-17
442.0,0.0485,3,3,157.41939019365904,0.14408669807983962,0.007033582650913575,1.1102230246251565e-16
442.0,0.049,3,1,9.409728045893416,0.08177158828994742,0.24930101178021866,1.3877787807814457e-17
442.0,0.049,3,2,59.21694833001443,0.1338848136604451,0.02306723672875942,0.0
442.0,0.049,3,3,163.9382038010539,0.1444018230967089,0.006685617235357071,-8.326672684688674e-17
442.0,0.0495,3,1,9.66256294615235,0.08312450254863997,0.24037555125167884,0.0
442.0,0.0495,3,2,54.74998452062876,0.13276799322555322,0.025384292988665843,-5.551115123125783e-17
442.0,0.0495,3,3,169.75464113656162,0.1446680575312029,0.006398516497139331,-1.3877787807814457e-16
442.0,0.05,3,1,9.937653709851524,0.08452901521916932,0.2312818113938052,-1.3877787807814457e-17
442.0,0.05,3,2,50.76109356320345,0.13163490474534495,0.0278484046615881,0.0
442.0,0.05,3,3,175.0424083675246,0.14489903735604512,0.006154537759653295,-2.220446049250313e-16
442.0,0.0505,3,1,10.23919028845681,0.08599348812389969,0.2219865851261252,-2.7755575615628914e-17
442.0,0.0505,3,2,47.13645694693146,0.13046871871730223,0.030503665633671455,-8.326672684688674e-17
442.0,0.0505,3,3,179.91190197216463,0.1451032276801694,0.005942805386419771,-1.1102230246251565e-16
442.0,0.051,3,1,10.572703170539446,0.08752878560315107,0.2124465154645701,-1.3877787807814457e-17
442.0,0.051,3,2,43.79573759100676,0.1292529079178327,0.033400629721745324,0.0
442.0,0.051,3,3,184.4386685093178,0.1452862889095389,0.005756133239774617,2.220446049250313e-16
442.0,0.0515,3,1,10.94572530373285,0.0891494645382837,0.20260322592199656,0.0
442.0,0.0515,3,2,40.67758974812536,0.1279689199317004,0.0366026963406341,-5.551115123125783e-17
442.0,0.0515,3,3,188.67723406795614,0.14545221419046375,0.005589508637378382,-5.551115123125783e-16
442.0,0.052,3,1,11.36893453516983,0.09087580785199677,0.19237498238097014,-4.163336342344337e-17
442.0,0.052,3,2,37.73105173545008,0.12659353604943532,0.04019525267204698,-5.551115123125783e-17
442.0,0.052,3,3,192.66857030101679,0.14560393700794727,0.005439288333418203,-2.498001805406602e-16
442.0,0.0525,3,1,11.858280761249123,0.0927375718863349,0.18164129597478432,6.938893903907228e-17
442.0,0.0525,3,2,34.90906373731861,0.1250947730578206,0.044301531824368606,2.7755575615628914e-17
442.0,0.0525,3,3,196.44445061283716,0.1457436820134567,0.005302737499300465,2.220446049250313e-16
442.0,0.053,3,1,12.439372925165934,0.09478163249737304,0.17021144240598407,0.0
442.0,0.053,3,2,32.1613832233195,0.12342402204356785,0.04911437429056182,4.163336342344337e-17
442.0,0.053,3,3,200.03014882228098,0.14587318012302147,0.005177748967460013,1.6653345369377348e-16
442.0,0.0535,3,1,13.157957793011775,0.09709004394101528,0.1577499544619823,-2.7755575615628914e-17
442.0,0.0535,3,2,29.422353582528192,0.12149785116405366,0.05497091483808148,-2.7755575615628914e-17
442.0,0.0535,3,3,203.44619277376194,0.14599380685734198,0.005062663844866591,-4.440892098500626e-16
442.0,0.054,3,1,14.111556826683564,0.09983390502800832,0.14355390202118035,2.7755575615628914e-17
442.0,0.054,3,2,26.57808336105874,0.11914404697147642,0.06257542172399469,1.3877787807814457e-17
442.0,0.054,3,3,206.70954919432583,0.14610667485943393,0.004956152309725425,-3.608224830031759e-16
442.0,0.0545,3,1,15.602202701481241,0.10352980124416343,0.1254900651968543,-1.3877787807814457e-17
442.0,0.0545,3,2,23.312883629022338,0.11584510836995955,0.0740622054120648,0.0
442.0,0.0545,3,3,209.8344507261188,0.1462126978142815,0.004857131767406205,-1.1102230246251565e-16
443.0,0.047,3,1,8.56637082765722,0.07676930501452425,0.28371503995436614,2.7755575615628914e-17
443.0,0.047,3,2,88.50768307572271,0.138803643938287,0.014181670266427018,-2.7755575615628914e-17
443.0,0.047,3,3,129.5278967159364,0.14247946126612085,0.008945635425656743,-1.6653345369377348e-16
443.0,0.0475,3,1,8.756976445241818,0.07797093937097214,0.27524522198214746,-4.163336342344337e-17
443.0,0.0475,3,2,77.61782567424248,0.13733054591119456,0.016617136260897763,-2.7755575615628914e-17
443.0,0.0475,3,3,141.9533373762896,0.14325291723964437,0.007996829941819633,0.0
443.0,0.048,3,1,8.960217266876793,0.0792043392534701,0.2666849852564118,-1.3877787807814457e-17
443.0,0.048,3,2,70.08390573558606,0.13609886375334782,0.018801534074716738,-8.326672684688674e-17
443.0,0.048,3,3,150.97844140846482,0.14375327884520867,0.007411359334550209,-8.326672684688674e-17
443.0,0.0485,3,1,9.177809730242776,0.08047313419019766,0.2580201951663439,0.0
443.0,0.0485,3,2,64.08422351310023,0.1349518064191609,0.020957118025275855,2.7755575615628914e-17
443.0,0.0485,3,3,158.4240874221415,0.1441337046083798,0.0069811172424203635,-2.7755575615628914e-17
443.0,0.049,3,1,9.411847207188062,0.08178169066628674,0.2492337613589989,-5.551115123125783e-17
443.0,0.049,3,2,59.014959023431516,0.13383566370451552,0.023166875389233534,-5.551115123125783e-17
443.0,0.049,3,3,164.89286342986068,0.14444353536937551,0.006640219498258594,0.0
443.0,0.0495,3,1,9.664921744038597,0.08313533942211265,0.2403047149486973,-4.163336342344337e-17
443.0,0.0495,3,2,54.583809395757314,0.132721893234222,0.025482318876938092,-2.7755575615628914e-17
443.0,0.0495,3,3,170.67530936568312,0.14470597999209364,0.006358134476769287,-5.551115123125783e-17
443.0,0.05,3,1,9.94030031571113,0.08454070157858713,0.2312068817727497,1.3877787807814457e-17
443.0,0.05,3,2,50.621104989166206,0.1315908303857406,0.027946558452791502,0.0
443.0,0.05,3,3,175.93862623041193,0.14493407931016905,0.006117938047904353,-2.7755575615628914e-17
443.0,0.0505,3,1,10.24218834947634,0.08600617176095733,0.22190691290310116,1.3877787807814457e-17
443.0,0.0505,3,2,47.01638245507297,0.13042592376229123,0.03060340391882355,-2.7755575615628914e-17
443.0,0.0505,3,3,180.78984093670184,0.1451359875254071,0.005909180509274599,-3.885780586188048e-16
443.0,0.051,3,1,10.576139217032182,0.08754266176764079,0.21236124681246904,-1.3877787807814457e-17
443.0,0.051,3,2,43.6912190834158,0.12921077891432695,0.03350336765640348,-2.7755575615628914e-17
443.0,0.051,3,3,185.30256382225028,0.1453171848130723,0.00572492170422528,1.942890293094024e-16
443.0,0.0515,3,1,10.949721237025516,0.08916480020363193,0.20251119893303884,0.0
443.0,0.0515,3,2,40.58543317573144,0.12792688427745705,0.03671000407907214,2.7755575615628914e-17
443.0,0.0515,3,3,189.53012255100185,0.14548155174639218,0.005560302034655403,-3.3306690738754696e-16
443.0,0.052,3,1,11.373670107343324,0.09089298459116683,0.19227454461195245,0.0
443.0,0.052,3,2,37.64879063420301,0.1265509809306312,0.04030909010451785,-2.7755575615628914e-17
443.0,0.052,3,3,193.51270429878124,0.1456319474237661,0.00541177905642847,2.498001805406602e-16
443.0,0.0525,3,1,11.8640376646211,0.09275716835873021,0.1815299543987614,-2.7755575615628914e-17
443.0,0.0525,3,2,34.83466709743766,0.1250509399441004,0.044424630053155105,2.7755575615628914e-17
443.0,0.0525,3,3,197.2815459995476,0.1457705451280614,0.005276687314847015,-1.1102230246251565e-16
443.0,0.053,3,1,12.446632057783017,0.09480460279953767,0.17008510870669988,0.0
443.0,0.053,3,2,32.093001707553604,0.12337781372314416,0.049251010235354144,2.7755575615628914e-17
443.0,0.053,3,3,200.8615414850545,0.14589903902086654,0.005152969116382198,-3.885780586188048e-16
443.0,0.0535,3,1,13.167654409582251,0.09711817563534371,0.1576010126270023,1.3877787807814457e-17
443.0,0.0535,3,2,29.357961379879534,0.12144736403758305,0.05512885678573232,5.551115123125783e-17
443.0,0.0535,3,3,204.2729415764299,0.1460187775458138,0.005039001899110086,2.220446049250313e-16
443.0,0.054,3,1,14.125973082002568,0.09987138493498715,0.14336462342137107,1.3877787807814457e-17
443.0,0.054,3,2,26.51451547369467,0.11908499862432302,0.06277252323755175,-1.3877787807814457e-17
443.0,0.054,3,3,207.53250611696245,0.1461308529043074,0.004933483183783062,2.498001805406602e-16
443.0,0.0545,3,1,15.630837168128231,0.10359323625547467,0.1251906229160729,1.3877787807814457e-17
443.0,0.0545,3,2,23.239917132111536,0.11576081207390802,0.07436839733172954,1.3877787807814457e-17
443.0,0.0545,3,3,210.65431005869542,0.14623616302486594,0.004835351387627488,4.718447854656915e-16
444.0,0.047,3,1,8.567830308114441,0.07677719940035944,0.28365897689308334,1.3877787807814457e-17
444.0,0.047,3,2,87.61974311926166,0.13869278534323745,0.014358240436831874,-8.326672684688674e-17
444.0,0.047,3,3,131.1607879274795,0.1425851055826045,0.008812905002852178,-1.6653345369377348e-16
444.0,0.0475,3,1,8.758565336877082,0.07797928886685478,0.275186818889348,2.7755575615628914e-17
444.0,0.0475,3,2,77.14258205886097,0.13725686959765274,0.016744009878235596,-5.551115123125783e-17
444.0,0.0475,3,3,143.17562827993066,0.14332091901282099,0.007915954686227878,-1.3877787807814457e-16
444.0,0.048,3,1,8.961954837362152,0.07921319479284014,0.2666240135693173,0.0
444.0,0.048,3,2,69.75594197376759,0.1360386136375565,0.01891184763430136,-8.326672684688674e-17
444.0,0.048,3,3,152.05548611128052,0.1438073431798952,0.007349431134997014,-1.3877787807814457e-16
444.0,0.0485,3,1,9.179719624994624,0.08048255677199516,0.25795638224192824,0.0
444.0,0.0485,3,2,63.8354928898211,0.13489875885460417,0.02105963602286451,-2.7755575615628914e-17
444.0,0.0485,3,3,159.42386713182978,0.1441799941083562,0.0069296440701539464,-8.326672684688674e-17
444.0,0.049,3,1,9.41395886395425,0.08179175434990171,0.24916677753081076,4.163336342344337e-17
444.0,0.049,3,2,58.81645556945038,0.13378708217340232,0.023265572737085446,5.551115123125783e-17
444.0,0.049,3,3,165.8443140186881,0.14448471245089442,0.0065955559340076094,2.7755575615628914e-17
444.0,0.0495,3,1,9.667272429004111,0.0831461355685321,0.24023415524230093,-2.7755575615628914e-17
444.0,0.0495,3,2,54.420144697701595,0.1326762553155488,0.025579548302037562,2.7755575615628914e-17
444.0,0.0495,3,3,171.5937424784262,0.14474347567461573,0.006318332597018863,5.551115123125783e-17
444.0,0.05,3,1,9.942938142168927,0.08455234503426301,0.23113223931118945,0.0
444.0,0.05,3,2,50.483013045783586,0.13154714904337733,0.0280440073611886,-2.7755575615628914e-17
444.0,0.05,3,3,176.83322136574463,0.1449687657443569,0.006081817155030032,2.7755575615628914e-17
444.0,0.0505,3,1,10.24517691294849,0.08601881019229031,0.2218275388632924,1.3877787807814457e-17
444.0,0.0505,3,2,46.89779130700094,0.13038347406136933,0.03070249837898475,-5.551115123125783e-17
444.0,0.0505,3,3,181.6665691406708,0.1451684419422027,0.005875963191745547,3.885780586188048e-16
444.0,0.051,3,1,10.579565019861565,0.08755649035334644,0.21227628755814268,1.3877787807814457e-17
444.0,0.051,3,2,43.58789150342823,0.1291689605803451,0.033605504000432246,-5.551115123125783e-17
444.0,0.051,3,3,186.16553953373264,0.1453478122721762,0.005694065102385611,-4.996003610813204e-16
444.0,0.0515,3,1,10.953706216856196,0.08918008598420658,0.20241949209823082,0.0
444.0,0.0515,3,2,40.49425260806219,0.1278851332768568,0.036816740634166234,5.551115123125783e-17
444.0,0.0515,3,3,190.38230509604827,0.14551064920617582,0.005531410025723413,3.608224830031759e-16
444.0,0.052,3,1,11.378394216568932,0.09091010954407343,0.19217443576074955,-1.3877787807814457e-17
444.0,0.052,3,2,37.567342611500344,0.12650869001403867,0.040422380256909106,-2.7755575615628914e-17
444.0,0.052,3,3,194.3562938580591,0.14565974012279873,0.00538455253076023,-2.498001805406602e-16
444.0,0.0525,3,1,11.869783225489787,0.09277671240008278,0.1814189447193858,0.0
444.0,0.0525,3,2,34.760956498415446,0.12500735361075932,0.04454720458541985,2.7755575615628914e-17
444.0,0.0525,3,3,198.11822196109918,0.14579720861894993,0.00525089414449217,3.885780586188048e-16
444.0,0.053,3,1,12.45388183326395,0.09482752365049545,0.16995909373219917,4.163336342344337e-17
444.0,0.053,3,2,32.02520369337708,0.1233318343120679,0.04938715769374245,2.7755575615628914e-17
444.0,0.053,3,3,201.69261340407863,0.14592471321266695,0.0051284250670176335,3.3306690738754696e-16
444.0,0.0535,3,1,13.177349758992492,0.09714627234361256,0.15745232623874897,0.0
444.0,0.0535,3,2,29.294063570250565,0.12139707887828322,0.05528639212277726,1.3877787807814457e-17
444.0,0.0535,3,3,205.09944881208378,0.14604357603176144,0.005015557983884966,3.608224830031759e-16
444.0,0.054,3,1,14.140422698986972,0.0999088923907858,0.1431753307000819,-1.3877787807814457e-17
444.0,0.054,3,2,26.451341130323655,0.11902607910843173,0.06296950363240672,-2.7755575615628914e-17
444.0,0.054,3,3,208.35528588080646,0.14615486937418978,0.004911016991916664,-4.440892098500626e-16
444.0,0.0545,3,1,15.659798436315892,0.10365720869705619,0.12488900596586225,-1.3877787807814457e-17
444.0,0.0545,3,2,23.166995942780517,0.1156761256119793,0.07467664248693387,-1.3877787807814457e-17
444.0,0.0545,3,3,211.47404524618403,0.14625947580266274,0.004813760963546965,-2.498001805406602e-16
445.0,0.047,3,1,8.569284222584514,0.0767850620804748,0.2836031445006538,1.3877787807814457e-17
445.0,0.047,3,2,86.79443283294442,0.13858803292333313,0.014526088801137711,2.7755575615628914e-17
445.0,0.047,3,3,132.73133225294617,0.14268466988312994,0.00868872151354805,5.551115123125783e-17
445.0,0.0475,3,1,8.760148257615453,0.07798760514951265,0.2751286542764491,1.3877787807814457e-17
445.0,0.0475,3,2,76.68425394238548,0.13718508417001682,0.016868091403278856,-5.551115123125783e-17
445.0,0.0475,3,3,144.38128461274448,0.1433870575927068,0.007837689651430982,-1.1102230246251565e-16
445.0,0.048,3,1,8.96368598907108,0.07922201549678524,0.2665632886588718,-1.3877787807814457e-17
445.0,0.048,3,2,69.4362436798072,0.13597941751055254,0.019020545673206414,-8.326672684688674e-17
445.0,0.048,3,3,153.1245445021939,0.1438603828665821,0.007288929100813727,-5.551115123125783e-17
445.0,0.0485,3,1,9.181622605039713,0.08049194277076098,0.25789282491633175,1.3877787807814457e-17
445.0,0.0485,3,2,63.59175986684818,0.1348464351830824,0.021161000088764575,-8.326672684688674e-17
445.0,0.0485,3,3,160.41892671286732,0.14422559082971037,0.006879127465817684,-2.7755575615628914e-16
445.0,0.049,3,1,9.416063057043717,0.08180177956750954,0.24910005868309085,1.3877787807814457e-17
445.0,0.049,3,2,58.62132875214428,0.13373905423300889,0.023363351640356387,0.0
445.0,0.049,3,3,166.7926638499286,0.14452536896514195,0.00655160488342441,1.1102230246251565e-16
445.0,0.0495,3,1,9.669615044287747,0.08315689122350989,0.24016387047570373,-2.7755575615628914e-17
445.0,0.0495,3,2,54.25892302515729,0.1326310693703717,0.025675997217318332,2.7755575615628914e-17
445.0,0.0495,3,3,172.51000694686329,0.14478055445862395,0.0062790961520969866,0.0
445.0,0.05,3,1,9.94556723488912,0.08456394583081468,0.2310578823081247,-1.3877787807814457e-17
445.0,0.05,3,2,50.346772824348776,0.1315038532879974,0.028140763427988328,-5.551115123125783e-17
445.0,0.05,3,3,177.72623775715053,0.1450031038603609,0.006046164326072869,2.7755575615628914e-16
445.0,0.0505,3,1,10.248156026917561,0.08603140367144245,0.22174846126242176,-1.3877787807814457e-17
445.0,0.0505,3,2,46.78065188839077,0.13034136383525263,0.030800958629584693,-5.551115123125783e-17
445.0,0.0505,3,3,182.5421172773998,0.1452005964722161,0.005843145142403015,-8.326672684688674e-17
445.0,0.051,3,1,10.58298062928161,0.08757027162238269,0.21219163591625556,4.163336342344337e-17
445.0,0.051,3,2,43.485731655732124,0.12912744822971658,0.03370704676080231,0.0
445.0,0.051,3,3,187.0276179222381,0.14537817572663478,0.005663556786808078,-6.38378239159465e-16
445.0,0.0515,3,1,10.95768029537204,0.08919532215002902,0.2023281035947915,1.3877787807814457e-17
445.0,0.0515,3,2,40.40403047010486,0.12784366300614378,0.036922912889534074,-2.7755575615628914e-17
445.0,0.0515,3,3,191.23379836562802,0.1455395102390858,0.005502827118393541,-3.608224830031759e-16
445.0,0.052,3,1,11.383106916571037,0.0909271829879852,0.19207465397065016,0.0
445.0,0.052,3,2,37.486694003707896,0.1264666599298436,0.04053512919574044,-2.7755575615628914e-17
445.0,0.052,3,3,195.19935173458796,0.14568731821293646,0.005357604109707927,1.3877787807814457e-16
445.0,0.0525,3,1,11.875517499862102,0.09279620429628353,0.18130826504029032,4.163336342344337e-17
445.0,0.0525,3,2,34.68792109090176,0.12496401110195954,0.044669260882420285,2.7755575615628914e-17
445.0,0.0525,3,3,198.9544884427138,0.1458236751712236,0.0052253539809000256,1.1102230246251565e-16
445.0,0.053,3,1,12.46112231725555,0.09485039535892491,0.169833395484104,-2.7755575615628914e-17
445.0,0.053,3,2,31.957980406275805,0.12328608115874463,0.04952282172674198,-1.3877787807814457e-17
445.0,0.053,3,3,202.5233724460572,0.14595020505630243,0.00510411330872934,-3.608224830031759e-16
445.0,0.0535,3,1,13.187043965826456,0.09717433448931911,0.1573038927955496,1.3877787807814457e-17
445.0,0.0535,3,2,29.230652899227284,0.12134699317865655,0.05544352601331759,2.7755575615628914e-17
445.0,0.0535,3,3,205.92572077425854,0.14606820441395893,0.004992328983203144,-1.3877787807814457e-16
445.0,0.054,3,1,14.154906284514475,0.09994642869504285,0.14298601758033933,1.3877787807814457e-17
445.0,0.054,3,2,26.38855381433406,0.11896728524915802,0.06316637152279095,2.7755575615628914e-17
445.0,0.054,3,3,209.1778935650739,0.14617872615867106,0.00488875093774469,0.0
445.0,0.0545,3,1,15.689098552001216,0.10372173954464109,0.12458512479807113,2.7755575615628914e-17
445.0,0.0545,3,2,23.09410306429791,0.11559102630495889,0.07498703249441592,2.7755575615628914e-17
445.0,0.0545,3,3,212.2936604145246,0.14628263786554754,0.004792357961887615,4.996003610813204e-16
446.0,0.047,3,1,8.570732603201737,0.07679289324729742,0.2835475413443885,0.0
446.0,0.047,3,2,86.0224321470838,0.13848851378562724,0.014686455207397434,-1.1102230246251565e-16
446.0,0.047,3,3,134.24884881434818,0.1427790268854384,0.008571846164140192,-1.942890293094024e-16
446.0,0.0475,3,1,8.761725241505202,0.07799588841898708,0.27507072667091453,2.7755575615628914e-17
446.0,0.0475,3,2,76.2416297698473,0.1371150654649659,0.01698956042445983,2.7755575615628914e-17
446.0,0.0475,3,3,145.57151698724596,0.14345145695961103,0.007761856337842537,1.3877787807814457e-16
446.0,0.048,3,1,8.965410758095771,0.07923080157331289,0.2665028090113816,0.0
446.0,0.048,3,2,69.12440979590097,0.13592123026877126,0.019127694726183243,8.326672684688674e-17
446.0,0.048,3,3,154.18601670151918,0.14391244281766472,0.007229787821797782,2.7755575615628914e-16
446.0,0.0485,3,1,9.183518708641115,0.08050129240280673,0.2578295216335048,0.0
446.0,0.0485,3,2,63.352837609322684,0.13479481229420645,0.021261245052893632,8.326672684688674e-17
446.0,0.0485,3,3,161.409452067341,0.14427051768316648,0.006829533760939264,5.551115123125783e-17
446.0,0.049,3,1,9.418159827005427,0.08181176654402862,0.2490336032164496,-2.7755575615628914e-17
446.0,0.049,3,2,58.42947450422326,0.13369156570020352,0.023460233974185573,-5.551115123125783e-17
446.0,0.049,3,3,167.73801606258223,0.14456551888678734,0.006508345670687905,5.551115123125783e-17
446.0,0.0495,3,1,9.671949632812586,0.08316760662080375,0.24009385900557167,2.7755575615628914e-17
446.0,0.0495,3,2,54.10007967577248,0.132586325669978,0.0257716810007469,0.0
446.0,0.0495,3,3,173.42416654933706,0.1448172258553382,0.0062404110018300565,0.0
446.0,0.05,3,1,9.948187639207735,0.0845755042109523,0.23098380907627564,-1.3877787807814457e-17
446.0,0.05,3,2,50.21234098920893,0.13146093592412614,0.02823683832290899,-2.7755575615628914e-17
446.0,0.05,3,3,178.61771782040003,0.1450371006270198,0.00601096916757813,-3.3306690738754696e-16
446.0,0.0505,3,1,10.251125739088272,0.08604395244999868,0.22166967837018473,0.0
446.0,0.0505,3,2,46.66493357438761,0.13029958746549278,0.030898794026710093,-2.7755575615628914e-17
446.0,0.0505,3,3,183.4165150559308,0.14523245649819488,0.005810718318968164,1.3877787807814457e-16
446.0,0.051,3,1,10.586386095196662,0.087584005834857,0.21210729011568225,-1.3877787807814457e-17
446.0,0.051,3,2,43.38471700415176,0.12908623729311494,0.03380800375242109,2.7755575615628914e-17
446.0,0.051,3,3,187.88882061225385,0.14540827950136098,0.005633390291729769,1.6653345369377348e-16
446.0,0.0515,3,1,10.961643524362021,0.08921050896906828,0.2022370316143673,-4.163336342344337e-17
446.0,0.0515,3,2,40.31474964598104,0.1278024696304296,0.03702852757985409,-8.326672684688674e-17
446.0,0.0515,3,3,192.08461856827304,0.14556813842754565,0.005474547958869629,2.498001805406602e-16
446.0,0.052,3,1,11.387808260708622,0.09094420519807606,0.19197519739957233,0.0
446.0,0.052,3,2,37.40683147862852,0.12642488737834748,0.040647342867707215,-2.7755575615628914e-17
446.0,0.052,3,3,196.0418903577637,0.1457146847340186,0.005330929255691103,-2.7755575615628914e-17
446.0,0.0525,3,1,11.881240543375569,0.09281564433109317,0.18119791347990694,2.7755575615628914e-17
446.0,0.0525,3,2,34.61555027186924,0.12492090951886219,0.044790804306105776,5.551115123125783e-17
446.0,0.0525,3,3,199.7903551483667,0.14584994741508647,0.005200062905222486,1.3877787807814457e-16
446.0,0.053,3,1,12.468353575074019,0.0948732182314212,0.16970801197863739,-2.7755575615628914e-17
446.0,0.053,3,2,31.891323259237495,0.12324055165899873,0.049658007311370815,-4.163336342344337e-17
446.0,0.053,3,3,203.3538262952001,0.14597551686429086,0.00508003040430401,-6.938893903907228e-16
446.0,0.0535,3,1,13.196737154910487,0.0972023624949165,0.15715570980579674,1.3877787807814457e-17
446.0,0.0535,3,2,29.167722257504828,0.12129710447046908,0.05560026355336401,2.7755575615628914e-17
446.0,0.0535,3,3,206.75176361577974,0.14609266475293595,0.004969311843181385,-5.551115123125783e-17
446.0,0.054,3,1,14.169424455405375,0.09998399516372448,0.1427966777204647,0.0
446.0,0.054,3,2,26.326147114007817,0.118908613888304,0.06336313553838324,1.3877787807814457e-17
446.0,0.054,3,3,210.00033413874775,0.14620242511454354,0.004866682278274661,-1.6653345369377348e-16
446.0,0.0545,3,1,15.718750253037943,0.10378685095520214,0.12427888487459779,0.0
446.0,0.0545,3,2,23.021220900115438,0.11550549032091041,0.0752996639185087,1.3877787807814457e-17
446.0,0.0545,3,3,213.11315960215,0.14630565090285677,0.004771139895907434,8.881784197001252e-16
447.0,0.047,3,1,8.572175481850968,0.07680069309168748,0.28349216600352334,4.163336342344337e-17
447.0,0.047,3,2,85.29649268644131,0.13839354723900676,0.014840306383000951,-5.551115123125783e-17
447.0,0.047,3,3,135.72058504455404,0.1428688571069552,0.00846131327315845,-1.1102230246251565e-16
447.0,0.0475,3,1,8.763296322332952,0.07800413887370007,0.27501303461241083,4.163336342344337e-17
447.0,0.0475,3,2,75.81363110731256,0.13704670263632562,0.01710857726897227,2.7755575615628914e-17
447.0,0.0475,3,3,146.74740290018823,0.14351422777826875,0.007688295498357435,-5.551115123125783e-17
447.0,0.048,3,1,8.967129180254199,0.0792395532287578,0.26644257312563574,-4.163336342344337e-17
447.0,0.048,3,2,68.82006902900321,0.1358640100245096,0.019233356594288088,-5.551115123125783e-17
447.0,0.048,3,3,155.2402730700618,0.14396356473130428,0.007171946612453677,-1.1102230246251565e-16
447.0,0.0485,3,1,9.185407973774867,0.0805106058827174,0.2577664708501589,1.3877787807814457e-17
447.0,0.0485,3,2,63.11854987959627,0.13474386831632326,0.02136040388932534,5.551115123125783e-17
447.0,0.0485,3,3,162.39561850535225,0.14431479634239613,0.006780831133670888,1.6653345369377348e-16
447.0,0.049,3,1,9.42024921408827,0.08182171550259591,0.2489674095445393,-4.163336342344337e-17
447.0,0.049,3,2,58.240793580730745,0.13364460300281086,0.023556240681894665,-1.1102230246251565e-16
447.0,0.049,3,3,168.6804689785186,0.14460517558128302,0.0064657585423462,-3.3306690738754696e-16
447.0,0.0495,3,1,9.674276237188792,0.08317828199233561,0.24002411920188688,-1.3877787807814457e-17
447.0,0.0495,3,2,53.94355250115728,0.13254201483696454,0.025866614484637805,-5.551115123125783e-17
447.0,0.0495,3,3,174.33628251540844,0.14485349902646463,0.006202263542022977,-5.551115123125783e-17
447.0,0.05,3,1,9.950799400135628,0.08458702041549741,0.23091001794194216,0.0
447.0,0.05,3,2,50.07967570404271,0.1314183899805806,0.028332243360762496,2.7755575615628914e-17
447.0,0.05,3,3,179.5077024770951,0.14507076279073128,0.005976221631108165,2.7755575615628914e-17
447.0,0.0505,3,1,10.254086096828848,0.08605645677760444,0.22159118847010753,-1.3877787807814457e-17
447.0,0.0505,3,2,46.55060668829532,0.1302581394881304,0.03099601367731066,2.7755575615628914e-17
447.0,0.0505,3,3,184.28979124227695,0.14526402725030077,0.005778674918207177,0.0
447.0,0.051,3,1,10.589781467164686,0.08759769324888951,0.21202324839936043,-1.3877787807814457e-17
447.0,0.051,3,2,43.28482564673848,0.1290453233139215,0.033908382604899624,5.551115123125783e-17
447.0,0.051,3,3,188.74916859914745,0.14543812781051316,0.005603559326406629,-5.551115123125783e-17
447.0,0.0515,3,1,10.965595955260264,0.08922564670726145,0.20214627436288424,-1.3877787807814457e-17
447.0,0.0515,3,2,40.22639346304421,0.1277615494008349,0.03713359129562164,0.0
447.0,0.0515,3,3,192.93478147436159,0.14559653726996952,0.005446567327094151,5.551115123125783e-17
447.0,0.052,3,1,11.3924983019785,0.09096117644744582,0.19187606421991693,5.551115123125783e-17
447.0,0.052,3,2,37.32774202487461,0.12638336912789713,0.04075902710318425,5.551115123125783e-17
447.0,0.052,3,3,196.8839218412379,0.1457418426598827,0.005304523536853501,3.3306690738754696e-16
447.0,0.0525,3,1,11.886952411301573,0.09283503278616285,0.18108788817131924,4.163336342344337e-17
447.0,0.0525,3,2,34.54383367724044,0.124878046018068,0.04491184012180064,-1.3877787807814457e-17
447.0,0.0525,3,3,200.6258315481135,0.14587602792738336,0.0051750170845209515,8.326672684688674e-17
447.0,0.053,3,1,12.475575671708219,0.09489599257251664,0.16958294124647538,1.3877787807814457e-17
447.0,0.053,3,2,31.8252238474759,0.12319524325486092,0.049792719342772386,1.3877787807814457e-17
447.0,0.053,3,3,204.18398245845134,0.1460006509049788,0.005056172987936621,0.0
447.0,0.0535,3,1,13.206429451324698,0.09723035678185014,0.1570077747877306,-4.163336342344337e-17
447.0,0.0535,3,2,29.105264677003422,0.1212474103237665,0.05575660977262555,-4.163336342344337e-17
447.0,0.0535,3,3,207.5775833525941,0.14611695907192432,0.004946503570425096,-8.326672684688674e-17
447.0,0.054,3,1,14.183977838695839,0.10002159312962859,0.14260730471184244,0.0
447.0,0.054,3,2,26.264114719338934,0.11885006188284371,0.0635598043278161,-2.7755575615628914e-17
447.0,0.054,3,3,210.82261246345874,0.14622596806657207,0.004844808322578554,1.3877787807814457e-16
447.0,0.0545,3,1,15.748767025755976,0.10385256636324025,0.12397018626046166,0.0
447.0,0.0545,3,2,22.94833119506279,0.11541949257824803,0.07561463867912507,0.0
447.0,0.0545,3,3,213.9325467621821,0.14632851657602636,0.004750104324293618,3.0531133177191805e-16
448.0,0.0465,3,1,8.393652642928794,0.07563349122291026,0.2918389121110492,-1.3877787807814457e-17
448.0,0.0465,3,2,102.86954083582361,0.14034285626305726,0.011842968270799427,-2.7755575615628914e-17
448.0,0.0465,3,3,117.30336378863497,0.14158753107650254,0.010105792450957987,-5.551115123125783e-17
448.0,0.047,3,1,8.573612890169962,0.07680846180295378,0.28343701706909935,0.0
448.0,0.047,3,2,84.61084684093912,0.13830259018358607,0.014988413558952633,-2.7755575615628914e-17
448.0,0.047,3,3,137.15230761652887,0.1429547034753803,0.008356352647075212,0.0
448.0,0.0475,3,1,8.764861533626204,0.07801235671047066,0.2749555766526825,0.0
448.0,0.0475,3,2,75.39929316631475,0.13697989622563372,0.017225285795463483,5.551115123125783e-17
448.0,0.0475,3,3,147.90990620809623,0.14357546932725795,0.007616864345748523,1.1102230246251565e-16
448.0,0.048,3,1,8.968841291092803,0.07924827066779928,0.2663825795127752,0.0
448.0,0.048,3,2,68.5228768838148,0.13580771779053882,0.019337588809640704,-2.7755575615628914e-17
448.0,0.048,3,3,156.28765717609386,0.14401378740679724,0.0071153490473259565,-1.3877787807814457e-16
448.0,0.0485,3,1,9.187290438132647,0.08051988342336851,0.25770367103563707,1.3877787807814457e-17
448.0,0.0485,3,2,62.88873022848838,0.1346935825241776,0.021458507854795777,-5.551115123125783e-17
448.0,0.0485,3,3,163.3775915537209,0.14435844733633837,0.0067329894703763256,-2.7755575615628914e-17
448.0,0.049,3,1,9.422331258243927,0.08183162666458495,0.24890147609391874,1.3877787807814457e-17
448.0,0.049,3,2,58.055191258657686,0.133598153142731,0.023651391831288997,0.0
448.0,0.049,3,3,169.62011640282594,0.14464435184172716,0.0064238246111093435,2.7755575615628914e-17
448.0,0.0495,3,1,9.676594899716687,0.08318891756821058,0.2399546494478072,0.0
448.0,0.0495,3,2,53.78928177166043,0.13249812782736137,0.025960811983422635,0.0
448.0,0.0495,3,3,175.24641366104044,0.1448893828020528,0.006164640676786444,1.6653345369377348e-16
448.0,0.05,3,1,9.953402562361505,0.08459849468340165,0.23083650724486512,1.3877787807814457e-17
448.0,0.05,3,2,49.9487365624709,0.13137620870057976,0.02842698951708485,-5.551115123125783e-17
448.0,0.05,3,3,180.3962312240089,0.14510409688532258,0.005941911997708957,5.551115123125783e-17
448.0,0.0505,3,1,10.257037147174065,0.08606891690198454,0.22151298985940782,2.7755575615628914e-17
448.0,0.0505,3,2,46.43764246242648,0.13021701458767096,0.031092626448885458,0.0
448.0,0.0505,3,3,185.16197369854072,0.14529531381211447,0.005747007366343656,8.326672684688674e-17
448.0,0.051,3,1,10.593166794400215,0.087611334120632,0.2119395090241526,1.3877787807814457e-17
448.0,0.051,3,2,43.186036292039,0.12900470194427696,0.0340081907690103,5.551115123125783e-17
448.0,0.051,3,3,189.60868227286733,0.1454677247614232,0.005574057768756387,5.551115123125783e-17
448.0,0.0515,3,1,10.969537639149022,0.08924073562853287,0.20205583006040773,0.0
448.0,0.0515,3,2,40.138945676665415,0.12772089865174924,0.03723811048770746,0.0
448.0,0.0515,3,3,193.78430243130651,0.14562471018348191,0.005418880132290947,-1.3877787807814457e-16
448.0,0.052,3,1,11.3971770930185,0.09097809700713992,0.19177725261842218,0.0
448.0,0.052,3,2,37.24941294166555,0.12634210201289284,0.04087018761959592,5.551115123125783e-17
448.0,0.052,3,3,197.72545799307318,0.14576879490033537,0.005278382623795591,6.106226635438361e-16
448.0,0.0525,3,1,11.892653158548747,0.0928543699410549,0.18097818726211212,4.163336342344337e-17
448.0,0.0525,3,2,34.4727611747893,0.12483541781011305,0.04503237350079318,5.551115123125783e-17
448.0,0.0525,3,3,201.46092688515148,0.145901919233083,0.005150212769282072,-1.942890293094024e-16
448.0,0.053,3,1,12.482788671823494,0.09491871868470271,0.16945818133259222,-1.3877787807814457e-17
448.0,0.053,3,2,31.759673943338793,0.12315015343339514,0.049926962636269626,2.7755575615628914e-17
448.0,0.053,3,3,205.0138482705405,0.14602560940369264,0.005032537763284108,5.273559366969494e-16
448.0,0.0535,3,1,13.216120980414738,0.09725831777059468,0.15686008526921866,2.7755575615628914e-17
448.0,0.0535,3,2,29.043273327112153,0.12119790834591991,0.05591256963624638,4.163336342344337e-17
448.0,0.0535,3,3,208.40318586748307,0.1461410893577753,0.004923901230464385,2.7755575615628914e-16
448.0,0.054,3,1,14.198567071918953,0.10005922394290206,0.14241789207663513,0.0
448.0,0.054,3,2,26.202450418936543,0.11879162610365819,0.06375638656220173,-1.3877787807814457e-17
448.0,0.054,3,3,211.6447332962601,0.14624935680824092,0.00482312643050908,-2.7755575615628914e-17
448.0,0.0545,3,1,15.779163167593135,0.10391891058733994,0.12365892317351773,0.0
448.0,0.0545,3,2,22.875414970556793,0.11533300663855893,0.07593206450307531,1.3877787807814457e-17
448.0,0.0545,3,3,214.75182576455742,0.1463512365192124,0.00472924885008926,2.220446049250313e-16
449.0,0.0465,3,1,8.394972914886418,0.07564082385932101,0.29178609789514176,1.3877787807814457e-17
449.0,0.0465,3,2,100.22115427060082,0.14008215746195932,0.012224264247156605,-1.1102230246251565e-16
449.0,0.0465,3,3,120.6959593867279,0.14184355476455818,0.00976553984277467,-1.3877787807814457e-16
449.0,0.047,3,1,8.575044859551914,0.07681619956887026,0.28338209314383417,0.0
449.0,0.047,3,2,83.9608171886707,0.1382152009760738,0.015131403828050059,2.7755575615628914e-17
449.0,0.047,3,3,138.54869302028575,0.14303700746330486,0.008256338222212719,2.7755575615628914e-17
449.0,0.0475,3,1,8.76642090865593,0.0780205421245317,0.27489835135542245,0.0
449.0,0.0475,3,2,74.99774883704981,0.13691455657851034,0.017339815685984302,0.0
449.0,0.0475,3,3,149.05989309402165,0.14363527108261318,0.007547434260803933,5.551115123125783e-17
449.0,0.048,3,1,8.970547125889007,0.07925695409347745,0.26632282669616747,-1.3877787807814457e-17
449.0,0.048,3,2,68.23251306405002,0.13575231720353187,0.01944044504293895,-5.551115123125783e-17
449.0,0.048,3,3,157.32848839404065,0.14406314702113163,0.007059942553572784,-1.6653345369377348e-16
449.0,0.0485,3,1,9.189166139124511,0.08052912523594342,0.25764112067178213,4.163336342344337e-17
449.0,0.0485,3,2,62.66322126375719,0.1346439352552837,0.021555586614129544,-2.7755575615628914e-17
449.0,0.0485,3,3,164.35552768747485,0.14440149013281067,0.006685980240295619,1.6653345369377348e-16
449.0,0.049,3,1,9.424405999129599,0.08184150024962321,0.2488358013039222,2.7755575615628914e-17
449.0,0.049,3,2,57.87257706001068,0.13355220366189238,0.023745706666625732,2.7755575615628914e-17
449.0,0.049,3,3,170.5570479006951,0.1446830599228934,0.006382525803973705,-8.326672684688674e-17
449.0,0.0495,3,1,9.678905662389448,0.0831995135767343,0.23988544813953594,0.0
449.0,0.0495,3,2,53.6372100501271,0.13245465591391906,0.026054287319607385,-8.326672684688674e-17
449.0,0.0495,3,3,176.15461651479856,0.1449248856971905,0.006127529792673429,-2.498001805406602e-16
449.0,0.05,3,1,9.955997170254877,0.08460992725176525,0.23076327533808924,-2.7755575615628914e-17
449.0,0.05,3,2,49.81948452269171,0.1313343855324135,0.028521087442881708,-2.7755575615628914e-17
449.0,0.05,3,3,181.28334219841605,0.14513710924136222,0.00590803086326191,-5.551115123125783e-17
449.0,0.0505,3,1,10.259978936828286,0.0860813330689622,0.22143508084885458,-1.3877787807814457e-17
449.0,0.0505,3,2,46.326013000977866,0.13017620759136292,0.03118864097868188,-5.551115123125783e-17
449.0,0.0505,3,3,186.03308941999245,0.1453263211263382,0.005715708309957684,-5.828670879282072e-16
449.0,0.051,3,1,10.596542125777477,0.08762492870428736,0.21185607026070433,-4.163336342344337e-17
449.0,0.051,3,2,43.0883282364764,0.12896436894131297,0.03410743552285054,0.0
449.0,0.051,3,3,190.46738144051486,0.14549707435834588,0.005544879659293279,2.7755575615628914e-17
449.0,0.0515,3,1,10.97346862676194,0.08925577599481412,0.20196569694099814,-1.3877787807814457e-17
449.0,0.0515,3,2,40.05239045567149,0.127680513798204,0.037342091471728275,0.0
449.0,0.0515,3,3,194.63319637807038,0.14565266050652462,0.00539148140869543,0.0
449.0,0.052,3,1,11.401844686110877,0.09099496714617034,0.19167876079601606,2.7755575615628914e-17
449.0,0.052,3,2,37.17183182902997,0.12630108293187212,0.04098083002465862,0.0
449.0,0.052,3,3,198.56651032550505,0.14579554430304845,0.005252502286433814,-8.326672684688674e-17
449.0,0.0525,3,1,11.898342839666057,0.09287365607326263,0.1808688089142293,1.3877787807814457e-17
449.0,0.0525,3,2,34.40232285730703,0.12479302215801841,0.04515240952283038,2.7755575615628914e-17
449.0,0.0525,3,3,202.29565018261735,0.145927623806708,0.005125646291023513,5.828670879282072e-16
449.0,0.053,3,1,12.489992639765374,0.09494139686845143,0.1693337302961094,0.0
449.0,0.053,3,2,31.69466549139308,0.12310527972556407,0.05006074192935162,-2.7755575615628914e-17
449.0,0.053,3,3,205.8434308988611,0.14605039454385124,0.005009121501585254,-3.0531133177191805e-16
449.0,0.0535,3,1,13.225811867802806,0.09728624588068867,0.15671263878754707,1.3877787807814457e-17
449.0,0.0535,3,2,28.981741511057653,0.12114859618070205,0.056068148046486764,4.163336342344337e-17
449.0,0.0535,3,3,209.2285769136447,0.1461650575618479,0.004901501946240562,-1.6653345369377348e-16
449.0,0.054,3,1,14.213192803395748,0.10009688897157597,0.14222843326542142,-1.3877787807814457e-17
449.0,0.054,3,2,26.141148097005363,0.11873330343427486,0.06395289093869225,0.0
449.0,0.054,3,3,212.46670129232513,0.14627259310247914,0.004801634011455207,-3.885780586188048e-16
449.0,0.0545,3,1,15.809953856590333,0.10398590994836653,0.12334498348501016,4.163336342344337e-17
449.0,0.0545,3,2,22.802452453012357,0.11524600458780358,0.07625205542450526,2.7755575615628914e-17
449.0,0.0545,3,3,215.57100039808063,0.1463738123398942,0.004708571119651494,8.326672684688674e-17
450.0,0.0465,3,1,8.396288136963795,0.07564812710410064,0.29173350012671456,0.0
450.0,0.0465,3,2,98.26788198526388,0.13988234505749747,0.012520597861334398,5.551115123125783e-17
450.0,0.0465,3,3,123.39372071236845,0.14203871596176257,0.00951008630333795,5.551115123125783e-17
450.0,0.047,3,1,8.57647142114776,0.07682390657569112,0.28332739284200353,-1.3877787807814457e-17
450.0,0.047,3,2,83.34254904665887,0.13813101465933256,0.015269795348310609,-1.1102230246251565e-16
450.0,0.047,3,3,139.9135950120882,0.14311613385863595,0.008160752861400722,-2.498001805406602e-16
450.0,0.0475,3,1,8.767974480438944,0.07802869530954544,0.2748413572961519,-1.3877787807814457e-17
450.0,0.0475,3,2,74.60821548807199,0.13685060253391718,0.017452284342810705,2.7755575615628914e-17
450.0,0.0475,3,3,150.19814526781337,0.14369371402854975,0.007479888895592207,-1.1102230246251565e-16
450.0,0.048,3,1,8.972246719653908,0.07926560370721028,0.2662633132112769,0.0
450.0,0.048,3,2,67.94867918768873,0.13569777428061172,0.019541975462131243,-2.7755575615628914e-17
450.0,0.048,3,3,158.36306418919182,0.14411167737242161,0.007005678052382577,0.0
450.0,0.0485,3,1,9.191035113881513,0.08053833152995026,0.2575788182528092,1.3877787807814457e-17
450.0,0.0485,3,2,62.441873986981555,0.13459490783401992,0.02165166835406754,-2.7755575615628914e-17
450.0,0.0485,3,3,165.32957499292527,0.1444439432143975,0.0066397763818066965,5.551115123125783e-17
450.0,0.049,3,1,9.426473476110894,0.08185133647561013,0.24877038362652512,1.3877787807814457e-17
450.0,0.049,3,2,57.69286449613842,0.13350674261077466,0.023839203656652656,0.0
450.0,0.049,3,3,171.49134905306082,0.1447213115726896,0.006341844814275722,-8.326672684688674e-17
450.0,0.0495,3,1,9.681208566896103,0.08321007024443129,0.23981651368618503,-1.3877787807814457e-17
450.0,0.0495,3,2,53.48728207391848,0.1324115906704666,0.026147053848064022,-2.7755575615628914e-17
450.0,0.0495,3,3,177.06094543579547,0.14496001592762756,0.006090918734481989,-1.1102230246251565e-16
450.0,0.05,3,1,9.958583267869034,0.08462131835585542,0.23069032058782724,0.0
450.0,0.05,3,2,49.6918818458654,0.13129291412063443,0.02861454747854566,-2.7755575615628914e-17
450.0,0.05,3,3,182.16907223966922,0.14516980599495038,0.005874569124660293,8.326672684688674e-17
450.0,0.0505,3,1,10.262911512168568,0.08609370552247798,0.22135745976262958,-1.3877787807814457e-17
450.0,0.0505,3,2,46.21569124480535,0.13013571346375993,0.03128406568243675,0.0
450.0,0.0505,3,3,186.90316457026444,0.14535705400021445,0.005684770607341194,0.0
450.0,0.051,3,1,10.599907509833656,0.08763847725212907,0.21177293039330147,0.0
450.0,0.051,3,2,42.99168134277889,0.12892432016355068,0.03420612397773125,-2.7755575615628914e-17
450.0,0.051,3,3,191.32528534787977,0.1455261805060404,0.00551601919533802,4.163336342344337e-16
450.0,0.0515,3,1,10.977388968487304,0.0892707680660637,0.20187587325256712,4.163336342344337e-17
450.0,0.0515,3,2,39.966712368402895,0.12764039133335267,0.03744554043223794,0.0
450.0,0.0515,3,3,195.48147785906966,0.14568039150135695,0.005364366311462275,5.551115123125783e-17
450.0,0.052,3,1,11.406501133185259,0.09101178713153435,0.1915805869676772,4.163336342344337e-17
450.0,0.052,3,2,37.09498657839366,0.12626030884566516,0.0410909598195013,2.7755575615628914e-17
450.0,0.052,3,3,199.40709006431862,0.14582209365538265,0.00522687839098086,2.7755575615628914e-16
450.0,0.0525,3,1,11.904021508846192,0.09289289145823088,0.1807597513038267,2.7755575615628914e-17
450.0,0.0525,3,2,34.33250903601709,0.12475085637588895,0.045271953178529445,0.0
450.0,0.0525,3,3,203.1300102501243,0.14595314407371515,0.005101314059985907,-2.220446049250313e-16
450.0,0.053,3,1,12.49718763956303,0.09496402742223614,0.1692095862101485,4.163336342344337e-17
450.0,0.053,3,2,31.630190603679832,0.12306061970513182,0.05019406188359499,5.551115123125783e-17
450.0,0.053,3,3,206.67273734818212,0.146075008468042,0.004985921039844148,3.885780586188048e-16
450.0,0.0535,3,1,13.235502239399866,0.09731414153077239,0.15656543288919847,5.551115123125783e-17
450.0,0.0535,3,2,28.920662662388143,0.12109947150738877,0.05622334984436276,5.551115123125783e-17
450.0,0.0535,3,3,210.05376211816755,0.1461888656008694,0.004879302896640983,6.106226635438361e-16
450.0,0.054,3,1,14.227855692535925,0.10013458960211752,0.14203892165476112,1.3877787807814457e-17
450.0,0.054,3,2,26.080201730400972,0.11867509076961141,0.06414932618407605,5.551115123125783e-17
450.0,0.054,3,3,213.28852100755535,0.146295678682364,0.004780328523135566,5.551115123125783e-17
450.0,0.0545,3,1,15.841155228688399,0.10405359240089174,0.12302824816426434,0.0
450.0,0.0545,3,2,22.729422994512316,0.11515845690430267,0.07657473234117387,1.3877787807814457e-17
450.0,0.0545,3,3,216.39007437242807,0.14639624561946044,0.004688068821639853,9.159339953157541e-16
451.0,0.0465,3,1,8.397598338343101,0.07565540113498727,0.2916811174686341,0.0
451.0,0.0465,3,2,96.67212794744775,0.1397140810185329,0.012772896006991618,0.0
451.0,0.0465,3,3,125.73424287100221,0.14220235253867372,0.009298505919700302,2.7755575615628914e-17
451.0,0.047,3,1,8.577892605868543,0.07683158300816645,0.2832729147893212,0.0
451.0,0.047,3,2,82.75282180952374,0.13804972546992353,0.01540402220102183,-5.551115123125783e-17
451.0,0.047,3,3,141.25023327574084,0.14319238825703642,0.008069163496010119,-8.326672684688674e-17
451.0,0.0475,3,1,8.76952228174043,0.07803681645761973,0.27478459306209596,1.3877787807814457e-17
451.0,0.0475,3,2,74.2299839688763,0.13678796033090182,0.017562798470381252,-2.7755575615628914e-17
451.0,0.0475,3,3,151.32537096349284,0.14375087175070356,0.007414122591609736,-2.7755575615628914e-17
451.0,0.048,3,1,8.973940107134705,0.07927421970880957,0.2662040376055433,2.7755575615628914e-17
451.0,0.048,3,2,67.67109677114722,0.13564405720429373,0.019642227049220078,-8.326672684688674e-17
451.0,0.048,3,3,159.39166213348784,0.14415941009494856,0.006952509642257149,-1.1102230246251565e-16
451.0,0.0485,3,1,9.192897399258424,0.08054750251323885,0.2575167622851773,1.3877787807814457e-17
451.0,0.0485,3,2,62.22454719120875,0.13454648250259002,0.021746779886785243,2.7755575615628914e-17
451.0,0.0485,3,3,166.29987376998184,0.14448582414747144,0.006594352198997095,8.326672684688674e-17
451.0,0.049,3,1,9.428533728264446,0.08186113555873376,0.24870522152621855,-5.551115123125783e-17
451.0,0.049,3,2,57.51597083136617,0.13346175851926936,0.023931900539073132,-8.326672684688674e-17
451.0,0.049,3,3,172.42310169292233,0.14475911806128003,0.0063017650573175855,-8.326672684688674e-17
451.0,0.0495,3,1,9.68350365462428,0.08322058779606241,0.2397478445096455,4.163336342344337e-17
451.0,0.0495,3,2,53.33944464454863,0.1323689239572584,0.026239124478782294,-2.7755575615628914e-17
451.0,0.0495,3,3,177.96545272400988,0.14499478142441072,0.006054795782595244,2.220446049250313e-16
451.0,0.05,3,1,9.961160898943854,0.08463266822912417,0.23061764137332783,1.3877787807814457e-17
451.0,0.05,3,2,49.565892037984575,0.131251788297734,0.02870737966700621,0.0
451.0,0.05,3,3,183.0534569472854,0.14520219309602367,0.005841517966754314,1.6653345369377348e-16
451.0,0.0505,3,1,10.265834919247466,0.08610603450460765,0.22128012493819546,1.3877787807814457e-17
451.0,0.0505,3,2,46.10665093798296,0.13009552730155008,0.031378908762686605,5.551115123125783e-17
451.0,0.0505,3,3,187.77222451474145,0.14538751711067802,0.005654187320282634,5.551115123125783e-16
451.0,0.051,3,1,10.603262994771663,0.08765198001451922,0.21169008771973777,1.3877787807814457e-17
451.0,0.051,3,2,42.896076019399885,0.12888455156746004,0.03430426308380292,0.0
451.0,0.051,3,3,192.18241269997714,0.14555504701319202,0.0054874707254881794,-1.1102230246251565e-16
451.0,0.0515,3,1,10.981298714370837,0.08928571210028531,0.20178635725674443,1.3877787807814457e-17
451.0,0.0515,3,2,39.88189636935907,0.1276005278260526,0.037548463426748974,-2.7755575615628914e-17
451.0,0.0515,3,3,196.32916103749153,0.145707906356454,0.005337530112741894,-8.326672684688674e-17
451.0,0.052,3,1,11.411146485821813,0.09102855722823427,0.19148272936229457,2.7755575615628914e-17
451.0,0.052,3,2,37.01886536353654,0.12621977677562018,0.04120058240166709,0.0
451.0,0.052,3,3,200.24720815784403,0.14584844568614355,0.005201506897041361,-8.326672684688674e-17
451.0,0.0525,3,1,11.909689219928639,0.09291207636937558,0.1806510126211309,2.7755575615628914e-17
451.0,0.0525,3,2,34.26331023423221,0.12470891782756198,0.04539100937170214,1.3877787807814457e-17
451.0,0.0525,3,3,203.96401569008142,0.14597848241182684,0.00507721256290693,-8.326672684688674e-17
451.0,0.053,3,1,12.50437373493271,0.09498661064255182,0.1690857471616866,0.0
451.0,0.053,3,2,31.56624155513231,0.12301617098760213,0.050326927086521867,-6.938893903907228e-17
451.0,0.053,3,3,207.50177446517833,0.14609945327906154,0.004962933279074719,-5.551115123125783e-16
451.0,0.0535,3,1,13.245192221416898,0.09734200513862261,0.1564184651296441,1.3877787807814457e-17
451.0,0.0535,3,2,28.860030341572912,0.1210505320398888,0.05637817981123401,5.551115123125783e-17
451.0,0.0535,3,3,210.87874698537598,0.14621251535776977,0.004857301315080493,0.0
451.0,0.054,3,1,14.242556410148469,0.10017232723999962,0.14184935054468745,2.7755575615628914e-17
451.0,0.054,3,2,26.019605385756538,0.11861698501472251,0.06434570105841322,5.551115123125783e-17
451.0,0.054,3,3,214.11019690110618,0.1463186152518042,0.004759207470428315,4.718447854656915e-16
451.0,0.0545,3,1,15.872784463922377,0.10412198767970404,0.12270859065968681,0.0
451.0,0.0545,3,2,22.65630498464051,0.11507033231165732,0.07690022363438809,2.7755575615628914e-17
451.0,0.0545,3,3,217.20905132007925,0.146418537913779,0.004667739686033899,-4.996003610813204e-16
452.0,0.0465,3,1,8.398903547980124,0.07566264612827871,0.2916289485948258,-1.3877787807814457e-17
452.0,0.0465,3,2,95.30368658638761,0.13956601970666263,0.012996983397808696,5.551115123125783e-17
452.0,0.0465,3,3,127.84773051160154,0.14234580997450177,0.00911497495100109,5.551115123125783e-17
452.0,0.047,3,1,8.579308444387747,0.07683922904955755,0.28321865762282,2.7755575615628914e-17
452.0,0.047,3,2,82.18891245138943,0.13797107416828974,0.015534452394016319,-5.551115123125783e-17
452.0,0.047,3,3,142.56132992064101,0.1432660297317259,0.007981203122759956,-8.326672684688674e-17
452.0,0.0475,3,1,8.771064345076297,0.07804490575932348,0.2747280572520639,0.0
452.0,0.0475,3,2,73.86240938253894,0.136726562690248,0.01767145540401725,-2.7755575615628914e-17
452.0,0.0475,3,3,152.44221416657166,0.14380681135446455,0.007350039051145493,-1.6653345369377348e-16
452.0,0.048,3,1,8.975627322817274,0.07928280229649722,0.266144998438257,-1.3877787807814457e-17
452.0,0.048,3,2,67.39950544472951,0.13559113613187007,0.019741243881028585,-5.551115123125783e-17
452.0,0.048,3,3,160.41454169003285,0.14420637484976026,0.00690039431833175,-1.3877787807814457e-16
452.0,0.0485,3,1,9.194753031836253,0.08055663839201703,0.2574549512874652,-1.3877787807814457e-17
452.0,0.0485,3,2,62.01110691272273,0.13449864235810635,0.021840946744218732,5.551115123125783e-17
452.0,0.0485,3,3,167.26655708034298,0.14452714964509336,0.006549683267425236,2.7755575615628914e-17
452.0,0.049,3,1,9.430586794380744,0.08187089771348834,0.2486403134798771,-1.3877787807814457e-17
452.0,0.049,3,2,57.34181686419005,0.13341724036966807,0.024023814361758673,5.551115123125783e-17
452.0,0.049,3,3,173.3523841241145,0.14479649020807978,0.006262270629244029,5.273559366969494e-16
452.0,0.0495,3,1,9.685790966662953,0.08323106645464205,0.23967943904445818,-1.3877787807814457e-17
452.0,0.0495,3,2,53.19364652434612,0.1323266479072337,0.026330511698202157,2.7755575615628914e-17
452.0,0.0495,3,3,178.86818872358717,0.1450291898476066,0.006019149631740471,0.0
452.0,0.05,3,1,9.963730106908752,0.08464397710322626,0.23054523608674263,1.3877787807814457e-17
452.0,0.05,3,2,49.441479794998344,0.13121100207627348,0.028799593766159835,-2.7755575615628914e-17
452.0,0.05,3,3,183.93653073578636,0.14523427631620664,0.00580886885001295,5.551115123125783e-17
452.0,0.0505,3,1,10.26874920379608,0.08611832025558082,0.22120307472615866,4.163336342344337e-17
452.0,0.0505,3,2,45.99886659603514,0.13005564432863576,0.03147317821667468,5.551115123125783e-17
452.0,0.0505,3,3,188.64029385229725,0.14541771500925768,0.005623951706254424,1.1102230246251565e-16
452.0,0.051,3,1,10.60660862846327,0.08766543723992759,0.2116075405511771,2.7755575615628914e-17
452.0,0.051,3,2,42.801493200873644,0.12884505920416944,0.03440185963543473,1.1102230246251565e-16
452.0,0.051,3,3,193.03878168066115,0.14558367759568375,0.005459228744334531,2.220446049250313e-16
452.0,0.0515,3,1,10.9851979141191,0.08930060835354803,0.20169714722873333,2.7755575615628914e-17
452.0,0.0515,3,2,39.797927786401935,0.12756091991854446,0.037650866389592336,-2.7755575615628914e-17
452.0,0.0515,3,3,197.176259708052,0.14573520818880847,0.005310968197917237,-1.6653345369377348e-16
452.0,0.052,3,1,11.415780795254483,0.09104527769929709,0.19138518622252512,0.0
452.0,0.052,3,2,36.94345663189761,0.12617948380189273,0.04130970306800741,2.7755575615628914e-17
452.0,0.052,3,3,201.0868752856229,0.14587460306727143,0.005176383854817403,-4.440892098500626e-16
452.0,0.0525,3,1,11.91534602640287,0.09293121107810341,0.18054259107029863,1.3877787807814457e-17
452.0,0.0525,3,2,34.19471718123952,0.12466720392530121,0.04550958292160164,4.163336342344337e-17
452.0,0.0525,3,3,204.79767490375764,0.14600364115231687,0.005053338360874423,2.498001805406602e-16
452.0,0.053,3,1,12.511550989281583,0.09500914682393669,0.16896221125140623,0.0
452.0,0.053,3,2,31.502810779148263,0.12297193122918976,0.050459342053402814,5.551115123125783e-17
452.0,0.053,3,3,208.3305489428353,0.14612373104092272,0.004940155182603584,-2.220446049250313e-16
452.0,0.0535,3,1,13.254881940377247,0.09736983712119018,0.1562717330731242,1.3877787807814457e-17
452.0,0.0535,3,2,28.79983823270998,0.12100177552589836,0.05653264267034905,0.0
452.0,0.0535,3,3,211.70353690008807,0.14623600868248993,0.00483549448812756,2.220446049250313e-16
452.0,0.054,3,1,14.257295638762926,0.10021010331028911,0.1416597131561189,1.3877787807814457e-17
452.0,0.054,3,2,25.959353216677666,0.11855898308354801,0.06454202435871521,2.7755575615628914e-17
452.0,0.054,3,3,214.93173333783912,0.146341404486203,0.004738268404236152,3.0531133177191805e-16
452.0,0.0545,3,1,15.904859882793389,0.10419112746356751,0.1223858762069332,0.0
452.0,0.0545,3,2,22.583075752193995,0.11498159761443434,0.07722866586175015,0.0
452.0,0.0545,3,3,218.02793479821162,0.14644069075375116,0.004647581483179032,-5.551115123125783e-16
453.0,0.0465,3,1,8.400203794606522,0.07566986225884721,0.29157699219015826,-1.3877787807814457e-17
453.0,0.0465,3,2,94.09596517440998,0.13943234341648156,0.013200973239638718,-2.7755575615628914e-17
453.0,0.0465,3,3,129.80077544513094,0.14247490581683292,0.008951381156394394,-8.326672684688674e-17
453.0,0.047,3,1,8.580718967143577,0.07684684488165176,0.28316461999073494,-1.3877787807814457e-17
453.0,0.047,3,2,81.64849458558639,0.13789483865914706,0.015661401188617682,0.0
453.0,0.047,3,3,143.8492104220399,0.14333728021307465,0.007896557476853474,2.7755575615628914e-17
453.0,0.0475,3,1,8.77260070271566,0.0780529634037025,0.27467174847632814,2.7755575615628914e-17
453.0,0.0475,3,2,73.50490329259564,0.13666634803797342,0.017778344233300176,5.551115123125783e-17
453.0,0.0475,3,3,153.54926240713885,0.14386159424146364,0.007287550213986454,1.3877787807814457e-16
453.0,0.048,3,1,8.977308400928704,0.07929135166692132,0.2660861942804363,1.3877787807814457e-17
453.0,0.048,3,2,67.13366136779642,0.13553898302592018,0.019839067378820734,2.7755575615628914e-17
453.0,0.048,3,3,161.43194579788357,0.14425259949414437,0.0068492917228398145,8.326672684688674e-17
453.0,0.0485,3,1,9.196602047924932,0.08056573937086746,0.25739338379024507,0.0
453.0,0.0485,3,2,61.801425931116945,0.13445137129514237,0.021934193264180883,2.7755575615628914e-17
453.0,0.0485,3,3,168.22975124738542,0.14456793562444356,0.006505746348091255,-5.551115123125783e-17
453.0,0.049,3,1,9.43263271296659,0.08188062315269025,0.2485756579766388,-1.3877787807814457e-17
453.0,0.049,3,2,57.170326724468616,0.13337317757159117,0.024114961520995612,0.0
453.0,0.049,3,3,174.27927132407007,0.1448334384068092,0.0062233462688839804,1.942890293094024e-16
453.0,0.0495,3,1,9.688070543805333,0.08324150644145599,0.23961129573768264,0.0
453.0,0.0495,3,2,53.04983833960453,0.1322847549131199,0.026421227589232998,0.0
453.0,0.0495,3,3,179.7692019196539,0.14506324859918104,0.005983969371060087,1.3877787807814457e-16
453.0,0.05,3,1,9.966290934885459,0.08465524520803681,0.2304731031329963,0.0
453.0,0.05,3,2,49.318610950967305,0.13117054964143698,0.028891199260631408,2.7755575615628914e-17
453.0,0.05,3,3,184.81832688650428,0.14526606125624034,0.005776613498855201,-5.551115123125783e-17
453.0,0.0505,3,1,10.271654411226885,0.08613056301379861,0.22112630749013987,-1.3877787807814457e-17
453.0,0.0505,3,2,45.89231347574301,0.13001605989144963,0.031566881843877535,-2.7755575615628914e-17
453.0,0.0505,3,3,189.5073964454516,0.14544765212674177,0.005594057210979847,-1.942890293094024e-16
453.0,0.051,3,1,10.609944458452086,0.08767884917494995,0.21152528721201846,0.0
453.0,0.051,3,2,42.7079143290565,0.12880583921631847,0.03449892027635895,-2.7755575615628914e-17
453.0,0.051,3,3,193.89440997133678,0.14561207587972494,0.005431287887410551,0.0
453.0,0.0515,3,1,10.989086617102155,0.08931545708000367,0.20160824145718254,4.163336342344337e-17
453.0,0.0515,3,2,39.71479230848889,0.12752156432422254,0.03775275513562414,1.1102230246251565e-16
453.0,0.0515,3,3,198.02278730922652,0.14576230004614069,0.005284676061992951,7.771561172376096e-16
453.0,0.052,3,1,11.420404112373951,0.09106194880579317,0.19128795580465846,1.3877787807814457e-17
453.0,0.052,3,2,36.86874909621626,0.12613942706179915,0.04141832701746636,0.0
453.0,0.052,3,3,201.92610186672508,0.14590056841546942,0.005151505402419234,-2.7755575615628914e-17
453.0,0.0525,3,1,11.920991981411419,0.09295029585383106,0.18043448486927863,4.163336342344337e-17
453.0,0.0525,3,2,34.12672080640656,0.12462571212853614,0.04562767856509095,4.163336342344337e-17
453.0,0.0525,3,3,205.6309960971445,0.14602862258125165,0.005029688087254824,8.604228440844963e-16
453.0,0.053,3,1,12.518719465710758,0.09503163625899114,0.1688389765935595,0.0
453.0,0.053,3,2,31.439890863315046,0.12292789812582673,0.05059131122899421,-1.3877787807814457e-17
453.0,0.053,3,3,209.15906732467397,0.14614784377982906,0.004917583774429263,-5.551115123125783e-17
453.0,0.0535,3,1,13.264571523128227,0.0973976378946353,0.15612523429243916,-1.3877787807814457e-17
453.0,0.0535,3,2,28.740080140338833,0.12095319974608047,0.05668674308834692,-1.3877787807814457e-17
453.0,0.0535,3,3,212.52813713074627,0.14625934739276594,0.004813879754173577,2.220446049250313e-16
453.0,0.054,3,1,14.272074072961887,0.10024791925825481,0.1414700026281858,1.3877787807814457e-17
453.0,0.054,3,2,25.89943946100091,0.11850108189766019,0.06473830492267646,4.163336342344337e-17
453.0,0.054,3,3,215.75313459069758,0.14636404803310232,0.004717508920385211,-1.3877787807814457e-16
453.0,0.0545,3,1,15.937401054324445,0.10426104555878,0.12205996105348338,-1.3877787807814457e-17
453.0,0.0545,3,2,22.509711455268082,0.11489221751407001,0.07756020453346157,1.3877787807814457e-17
453.0,0.0545,3,3,218.8467282905138,0.14646270564585026,0.004627592022859595,-1.6653345369377348e-16
454.0,0.0465,3,1,8.401499106731972,0.0756770497001539,0.2915252469503312,5.551115123125783e-17
454.0,0.0465,3,2,93.0094933507631,0.13930959504836163,0.013389686007243147,0.0
454.0,0.0465,3,3,131.63284712068113,0.1425930970088353,0.008802905018392527,-5.551115123125783e-17
454.0,0.047,3,1,8.582124204341298,0.0768544306847779,0.28311080055238674,2.7755575615628914e-17
454.0,0.047,3,2,81.12956238269584,0.1378208269140011,0.015785141154806646,-2.7755575615628914e-17
454.0,0.047,3,3,145.11587970295733,0.14340633156607166,0.007814954976892113,2.7755575615628914e-17
454.0,0.0475,3,1,8.7741313866831,0.07806098957829447,0.27461566535650844,1.3877787807814457e-17
454.0,0.0475,3,2,73.15692710107915,0.136607259844758,0.01788354675763712,2.7755575615628914e-17
454.0,0.0475,3,3,154.6470533817782,0.1439152767701287,0.007226575301934682,2.7755575615628914e-17
454.0,0.048,3,1,8.978983375439611,0.0792998680151716,0.2660276237147103,2.7755575615628914e-17
454.0,0.048,3,2,66.87333581704767,0.13548757150314977,0.019935736530902404,8.326672684688674e-17
454.0,0.048,3,3,162.44410228372908,0.14429811023277336,0.006799163922595704,2.220446049250313e-16
454.0,0.0485,3,1,9.198444483565735,0.08057480565276323,0.2573320583359644,6.938893903907228e-17
454.0,0.0485,3,2,61.59538331258489,0.13440465395318268,0.022026542669125446,0.0
454.0,0.0485,3,3,169.18957631283433,0.14460819725935473,0.006462519308759017,-5.551115123125783e-17
454.0,0.049,3,1,9.43467152224796,0.08189031208749552,0.24851125351777473,1.3877787807814457e-17
454.0,0.049,3,2,57.001427685207375,0.13332955993868797,0.024205357797025283,2.7755575615628914e-17
454.0,0.049,3,3,175.20383513200676,0.14486997264877657,0.006184977322298825,-5.551115123125783e-17
454.0,0.0495,3,1,9.690342426551421,0.08325190797607761,0.23954341304877427,-1.3877787807814457e-17
454.0,0.0495,3,2,52.90797248973342,0.13224323761531728,0.026511283850057632,2.7755575615628914e-17
454.0,0.0495,3,3,180.66853902912345,0.14509696483509674,0.005949244465397015,1.3877787807814457e-16
454.0,0.05,3,1,9.968843425690887,0.08466647277166887,0.23040124092965686,2.7755575615628914e-17
454.0,0.05,3,2,49.197252429052305,0.13113042534398148,0.028982205372907317,-2.7755575615628914e-17
454.0,0.05,3,3,185.698877596555,0.1452975533530149,0.005744743890606865,-5.551115123125783e-17
454.0,0.0505,3,1,10.274550586636765,0.08614276301585211,0.22104982160663889,-2.7755575615628914e-17
454.0,0.0505,3,2,45.786967546431306,0.129976769454493,0.03166002725317317,0.0
454.0,0.0505,3,3,190.37355544904113,0.14547733277762157,0.005564497461357036,5.551115123125783e-17
454.0,0.051,3,1,10.613270531956463,0.08769221606432621,0.21144332603976457,4.163336342344337e-17
454.0,0.051,3,2,42.61532133520264,0.12876688783504475,0.0345954515045964,5.551115123125783e-17
454.0,0.051,3,3,194.74931476885317,0.14564024540484516,0.005403642926362206,2.7755575615628914e-16
454.0,0.0515,3,1,10.99296487235682,0.08933025853190617,0.20151963824404626,2.7755575615628914e-17
454.0,0.0515,3,2,39.632475973910445,0.12748245782549442,0.037854135363784784,-2.7755575615628914e-17
454.0,0.0515,3,3,198.8687569349681,0.14578918490902087,0.005258649306129651,3.0531133177191805e-16
454.0,0.052,3,1,11.42501648773058,0.09107857080685478,0.1911910363784834,-2.7755575615628914e-17
454.0,0.052,3,2,36.79473172649019,0.1260996037482285,0.04152645935376698,2.7755575615628914e-17
454.0,0.052,3,3,202.76489806775112,0.14592634429377152,0.00512686776327609,2.220446049250313e-16
454.0,0.0525,3,1,11.926627137752991,0.09296933096400446,0.18032669224967315,4.163336342344337e-17
454.0,0.0525,3,2,34.05931223349629,0.12458443994264323,0.045745300958739736,6.938893903907228e-17
454.0,0.0525,3,3,206.46398728660023,0.14605342894068915,0.005006258445693881,2.498001805406602e-16
454.0,0.053,3,1,12.525879227019132,0.09505407923839886,0.16871604131581985,-1.3877787807814457e-17
454.0,0.053,3,2,31.37747454527435,0.12288406941219727,0.050722838989230364,-4.163336342344337e-17
454.0,0.053,3,3,209.9873360088558,0.14617179348511797,0.004895216137635124,-2.498001805406602e-16
454.0,0.0535,3,1,13.274261096853312,0.09742540787436409,0.1559789663687364,4.163336342344337e-17
454.0,0.0535,3,2,28.680749986354012,0.12090480251326806,0.0568404856767172,4.163336342344337e-17
454.0,0.0535,3,3,213.35255283246536,0.14628253327488916,0.004792454502143509,7.771561172376096e-16
454.0,0.054,3,1,14.286892419724579,0.10028577654999511,0.14128021201547517,-1.3877787807814457e-17
454.0,0.054,3,2,25.83985843811508,0.1184432783850106,0.0649345516324553,0.0
454.0,0.054,3,3,216.57440484300898,0.14638654751280836,0.004696926658556634,3.885780586188048e-16
454.0,0.0545,3,1,15.970428917573408,0.10433177810552798,0.12173069158696914,-1.3877787807814457e-17
454.0,0.0545,3,2,22.43618695793678,0.11480215440198989,0.07789499498485662,-1.3877787807814457e-17
454.0,0.0545,3,3,219.66543520896383,0.1464845840726459,0.004607769153398266,3.3306690738754696e-16
455.0,0.0465,3,1,8.402789512646285,0.07568420862426287,0.29147371158176416,2.7755575615628914e-17
455.0,0.0465,3,2,92.01860533931276,0.1391955208273475,0.013566263863944853,-2.7755575615628914e-17
455.0,0.0465,3,3,133.36961040772857,0.1427026371703487,0.008666405323290603,-8.326672684688674e-17
455.0,0.047,3,1,8.583524185955383,0.07686198663782025,0.2830571979780692,-1.3877787807814457e-17
455.0,0.047,3,2,80.63037225507244,0.13774887154041007,0.015905909886178602,0.0
455.0,0.047,3,3,146.3630804496213,0.1434733510210469,0.007736159009998001,5.551115123125783e-17
455.0,0.0475,3,1,8.775656428761076,0.07806898446914427,0.2745598065254545,-1.3877787807814457e-17
455.0,0.0475,3,2,72.81798638980051,0.13654924606080557,0.017987138303694448,-2.7755575615628914e-17
455.0,0.0475,3,3,155.7360806122545,0.14396791082080765,0.007167040001455074,-2.7755575615628914e-17
455.0,0.048,3,1,8.980652280066694,0.07930835153479511,0.2659692853351977,1.3877787807814457e-17
455.0,0.048,3,2,66.61831392539663,0.13543687669918877,0.020031288091698875,-8.326672684688674e-17
455.0,0.048,3,3,163.45122512297698,0.144342931752891,0.006749975210000578,-2.498001805406602e-16
455.0,0.0485,3,1,9.200280374533845,0.08058383743908404,0.2572709734788223,2.7755575615628914e-17
455.0,0.0485,3,2,61.392863991963225,0.13435847566846984,0.02211801713831242,0.0
455.0,0.0485,3,3,170.14614645468265,0.14464794902844966,0.006419981051875044,-2.498001805406602e-16
455.0,0.049,3,1,9.436703260172456,0.08189996472741556,0.24844709861656958,2.7755575615628914e-17
455.0,0.049,3,2,56.83504998768397,0.13328637766695883,0.024295018387104843,-2.7755575615628914e-17
455.0,0.049,3,3,176.12614442375747,0.14490610254453976,0.0061471497098070475,-1.3877787807814457e-16
455.0,0.0495,3,1,9.692606655110854,0.08326227127638543,0.23947578944945527,5.551115123125783e-17
455.0,0.0495,3,2,52.76800306196429,0.132202088890508,0.026600691811809615,-2.7755575615628914e-17
455.0,0.0495,3,3,181.5662450859561,0.14513034547668768,0.005914964737704812,-5.551115123125783e-17
455.0,0.05,3,1,9.971387621839789,0.08467766002049014,0.23032964790681107,0.0
455.0,0.05,3,2,49.07737219514819,0.13109062369355637,0.02907262107388373,-2.7755575615628914e-17
455.0,0.05,3,3,186.5782140251659,0.14532875788623228,0.005713252245042273,-2.7755575615628914e-17
455.0,0.0505,3,1,10.277437774809636,0.08615492049653911,0.22097361546491107,0.0
455.0,0.0505,3,2,45.682805462649455,0.12993776859608414,0.031752621869670684,-2.7755575615628914e-17
455.0,0.0505,3,3,191.23879333750125,0.14550676116432562,0.005535266258719192,8.326672684688674e-17
455.0,0.051,3,1,10.616586895872326,0.08770553815095804,0.21136165538489263,1.3877787807814457e-17
455.0,0.051,3,2,42.52369662283599,0.12872820137710106,0.034691459677167254,2.7755575615628914e-17
455.0,0.051,3,3,195.60351280258905,0.14566818962676006,0.005376288764326794,-1.1102230246251565e-16
455.0,0.0515,3,1,10.996832728589494,0.08934501295962956,0.20143133590445444,1.3877787807814457e-17
455.0,0.0515,3,2,39.550965159004264,0.12744359727172186,0.03795501266052271,2.7755575615628914e-17
455.0,0.0515,3,3,199.71418134596743,0.14581586569290872,0.005232883634315852,4.163336342344337e-16
455.0,0.052,3,1,11.429617971537674,0.09109514395969548,0.1910944262271484,0.0
455.0,0.052,3,2,36.72139374223941,0.12606001110811302,0.04163410508799743,-5.551115123125783e-17
455.0,0.052,3,3,203.6032738105354,0.1459519332130542,0.005102467243642764,1.6653345369377348e-16
455.0,0.0525,3,1,11.932251547885508,0.09298831667411765,0.18021921145660313,2.7755575615628914e-17
455.0,0.0525,3,2,33.99248277518429,0.12454338491776833,0.045862454680849124,1.3877787807814457e-17
455.0,0.0525,3,3,207.29665630430256,0.14607806242983748,0.0049830462081865414,-2.7755575615628914e-17
455.0,0.053,3,1,12.533030335706565,0.09507647605094609,0.1685934035591466,1.3877787807814457e-17
455.0,0.053,3,2,31.315554708727543,0.12284044286080491,0.050853929642855566,1.3877787807814457e-17
455.0,0.053,3,3,210.81536125213896,0.14619558211017392,0.004873049412854269,2.7755575615628914e-17
455.0,0.0535,3,1,13.283950789084297,0.0974531474750648,0.15583292689129796,1.3877787807814457e-17
455.0,0.0535,3,2,28.621841807015763,0.12085658167169006,0.056993874993220006,2.7755575615628914e-17
455.0,0.0535,3,3,214.17678904997024,0.1463055680844435,0.004771216170246521,2.7755575615628914e-17
455.0,0.054,3,1,14.301751398782844,0.1003236766730875,0.14109033428518059,2.7755575615628914e-17
455.0,0.054,3,2,25.780604546338953,0.11838556947867183,0.06513077341852032,1.3877787807814457e-17
455.0,0.054,3,3,217.3955481907128,0.14640890451899932,0.004676519301249655,-8.326672684688674e-17
455.0,0.0545,3,1,16.0039659187061,0.10440336381059521,0.12139790335224211,0.0
455.0,0.0545,3,2,22.36247569142559,0.11471136812639031,0.07823320336016526,1.3877787807814457e-17
455.0,0.0545,3,3,220.48405889555005,0.14650632749331374,0.004588110760780886,3.608224830031759e-16
456.0,0.0465,3,1,8.404075040421658,0.0756913392018557,0.29142238480148314,1.3877787807814457e-17
456.0,0.0465,3,2,91.10550677766979,0.1390885541570926,0.013732890639966437,8.326672684688674e-17
456.0,0.0465,3,3,135.02885876697667,0.14280509274393463,0.008539699182905116,1.3877787807814457e-16
456.0,0.047,3,1,8.584918941731821,0.07686951291823368,0.28300381094893556,0.0
456.0,0.047,3,2,80.14939748912263,0.13767882555237287,0.016023916008074034,-5.551115123125783e-17
456.0,0.047,3,3,147.59233847914976,0.14353848540326847,0.007659961923761777,0.0
456.0,0.0475,3,1,8.777175860492246,0.07807694826081911,0.2745041706271294,2.7755575615628914e-17
456.0,0.0475,3,2,72.48762605919477,0.13649225862979425,0.01808918842836544,-5.551115123125783e-17
456.0,0.0475,3,3,156.8167983066263,0.14401954428180255,0.007108875760788015,-2.7755575615628914e-17
456.0,0.048,3,1,8.982315148275092,0.07931680241781176,0.26591117774739026,-1.3877787807814457e-17
456.0,0.048,3,2,66.36839355229867,0.1353868751473325,0.020125756760281197,2.7755575615628914e-17
456.0,0.048,3,3,164.45351556939204,0.14438708734555528,0.006701691924598518,-8.326672684688674e-17
456.0,0.0485,3,1,9.202109756340938,0.08059283492963244,0.25721012778464863,1.3877787807814457e-17
456.0,0.0485,3,2,61.193758389590144,0.13431282242980383,0.02220863787404114,0.0
456.0,0.0485,3,3,171.09957037029483,0.14468720475932517,0.006378111448419814,-1.3877787807814457e-16
456.0,0.049,3,1,9.438727964411946,0.0819095812803337,0.24838319179819898,-2.7755575615628914e-17
456.0,0.049,3,2,56.67112667877393,0.13324362131456122,0.024383957936301697,-1.1102230246251565e-16
456.0,0.049,3,3,177.04626527440695,0.14494183734408325,0.006109849895276084,-3.608224830031759e-16
456.0,0.0495,3,1,9.69486326940539,0.0832725965585789,0.23940842342359564,-1.3877787807814457e-17
456.0,0.0495,3,2,52.62988575120127,0.13216130184093575,0.02668946245520762,2.7755575615628914e-17
456.0,0.0495,3,3,182.46236352126925,0.14516339722136215,0.00588112035250117,1.3877787807814457e-16
456.0,0.05,3,1,9.973923565547627,0.08468880717914055,0.23025832250693573,-1.3877787807814457e-17
456.0,0.05,3,2,48.95893921399251,0.13105113935236998,0.029162455092865726,-2.7755575615628914e-17
456.0,0.05,3,3,187.45636633753108,0.14535967998472285,0.005682131014473547,1.942890293094024e-16
456.0,0.0505,3,1,10.280316020219377,0.08616703568888191,0.22089768746683672,1.3877787807814457e-17
456.0,0.0505,3,2,45.579804538162044,0.12989905300430318,0.031844672941224395,-2.7755575615628914e-17
456.0,0.0505,3,3,192.10313193084014,0.14553594138125672,0.005506357572411758,1.1102230246251565e-16
456.0,0.051,3,1,10.619893596776192,0.08771881567592706,0.2112802736107214,-1.3877787807814457e-17
456.0,0.051,3,2,42.433023051368345,0.1286897762420918,0.03478695101460755,2.7755575615628914e-17
456.0,0.051,3,3,196.4570203508041,0.14569591192011594,0.005349220431509563,3.3306690738754696e-16
456.0,0.0515,3,1,11.000690234179107,0.08935972061168597,0.20134333276658137,-1.3877787807814457e-17
456.0,0.0515,3,2,39.47024656732814,0.12740497957724364,0.03805539250308031,0.0
456.0,0.0515,3,3,200.55907298043292,0.14584234525011316,0.005207374850171513,5.551115123125783e-17
456.0,0.052,3,1,11.434208613674091,0.09111166851962749,0.19099812364703608,0.0
456.0,0.052,3,2,36.648724605058334,0.12602064644095165,0.0417412691411082,-2.7755575615628914e-17
456.0,0.052,3,3,204.44123877955528,0.1459773376334931,0.005078300230197643,-3.0531133177191805e-16
456.0,0.0525,3,1,11.937865263929153,0.0930072532477315,0.18011204074857354,2.7755575615628914e-17
456.0,0.0525,3,2,33.92622392776768,0.12450254464768805,0.045979144233410936,4.163336342344337e-17
456.0,0.0525,3,3,208.12901080349658,0.14610252520617412,0.00496004821321324,0.0
456.0,0.053,3,1,12.540172853977326,0.09509882698354137,0.16847106147764532,1.3877787807814457e-17
456.0,0.053,3,2,31.25412437957265,0.12279701628106833,0.05098458743300721,4.163336342344337e-17
456.0,0.053,3,3,211.6431491737038,0.14621921157331297,0.004851080796784093,3.3306690738754696e-16
456.0,0.0535,3,1,13.293640727713793,0.09748085711074476,0.1556871134573271,2.7755575615628914e-17
456.0,0.0535,3,2,28.56334975005381,0.12080853509621897,0.057146915543268374,2.7755575615628914e-17
456.0,0.0535,3,3,215.00085072045457,0.1463284535470211,0.004750162244764963,-5.273559366969494e-16
456.0,0.054,3,1,14.316651742988995,0.10036162113725859,0.14090036231416522,-1.3877787807814457e-17
456.0,0.054,3,2,25.72167226035623,0.11832795211557677,0.06532697926355346,1.3877787807814457e-17
456.0,0.054,3,3,218.21656864453303,0.14643112061931587,0.004656284572775063,-1.3877787807814457e-16
456.0,0.0545,3,1,16.03803616612868,0.10447584421065016,0.12106141993935275,0.0
456.0,0.0545,3,2,22.288549497274843,0.11461981572845409,0.07857500772534529,0.0
456.0,0.0545,3,3,221.30260262394484,0.14652793734413166,0.00456861476780582,4.718447854656915e-16
457.0,0.0465,3,1,8.405355717914679,0.07569844160224518,0.291371265337014,0.0
457.0,0.0465,3,2,90.25726470559295,0.138987553484589,0.013891157462431686,1.1102230246251565e-16
457.0,0.0465,3,3,136.6235242619071,0.14290160513013206,0.008421196404648204,2.220446049250313e-16
457.0,0.047,3,1,8.586308501190256,0.07687700970205776,0.28295063815688726,0.0
457.0,0.047,3,2,79.68529247847881,0.1376105590321213,0.016139343919083456,0.0
457.0,0.047,3,3,148.8049985063413,0.143601864471136,0.007586180284815277,-8.326672684688674e-17
457.0,0.0475,3,1,8.778689713181642,0.0780848811364227,0.27444875631650045,2.7755575615628914e-17
457.0,0.0475,3,2,72.16542613168615,0.13643625306878104,0.01818976152628957,-5.551115123125783e-17
457.0,0.0475,3,3,157.88962555584337,0.1440702214694509,0.007052019182509364,-1.6653345369377348e-16
457.0,0.048,3,1,8.983972013280782,0.07932522085472941,0.2658532995680368,4.163336342344337e-17
457.0,0.048,3,2,66.1233842692051,0.1353375446695064,0.020219175340877565,2.7755575615628914e-17
457.0,0.048,3,3,165.4511631695975,0.14443059901465857,0.006654282292645289,3.0531133177191805e-16
457.0,0.0485,3,1,9.203932664237536,0.08060179832264888,0.25714951983078926,5.551115123125783e-17
457.0,0.0485,3,2,60.99796205951419,0.13426768083790538,0.02229842516253555,8.326672684688674e-17
457.0,0.0485,3,3,172.04995162816016,0.14472597766917333,0.006336891277104821,1.1102230246251565e-16
457.0,0.049,3,1,9.440745672365173,0.08191916195252132,0.24831953159960796,-1.3877787807814457e-17
457.0,0.049,3,2,56.50959345946129,0.13320128178297816,0.02447219056620608,-8.326672684688674e-17
457.0,0.049,3,3,177.9642611097475,0.14497718595563383,0.006073064857493735,-1.3877787807814457e-16
457.0,0.0495,3,1,9.697112309071786,0.08328288403719587,0.2393413134670852,-1.3877787807814457e-17
457.0,0.0495,3,2,52.49357778464806,0.1321208697843099,0.026777606426218445,-5.551115123125783e-17
457.0,0.0495,3,3,183.35693623867238,0.1451961265526823,0.005847701800290003,-8.326672684688674e-17
457.0,0.05,3,1,9.976451298733203,0.08469991447054874,0.23018726318477536,-1.3877787807814457e-17
457.0,0.05,3,2,48.84192340759027,0.13101196712918073,0.029251715927052505,-2.7755575615628914e-17
457.0,0.05,3,3,188.33336374634658,0.1453903246324368,0.005651372874352853,-4.163336342344337e-16
457.0,0.0505,3,1,10.283185367032583,0.08617910882414447,0.2208220360267962,4.163336342344337e-17
457.0,0.0505,3,2,45.47794272117777,0.12986061847312402,0.0319361875446458,5.551115123125783e-17
457.0,0.0505,3,3,192.96659241937232,0.14556487741864257,0.005477765533668578,8.326672684688674e-17
457.0,0.051,3,1,10.623190680927898,0.08773204887851217,0.2111991790932866,1.3877787807814457e-17
457.0,0.051,3,2,42.34328392043068,0.12865160890982621,0.03488193160529364,0.0
457.0,0.051,3,3,197.30985325626241,0.14572341558111923,0.005322433080948243,-1.942890293094024e-16
457.0,0.0515,3,1,11.004537437180018,0.08937438173474362,0.20125562717151627,1.3877787807814457e-17
457.0,0.0515,3,2,39.3903072192627,0.12736660171947192,0.03815528026265912,2.7755575615628914e-17
457.0,0.0515,3,3,201.40344396445832,0.1458686263716771,0.005182118853876372,8.326672684688674e-17
457.0,0.052,3,1,11.438788463687487,0.09112814474008062,0.19090212694762676,1.3877787807814457e-17
457.0,0.052,3,2,36.576714011447265,0.12598150709738729,0.04184795634631726,2.7755575615628914e-17
457.0,0.052,3,3,205.27880242906699,0.1460025599659682,0.005054363187728113,1.1102230246251565e-16
457.0,0.0525,3,1,11.943468337669216,0.09302614094649196,0.18000517839734312,-1.3877787807814457e-17
457.0,0.0525,3,2,33.86052736605989,0.12446191676870927,0.04609537404399944,0.0
457.0,0.0525,3,3,208.96105826356705,0.14612681938652813,0.004937261363939712,2.220446049250313e-16
457.0,0.053,3,1,12.547306843743408,0.09512113232123487,0.1683490132384323,-2.7755575615628914e-17
457.0,0.053,3,2,31.193176722167653,0.12275378751844475,0.05111481653875137,2.7755575615628914e-17
457.0,0.053,3,3,212.4707057588524,0.14624268375863933,0.004829307540748709,-3.608224830031759e-16
457.0,0.0535,3,1,13.3033310410074,0.09750853719476606,0.1555415236717403,2.7755575615628914e-17
457.0,0.0535,3,2,28.5052680718606,0.12076066069163972,0.05729961178127425,1.3877787807814457e-17
457.0,0.0535,3,3,215.82474267633634,0.14635119135891625,0.004729290258880377,-6.38378239159465e-16
457.0,0.054,3,1,14.331594198697694,0.10039961147507974,0.14071028888591514,2.7755575615628914e-17
457.0,0.054,3,2,25.663056128700344,0.11827042323524889,0.06552317820643078,2.7755575615628914e-17
457.0,0.054,3,3,219.03747013207288,0.14645319735593512,0.004636220238278,-2.498001805406602e-16
457.0,0.0545,3,1,16.07266560666993,0.10454926397116758,0.12072105172110296,1.3877787807814457e-17
457.0,0.0545,3,2,22.214378449501513,0.11452745114294627,0.07892059933131378,4.163336342344337e-17
457.0,0.0545,3,3,222.12106960112473,0.14654941503896238,0.0045492791332571135,-2.220446049250313e-16
458.0,0.0465,3,1,8.406631572768456,0.07570551599338905,0.2913203519262737,1.3877787807814457e-17
458.0,0.0465,3,2,89.46413259354489,0.13889165627347777,0.01404226642124325,0.0
458.0,0.0465,3,3,138.1633525301925,0.1429930367141334,0.008309695825725116,1.1102230246251565e-16
458.0,0.047,3,1,8.587692893626167,0.07688447716393085,0.28289767830446444,0.0
458.0,0.047,3,2,79.23686418761137,0.13754395646379908,0.016252357577904733,5.551115123125783e-17
458.0,0.047,3,3,150.00225268002328,0.1436636035824872,0.007514651092051157,8.326672684688674e-17
458.0,0.0475,3,1,8.780198017899059,0.07809278327761052,0.27439356225942196,-1.3877787807814457e-17
458.0,0.0475,3,2,71.85099811196862,0.13638118810342906,0.01828891735731434,-2.7755575615628914e-17
458.0,0.0475,3,3,158.95494997343027,0.14411998349288282,0.006996411496147155,8.326672684688674e-17
458.0,0.048,3,1,8.985622908052818,0.07933360703455847,0.2657956494250312,0.0
458.0,0.048,3,2,65.88310644614323,0.13528886427797696,0.020311574887549706,1.1102230246251565e-16
458.0,0.048,3,3,166.4443466764602,0.14447348757520165,0.006607716282512892,2.220446049250313e-16
458.0,0.0485,3,1,9.205749133215425,0.08061072781482716,0.2570891482059889,1.3877787807814457e-17
458.0,0.0485,3,2,60.805375365980154,0.13422303806799624,0.02238739843000254,0.0
458.0,0.0485,3,3,172.9973889913688,0.14476428040218545,0.006296302168396054,-2.498001805406602e-16
458.0,0.049,3,1,9.442756421160144,0.08192870694865322,0.24825611656939556,1.3877787807814457e-17
458.0,0.049,3,2,56.35038854360984,0.13315935029943762,0.024559729901733107,-2.7755575615628914e-17
458.0,0.049,3,3,178.88019284746625,0.14501215696322503,0.006036782063449592,-1.1102230246251565e-16
458.0,0.0495,3,1,9.699353813464173,0.0832931339251279,0.23927445808771827,1.3877787807814457e-17
458.0,0.0495,3,2,52.359037850865,0.13208078624428865,0.02686513405082091,0.0
458.0,0.0495,3,3,184.25000368517658,0.14522853974986424,0.005814699882883572,0.0
458.0,0.05,3,1,9.978970863021328,0.08471098211594856,0.2301164684072202,-1.3877787807814457e-17
458.0,0.05,3,2,48.726295615807665,0.13097310197359277,0.029340411850541027,-2.7755575615628914e-17
458.0,0.05,3,3,189.20923455118842,0.14542069667413188,0.005620970714355257,1.3877787807814457e-16
458.0,0.0505,3,1,10.286045859111287,0.0861911401318491,0.22074665957154546,-1.3877787807814457e-17
458.0,0.0505,3,2,45.377198570743836,0.12982246089872237,0.03202717259163259,-2.7755575615628914e-17
458.0,0.0505,3,3,193.82919538728865,0.14559357316621116,0.005449484429770215,-8.326672684688674e-17
458.0,0.051,3,1,10.62647819427336,0.08774523799620638,0.2111183702212152,-1.3877787807814457e-17
458.0,0.051,3,2,42.254462954876715,0.1286136959377802,0.034976407409589474,2.7755575615628914e-17
458.0,0.051,3,3,198.1620269412031,0.14575070383005684,0.0052959219844554185,-5.551115123125783e-17
458.0,0.0515,3,1,11.008374385324776,0.08938899657364402,0.20116821747313737,-1.3877787807814457e-17
458.0,0.0515,3,2,39.3111344420295,0.1273284607370624,0.038254681207460756,0.0
458.0,0.0515,3,3,202.24730612196396,0.1458947117891899,0.005157111639217601,0.0
458.0,0.052,3,1,11.443357570797016,0.09114457287261972,0.1908064344513727,-1.3877787807814457e-17
458.0,0.052,3,2,36.50535188590737,0.1259425904778333,0.04195417145143282,0.0
458.0,0.052,3,3,206.11597398996736,0.14602760257341854,0.005030652656899641,-1.3877787807814457e-16
458.0,0.0525,3,1,11.949060820559271,0.09304498003014876,0.17989862268779025,-1.3877787807814457e-17
458.0,0.0525,3,2,33.79538493846085,0.12442149895860387,0.0462111484676043,1.3877787807814457e-17
458.0,0.0525,3,3,209.79280599493057,0.1461509470481265,0.004914682626477808,1.3877787807814457e-16
458.0,0.053,3,1,12.554432366628015,0.09514339234723801,0.1682272570214965,0.0
458.0,0.053,3,2,31.132705035716004,0.12271075445358008,0.051244621076570886,2.7755575615628914e-17
458.0,0.053,3,3,213.2980368625939,0.14626600051687544,0.004807726949307248,1.6653345369377348e-16
458.0,0.0535,3,1,13.31302185761633,0.0975361881398823,0.15539615514695598,-2.7755575615628914e-17
458.0,0.0535,3,2,28.44759113477209,0.12071295639193956,0.0574519681119564,-6.938893903907228e-17
458.0,0.0535,3,3,216.6484696479345,0.1463737831877993,0.00470859779153514,-3.0531133177191805e-16
458.0,0.054,3,1,14.34657952616017,0.10043764924268349,0.14052010668740472,-1.3877787807814457e-17
458.0,0.054,3,2,25.60475077129092,0.11821297977852717,0.06571937934626994,1.3877787807814457e-17
458.0,0.054,3,3,219.85825649985605,0.14647513624612854,0.004616324102789067,6.661338147750939e-16
458.0,0.0545,3,1,16.107882226402754,0.10462367122704963,0.12037659441457772,-1.3877787807814457e-17
458.0,0.0545,3,2,22.139930652168655,0.1144342248571223,0.07927018405318005,1.3877787807814457e-17
458.0,0.0545,3,3,222.93946296895209,0.14657076196972335,0.004530101851100551,-2.220446049250313e-16
459.0,0.0465,3,1,8.407902632414622,0.07571256254190366,0.2912696433174654,2.7755575615628914e-17
459.0,0.0465,3,2,88.71855112091933,0.13880019179691586,0.01418715218984164,0.0
459.0,0.0465,3,3,139.65590200542934,0.1430800580729037,0.008204263692449504,-2.7755575615628914e-17
459.0,0.047,3,1,8.589072148113054,0.07689191547710442,0.2828449301047362,2.7755575615628914e-17
459.0,0.047,3,2,78.8030491372598,0.1374789145806919,0.01636310356057017,2.7755575615628914e-17
459.0,0.047,3,3,151.1851635975829,0.14372380584735375,0.007445228719471358,8.326672684688674e-17
459.0,0.0475,3,1,8.781700805481236,0.07810065486460392,0.2743385871325273,1.3877787807814457e-17
459.0,0.0475,3,2,71.54398181658964,0.13632702534989616,0.01838671150643901,-2.7755575615628914e-17
459.0,0.0475,3,3,160.01313086586194,0.14416886857211836,0.006941998098315356,-1.3877787807814457e-16
459.0,0.048,3,1,8.987267865315843,0.07934196114482758,0.2657382259572949,1.3877787807814457e-17
459.0,0.048,3,2,65.64739042740374,0.13524081408654046,0.02040298483490223,-8.326672684688674e-17
459.0,0.048,3,3,167.43323487336926,0.14451577274208952,0.006561965474058907,-1.1102230246251565e-16
459.0,0.0485,3,1,9.207559198010186,0.08061962360133006,0.25702901151027396,2.7755575615628914e-17
459.0,0.0485,3,2,60.61590318547157,0.13417888183528995,0.02247557629432427,-2.7755575615628914e-17
459.0,0.0485,3,3,173.94197671553718,0.14480212506404594,0.006256326552903035,0.0
459.0,0.049,3,1,9.444760247656705,0.08193821647182355,0.24819294526769545,1.3877787807814457e-17
459.0,0.049,3,2,56.19345252616201,0.13311781840048234,0.02464658909616768,0.0
459.0,0.049,3,3,179.79411902891502,0.1450467586431116,0.0060009894433724386,2.498001805406602e-16
459.0,0.0495,3,1,9.701587821656695,0.08330334643363646,0.23920785580507284,0.0
459.0,0.0495,3,2,52.22622603294864,0.13204104494150193,0.026952055348929114,-5.551115123125783e-17
459.0,0.0495,3,3,185.14160491797392,0.14526064289673932,0.005782105699562145,-3.608224830031759e-16
459.0,0.05,3,1,9.981482299745547,0.08472201033489583,0.230045936653183,4.163336342344337e-17
459.0,0.05,3,2,48.61202755899959,0.13093453897063784,0.02942855092287708,0.0
459.0,0.05,3,3,190.0840061758368,0.1454508008207748,0.005590917629913044,4.163336342344337e-16
459.0,0.0505,3,1,10.288897540015766,0.0862031298397938,0.22067155654009193,-1.3877787807814457e-17
459.0,0.0505,3,2,45.27755123423848,0.12978457627594892,0.03211763483443198,-8.326672684688674e-17
459.0,0.0505,3,3,194.69096083512642,0.1456220324166996,0.005421508698468676,-1.6653345369377348e-16
459.0,0.051,3,1,10.629756182447526,0.08775838326473488,0.2110378453955977,1.3877787807814457e-17
459.0,0.051,3,2,42.16654429042603,0.1285760339586622,0.0350703842638227,5.551115123125783e-17
459.0,0.051,3,3,199.01355642165134,0.1457777798137129,0.005269682528730203,-1.6653345369377348e-16
459.0,0.0515,3,1,11.012201126027128,0.0894035653714201,0.20108110203798232,2.7755575615628914e-17
459.0,0.0515,3,2,39.232715860099894,0.12729055372815215,0.03835360050561599,-2.7755575615628914e-17
459.0,0.0515,3,3,203.0906709842553,0.14592060417653127,0.0051323492907508995,3.0531133177191805e-16
459.0,0.052,3,1,11.44791598389631,0.09116095316696277,0.1907110444935685,-1.3877787807814457e-17
459.0,0.052,3,2,36.43462837428882,0.12590389403114763,0.042059919121095087,2.7755575615628914e-17
459.0,0.052,3,3,206.95276247641792,0.14605246777215022,0.005007165252104653,-2.7755575615628914e-17
459.0,0.0525,3,1,11.95464276372383,0.09306377075657289,0.1797923719177878,1.3877787807814457e-17
459.0,0.0525,3,2,33.730788662197384,0.12438128893557854,0.04632647178840183,0.0
459.0,0.0525,3,3,210.62426114376254,0.14617491022960585,0.004892309028204743,1.6653345369377348e-16
459.0,0.053,3,1,12.561549483968578,0.09516560734294165,0.16810579101957093,-1.3877787807814457e-17
459.0,0.053,3,2,31.07270275077027,0.12266791500148576,0.05137400510180633,-1.3877787807814457e-17
459.0,0.053,3,3,214.12514821309395,0.14628916366616618,0.004786336378906528,-2.7755575615628914e-16
459.0,0.0535,3,1,13.322713306590426,0.09756381035827598,0.155251005502679,-1.3877787807814457e-17
459.0,0.0535,3,2,28.39031340443002,0.12066542015961602,0.057603988891618954,-1.3877787807814457e-17
459.0,0.0535,3,3,217.4720362660601,0.14639623067337063,0.004688082466328464,1.942890293094024e-16
459.0,0.054,3,1,14.361608499934034,0.10047573602050829,0.14032980830583913,1.3877787807814457e-17
459.0,0.054,3,2,25.546750877014432,0.11815561868627879,0.06591559184656612,1.3877787807814457e-17
459.0,0.054,3,3,220.6789315152983,0.1464969387828041,0.004596594010302759,6.38378239159465e-16
459.0,0.0545,3,1,16.143716280443737,0.10469911797227836,0.12002782743571656,1.3877787807814457e-17
459.0,0.0545,3,2,22.065172008021413,0.11434008352061786,0.07962398403641704,-4.163336342344337e-17
459.0,0.0545,3,3,223.7577858057028,0.14659197950684413,0.00451108094970191,-3.885780586188048e-16
460.0,0.046,3,1,8.238123589536027,0.07456655975794103,0.29957455797440796,-1.3877787807814457e-17
460.0,0.046,3,2,108.58669675996686,0.14084344039236368,0.01112775509901299,-2.7755575615628914e-17
460.0,0.046,3,3,118.87444221484918,0.1416836841407569,0.009977322905409654,-5.551115123125783e-17
460.0,0.0465,3,1,8.409168924075441,0.07571958141307743,0.2912191382689709,4.163336342344337e-17
460.0,0.0465,3,2,88.01451873932297,0.13871262614472554,0.014326558713933549,-2.7755575615628914e-17
460.0,0.0465,3,3,141.10717335382068,0.14316320296801796,0.008104156971587693,5.551115123125783e-17
460.0,0.047,3,1,8.590446293504463,0.07689932481345645,0.28279239228119574,2.7755575615628914e-17
460.0,0.047,3,2,78.38289466046767,0.13741534060997887,0.016471713552929135,2.7755575615628914e-17
460.0,0.047,3,3,152.35468304889875,0.1437825638831959,0.007377782423779515,5.551115123125783e-17
460.0,0.0475,3,1,8.783198106534002,0.07810849607620421,0.2742838296231201,0.0
460.0,0.0475,3,2,71.24404260104599,0.13627372903628207,0.018483195786522532,5.551115123125783e-17
460.0,0.0475,3,3,161.0645020054378,0.1442169123166059,0.0068887281500825395,5.551115123125783e-17
460.0,0.048,3,1,8.988906917552208,0.07935028337159745,0.2656810278146693,1.3877787807814457e-17
460.0,0.048,3,2,65.41607578595617,0.1351933752300943,0.020493433116443204,0.0
460.0,0.048,3,3,168.41798731978247,0.14455747321054577,0.006517002940344977,-1.1102230246251565e-16
460.0,0.0485,3,1,9.209362893103464,0.08062848587580398,0.2569691083548407,0.0
460.0,0.0485,3,2,60.429454631895645,0.13413520036312085,0.022562976612792034,-2.7755575615628914e-17
460.0,0.0485,3,3,174.8838048235795,0.14483952325378804,0.006216947613724372,-8.326672684688674e-17
460.0,0.049,3,1,9.446757188448991,0.08194769072356124,0.24813001626606065,-1.3877787807814457e-17
460.0,0.049,3,2,56.03872826001002,0.1330766779165991,0.024732780854591737,-5.551115123125783e-17
460.0,0.049,3,3,180.70609594219647,0.14508099897912438,0.005965675367384955,-1.6653345369377348e-16
460.0,0.0495,3,1,9.703814372446175,0.08331352177236934,0.2391415051503902,4.163336342344337e-17
460.0,0.0495,3,2,52.09510374554092,0.13200163978507592,0.02703838004753751,0.0
460.0,0.0495,3,3,186.03177766739884,0.14529244189021304,0.005749910634012975,1.3877787807814457e-16
460.0,0.05,3,1,9.983985649950622,0.08473299934528399,0.2299756664134828,1.3877787807814457e-17
460.0,0.05,3,2,48.49909180254412,0.13089627333562495,0.029516140997182205,-2.7755575615628914e-17
460.0,0.05,3,3,190.95770520371357,0.14548064165467525,0.005561206914173221,-5.551115123125783e-17
460.0,0.0505,3,1,10.291740453007122,0.0862150781740682,0.22059672538357475,2.7755575615628914e-17
460.0,0.0505,3,2,45.178980425903724,0.12974696069496058,0.03220758087124925,2.7755575615628914e-17
460.0,0.0505,3,3,195.55190820120168,0.1456502588692067,0.005393832922663874,-1.942890293094024e-16
460.0,0.051,3,1,10.6330246907769,0.08777148491807085,0.21095760302986893,1.3877787807814457e-17
460.0,0.051,3,2,42.07951245991386,0.12853861967807845,0.035163867884098976,0.0
460.0,0.051,3,3,199.86445632114024,0.14580464660768686,0.005243710211630234,-1.942890293094024e-16
460.0,0.0515,3,1,11.01601770638461,0.08941808836931259,0.20099427924512725,0.0
460.0,0.0515,3,2,39.155039385979734,0.127252877848664,0.03845204322800265,-2.7755575615628914e-17
460.0,0.0515,3,3,203.93354979920025,0.14594630615154996,0.005107827981069935,8.326672684688674e-17
460.0,0.052,3,1,11.452463751556277,0.09117728587099815,0.19061595542222584,4.163336342344337e-17
460.0,0.052,3,2,36.364533837381636,0.12586541525335349,0.04216520393893901,0.0
460.0,0.052,3,3,207.7891766922144,0.14607715783309796,0.004983897659387971,5.551115123125783e-17
460.0,0.0525,3,1,11.960214217961386,0.09308251338177469,0.17968642439807306,1.3877787807814457e-17
460.0,0.0525,3,2,33.66673071872632,0.12434128445727795,0.04644134822146954,-1.3877787807814457e-17
460.0,0.0525,3,3,211.45543069655736,0.14619871093199163,0.004870137656138497,1.1102230246251565e-16
460.0,0.053,3,1,12.568658256820282,0.09518777758793558,0.16798461343799653,1.3877787807814457e-17
460.0,0.053,3,2,31.013163425847125,0.12262526711073964,0.05150297261005638,4.163336342344337e-17
460.0,0.053,3,3,214.95204541503657,0.1463121749928586,0.004765133236576041,4.996003610813204e-16
460.0,0.0535,3,1,13.332405517390447,0.09759140426159389,0.15510607236569812,4.163336342344337e-17
460.0,0.0535,3,2,28.333429447226443,0.12061804998500614,0.057755678429390916,5.551115123125783e-17
460.0,0.0535,3,3,218.2954470645288,0.14641853542799574,0.004667741950445448,-5.551115123125783e-17
460.0,0.054,3,1,14.376681909306553,0.10051387341406648,0.14013938622530053,-1.3877787807814457e-17
460.0,0.054,3,2,25.489051201351227,0.11809833689810384,0.06611182493940494,0.0
460.0,0.054,3,3,221.4994988686343,0.14651860643503373,0.004577027842882228,3.885780586188048e-16
460.0,0.0545,3,1,16.18020055699815,0.10477566050749688,0.11967451200937755,1.3877787807814457e-17
460.0,0.0545,3,2,21.9900659529219,0.11424496949742208,0.07998223958751541,6.938893903907228e-17
460.0,0.0545,3,3,224.57604112755897,0.1466130689997118,0.004492214491066679,-3.885780586188048e-16
461.0,0.046,3,1,8.239290328970208,0.07457319712665067,0.2995261218274459,-1.3877787807814457e-17
461.0,0.046,3,2,105.12207073490714,0.14052971971739672,0.011573380304157901,2.7755575615628914e-17
461.0,0.046,3,3,123.08439538373703,0.14199336490263303,0.009569145984817442,-2.7755575615628914e-17
461.0,0.0465,3,1,8.410430474765747,0.07572657277088407,0.2911688355492491,-2.7755575615628914e-17
461.0,0.0465,3,2,87.3471774112078,0.1386285259914188,0.014461089734223583,-5.551115123125783e-17
461.0,0.0465,3,3,142.52202373550122,0.1432429045776228,0.008008772827700088,-8.326672684688674e-17
461.0,0.047,3,1,8.591815358436186,0.07690670534350559,0.28274006356765125,2.7755575615628914e-17
461.0,0.047,3,2,77.97554349973385,0.13735315082875074,0.01657830640095238,2.7755575615628914e-17
461.0,0.047,3,3,153.51166741914952,0.1438399612588704,0.0073121942941506615,1.1102230246251565e-16
461.0,0.0475,3,1,8.784689951434553,0.07811630708980709,0.2742292884290638,-1.3877787807814457e-17
461.0,0.0475,3,2,70.95086892522434,0.13622126575777577,0.01857841859223453,0.0
461.0,0.0475,3,3,162.10937406479692,0.14426414797006049,0.006836554223096274,1.1102230246251565e-16
461.0,0.048,3,1,8.990540097004303,0.07935857389947568,0.26562405365780484,0.0
461.0,0.048,3,2,65.18901064762203,0.13514652979164174,0.020582946271991417,-2.7755575615628914e-17
461.0,0.048,3,3,169.39875502701665,0.14459860672909283,0.006472803140305534,2.498001805406602e-16
461.0,0.0485,3,1,9.211160252725353,0.08063731483039406,0.25690943736194355,1.3877787807814457e-17
461.0,0.0485,3,2,60.24594280275459,0.13409198235346756,0.022649616526248785,-2.7755575615628914e-17
461.0,0.0485,3,3,175.82295935950793,0.14487648609325535,0.006178149242384228,2.7755575615628914e-17
461.0,0.049,3,1,9.448747279867883,0.0819571299038453,0.24806732814734922,-2.7755575615628914e-17
461.0,0.049,3,2,55.88616074085559,0.1330359209578249,0.024818317455819697,2.7755575615628914e-17
461.0,0.049,3,3,181.61617773727684,0.1451148856770488,0.005930828623648761,1.942890293094024e-16
461.0,0.0495,3,1,9.706033504354417,0.08332366014937535,0.23907540466646374,1.3877787807814457e-17
461.0,0.0495,3,2,51.965633675409826,0.1319625648646265,0.027124117593136116,8.326672684688674e-17
461.0,0.0495,3,3,186.92055839630274,0.14532394244825617,0.005718106341996292,4.718447854656915e-16
461.0,0.05,3,1,9.986480954395295,0.08474394936336073,0.2299056561907227,-4.163336342344337e-17
461.0,0.05,3,2,48.38746172316695,0.13085830040924257,0.029603189727882076,0.0
461.0,0.05,3,3,191.83035741152418,0.14551022363436725,0.0055318320503529896,2.220446049250313e-16
461.0,0.0505,3,1,10.294574641049934,0.08622698535907007,0.22052216456514548,-1.3877787807814457e-17
461.0,0.0505,3,2,45.081466406358814,0.1297096103380003,0.03229701715141738,-5.551115123125783e-17
461.0,0.0505,3,3,196.41205638206097,0.1456782561323966,0.0053664518253181,-1.942890293094024e-16
461.0,0.051,3,1,10.636283764282442,0.08778454318845304,0.21087764154968316,4.163336342344337e-17
461.0,0.051,3,2,41.99335238011427,0.1285014498722905,0.03525686386996483,2.7755575615628914e-17
461.0,0.051,3,3,200.71474088384818,0.14583130721861806,0.00521800063859627,-5.273559366969494e-16
461.0,0.0515,3,1,11.019824173181481,0.08943256580678782,0.20090774748606047,-2.7755575615628914e-17
461.0,0.0515,3,2,39.07809321134993,0.12721543031067295,0.03855001435096033,0.0
461.0,0.0515,3,3,204.7759535400568,0.14597182027767966,0.005083543968179054,-1.942890293094024e-16
461.0,0.052,3,1,11.45700092202783,0.09119357123080174,0.1905211655979502,1.3877787807814457e-17
461.0,0.052,3,2,36.29505884473733,0.1258271516864032,0.04227003040968424,2.7755575615628914e-17
461.0,0.052,3,3,208.62522523693093,0.1461016749830437,0.004960846634445451,-1.6653345369377348e-16
461.0,0.0525,3,1,11.965775233747278,0.09310120815992157,0.1795807784521215,-2.7755575615628914e-17
461.0,0.0525,3,2,33.60320344929266,0.12430148331981929,0.04655578191444653,1.3877787807814457e-17
461.0,0.0525,3,3,212.28632148453562,0.14622235111964496,0.004848165655367062,0.0
461.0,0.053,3,1,12.575758745959075,0.09520990336002653,0.16786372249459508,-1.3877787807814457e-17
461.0,0.053,3,2,30.95408074415211,0.12258280876271173,0.051631527538532944,-1.3877787807814457e-17
461.0,0.053,3,3,215.77873395285195,0.14633503625225772,0.004744114978664,-7.494005416219807e-16
461.0,0.0535,3,1,13.342098619901327,0.09761897026098453,0.15496135336967154,-1.3877787807814457e-17
461.0,0.0535,3,2,28.276933927824132,0.12057084388563201,0.05790704098843825,-1.3877787807814457e-17
461.0,0.0535,3,3,219.118706482599,0.14644069903732193,0.004647573953618069,1.942890293094024e-16
461.0,0.054,3,1,14.391800558734792,0.10055206305474242,0.1399488328232614,0.0
461.0,0.054,3,2,25.43164656404039,0.11804113135102325,0.06630808792977855,1.3877787807814457e-17
461.0,0.054,3,3,222.3199621747755,0.14654014064856621,0.004557623519789586,5.551115123125783e-17
461.0,0.0545,3,1,16.21737068208685,0.10485335995639038,0.11931638898902948,2.7755575615628914e-17
461.0,0.0545,3,2,21.914573149644212,0.11414882034906265,0.08034521135499532,4.163336342344337e-17
461.0,0.0545,3,3,225.39423189005444,0.14663403177710443,0.004473500570100518,-2.7755575615628914e-16
462.0,0.046,3,1,8.240452660275968,0.07457980834228474,0.29947788042520646,0.0
462.0,0.046,3,2,102.84995652510426,0.14031439132627954,0.011884307058125904,2.7755575615628914e-17
462.0,0.046,3,3,126.10210787115852,0.14220467422753957,0.009295521124860843,-2.7755575615628914e-17
462.0,0.0465,3,1,8.41168731129503,0.07573353677799596,0.29111873393673066,-2.7755575615628914e-17
462.0,0.0465,3,2,86.71252994540606,0.13854753384751942,0.01459124329412883,5.551115123125783e-17
462.0,0.0465,3,3,143.90444946897674,0.14331952024510192,0.007917614115497287,2.220446049250313e-16
462.0,0.047,3,1,8.59317937132827,0.0769140572364243,0.2826879427081237,2.7755575615628914e-17
462.0,0.047,3,2,77.58022104569632,0.1372922693663302,0.016682989811168208,2.7755575615628914e-17
462.0,0.047,3,3,154.6568904500959,0.14389607369229662,0.00724835755186798,8.326672684688674e-17
462.0,0.0475,3,1,8.786176370333559,0.07812408808141637,0.2741749622586764,-1.3877787807814457e-17
462.0,0.0475,3,2,70.66417020813466,0.13616960426064323,0.0186724252122853,-5.551115123125783e-17
462.0,0.0475,3,3,163.1480367621543,0.14431060662646203,0.006785431987428542,-1.1102230246251565e-16
462.0,0.048,3,1,8.992167435676825,0.0793668329116311,0.2655673021580505,0.0
462.0,0.048,3,2,64.96605107720049,0.13510026073590495,0.02067154954535087,0.0
462.0,0.048,3,3,170.37568107208202,0.1446391901659248,0.006429341821151018,-1.1102230246251565e-16
462.0,0.0485,3,1,9.212951310856749,0.08064611065575875,0.2568499971647816,0.0
462.0,0.0485,3,2,60.06528454438571,0.13404921695965483,0.0227355124999649,0.0
462.0,0.0485,3,3,176.75952262315005,0.1449130242543852,0.006139915998034755,-1.3877787807814457e-16
462.0,0.049,3,1,9.450730557983396,0.0819665342111198,0.24800487950561098,0.0
462.0,0.049,3,2,55.73569699943813,0.13299553990025548,0.024903210772955906,-5.551115123125783e-17
462.0,0.049,3,3,182.52441653371358,0.14514842617810123,0.0058964383978856935,-8.326672684688674e-17
462.0,0.0495,3,1,9.708245255630892,0.08333376177112069,0.2390095529075196,1.3877787807814457e-17
462.0,0.0495,3,2,51.83777972535416,0.13192381444268916,0.027209277163448394,-5.551115123125783e-17
462.0,0.0495,3,3,187.8079823561211,0.14535515011745923,0.005686684739688609,-1.3877787807814457e-16
462.0,0.05,3,1,9.988968253554757,0.08475486060374364,0.2298359044991757,-2.7755575615628914e-17
462.0,0.05,3,2,48.27711147694948,0.13082061565289838,0.029689704578058355,-2.7755575615628914e-17
462.0,0.05,3,3,192.70198780120631,0.14553955109925368,0.005502786704469547,-5.551115123125783e-17
462.0,0.0505,3,1,10.297400146815013,0.08623885161752189,0.2204478725598465,1.3877787807814457e-17
462.0,0.0505,3,2,44.98498996303855,0.12967252147631633,0.03238594998034281,-5.551115123125783e-17
462.0,0.0505,3,3,197.27142375200654,0.14570602772756272,0.005339360264595628,-1.6653345369377348e-16
462.0,0.051,3,1,10.639533447682096,0.08779755830640157,0.2107979593927972,-2.7755575615628914e-17
462.0,0.051,3,2,41.908049339112736,0.12846452138606376,0.03534937770792153,2.7755575615628914e-17
462.0,0.051,3,3,201.56442398719574,0.14585776458632152,0.005192549519221755,-5.551115123125783e-17
462.0,0.0515,3,1,11.023620572891371,0.08944699792155408,0.20082150516456285,0.0
462.0,0.0515,3,2,39.001865798547605,0.12717820838083282,0.03864751875890502,0.0
462.0,0.0515,3,3,205.61789291395561,0.1459971490654954,0.005059493592964576,-8.326672684688674e-17
462.0,0.052,3,1,11.461527543244834,0.09120980949065471,0.19042667339381456,0.0
462.0,0.052,3,2,36.22619416871213,0.12578910091698442,0.042374402961153385,2.7755575615628914e-17
462.0,0.052,3,3,209.46091651184574,0.14612602140579273,0.0049380090006926275,4.163336342344337e-16
462.0,0.0525,3,1,11.971325861236437,0.09311985534335536,0.1794754324160235,0.0
462.0,0.0525,3,2,33.5401993506384,0.12426188335685821,0.04666977694913958,-4.163336342344337e-17
462.0,0.0525,3,3,213.11694018790178,0.1462458327211798,0.004826390227529386,-1.6653345369377348e-16
462.0,0.053,3,1,12.582851011885129,0.09523198493525716,0.16774311641953693,2.7755575615628914e-17
462.0,0.053,3,2,30.895448510406933,0.12254053797081181,0.05175967376737996,6.938893903907228e-17
462.0,0.053,3,3,216.6052191938712,0.14635774916935965,0.004723279109612577,-1.3877787807814457e-16
462.0,0.0535,3,1,13.351792744445405,0.09764650876713547,0.15481684615491526,-2.7755575615628914e-17
462.0,0.0535,3,2,28.22082160675064,0.12052379990556407,0.058058080787147366,-4.163336342344337e-17
462.0,0.0535,3,3,219.9418188673265,0.1464627230608772,0.00462757622711695,-4.996003610813204e-16
462.0,0.054,3,1,14.406965268300755,0.1005903066006168,0.13975814036699,1.3877787807814457e-17
462.0,0.054,3,2,25.37453184678622,0.11798399897815594,0.06650439019998901,-1.3877787807814457e-17
462.0,0.054,3,3,223.14032497511974,0.14656154284632594,0.004538378996640775,2.7755575615628914e-17
462.0,0.0545,3,1,16.255265472874555,0.10493228286423929,0.11895317632963821,-1.3877787807814457e-17
462.0,0.0545,3,2,21.838651133108115,0.11405156823562958,0.08071318285719914,1.3877787807814457e-17
462.0,0.0545,3,3,226.2123609894825,0.14665486914761344,0.004454937313889792,1.3877787807814457e-16
463.0,0.046,3,1,8.241610608572554,0.07458639356009045,0.2994298325888951,2.7755575615628914e-17
463.0,0.046,3,2,101.06590725054792,0.14013963635282725,0.01213967693309188,2.7755575615628914e-17
463.0,0.046,3,3,128.63202568389184,0.14237543084310408,0.009077307616207932,-2.7755575615628914e-17
463.0,0.0465,3,1,8.41293946026927,0.07574047359579676,0.2910688322197206,-1.3877787807814457e-17
463.0,0.0465,3,2,86.10724119880236,0.13846935063520263,0.014717436033287897,0.0
463.0,0.0465,3,3,145.25778482940314,0.14339334890342276,0.007830265086402064,5.551115123125783e-17
463.0,0.047,3,1,8.594538360387078,0.07692138066005245,0.2826360284567422,1.3877787807814457e-17
463.0,0.047,3,2,77.19622468447095,0.13723262720337578,0.01678586177158877,-2.7755575615628914e-17
463.0,0.047,3,3,155.79105389270595,0.14395097005133914,0.0071861751294689585,-1.1102230246251565e-16
463.0,0.0475,3,1,8.787657393157287,0.07813183922565764,0.2741208498306251,2.7755575615628914e-17
463.0,0.0475,3,2,70.38367493108137,0.13611871525100472,0.01876525810579572,0.0
463.0,0.0475,3,3,164.1807607580934,0.14435631742126429,0.0067353199352790626,0.0
463.0,0.048,3,1,8.993788965338954,0.0793750605898078,0.26551077199734785,1.3877787807814457e-17
463.0,0.048,3,2,64.74706051977051,0.1350545518488289,0.02075926697330681,-2.7755575615628914e-17
463.0,0.048,3,3,171.34890115635508,0.14467923956938905,0.006386595929446475,-2.7755575615628914e-16
463.0,0.0485,3,1,9.214736101231592,0.08065487354108428,0.2567907864073926,2.7755575615628914e-17
463.0,0.0485,3,2,59.88740023455332,0.1340068937610389,0.02282068036153879,-5.551115123125783e-17
463.0,0.0485,3,3,177.69357338752798,0.14494914798450842,0.006102233069632351,-2.498001805406602e-16
463.0,0.049,3,1,9.45270705860704,0.08197590384230875,0.24794266894597727,2.7755575615628914e-17
463.0,0.049,3,2,55.58728600056011,0.13295552737338615,0.02498747229268232,-2.7755575615628914e-17
463.0,0.049,3,3,183.4308625216022,0.14518162767157286,0.005862494254170041,-1.942890293094024e-16
463.0,0.0495,3,1,9.710449664255076,0.08334382684250359,0.2389439484391055,-4.163336342344337e-17
463.0,0.0495,3,2,51.71150696120991,0.13188538294755595,0.027293867678536067,0.0
463.0,0.0495,3,3,188.69408363983268,0.14538607028017947,0.005655637992659023,0.0
463.0,0.05,3,1,9.991447587623167,0.08476573327943554,0.22976640986466887,4.163336342344337e-17
463.0,0.05,3,2,48.168015968915256,0.1307832146442814,0.02977569282644979,0.0
463.0,0.05,3,3,193.57262063031666,0.14556862827402792,0.005474064718421529,-1.942890293094024e-16
463.0,0.0505,3,1,10.30021701268187,0.08625067717048633,0.22037384785449687,1.3877787807814457e-17
463.0,0.0505,3,2,44.889532391510855,0.12963569046721596,0.032474385524234255,0.0
463.0,0.0505,3,3,198.130028181746,0.14573357709155818,0.005312553229215391,1.942890293094024e-16
463.0,0.051,3,1,10.642773785393665,0.08781053050073513,0.2107185550089468,-2.7755575615628914e-17
463.0,0.051,3,2,41.8235889841957,0.12842783113059933,0.03544141477480261,-2.7755575615628914e-17
463.0,0.051,3,3,202.41351915391533,0.14588402158583855,0.005167352663960302,1.6653345369377348e-16
463.0,0.0515,3,1,11.027406951679918,0.08946138494957812,0.20073555069658833,-1.3877787807814457e-17
463.0,0.0515,3,2,38.92634587237168,0.12714120937885995,0.03874456124684882,2.7755575615628914e-17
463.0,0.0515,3,3,206.4593783700581,0.14602229497421318,0.005035673276760246,-2.7755575615628914e-16
463.0,0.052,3,1,11.466043662826685,0.09122600089305978,0.190332477195241,-2.7755575615628914e-17
463.0,0.052,3,2,36.15793077872216,0.12575126057536654,0.0424783259462221,-2.7755575615628914e-17
463.0,0.052,3,3,210.29625872564478,0.1461501992433104,0.004915381647400611,3.608224830031759e-16
463.0,0.0525,3,1,11.976866150266204,0.09313845518260934,0.17937038463836064,-1.3877787807814457e-17
463.0,0.0525,3,2,33.47771107085331,0.12422248243868328,0.04678333734308121,0.0
463.0,0.0525,3,3,213.94729333995878,0.14626915763035012,0.004804808629345976,-1.3877787807814457e-16
463.0,0.053,3,1,12.589935114825717,0.09525402258792341,0.16762279345521774,1.3877787807814457e-17
463.0,0.053,3,2,30.837260647778923,0.12249845277976092,0.051887415120948396,1.3877787807814457e-17
463.0,0.053,3,3,217.43150639134487,0.14638031543956226,0.004702623180771224,5.551115123125783e-17
463.0,0.0535,3,1,13.361488021795402,0.09767402019030968,0.1546725483681971,0.0
463.0,0.0535,3,2,28.165087338066037,0.12047691611480238,0.058208802000273875,1.3877787807814457e-17
463.0,0.0535,3,3,220.76478847586145,0.14648460903265245,0.004607746562772745,-1.6653345369377348e-16
463.0,0.054,3,1,14.422176874184482,0.10062860573732281,0.1395673010098157,-2.7755575615628914e-17
463.0,0.054,3,2,25.31770199099795,0.11792693670737658,0.0667007412141653,0.0
463.0,0.054,3,3,223.96059073930695,0.1465828144288984,0.0045192922645842055,-2.7755575615628914e-17
463.0,0.0545,3,1,16.293927349397865,0.1050125018951868,0.11858456614396408,2.7755575615628914e-17
463.0,0.0545,3,2,21.762253897253288,0.11395313921809658,0.08108646342665568,5.551115123125783e-17
463.0,0.0545,3,3,227.03043126426346,0.14667558240005507,0.004436522881001514,1.1102230246251565e-15
464.0,0.046,3,1,8.2427641987874,0.07459295293408164,0.29938197714925857,2.7755575615628914e-17
464.0,0.046,3,2,99.56691641039026,0.13998874653135293,0.012362356446217918,5.551115123125783e-17
464.0,0.046,3,3,130.87715445425462,0.142522342877635,0.008891639797731877,5.551115123125783e-17
464.0,0.0465,3,1,8.414186948092977,0.07574738338439437,0.2910191291962948,-1.3877787807814457e-17
464.0,0.0465,3,2,85.52849461236713,0.1383937231004744,0.014840020736588761,2.7755575615628914e-17
464.0,0.0465,3,3,146.5848455125303,0.1434646436629447,0.0077463738395912906,1.3877787807814457e-16
464.0,0.047,3,1,8.595892353607303,0.07692867578091027,0.2825843195776431,0.0
464.0,0.047,3,2,76.82291484327072,0.1371741613296081,0.016887011747344714,2.7755575615628914e-17
464.0,0.047,3,3,156.91479646150142,0.14400471319606833,0.0071255584751821,1.6653345369377348e-16
464.0,0.0475,3,1,8.789133049609694,0.07813956069579181,0.2740669498738226,-1.3877787807814457e-17
464.0,0.0475,3,2,70.10912895504433,0.13606857122500546,0.018856957147723764,0.0
464.0,0.0475,3,3,165.20779933814742,0.14440130770121054,0.006686179135622015,2.7755575615628914e-17
464.0,0.048,3,1,8.995404717526544,0.07938325711433902,0.2654544618681248,2.7755575615628914e-17
464.0,0.048,3,2,64.53190929123683,0.135009387682348,0.020846121466871596,5.551115123125783e-17
464.0,0.048,3,3,172.31854411498873,0.1447187702232056,0.006344543529940883,1.6653345369377348e-16
464.0,0.0485,3,1,9.2165146573392,0.08066360367409914,0.2567318037445415,0.0
464.0,0.0485,3,2,59.71221358085563,0.133965002739503,0.022905135336083814,0.0
464.0,0.0485,3,3,178.62518710041297,0.1449848671298395,0.006065086240827362,1.3877787807814457e-16
464.0,0.049,3,1,9.454676817294194,0.08198523899283085,0.24788069508454982,0.0
464.0,0.049,3,2,55.44087854840237,0.13291587624822485,0.025071113133366546,-1.1102230246251565e-16
464.0,0.049,3,3,184.3355640562213,0.14521449710670176,0.005828986116897196,-3.885780586188048e-16
464.0,0.0495,3,1,9.712646767938995,0.08335385556686997,0.23887858983797658,0.0
464.0,0.0495,3,2,51.586781561756055,0.13184726496649554,0.027377897811309282,0.0
464.0,0.0495,3,3,189.57889523201337,0.1454167081613064,0.005624958505436836,1.3877787807814457e-16
464.0,0.05,3,1,9.993918996516113,0.08477656760183994,0.2296971708244712,-1.3877787807814457e-17
464.0,0.05,3,2,48.06015082410637,0.13074609307313542,0.029861161574118653,-1.1102230246251565e-16
464.0,0.05,3,3,194.4422794409159,0.14559745927288517,0.005445660103402095,-1.3877787807814457e-16
464.0,0.0505,3,1,10.30302528074133,0.08626246223738233,0.220300088947576,-1.3877787807814457e-17
464.0,0.0505,3,2,44.79507547762218,0.12959911375124442,0.03256232981463043,0.0
464.0,0.0505,3,3,198.98788705620933,0.1457609075796006,0.005286025834005497,-2.220446049250313e-16
464.0,0.051,3,1,10.646004821537167,0.08782345999858614,0.21063942685973544,1.3877787807814457e-17
464.0,0.051,3,2,41.73995731023517,0.12839137608154796,0.035532980341017886,0.0
464.0,0.051,3,3,203.2620395636374,0.14591008102940725,0.0051424059809642595,-2.220446049250313e-16
464.0,0.0515,3,1,11.031183355407627,0.08947572712510206,0.2006498825101417,-1.3877787807814457e-17
464.0,0.0515,3,2,38.85152241219832,0.1271044306760715,0.03884114652282846,-5.551115123125783e-17
464.0,0.0515,3,3,207.30042010741164,0.14604726041313462,0.005012079519002466,2.7755575615628914e-17
464.0,0.052,3,1,11.470549328081173,0.09124214567875842,0.19023857539987768,1.3877787807814457e-17
464.0,0.052,3,2,36.09025983570118,0.1257136283342856,0.04258180364470454,2.7755575615628914e-17
464.0,0.052,3,3,211.13125989993728,0.14617421059681993,0.004892961527896167,2.7755575615628914e-16
464.0,0.0525,3,1,11.982396150359104,0.0931570079264255,0.17926563348008417,0.0
464.0,0.0525,3,2,33.415731405365236,0.12418327847133981,0.046896467051035576,-1.3877787807814457e-17
464.0,0.0525,3,3,214.7773873310845,0.14629232770690942,0.004783418171197206,1.942890293094024e-16
464.0,0.053,3,1,12.597011114738676,0.0952760165905933,0.16750275185612834,1.3877787807814457e-17
464.0,0.053,3,2,30.779511194904828,0.12245655126488264,0.052014755369039184,-2.7755575615628914e-17
464.0,0.053,3,3,218.25760068739595,0.14640273672935505,0.004682144789246298,-5.273559366969494e-16
464.0,0.0535,3,1,13.371184583187922,0.09770150494038281,0.15452845766252504,-1.3877787807814457e-17
464.0,0.0535,3,2,28.10972606709888,0.12043019060867405,0.0583592087600655,-2.7755575615628914e-17
464.0,0.0535,3,3,221.58761947765953,0.14650635846166668,0.004588082792026224,-6.938893903907228e-16
464.0,0.054,3,1,14.437436229154255,0.10066696217893278,0.13937630678726773,-2.7755575615628914e-17
464.0,0.054,3,2,25.261151995563644,0.11786994145995643,0.0668971505228883,-4.163336342344337e-17
464.0,0.054,3,3,224.78076286692558,0.14660395677500213,0.004500361349502383,3.608224830031759e-16
464.0,0.0545,3,1,16.33340281691755,0.10509409664885257,0.11821022125521508,1.3877787807814457e-17
464.0,0.0545,3,2,21.6853314113274,0.11385345244130567,0.08146539165807352,0.0
464.0,0.0545,3,3,227.84844549627036,0.14669617280387096,0.004418255460802115,0.0
465.0,0.046,3,1,8.243913455657927,0.07459948661705103,0.29933431294649027,-1.3877787807814457e-17
465.0,0.046,3,2,98.26041985790914,0.1398540839735136,0.01256279719173826,8.326672684688674e-17
465.0,0.046,3,3,132.93005746509985,0.1426530480832632,0.008728066924493847,2.7755575615628914e-17
465.0,0.0465,3,1,8.415429800971076,0.07575426630263364,0.29096962367420315,0.0
465.0,0.0465,3,2,84.97388635502182,0.13832043451520826,0.014959299295786935,0.0
465.0,0.0465,3,3,147.8880344907913,0.14353362110936935,0.007665639360446525,0.0
465.0,0.047,3,1,8.597241378773994,0.07693594276421166,0.28253281484486725,0.0
465.0,0.047,3,2,76.4597074150481,0.13711681403044987,0.016986521693235224,2.7755575615628914e-17
465.0,0.047,3,3,158.02870140987625,0.14405736069210723,0.0070664265404471365,5.551115123125783e-17
465.0,0.0475,3,1,8.790603369174598,0.07814725266372893,0.27401326112732155,0.0
465.0,0.0475,3,2,69.84029402348311,0.13601914631752113,0.01894755984748351,-5.551115123125783e-17
465.0,0.0475,3,3,166.22938990996175,0.1444456031756143,0.006637973015659266,-5.551115123125783e-17
465.0,0.048,3,1,8.997014723544309,0.07939142266416109,0.26539837047318987,-4.163336342344337e-17
465.0,0.048,3,2,64.32047411293439,0.13496475350386553,0.02093213488558941,-2.7755575615628914e-17
465.0,0.048,3,3,173.28473238227284,0.1447577966969739,0.0063031637313356,8.326672684688674e-17
465.0,0.0485,3,1,9.218287012426487,0.08067230124108825,0.2566730478416153,-4.163336342344337e-17
465.0,0.0485,3,2,59.5396514335692,0.13392353425760672,0.02298889207893478,5.551115123125783e-17
465.0,0.0485,3,3,179.55443607144386,0.14502019115731277,0.006028461857332443,5.551115123125783e-17
465.0,0.049,3,1,9.456639869346473,0.08199453985661422,0.24781895654829134,-1.3877787807814457e-17
465.0,0.049,3,2,55.296427197652854,0.1328765796261188,0.025154144062081957,-2.7755575615628914e-17
465.0,0.049,3,3,185.2385677468724,0.14524704120383175,0.005795904253841229,-8.326672684688674e-17
465.0,0.0495,3,1,9.71483660412945,0.08336384814602761,0.2388134756919886,-2.7755575615628914e-17
465.0,0.0495,3,2,51.46357077132342,0.13180945523932788,0.027461375997485427,-8.326672684688674e-17
465.0,0.0495,3,3,190.46244905619662,0.14544706883467115,0.005594638911631942,2.7755575615628914e-17
465.0,0.05,3,1,9.996382519873299,0.0847873637807771,0.2296281859271758,1.3877787807814457e-17
465.0,0.05,3,2,47.95349236005669,0.13070924673722936,0.029946117750806602,0.0
465.0,0.05,3,3,195.31098708706133,0.1456260481035362,0.005417567033624055,1.3877787807814457e-16
465.0,0.0505,3,1,10.305824992798101,0.0862742070360007,0.22022659434910835,-2.7755575615628914e-17
465.0,0.0505,3,2,44.7016014804281,0.12956278784948344,0.03264978875273571,0.0
465.0,0.0505,3,3,199.84501729158995,0.14578802246795797,0.0052597733156488245,-4.440892098500626e-16
465.0,0.051,3,1,10.649226599937586,0.0878363470254171,0.21056057341851503,1.3877787807814457e-17
465.0,0.051,3,2,41.657140648542246,0.12835515327709987,0.03562407957367206,0.0
465.0,0.051,3,3,204.10999806400443,0.14593594566835605,0.005117705473048193,2.7755575615628914e-16
465.0,0.0515,3,1,11.034949829632364,0.08949002468065935,0.20056449904516463,4.163336342344337e-17
465.0,0.0515,3,2,38.77738464439156,0.12706786969397574,0.03893727921024787,-2.7755575615628914e-17
465.0,0.0515,3,3,208.14102808249984,0.14607204774304042,0.004988708894971535,-5.551115123125783e-17
465.0,0.052,3,1,11.475044586007005,0.09125824408674682,0.19014496641748307,4.163336342344337e-17
465.0,0.052,3,2,36.02317268675338,0.12567620190786663,0.04268484026517454,5.551115123125783e-17
465.0,0.052,3,3,211.96592787456635,0.14619805752786372,0.004870745657823489,0.0
465.0,0.0525,3,1,11.987915910725587,0.0931755138217712,0.1791611773143946,0.0
465.0,0.0525,3,2,33.354253293061134,0.12414426939578016,0.047009169966460686,-2.7755575615628914e-17
465.0,0.0525,3,3,215.60722841257586,0.14631534477744315,0.004762216215747468,3.0531133177191805e-16
465.0,0.053,3,1,12.604079071315308,0.09529796721412413,0.16738298988873315,2.7755575615628914e-17
465.0,0.053,3,2,30.722194303008884,0.12241483153141607,0.052141698228106166,2.7755575615628914e-17
465.0,0.053,3,3,219.08350711586888,0.14642501467698835,0.004661841576785872,-1.1102230246251565e-16
465.0,0.0535,3,1,13.380882560337131,0.09772896342688091,0.15438457169693579,2.7755575615628914e-17
465.0,0.0535,3,2,28.05473282824768,0.12038362150724508,0.05850930515736127,2.7755575615628914e-17
465.0,0.0535,3,3,222.41031595664543,0.14652797283251662,0.0045685827850058935,-3.3306690738754696e-16
465.0,0.054,3,1,14.452744203075905,0.10070537766887812,0.13918514961306716,1.3877787807814457e-17
465.0,0.054,3,2,25.204876914654957,0.11781301014918415,0.06709362776793393,1.3877787807814457e-17
465.0,0.054,3,3,225.60084468916617,0.1466249712419486,0.004481584311235733,-3.885780586188048e-16
465.0,0.0545,3,1,16.373743034262596,0.10517715462222711,0.11782977113664388,1.3877787807814457e-17
465.0,0.0545,3,2,21.607829050218335,0.11375241917168223,0.08185033946936797,-1.3877787807814457e-17
465.0,0.0545,3,3,228.66640641213303,0.14671664160951867,0.004400133272794347,-6.38378239159465e-16
466.0,0.046,3,1,8.245058403733395,0.07460599476058245,0.29928683883013335,-1.3877787807814457e-17
466.0,0.046,3,2,97.09498275803257,0.13973139389704353,0.012746820612512828,-5.551115123125783e-17
466.0,0.046,3,3,134.84216869225963,0.14277180110719628,0.008580768396255841,-1.1102230246251565e-16
466.0,0.0465,3,1,8.416668044910786,0.0757611225081088,0.29092031447077127,-1.3877787807814457e-17
466.0,0.0465,3,2,84.44134569133524,0.13824929767508684,0.015075532469866973,0.0
466.0,0.0465,3,3,149.1694216455783,0.14360046830578657,0.007587801760260718,-5.551115123125783e-17
466.0,0.047,3,1,8.598585463464515,0.07694318177387684,0.28248151304226177,1.3877787807814457e-17
466.0,0.047,3,2,76.10606731145027,0.13706053227923273,0.01708446691636084,-2.7755575615628914e-17
466.0,0.047,3,3,159.13330297711295,0.14410896541841162,0.007008704917352284,8.326672684688674e-17
466.0,0.0475,3,1,8.792068381117637,0.07815491530004097,0.27395978234021556,0.0
466.0,0.0475,3,2,69.57694642623392,0.135970416166981,0.019037101544255038,-8.326672684688674e-17
466.0,0.0475,3,3,167.2457553393634,0.14448922805152312,0.00659066716558174,-8.326672684688674e-17
466.0,0.048,3,1,8.998619014468014,0.07939955741682726,0.26534249652562747,0.0
466.0,0.048,3,2,64.11263768572988,0.1349206352499614,0.021017328105614796,5.551115123125783e-17
466.0,0.048,3,3,174.24758241750533,0.14479633289245092,0.006262436618279427,2.498001805406602e-16
466.0,0.0485,3,1,9.220053199500208,0.08068096642690693,0.25661451737451657,-4.163336342344337e-17
466.0,0.0485,3,2,59.369643611689675,0.13388247903824896,0.023071964706086304,0.0
466.0,0.0485,3,3,180.4813896460593,0.14505512917490584,0.005992346796558544,0.0
466.0,0.049,3,1,9.458596249814,0.08200380662611063,0.24775745197491816,1.3877787807814457e-17
466.0,0.049,3,2,55.153886170025864,0.1328376308282438,0.025236575510615155,-2.7755575615628914e-17
466.0,0.049,3,3,186.1399185403235,0.1452792664649084,0.005763239260222417,-8.326672684688674e-17
466.0,0.0495,3,1,9.717019210010621,0.08337380478026174,0.23874860459998343,-2.7755575615628914e-17
466.0,0.0495,3,2,51.34184285493574,0.13177194865233402,0.027544310445028385,-2.7755575615628914e-17
466.0,0.0495,3,3,191.344776019699,0.14547715722912258,0.005564672064572818,1.6653345369377348e-16
466.0,0.05,3,1,9.998838197060753,0.0847981220244981,0.22955945373259448,-1.3877787807814457e-17
466.0,0.05,3,2,47.84801756058704,0.13067267153851594,0.03003056812099219,-5.551115123125783e-17
466.0,0.05,3,3,196.17876576097802,0.145654398671034,0.00538977984033936,-3.885780586188048e-16
466.0,0.0505,3,1,10.308616190373291,0.0862859117825196,0.22015336258055074,0.0
466.0,0.0505,3,2,44.60909311586844,0.12952670936096358,0.032736768113572734,0.0
466.0,0.0505,3,3,200.70143535163155,0.14581492495652051,0.005233791028610036,8.326672684688674e-17
466.0,0.051,3,1,10.652439164127468,0.08784919180503657,0.21048199317027072,1.3877787807814457e-17
466.0,0.051,3,2,41.57512565616758,0.12831915981614841,0.035714717539563574,0.0
466.0,0.051,3,3,204.95740718133027,0.14596161819492426,0.005093247234771318,2.220446049250313e-16
466.0,0.0515,3,1,11.038706419611964,0.08950427784709052,0.20047939875341908,2.7755575615628914e-17
466.0,0.0515,3,2,38.70392203499712,0.12703152390291297,0.039032963850136174,0.0
466.0,0.0515,3,3,208.98121201652103,0.1460966592775333,0.0049655580536148575,3.608224830031759e-16
466.0,0.052,3,1,11.479529483296542,0.09127429635429256,0.1900516486698074,-1.3877787807814457e-17
466.0,0.052,3,2,35.95666085999113,0.12563897905058097,0.04278743994672884,0.0
466.0,0.052,3,3,212.80027031273855,0.14622174205932917,0.00484873111346509,1.6653345369377348e-16
466.0,0.0525,3,1,11.99342548026668,0.09319397311385584,0.17905701452662368,1.3877787807814457e-17
466.0,0.0525,3,2,33.29326981253605,0.12410545318704057,0.04712144992292375,1.3877787807814457e-17
466.0,0.0525,3,3,216.43682270036845,0.14633821063617497,0.004741200176613358,-4.163336342344337e-16
466.0,0.053,3,1,12.611139043983542,0.09531987472768022,0.16726350583134644,0.0
466.0,0.053,3,2,30.665304233110252,0.12237329171384892,0.052268247362424324,0.0
466.0,0.053,3,3,219.9092306050817,0.14644715089312269,0.004641711228698433,-3.3306690738754696e-16
466.0,0.0535,3,1,13.390582085448116,0.09775639605901697,0.15424088813628972,1.3877787807814457e-17
466.0,0.0535,3,2,28.000102742848792,0.12033720695474957,0.058659095242658166,4.163336342344337e-17
466.0,0.0535,3,3,223.23288191329314,0.14654945360591085,0.004549244449632358,-5.828670879282072e-16
466.0,0.054,3,1,14.468101683440619,0.10074385398090202,0.13899382127498305,-5.551115123125783e-17
466.0,0.054,3,2,25.148871855559477,0.11775613967896409,0.06729018268714361,-6.938893903907228e-17
466.0,0.054,3,3,226.42083947043747,0.14664585916608933,0.004462959242827855,-4.440892098500626e-16
466.0,0.0545,3,1,16.4150044876345,0.10526177234969085,0.11744280709953135,4.163336342344337e-17
466.0,0.0545,3,2,21.529686919363154,0.11364994165683519,0.08224171691428718,4.163336342344337e-17
466.0,0.0545,3,3,229.48431668448703,0.14673699004885243,0.004382154565971862,5.828670879282072e-16
467.0,0.046,3,1,8.246199067376685,0.07461247751506274,0.29923955365898647,1.3877787807814457e-17
467.0,0.046,3,2,96.03853239849053,0.1396180165506599,0.012918065367911938,8.326672684688674e-17
467.0,0.046,3,3,136.6455599933602,0.1428812615668014,0.008446106389661825,8.326672684688674e-17
467.0,0.0465,3,1,8.41790170572354,0.07576795215717594,0.2908712004128038,-2.7755575615628914e-17
467.0,0.0465,3,2,83.92907404930297,0.13818014953609567,0.015188947360839809,-8.326672684688674e-17
467.0,0.0465,3,3,150.43080469942385,0.14366534815616802,0.0075126348005082316,-5.551115123125783e-17
467.0,0.047,3,1,8.599924635050472,0.07695039297254509,0.28243041296338217,1.3877787807814457e-17
467.0,0.047,3,2,75.76150294550355,0.13700526721646683,0.01718091681512527,5.551115123125783e-17
467.0,0.047,3,3,160.2290919056583,0.14415957608798782,0.0069523250997012235,1.6653345369377348e-16
467.0,0.0475,3,1,8.793528114488328,0.07816254877397504,0.27390651227153884,-2.7755575615628914e-17
467.0,0.0475,3,2,69.31887580385064,0.13592235779425513,0.019125615581956128,-2.7755575615628914e-17
467.0,0.0475,3,3,168.25710514598424,0.14453220515481827,0.006544229163668004,0.0
467.0,0.048,3,1,9.000217621146456,0.07940766154852057,0.2652868387486989,4.163336342344337e-17
467.0,0.048,3,2,63.90828829961739,0.13487701948390465,0.021101721082188826,-2.7755575615628914e-17
467.0,0.048,3,3,175.20720509535457,0.1448343920860257,0.006222343188963668,-1.942890293094024e-16
467.0,0.0485,3,1,9.221813251329158,0.08068959941499479,0.25655621102955867,0.0
467.0,0.0485,3,2,59.20212274105331,0.13384182814571677,0.023154366822552834,0.0
467.0,0.0485,3,3,181.4061143673356,0.14508968995057595,0.0059567284393291986,-1.1102230246251565e-16
467.0,0.049,3,1,9.460545993497645,0.0820130394923096,0.2476961800127956,0.0
467.0,0.049,3,2,55.01321127577377,0.13279902338570795,0.025318417590537476,-2.7755575615628914e-17
467.0,0.049,3,3,187.03965979926664,0.14531117918336098,0.005730982043711676,-1.942890293094024e-16
467.0,0.0495,3,1,9.71919462250625,0.08338372566834899,0.23868397517168494,1.3877787807814457e-17
467.0,0.0495,3,2,51.221567055819264,0.13173474023247805,0.02762670914310189,0.0
467.0,0.0495,3,3,192.22590605607473,0.14550697813429003,0.005535051028429275,5.551115123125783e-17
467.0,0.05,3,1,10.00128606717341,0.08480884253970056,0.2294909728116442,2.7755575615628914e-17
467.0,0.05,3,2,47.74370405083912,0.1306363634794648,0.03011451928967338,-8.326672684688674e-17
467.0,0.05,3,3,197.04563701799614,0.14568251478142483,0.005362293006136068,8.326672684688674e-17
467.0,0.0505,3,1,10.31139891470678,0.08629757669151934,0.22008039217468345,-2.7755575615628914e-17
467.0,0.0505,3,2,44.51753354114651,0.12949087496018344,0.03282327354996277,0.0
467.0,0.0505,3,3,201.5571572632143,0.1458416181712661,0.005208074441234415,8.326672684688674e-17
467.0,0.051,3,1,10.655642557349369,0.08786199455961437,0.21040368461151013,-2.7755575615628914e-17
467.0,0.051,3,2,41.49389930562726,0.12828339285652368,0.03580489920806883,-5.551115123125783e-17
467.0,0.051,3,3,205.8042791308471,0.14598710124401273,0.005069027449633132,-3.3306690738754696e-16
467.0,0.0515,3,1,11.04245317030695,0.08951848685355968,0.20039458009837102,-1.3877787807814457e-17
467.0,0.0515,3,2,38.63112428270493,0.1269953908207432,0.039128204903328065,2.7755575615628914e-17
467.0,0.0515,3,3,209.82098140238654,0.14612109728433378,0.004942623715448724,1.3877787807814457e-16
467.0,0.052,3,1,11.484004066338583,0.09129030271695125,0.18995862059047344,1.3877787807814457e-17
467.0,0.052,3,2,35.89071605955166,0.12560195755623774,0.04288960676069184,-2.7755575615628914e-17
467.0,0.052,3,3,213.63429470597288,0.1462452661764406,0.0048269150301193,2.220446049250313e-16
467.0,0.0525,3,1,11.998924907576706,0.09321238604614729,0.17895314351411654,-2.7755575615628914e-17
467.0,0.0525,3,2,33.23277417846384,0.12406682785344313,0.047233310695473645,-1.3877787807814457e-17
467.0,0.0525,3,3,217.26617617863602,0.14636092704574813,0.004720367517074223,-1.1102230246251565e-16
467.0,0.053,3,1,12.61819109191112,0.09534173939875058,0.16714429797400884,0.0
467.0,0.053,3,2,30.608835353315214,0.12233192997526883,0.052394406385227604,-2.7755575615628914e-17
467.0,0.053,3,3,220.734775980509,0.14646914696145932,0.004621751472804092,5.551115123125783e-17
467.0,0.0535,3,1,13.400283291231222,0.09778380324572968,0.15409740465105418,0.0
467.0,0.0535,3,2,27.945831017104254,0.12029094511903177,0.058808583027158697,2.7755575615628914e-17
467.0,0.0535,3,3,224.05532126666344,0.1465708022191893,0.004530065730748323,7.216449660063518e-16
467.0,0.054,3,1,14.48350957591472,0.10078239292005166,0.13880231343051566,-6.938893903907228e-17
467.0,0.054,3,2,25.093131976538125,0.1176993269423899,0.06748682511943103,-6.938893903907228e-17
467.0,0.054,3,3,227.2407504099234,0.14666662186325152,0.004444484269791577,-2.220446049250313e-16
467.0,0.0545,3,1,16.45724979477774,0.10534805676316887,0.11704887655232812,-4.163336342344337e-17
467.0,0.0545,3,2,21.45083904932498,0.113545911765031,0.08263997792386381,-4.163336342344337e-17
467.0,0.0545,3,3,230.30217893319315,0.1467572193354936,0.0043643176181908045,-3.0531133177191805e-16
468.0,0.046,3,1,8.247335470766043,0.07461893502969348,0.2991924563010121,2.7755575615628914e-17
468.0,0.046,3,2,95.06948045689427,0.1395121571552275,0.013078986514580315,-2.7755575615628914e-17
468.0,0.046,3,3,138.3618188407004,0.14298322410842812,0.008321626677538394,-5.551115123125783e-17
468.0,0.0465,3,1,8.419130809026813,0.07577475540496509,0.29082228033648905,0.0
468.0,0.0465,3,2,83.43549768901451,0.13811284704374974,0.015299743226654968,0.0
468.0,0.0465,3,3,151.6737565473023,0.14372840357612857,0.007439940079999147,2.7755575615628914e-17
468.0,0.047,3,1,8.601258920699705,0.07695757652158755,0.2823795134113932,0.0
468.0,0.047,3,2,75.4255614854372,0.1369509737013837,0.017275935515613693,-5.551115123125783e-17
468.0,0.047,3,3,161.31652018726746,0.14420923769633703,0.006897223846702577,-5.551115123125783e-17
468.0,0.0475,3,1,8.79498259812215,0.07817015325346661,0.2738534496901643,5.551115123125783e-17
468.0,0.0475,3,2,69.06588407479266,0.13587494949385423,0.019213133466409935,1.3877787807814457e-16
468.0,0.0475,3,3,169.26363657603898,0.14457455603900138,0.006498628419186494,-2.7755575615628914e-17
468.0,0.048,3,1,9.001810574203649,0.07941573523406754,0.26523139587573913,1.3877787807814457e-17
468.0,0.048,3,2,63.70731947526147,0.13483389335659215,0.021185332907071208,2.7755575615628914e-17
468.0,0.048,3,3,176.16370606429095,0.14487198696776668,0.006182865297761921,5.551115123125783e-17
468.0,0.0485,3,1,9.223567200446256,0.0806982003873891,0.2564981275033658,-1.3877787807814457e-17
468.0,0.0485,3,2,59.037024103536005,0.1338015729680078,0.02323611154882002,2.7755575615628914e-17
468.0,0.0485,3,3,182.32867412675833,0.14512388192992423,0.005921594643501061,-1.1102230246251565e-16
468.0,0.049,3,1,9.462489134951365,0.0820222386447528,0.2476351393208302,2.7755575615628914e-17
468.0,0.049,3,2,54.8743598398381,0.13276075103022683,0.025399680107403472,-2.7755575615628914e-17
468.0,0.049,3,3,187.9378333761328,0.1453427854534131,0.005699123810305645,2.7755575615628914e-17
468.0,0.0495,3,1,9.721362878282036,0.08339361100757207,0.23861958602759012,1.3877787807814457e-17
468.0,0.0495,3,2,51.10271355512951,0.13169782514192244,0.02770857987056848,2.7755575615628914e-17
468.0,0.0495,3,3,193.10586816535826,0.1455365362060537,0.005505769069789553,3.0531133177191805e-16
468.0,0.05,3,1,10.003726169037408,0.08481952553154275,0.22942274174624072,2.7755575615628914e-17
468.0,0.05,3,2,47.64053007348419,0.1306003186595637,0.030197977707884485,2.7755575615628914e-17
468.0,0.05,3,3,197.9116218002993,0.14571040014523265,0.005335101159497588,0.0
468.0,0.0505,3,1,10.314173206759905,0.08630920197599845,0.22000768167549456,2.7755575615628914e-17
468.0,0.0505,3,2,44.426906339776934,0.12945528139473148,0.032909310596341855,0.0
468.0,0.0505,3,3,202.41219863127822,0.14586810516662319,0.005182619132009846,-2.220446049250313e-16
468.0,0.051,3,1,10.65883682255845,0.0878747555096973,0.2103256462501497,-1.3877787807814457e-17
468.0,0.051,3,2,41.413448875032714,0.12824784961329214,0.0358946294539187,0.0
468.0,0.051,3,3,206.65062582654284,0.1460123973948685,0.005045042387377011,-8.326672684688674e-17
468.0,0.0515,3,1,11.046190126383005,0.08953265192756986,0.2003100415550786,-1.3877787807814457e-17
468.0,0.0515,3,2,38.55898131207042,0.1269594680115806,0.039223006752566604,2.7755575615628914e-17
468.0,0.0515,3,3,210.6603455114727,0.14614536398653058,0.004919902670535072,-2.498001805406602e-16
468.0,0.052,3,1,11.488468381220674,0.09130626340858139,0.18986588062486773,-1.3877787807814457e-17
468.0,0.052,3,2,35.825330160784794,0.12556513525700855,0.04299134471226449,-2.7755575615628914e-17
468.0,0.052,3,3,214.46800837888216,0.1462686318277188,0.004805294600532173,-5.551115123125783e-17
468.0,0.0525,3,1,12.00441424094601,0.09323075286038839,0.17884956268611416,0.0
468.0,0.0525,3,2,33.172759738084956,0.12402839143582184,0.0473447560019724,-2.7755575615628914e-17
468.0,0.0525,3,3,218.09529470326206,0.14638349573798282,0.004699715748823509,-4.163336342344337e-16
468.0,0.053,3,1,12.625235274008512,0.09536356149316587,0.1670253646183691,4.163336342344337e-17
468.0,0.053,3,2,30.55278213619322,0.12229074450673381,0.05252017885981169,1.3877787807814457e-17
468.0,0.053,3,3,221.56014796736574,0.14649100443935245,0.00460196007841731,-1.942890293094024e-16
468.0,0.0535,3,1,13.409986310915713,0.09781118539572027,0.1539541189170988,1.3877787807814457e-17
468.0,0.0535,3,2,27.891912940070917,0.12024483419100353,0.05895777248378985,4.163336342344337e-17
468.0,0.0535,3,3,224.8776378563588,0.146592020086828,0.0045110446092735505,-2.220446049250313e-16
468.0,0.054,3,1,14.498968804909202,0.10082099632370439,0.13861061760243631,-1.3877787807814457e-17
468.0,0.054,3,2,25.037652484706598,0.11764256882029299,0.06768356500992664,1.3877787807814457e-17
468.0,0.054,3,3,228.06058064310494,0.1466872606291618,0.004426157549395064,0.0
468.0,0.0545,3,1,16.50054867167602,0.10543612682665643,0.11664747610217233,-2.7755575615628914e-17
468.0,0.0545,3,2,21.371212427876642,0.11344020935030641,0.08304562720547184,-5.551115123125783e-17
468.0,0.0545,3,3,231.1199957265409,0.1467773306651925,0.004346620735557926,-8.049116928532385e-16
469.0,0.046,3,1,8.248467637896892,0.07462536745250295,0.29914554563324175,-1.3877787807814457e-17
469.0,0.046,3,2,94.17247858548788,0.13941253649316862,0.013231333690845145,0.0
469.0,0.046,3,3,140.0062927364766,0.1430789678179871,0.008205580444551462,-5.551115123125783e-17
469.0,0.0465,3,1,8.420355380245933,0.07578153240539226,0.2907735530873061,1.3877787807814457e-17
469.0,0.0465,3,2,82.95923043856227,0.1380472638458999,0.015408096062310094,2.7755575615628914e-17
469.0,0.0465,3,3,152.8996625206865,0.14378976078010794,0.00736954245383513,1.6653345369377348e-16
469.0,0.047,3,1,8.602588347378148,0.07696473258111934,0.2823288131989746,-4.163336342344337e-17
469.0,0.047,3,2,75.09782475204707,0.13689760992384578,0.01736958242226096,2.7755575615628914e-17
469.0,0.047,3,3,162.39600516560805,0.1442579919095334,0.006843342632369628,-8.326672684688674e-17
469.0,0.0475,3,1,8.796431860642373,0.07817772890515166,0.2738005933747101,-1.3877787807814457e-17
469.0,0.0475,3,2,68.8177844704125,0.13582817073594503,0.019299685006875664,-5.551115123125783e-17
469.0,0.0475,3,3,170.26553556730593,0.14461630108316698,0.00645383603093308,-2.220446049250313e-16
469.0,0.048,3,1,9.003397904040925,0.07942377864695159,0.2651761666500552,1.3877787807814457e-17
469.0,0.048,3,2,63.50962963436557,0.1347912445705829,0.021268181861414683,2.7755575615628914e-17
469.0,0.048,3,3,177.1171860761751,0.1449091296773745,0.006143985602425496,-1.942890293094024e-16
469.0,0.0485,3,1,9.225315079150862,0.08070676952473893,0.25644026550276616,0.0
469.0,0.0485,3,2,58.87428549641767,0.13376170520032163,0.023317211545544506,2.7755575615628914e-17
469.0,0.0485,3,3,183.24913030482134,0.14515771325269083,0.005886933719336278,-3.3306690738754696e-16
469.0,0.049,3,1,9.464425708484342,0.08203140427154748,0.2475743285683686,2.7755575615628914e-17
469.0,0.049,3,2,54.73729063230661,0.13272280768532965,0.025480372574140153,0.0
469.0,0.049,3,3,188.8344796825992,0.1453740911788626,0.005667656051011248,1.3877787807814457e-16
469.0,0.0495,3,1,9.723524013747967,0.08340346099373402,0.2385554357988635,0.0
469.0,0.0495,3,2,50.985253433758295,0.1316611986728186,0.027789930204060422,2.7755575615628914e-17
469.0,0.0495,3,3,193.98469045222018,0.14556583597173955,0.005476819649663825,-1.6653345369377348e-16
469.0,0.05,3,1,10.006158541212546,0.08483017120365877,0.22935475912918915,2.7755575615628914e-17
469.0,0.05,3,2,47.53847446603668,0.13056453327197612,0.030280949677965328,0.0
469.0,0.05,3,3,198.77674045958855,0.1457380583807867,0.005308199069609065,-2.7755575615628914e-17
469.0,0.0505,3,1,10.316939107217642,0.08632078784738738,0.21993522963807682,1.3877787807814457e-17
469.0,0.0505,3,2,44.33719550726732,0.12941992548300443,0.03299488467242111,-2.7755575615628914e-17
469.0,0.0505,3,3,203.26657465310805,0.14589438892773732,0.005157420785983701,-1.3877787807814457e-16
469.0,0.051,3,1,10.66202200242496,0.08788747487422416,0.2102478766054041,2.7755575615628914e-17
469.0,0.051,3,2,41.33376193860821,0.1282125273571206,0.03598391305986904,0.0
469.0,0.051,3,3,207.4964588906056,0.14603750917270555,0.005021288401396863,1.6653345369377348e-16
469.0,0.0515,3,1,11.049917332213518,0.08954677329497847,0.2002257816100796,0.0
469.0,0.0515,3,2,38.48748326698142,0.12692375308457068,0.03931737370453462,2.7755575615628914e-17
469.0,0.0515,3,3,211.4993134001191,0.14616946156378677,0.004897391776530128,-1.942890293094024e-16
469.0,0.052,3,1,11.492922473731916,0.09132217866136118,0.18977342723002275,1.3877787807814457e-17
469.0,0.052,3,2,35.76049520560461,0.1255285100224832,0.04309265774212036,-2.7755575615628914e-17
469.0,0.052,3,3,215.30141849379174,0.1462918409259092,0.004783867073381513,7.494005416219807e-16
469.0,0.0525,3,1,12.009893528363401,0.09324907379661256,0.17874627046364175,1.3877787807814457e-17
469.0,0.0525,3,2,33.113219967807446,0.12399014200677248,0.047455789504385504,1.3877787807814457e-17
469.0,0.0525,3,3,218.92418400521626,0.14640591841461012,0.004679242430759177,-1.6653345369377348e-16
469.0,0.053,3,1,12.632271648931898,0.09538534127511511,0.1669067040775655,2.7755575615628914e-17
469.0,0.053,3,2,30.49713915623296,0.12224973352666103,0.05264556830060526,1.3877787807814457e-17
469.0,0.053,3,3,222.38535119312667,0.14651272485840344,0.004582334855359818,-2.220446049250313e-16
469.0,0.0535,3,1,13.419691278264157,0.09783854291749085,0.15381102861548196,0.0
469.0,0.0535,3,2,27.83834388170623,0.12019887238411463,0.0591066675482016,-1.3877787807814457e-17
469.0,0.0535,3,3,225.69983544445185,0.14661310860093033,0.004492179101383671,1.3877787807814457e-16
469.0,0.054,3,1,14.514480314172346,0.10085966606263518,0.13841872517414985,0.0
469.0,0.054,3,2,24.982428633937293,0.11758586217976234,0.06788041241527301,0.0
469.0,0.054,3,3,228.88033324323817,0.14670777673985935,0.004407977269967297,5.551115123125783e-17
469.0,0.0545,3,1,16.544979103734292,0.10552611551585872,0.11623804320037348,0.0
469.0,0.0545,3,2,21.290725827632485,0.11333270027247562,0.08345922859790574,1.3877787807814457e-17
469.0,0.0545,3,3,231.93776958239843,0.14679732521618072,0.004329062251834679,-5.551115123125783e-17
470.0,0.046,3,1,8.24959559258356,0.07463177493035766,0.29909882054168613,0.0
470.0,0.046,3,2,93.33615590459571,0.13931820445725074,0.013376406268068108,-5.551115123125783e-17
470.0,0.046,3,3,141.59035171929338,0.1431694426721508,0.008096669135917098,-8.326672684688674e-17
470.0,0.0465,3,1,8.42157544461593,0.07578828331117149,0.2907250175199307,2.7755575615628914e-17
470.0,0.0465,3,2,82.49904399947278,0.13798328767044943,0.01551416225405741,0.0
470.0,0.0465,3,3,154.10975008207996,0.1438495319036418,0.0073012863792684835,5.551115123125783e-17
470.0,0.047,3,1,8.60391294185178,0.07697186131001221,0.2822783111482239,0.0
470.0,0.047,3,2,74.77790565621851,0.13684513706696913,0.017461912696519387,-2.7755575615628914e-17
470.0,0.047,3,3,163.4679330987029,0.14430587740158918,0.006790627166918002,8.326672684688674e-17
470.0,0.0475,3,1,8.797875930462256,0.0781852758943803,0.2737479421134364,-1.3877787807814457e-17
470.0,0.0475,3,2,68.57440066481541,0.13578200207789065,0.019385298443807777,0.0
470.0,0.0475,3,3,171.26297761923362,0.14465745958044848,0.0064098246595410205,5.551115123125783e-17
470.0,0.048,3,1,9.004979640838934,0.07943179195932559,0.2651211498248299,2.7755575615628914e-17
470.0,0.048,3,2,63.31512179608544,0.13474906134693113,0.02135028546451997,0.0
470.0,0.048,3,3,178.0677412898208,0.1449458318373356,0.006105687515398256,-2.7755575615628914e-17
470.0,0.0485,3,1,9.227056919510753,0.08071530700631795,0.25638262374469545,1.3877787807814457e-17
470.0,0.0485,3,2,58.713847101091204,0.1337222168296269,0.023397679036641535,2.7755575615628914e-17
470.0,0.0485,3,3,184.16754190228858,0.14519119176817405,0.005852734406485982,-2.498001805406602e-16
470.0,0.049,3,1,9.466355748163283,0.08204053655938066,0.24751374643509236,1.3877787807814457e-17
470.0,0.049,3,2,54.60196380287815,0.13268518745806027,0.025560504223680947,-2.7755575615628914e-17
470.0,0.049,3,3,189.72963775509484,0.14540510208136673,0.005636570529283652,5.551115123125783e-17
470.0,0.0495,3,1,9.725678065060539,0.08341327582117226,0.2384915231272339,-1.3877787807814457e-17
470.0,0.0495,3,2,50.86915863608998,0.1316248562423557,0.02787076752565019,-5.551115123125783e-17
470.0,0.0495,3,3,194.8624001621844,0.14559488183505648,0.005448196415887724,-3.885780586188048e-16
470.0,0.05,3,1,10.008583221994593,0.08484077975817257,0.2292870235640792,1.3877787807814457e-17
470.0,0.05,3,2,47.43751663921046,0.13052900360034728,0.030363441358597153,2.7755575615628914e-17
470.0,0.05,3,3,199.64101277868696,0.14576549301740063,0.005281581641397879,5.551115123125783e-17
470.0,0.0505,3,1,10.319696656491224,0.08633233451556423,0.21986303462851564,0.0
470.0,0.0505,3,2,44.2483854374013,0.1293848041120181,0.03308000108669935,-2.7755575615628914e-17
470.0,0.0505,3,3,204.1203001320146,0.14592047237264538,0.0051324751913269274,5.551115123125783e-17
470.0,0.051,3,1,10.66519813933654,0.08790015287054047,0.2101703742076807,0.0
470.0,0.051,3,2,41.254826357574245,0.12817742341270025,0.036072754719274305,0.0
470.0,0.051,3,3,208.3417896625127,0.1460624390502657,0.004997761926241819,0.0
470.0,0.0515,3,1,11.053634831882022,0.08956085118001256,0.20014179876128294,-4.163336342344337e-17
470.0,0.0515,3,2,38.41662050436167,0.1268882436927105,0.03941130999181512,-2.7755575615628914e-17
470.0,0.0515,3,3,212.33789391589195,0.14619339215350508,0.004875087956801785,1.942890293094024e-16
470.0,0.052,3,1,11.497366389365341,0.09133804870580335,0.18968125887450824,0.0
470.0,0.052,3,2,35.696203397997834,0.12549207975875548,0.04319354972795146,5.551115123125783e-17
470.0,0.052,3,3,216.1345320551899,0.14631489534888006,0.0047626297518110925,2.7755575615628914e-16
470.0,0.0525,3,1,12.015362817518831,0.09326734909315985,0.17864326527939436,1.3877787807814457e-17
470.0,0.0525,3,2,33.05414846991602,0.12395207766992443,0.04756641481003416,2.7755575615628914e-17
470.0,0.0525,3,3,219.75284969380627,0.14642819674798405,0.0046589451678119495,-2.7755575615628914e-17
470.0,0.053,3,1,12.639300275086432,0.09540707900716351,0.16678831467610447,1.3877787807814457e-17
470.0,0.053,3,2,30.4419010873742,0.12220889528023175,0.052770578174213933,4.163336342344337e-17
470.0,0.053,3,3,223.21039018995654,0.14653430972503834,0.004562873653002847,1.942890293094024e-16
470.0,0.0535,3,1,13.429398327586734,0.09786587621938238,0.15366813143224173,-4.163336342344337e-17
470.0,0.0535,3,2,27.78511929097035,0.1201530579338369,0.05925527211974145,-5.551115123125783e-17
470.0,0.0535,3,3,226.5219177173226,0.1466340691317046,0.004473467257712322,-4.440892098500626e-16
470.0,0.054,3,1,14.530045067405903,0.10089840404212586,0.13822662738487806,-4.163336342344337e-17
470.0,0.054,3,2,24.927455722777967,0.11752920387263265,0.06807737750908441,-4.163336342344337e-17
470.0,0.054,3,3,229.70001122278947,0.14672817145209804,0.004389941650222377,-4.996003610813204e-16
470.0,0.0545,3,1,16.590628776842117,0.10561817223632562,0.11581994593798052,1.3877787807814457e-17
470.0,0.0545,3,2,21.209288373829487,0.1132232339786522,0.08388141527635756,0.0
470.0,0.0545,3,3,232.75550296933721,0.14681720414951485,0.00431164052785684,2.7755575615628914e-17
471.0,0.046,3,1,8.250719358460957,0.07463815760897362,0.2990522799212458,0.0
471.0,0.046,3,2,92.5518127378529,0.13922843228978796,0.013515200808131338,-2.7755575615628914e-17
471.0,0.046,3,3,143.1226946289039,0.14325537729914053,0.007993896999978652,-5.551115123125783e-17
471.0,0.0465,3,1,8.422791027183298,0.07579500827382651,0.2906766724981437,0.0
471.0,0.0465,3,2,82.0538440245851,0.13792081821054616,0.015618081526214899,-1.1102230246251565e-16
471.0,0.0465,3,3,155.30511274711094,0.14390781711815795,0.007235032968954737,-1.1102230246251565e-16
471.0,0.047,3,1,8.605232730688366,0.07697896286590611,0.2822280060905667,-2.7755575615628914e-17
471.0,0.047,3,2,74.46544509226611,0.13679351901257686,0.01755297767472245,0.0
471.0,0.047,3,3,164.53266226555468,0.14435293014898856,0.006739026978968872,2.220446049250313e-16
471.0,0.0475,3,1,8.799314835786804,0.07819279438522833,0.2736954947041554,1.3877787807814457e-17
471.0,0.0475,3,2,68.33556598846982,0.13573642508420955,0.01947000056444519,0.0
471.0,0.0475,3,3,172.25612857929337,0.1446980498180475,0.006366568411957779,-5.551115123125783e-17
471.0,0.048,3,1,9.006555814559627,0.07943977534202479,0.2650663441630244,0.0
471.0,0.048,3,2,63.12370329702692,0.13470733239455684,0.02143166051885587,-8.326672684688674e-17
471.0,0.048,3,3,179.01546355095678,0.14498210458353886,0.006067955158865247,-2.220446049250313e-16
471.0,0.0485,3,1,9.228792753364322,0.08072381301003796,0.25632520095609457,1.3877787807814457e-17
471.0,0.0485,3,2,58.555651360371925,0.1336831001202196,0.023477525830887105,-2.7755575615628914e-17
471.0,0.0485,3,3,185.08396566284836,0.14522432504965885,0.005818985852458194,-5.551115123125783e-17
471.0,0.049,3,1,9.468279287814497,0.08204963569353234,0.24745339161091945,-1.3877787807814457e-17
471.0,0.049,3,2,54.46834081905461,0.13264788463113855,0.02564008402089815,-5.551115123125783e-17
471.0,0.049,3,3,190.62334531657405,0.1454358237082668,0.0056058592691662365,-1.1102230246251565e-16
471.0,0.0495,3,1,9.72782506812505,0.08342305568277247,0.2384278466648901,-1.3877787807814457e-17
471.0,0.0495,3,2,50.75440193558859,0.1315887933880523,0.02795109903014404,0.0
471.0,0.0495,3,3,195.73902371600443,0.1456236780807903,0.005419893195902026,1.3877787807814457e-16
471.0,0.05,3,1,10.011000249417584,0.08485135139571233,0.22921953366518075,0.0
471.0,0.05,3,2,47.33763655626368,0.13049372601575163,0.03044545876961431,0.0
471.0,0.05,3,3,200.5044579921634,0.14579270749841103,0.005255243910795155,-6.106226635438361e-16
471.0,0.0505,3,1,10.322445894720364,0.08634384218886869,0.21979109522378584,-5.551115123125783e-17
471.0,0.0505,3,2,44.16046090909359,0.1293499142353056,0.033164665039834326,-2.7755575615628914e-17
471.0,0.0505,3,3,204.97338949045022,0.14594635835436276,0.005107778236037876,1.3877787807814457e-16
471.0,0.051,3,1,10.668365275400939,0.08791278971441419,0.2100931375984655,-2.7755575615628914e-17
471.0,0.051,3,2,41.17663027138203,0.12814253515722834,0.03616115903856587,0.0
471.0,0.051,3,3,209.18662920776384,0.14608718944932123,0.004974459475214721,2.7755575615628914e-17
471.0,0.0515,3,1,11.05734266918489,0.08957488580528448,0.2000580915178546,-2.7755575615628914e-17
471.0,0.0515,3,2,38.346383588098796,0.12685293753170782,0.0395048197747865,-2.7755575615628914e-17
471.0,0.0515,3,3,213.1760957036239,0.14621715785195255,0.004852988198612812,1.6653345369377348e-16
471.0,0.052,3,1,11.501800173320614,0.09135387377077119,0.18958937403831716,-1.3877787807814457e-17
471.0,0.052,3,2,35.632447099683745,0.12545584240753846,0.04329402448596379,-8.326672684688674e-17
471.0,0.052,3,3,216.9673559140495,0.14633779694049204,0.004741579992012747,2.7755575615628914e-17
471.0,0.0525,3,1,12.02082215580603,0.09328557898669293,0.17854054557762314,0.0
471.0,0.0525,3,2,32.9955389693857,0.1239141965592347,0.04767663547280991,-9.71445146547012e-17
471.0,0.0525,3,3,220.58129725983676,0.14645033238177171,0.0046388216098097795,5.551115123125783e-17
471.0,0.053,3,1,12.646321210628827,0.09542877495026793,0.16667019474975003,-1.3877787807814457e-17
471.0,0.053,3,2,30.38706270061511,0.12216822803881411,0.05289521190043158,0.0
471.0,0.053,3,3,224.03526939707277,0.1465557605210686,0.0045435743593374425,8.326672684688674e-17
471.0,0.0535,3,1,13.43910759375596,0.09789318570961338,0.15352542505818245,-1.3877787807814457e-17
471.0,0.0535,3,2,27.732234693981713,0.12010738909716075,0.05940359006240798,2.7755575615628914e-17
471.0,0.0535,3,3,227.3438882874727,0.14665490302792897,0.004454907162575557,-2.498001805406602e-16
471.0,0.054,3,1,14.545664048905948,0.10093721220311792,0.13803431532465574,-2.7755575615628914e-17
471.0,0.054,3,2,24.872729092386805,0.11747259073393983,0.06827447058757148,-4.163336342344337e-17
471.0,0.054,3,3,230.51961753483414,0.14674844600373801,0.004372048938601995,2.498001805406602e-16
471.0,0.0545,3,1,16.63759684234582,0.10571246580483883,0.11539247046522212,4.163336342344337e-17
471.0,0.0545,3,2,21.1267977782291,0.1131116405215259,0.08431290233350652,5.551115123125783e-17
471.0,0.0545,3,3,233.57319830773602,0.14683696860941156,0.00429435395096912,1.942890293094024e-16
472.0,0.046,3,1,8.251838958986307,0.07464451563292773,0.29900592267562126,-1.3877787807814457e-17
472.0,0.046,3,2,91.81261873437951,0.13914264636246404,0.013648501672093596,1.3877787807814457e-16
472.0,0.046,3,3,144.61015098400168,0.14333734519889205,0.007896480479612321,1.1102230246251565e-16
472.0,0.0465,3,1,8.424002152807793,0.07580170744370253,0.29062851689474,-4.163336342344337e-17
472.0,0.0465,3,2,81.62265065454001,0.13785976540207115,0.015719979341166392,2.7755575615628914e-17
472.0,0.0465,3,3,156.48672954800597,0.14396470635347605,0.00717065759101642,2.7755575615628914e-17
472.0,0.047,3,1,8.606547740259494,0.0769860374052219,0.2821778968666582,1.3877787807814457e-17
472.0,0.047,3,2,74.16010921789477,0.13674272208301433,0.017642825234331066,2.7755575615628914e-17
472.0,0.047,3,3,165.59052568615525,0.1443991836888611,0.006688495049366649,2.498001805406602e-16
472.0,0.0475,3,1,8.800748604614741,0.07820028454051005,0.27364324995413475,1.3877787807814457e-17
472.0,0.0475,3,2,68.10112271593445,0.1356914222539893,0.019553816807624625,5.551115123125783e-17
472.0,0.0475,3,3,173.24514535522758,0.14473808914980743,0.006324042736698662,5.551115123125783e-17
472.0,0.048,3,1,9.008126454948371,0.07944772896457984,0.2650117484372786,-1.3877787807814457e-17
472.0,0.048,3,2,62.9352855326319,0.13466604688191905,0.02151232315169012,0.0
472.0,0.048,3,3,179.96044065081503,0.1450179585935896,0.00603077332318984,1.1102230246251565e-16
472.0,0.0485,3,1,9.230522612322602,0.08073228771246178,0.2562679958738131,0.0
472.0,0.0485,3,2,58.39964286373057,0.1336443476001956,0.02355676334215097,-5.551115123125783e-17
472.0,0.0485,3,3,185.99845618784985,0.14525712040793132,0.005785677592454306,5.551115123125783e-17
472.0,0.049,3,1,9.470196361026169,0.08205870185788923,0.24739326279590104,1.3877787807814457e-17
472.0,0.049,3,2,54.33638440780939,0.13261089365555215,0.025719120673878507,0.0
472.0,0.049,3,3,191.51563883481742,0.14546626143998337,0.005575514544085096,1.1102230246251565e-16
472.0,0.0495,3,1,9.729965058597834,0.0834328007699824,0.23836440507437928,1.3877787807814457e-17
472.0,0.0495,3,2,50.640956902105124,0.13155300576327664,0.028030931732020523,2.7755575615628914e-17
472.0,0.0495,3,3,196.61458674232267,0.14565222887927007,0.005391903989885794,7.216449660063518e-16
472.0,0.05,3,1,10.013409661256194,0.08486188631542464,0.2291522880573383,1.3877787807814457e-17
472.0,0.05,3,2,47.23881471327392,0.1304586969737722,0.030527007796607827,-2.7755575615628914e-17
472.0,0.05,3,3,201.36709480603136,0.14581970518408346,0.005229181040206386,-8.326672684688674e-17
472.0,0.0505,3,1,10.325186861775803,0.08635531107411709,0.2197194100116423,0.0
472.0,0.0505,3,2,44.073407073786626,0.12931525287089873,0.033248881627881095,0.0
472.0,0.0505,3,3,205.82585678258013,0.14597204966288715,0.005083325904779121,1.1102230246251565e-16
472.0,0.051,3,1,10.671523452448206,0.08792538562004966,0.21001616533022158,-2.7755575615628914e-17
472.0,0.051,3,2,41.0991620892834,0.12810786001894633,0.03624913053963893,-2.7755575615628914e-17
472.0,0.051,3,3,210.03098832627848,0.1461117627421228,0.004951377638060044,5.551115123125783e-17
472.0,0.0515,3,1,11.061040887633549,0.08958887739180625,0.19997465840011466,1.3877787807814457e-17
472.0,0.0515,3,2,38.276763283188835,0.12681783233887947,0.03959790714345279,2.7755575615628914e-17
472.0,0.0515,3,3,214.0139272112416,0.14624076071534722,0.004831089551367046,2.220446049250313e-16
472.0,0.052,3,1,11.506223870506412,0.09136965408349355,0.1894977712127587,1.3877787807814457e-17
472.0,0.052,3,2,35.56921882591761,0.12541979594530664,0.04339408577232831,0.0
472.0,0.052,3,3,217.79989677198327,0.1463605475114398,0.004720715201854868,2.220446049250313e-16
472.0,0.0525,3,1,12.026271590324935,0.09330376371221229,0.17843810981402697,-1.3877787807814457e-17
472.0,0.0525,3,2,32.93738531079501,0.1238764968383021,0.04778645499435507,-6.938893903907228e-17
472.0,0.0525,3,3,221.40953207866448,0.14647232693162307,0.004618869450377264,5.828670879282072e-16
472.0,0.053,3,1,12.653334513470751,0.09545042936379465,0.16655234264540186,1.3877787807814457e-17
472.0,0.053,3,2,30.33261886168973,0.12212773009940091,0.053019472853227105,-2.7755575615628914e-17
472.0,0.053,3,3,224.8599931630379,0.14657707870423628,0.004524434900072004,-1.6653345369377348e-16
472.0,0.0535,3,1,13.448819212221093,0.09792047179631759,0.15338290718866784,-1.3877787807814457e-17
472.0,0.0535,3,2,27.6796856922253,0.12006186415210478,0.05955162520578128,2.7755575615628914e-17
472.0,0.0535,3,3,228.16575069526704,0.14667561161740364,0.004436496933217967,2.7755575615628914e-16
472.0,0.054,3,1,14.561338264228764,0.10097609252340918,0.13784177992914043,-1.3877787807814457e-17
472.0,0.054,3,2,24.818244124481165,0.1174160195803421,0.06847170207534223,1.3877787807814457e-17
472.0,0.054,3,3,231.339155074406,0.14676860161412744,0.004354297412635477,-2.7755575615628914e-16
472.0,0.0545,3,1,16.68599611621655,0.10580918816302692,0.1149548053221413,0.0
472.0,0.0545,3,2,21.043138138854236,0.11299772684542082,0.08475450244940406,2.7755575615628914e-17
472.0,0.0545,3,3,234.3908579708455,0.1468566197235745,0.004277200934474329,9.159339953157541e-16
473.0,0.0455,3,1,8.09001661085899,0.07351810611360733,0.3072748054242566,1.3877787807814457e-17
473.0,0.0455,3,2,112.06609775860478,0.141116963705921,0.01074636720744101,-2.7755575615628914e-17
473.0,0.0455,3,3,123.37104236202875,0.1419903998552839,0.009573013667506467,-2.7755575615628914e-17
473.0,0.046,3,1,8.25295441744081,0.07465084914566902,0.29895974771722594,-2.7755575615628914e-17
473.0,0.046,3,2,91.11309604414842,0.13906038545183386,0.013776939476256652,2.7755575615628914e-17
473.0,0.046,3,3,146.05819780681747,0.1434158074675433,0.0078037897562219126,2.7755575615628914e-17
473.0,0.0465,3,1,8.42520884616421,0.07580838096997783,0.2905805495914379,4.163336342344337e-17
473.0,0.0465,3,2,81.20458253832452,0.1378000480079313,0.015819968871739646,2.7755575615628914e-17
473.0,0.0465,3,3,157.65548101301414,0.14402028071350384,0.007108047896726886,2.7755575615628914e-17
473.0,0.047,3,1,8.607857996742194,0.07699308508317247,0.2821279823262978,0.0
473.0,0.047,3,2,73.86158706363699,0.13669271481397693,0.017731500116158552,5.551115123125783e-17
473.0,0.047,3,3,166.64183351201464,0.14444466934614167,0.006638987489018703,-5.551115123125783e-17
473.0,0.0475,3,1,8.80217726474045,0.07820774652179033,0.2735912066800036,0.0
473.0,0.0475,3,2,67.8709214193666,0.13564697695492386,0.01963677135901985,-2.7755575615628914e-17
473.0,0.0475,3,3,174.23017656150046,0.14477759406216353,0.0062822243286731975,-1.1102230246251565e-16
473.0,0.048,3,1,9.009691591535821,0.07945565299522898,0.2649573614298194,-4.163336342344337e-17
473.0,0.048,3,2,62.74978371799767,0.13462519441078416,0.021592288853637263,-2.7755575615628914e-17
473.0,0.048,3,3,180.90275656527237,0.1450534041130286,0.005994127428432553,-1.3877787807814457e-16
473.0,0.0485,3,1,9.232246527771395,0.08074073128881647,0.25621100724451035,5.551115123125783e-17
473.0,0.0485,3,2,58.24576823983578,0.1336059520487669,0.02363540260836514,0.0
473.0,0.0485,3,3,186.91106604372783,0.14528958490394908,0.005752799530469379,-1.6653345369377348e-16
473.0,0.049,3,1,9.472107001150366,0.08206773523495765,0.2473333587001255,2.7755575615628914e-17
473.0,0.049,3,2,54.20605850049419,0.13257420914354898,0.025797622644587976,-8.326672684688674e-17
473.0,0.049,3,3,192.4065535774893,0.14549642049701017,0.005545528866254481,-6.938893903907228e-16
473.0,0.0495,3,1,9.732098071888382,0.08344251127282522,0.23830119702850844,1.3877787807814457e-17
473.0,0.0495,3,2,50.528797870800275,0.13151748913298136,0.028110272472036523,2.7755575615628914e-17
473.0,0.0495,3,3,197.4891141087174,0.14568053829061922,0.005364222964222006,2.7755575615628914e-16
473.0,0.05,3,1,10.01581149502792,0.08487238471498826,0.22908528537587095,2.7755575615628914e-17
473.0,0.05,3,2,47.14103212029628,0.13042391301170697,0.030608094195328898,2.7755575615628914e-17
473.0,0.05,3,3,202.22894141654837,0.1458464893543923,0.005203388314180316,0.0
473.0,0.0505,3,1,10.327919597261381,0.08636674137661571,0.21964797759052196,0.0
473.0,0.0505,3,2,43.987209443364605,0.1292808170993894,0.03333265584540175,-2.7755575615628914e-17
473.0,0.0505,3,3,206.67771570633641,0.14599754902712322,0.005059114275840768,-2.498001805406602e-16
473.0,0.051,3,1,10.674672712033162,0.08793794080010255,0.2099394559662809,1.3877787807814457e-17
473.0,0.051,3,2,41.022410482218056,0.1280733954757293,0.03633667366215507,-2.7755575615628914e-17
473.0,0.051,3,3,210.87487756047685,0.14613616125279466,0.0049285130787372336,-8.326672684688674e-17
473.0,0.0515,3,1,11.06472953045697,0.08960282615900449,0.19989149793942892,1.3877787807814457e-17
473.0,0.0515,3,2,38.20775055008798,0.1267829258920872,0.0396905761192117,-2.7755575615628914e-17
473.0,0.0515,3,3,214.85139669537978,0.14626420276090799,0.004809389124916091,5.551115123125783e-17
473.0,0.052,3,1,11.51063752554285,0.09138538986957971,0.18940644890035052,1.3877787807814457e-17
473.0,0.052,3,2,35.50651124143538,0.12538393838246645,0.04349373728458225,-2.7755575615628914e-17
473.0,0.052,3,3,218.63216118527166,0.14638314884006715,0.004700032839555124,3.0531133177191805e-16
473.0,0.0525,3,1,12.031711167884284,0.09332190350307172,0.17833595645564165,0.0
473.0,0.0525,3,2,32.87968145533686,0.12383897669970235,0.04789587682520577,1.3877787807814457e-17
473.0,0.0525,3,3,222.2375594131533,0.14649418198582068,0.004599086425868745,5.551115123125783e-17
473.0,0.053,3,1,12.66034024128137,0.09547204250553454,0.16643475672098743,0.0
473.0,0.053,3,2,30.278564528815174,0.12208739978406358,0.05314336436170183,0.0
473.0,0.053,3,3,225.68456574798083,0.14659826570874337,0.004505453237756018,-1.6653345369377348e-16
473.0,0.0535,3,1,13.458533319023418,0.09794773488758372,0.1532405755234043,1.3877787807814457e-17
473.0,0.0535,3,2,27.627467960809344,0.1200164813972357,0.0596993813459385,2.7755575615628914e-17
473.0,0.0535,3,3,228.9875084106355,0.1466961962073908,0.004418234719079678,3.608224830031759e-16
473.0,0.054,3,1,14.577068740884812,0.10101504701890063,0.13764901197420532,-2.7755575615628914e-17
473.0,0.054,3,2,24.763996239295512,0.11735948720850141,0.06866908253139604,-1.3877787807814457e-17
473.0,0.054,3,3,232.15862667982864,0.14678863948447443,0.004336685378316839,-5.828670879282072e-16
473.0,0.0545,3,1,16.735955850347924,0.10590855905556652,0.11450602170044545,2.7755575615628914e-17
473.0,0.0545,3,2,20.958177167624005,0.11288127210777536,0.08520714563012396,1.3877787807814457e-17
473.0,0.0545,3,3,235.20848428582482,0.14687615860351314,0.004260179917096649,-8.326672684688674e-17
474.0,0.0455,3,1,8.091047323787139,0.0735241056012736,0.3072304649116716,1.3877787807814457e-17
474.0,0.0455,3,2,108.7179235782523,0.14082934732218275,0.011147585956407339,-1.6653345369377348e-16
474.0,0.0455,3,3,127.46578805482085,0.1422745508211874,0.009205911044875344,-1.6653345369377348e-16
474.0,0.046,3,1,8.25406575693135,0.07465715828952973,0.2989137539670974,2.7755575615628914e-17
474.0,0.046,3,2,90.44877272620876,0.13898127205773042,0.013901030332168503,-5.551115123125783e-17
474.0,0.046,3,3,147.47130621486758,0.1434911414790157,0.00771530950979668,-8.326672684688674e-17
474.0,0.0465,3,1,8.426411131743961,0.07581502900067442,0.2905327694787953,1.3877787807814457e-17
474.0,0.0465,3,2,80.79884360535492,0.13774159244485185,0.015918152635608904,-1.1102230246251565e-16
474.0,0.0465,3,3,158.81216239428977,0.14407461364943236,0.007047102186170666,-3.3306690738754696e-16
474.0,0.047,3,1,8.609163526120904,0.07700010605377508,0.28207826132833463,2.7755575615628914e-17
474.0,0.047,3,2,73.56958842434952,0.13664346775391142,0.017819044208878344,5.551115123125783e-17
474.0,0.047,3,3,167.68687513463522,0.1444894164341575,0.0065904632544508904,1.6653345369377348e-16
474.0,0.0475,3,1,8.803600843755847,0.07821518048939687,0.27353936370766024,4.163336342344337e-17
474.0,0.0475,3,2,67.64482038054949,0.13560307336324845,0.019718887237857977,0.0
474.0,0.0475,3,3,175.21136310724677,0.14481658023419655,0.006241091042533883,8.326672684688674e-17
474.0,0.048,3,1,9.011251253639957,0.0794635476009307,0.2649031819323646,1.3877787807814457e-17
474.0,0.048,3,2,62.56711666637592,0.134584764991901,0.02167157251440086,-2.7755575615628914e-17
474.0,0.048,3,3,181.84249167632694,0.14508845097964454,0.005958003488675817,-2.7755575615628914e-17
474.0,0.0485,3,1,9.233964530873125,0.08074914391300532,0.256154233824564,1.3877787807814457e-17
474.0,0.0485,3,2,58.09397605584958,0.1335679064843591,0.02371345430932256,-5.551115123125783e-17
474.0,0.0485,3,3,187.82184586267877,0.1453217253607316,0.0057203419215605365,-1.1102230246251565e-16
474.0,0.049,3,1,9.474011241305211,0.0820767360058768,0.24727367804361966,1.3877787807814457e-17
474.0,0.049,3,2,54.07732818076895,0.13253782586200463,0.025875598158965486,2.7755575615628914e-17
474.0,0.049,3,3,193.2961236641857,0.1455263059465335,0.005515894976652716,-1.3877787807814457e-16
474.0,0.0495,3,1,9.734224143161681,0.08345218737991354,0.23823822121024016,2.7755575615628914e-17
474.0,0.0495,3,2,50.41789991258766,0.13148223936964085,0.02818912792351906,-2.7755575615628914e-17
474.0,0.0495,3,3,198.36262995123354,0.14570861026880508,0.005336844445276219,2.498001805406602e-16
474.0,0.05,3,1,10.018205787995358,0.08488284679062784,0.22901852426647057,1.3877787807814457e-17
474.0,0.05,3,2,47.04427028335592,0.13038937074589424,0.030688723595904147,-2.7755575615628914e-17
474.0,0.05,3,3,203.09001552820226,0.14587306321168167,0.005177861135265098,-5.551115123125783e-17
474.0,0.0505,3,1,10.330644140516574,0.08637813330017574,0.219576796569436,4.163336342344337e-17
474.0,0.0505,3,2,43.9018538785559,0.12924660406206534,0.033415992588455824,2.7755575615628914e-17
474.0,0.0505,3,3,207.52897961498678,0.14602285911673224,0.00503513951822404,-5.551115123125783e-17
474.0,0.051,3,1,10.677813095437694,0.08795045546569384,0.20986300808074237,-1.3877787807814457e-17
474.0,0.051,3,2,40.94636437500691,0.12803913905372713,0.03642379276576068,2.7755575615628914e-17
474.0,0.051,3,3,211.71830720305772,0.14616038725867916,0.0049058625332756515,-5.551115123125783e-17
474.0,0.0515,3,1,11.068408640604208,0.08961673232473553,0.19980860867810127,2.7755575615628914e-17
474.0,0.0515,3,2,38.13933653926005,0.1267482160087071,0.039782830656567236,0.0
474.0,0.0515,3,3,215.68851222680365,0.14628748596786936,0.004787884087923826,-1.942890293094024e-16
474.0,0.052,3,1,11.515041182764042,0.09140108135303465,0.18931540561471033,2.7755575615628914e-17
474.0,0.052,3,2,35.44431715652904,0.12534826776255079,0.043592982662992226,-2.7755575615628914e-17
474.0,0.052,3,3,219.46415556875613,0.1464056026731567,0.004679530412395875,1.1102230246251565e-16
474.0,0.0525,3,1,12.037140935004015,0.09333999859099341,0.17823408398073315,4.163336342344337e-17
474.0,0.0525,3,2,32.82242147792168,0.1238016343643422,0.048004904365903565,2.7755575615628914e-17
474.0,0.0525,3,3,223.06538441654723,0.14651589910591,0.004579470314333765,-1.6653345369377348e-16
474.0,0.053,3,1,12.667338451490485,0.09549361463172007,0.16631743534534596,-4.163336342344337e-17
474.0,0.053,3,2,30.224894750505513,0.12204723543942153,0.05326688971102029,-2.7755575615628914e-17
474.0,0.053,3,3,226.50899132575114,0.14661932294576685,0.0044866273709291155,-1.3877787807814457e-16
474.0,0.0535,3,1,13.468250050811152,0.09797497539149365,0.153098427766232,-4.163336342344337e-17
474.0,0.0535,3,2,27.57557724677235,0.11997123915120163,0.059846862246344425,-5.551115123125783e-17
474.0,0.0535,3,3,229.80916483472453,0.1467166580850432,0.004400118701083597,-1.3877787807814457e-16
474.0,0.054,3,1,14.592856529060873,0.10105407774489299,0.13745600207031944,2.7755575615628914e-17
474.0,0.054,3,2,24.70998089354714,0.11730299039342383,0.06886662265531836,0.0
474.0,0.054,3,3,232.97803513399265,0.14680856079820934,0.00431921116949836,8.326672684688674e-17
474.0,0.0545,3,1,16.787625268828485,0.10601083199775428,0.11404504826685272,0.0
474.0,0.0545,3,2,20.871762653041365,0.11276202171125821,0.08567190438490996,-1.3877787807814457e-17
474.0,0.0545,3,3,236.02607953476345,0.14689558634485383,0.00424328936245858,3.608224830031759e-16
475.0,0.0455,3,1,8.092074201352982,0.07353008190605308,0.307186298918164,1.3877787807814457e-17
475.0,0.0455,3,2,106.46135718350534,0.14062698096321177,0.011434289665138462,2.7755575615628914e-17
475.0,0.0455,3,3,130.46918802097724,0.14247346983100548,0.00895319272959211,2.7755575615628914e-17
475.0,0.046,3,1,8.255173000391986,0.07466344320573566,0.298867940354817,-1.3877787807814457e-17
475.0,0.046,3,2,89.81594251906289,0.1389049925028228,0.014021203071224873,2.7755575615628914e-17
475.0,0.046,3,3,148.85318165054304,0.143563660785446,0.007630611694369047,2.7755575615628914e-17
475.0,0.0465,3,1,8.427609033857006,0.07582165168267033,0.2904851754561152,0.0
475.0,0.0465,3,2,80.40471203184909,0.137684331803719,0.016014623859959012,-8.326672684688674e-17
475.0,0.0465,3,3,159.95749470149408,0.14412777193938292,0.006987728043640177,-2.220446049250313e-16
475.0,0.047,3,1,8.610464354189164,0.07700710046986249,0.28202873274057905,0.0
475.0,0.047,3,2,73.28384199319864,0.13659495328628224,0.017905496801080143,0.0
475.0,0.047,3,3,168.7259210514872,0.1445334524323502,0.006542883895814209,-2.7755575615628914e-17
475.0,0.0475,3,1,8.805019369052175,0.0782225866024317,0.2734877198721825,4.163336342344337e-17
475.0,0.0475,3,2,67.42268505511211,0.13555969640893897,0.019800186376026745,2.7755575615628914e-17
475.0,0.0475,3,3,176.1888387320123,0.14485506259242098,0.006200621813632768,2.498001805406602e-16
475.0,0.048,3,1,9.012805470367926,0.07947141294737572,0.26484920874603124,2.7755575615628914e-17
475.0,0.048,3,2,62.38720658378982,0.13454474902241706,0.021750188455953858,-2.7755575615628914e-17
475.0,0.048,3,3,182.7797229774439,0.14512310864604536,0.00592238807890893,2.7755575615628914e-16
475.0,0.0485,3,1,9.235676652569154,0.08075752575762163,0.2560976743799668,-1.3877787807814457e-17
475.0,0.0485,3,2,57.9442167229619,0.13353020415343003,0.02379092878339574,-2.7755575615628914e-17
475.0,0.0485,3,3,188.73084443708936,0.14535354837452805,0.005688295355196503,1.1102230246251565e-16
475.0,0.049,3,1,9.475909114377034,0.08208570435043194,0.2472142195562498,2.7755575615628914e-17
475.0,0.049,3,2,53.95015963535833,0.1325017387261406,0.025953055216480753,0.0
475.0,0.049,3,3,194.18438211563165,0.14555592270870102,0.005486605835532018,-4.163336342344337e-16
475.0,0.0495,3,1,9.736343307340197,0.08346182927846196,0.23817547631259975,0.0
475.0,0.0495,3,2,50.30823880600774,0.13144725244937888,0.02826750459836166,-5.551115123125783e-17
475.0,0.0495,3,3,199.23515770246811,0.14573644866549745,0.005309762913470383,-3.608224830031759e-16
475.0,0.05,3,1,10.020592577168493,0.08489327273712789,0.22895200338510008,2.7755575615628914e-17
475.0,0.05,3,2,46.9485111872292,0.13035506686915047,0.030768901506873513,0.0
475.0,0.05,3,3,203.950334370894,0.1458994298832132,0.005152595020042384,5.551115123125783e-17
475.0,0.0505,3,1,10.333360530618636,0.08638948704712658,0.21950586556787108,-1.3877787807814457e-17
475.0,0.0505,3,2,43.81732657780427,0.12921261095911876,0.033498896657473035,-2.7755575615628914e-17
475.0,0.0505,3,3,208.37966152822668,0.1460479825439097,0.005011397888839615,-4.718447854656915e-16
475.0,0.051,3,1,10.680944643673186,0.08796292982642447,0.20978682025836673,1.3877787807814457e-17
475.0,0.051,3,2,40.8710129388356,0.1280050883260534,0.036510492132227255,5.551115123125783e-17
475.0,0.051,3,3,212.56128730448313,0.14618444299163383,0.004883422807707527,5.551115123125783e-16
475.0,0.0515,3,1,11.072078260746594,0.08963059610529926,0.1997259891692724,-1.3877787807814457e-17
475.0,0.0515,3,2,38.0715125859161,0.12671370054463474,0.03987467464478185,-2.7755575615628914e-17
475.0,0.0515,3,3,216.5252816956406,0.1463106122784624,0.004766571666286455,8.326672684688674e-17
475.0,0.052,3,1,11.519434886220456,0.09141672875627362,0.1892246398804511,2.7755575615628914e-17
475.0,0.052,3,2,35.38262952325247,0.12531278216143987,0.04369182549187118,2.7755575615628914e-17
475.0,0.052,3,3,220.29588619960407,0.14642791072669464,0.004659205475480558,-1.1102230246251565e-16
475.0,0.0525,3,1,12.042560937917756,0.09335804920608297,0.17813249087868996,2.7755575615628914e-17
475.0,0.0525,3,2,32.765599564369715,0.12376446808083204,0.04811354096807547,2.7755575615628914e-17
475.0,0.0525,3,3,223.89301213524203,0.14653747982731177,0.004560018934513802,5.551115123125783e-17
475.0,0.053,3,1,12.674329201291412,0.09551514599704118,0.1662003768981171,4.163336342344337e-17
475.0,0.053,3,2,30.17160466344853,0.12200723543612463,0.05339005214331885,2.7755575615628914e-17
475.0,0.053,3,3,227.3332739860123,0.1466402518039589,0.004467955333294541,-1.942890293094024e-16
475.0,0.0535,3,1,13.477969544855076,0.0980021937161626,0.15295646162490767,4.163336342344337e-17
475.0,0.0535,3,2,27.524009367435102,0.11992613575227463,0.05999407163872878,4.163336342344337e-17
475.0,0.0535,3,3,230.6307233015033,0.14673699851782104,0.004382147090942179,8.326672684688674e-17
475.0,0.054,3,1,14.608702702371426,0.1010931867974345,0.1372627406567092,1.3877787807814457e-17
475.0,0.054,3,2,24.65619357840891,0.11724652588675837,0.0690643332936796,0.0
475.0,0.054,3,3,233.7973831656042,0.14682836672133812,0.004301873147300093,3.3306690738754696e-16
475.0,0.0545,3,1,16.84117814385044,0.10611630199492643,0.11357063859759661,1.3877787807814457e-17
475.0,0.0545,3,2,20.783717883271763,0.11263967958404568,0.08615002629214569,4.163336342344337e-17
475.0,0.0545,3,3,236.8436459556547,0.1469149040276434,0.004226527758571132,-2.220446049250313e-16
476.0,0.0455,3,1,8.093097265052648,0.07353603516275037,0.30714230641066326,-2.7755575615628914e-17
476.0,0.0455,3,2,104.67475300134478,0.14046158362777514,0.01167132072432754,-8.326672684688674e-17
476.0,0.0455,3,3,133.00288701352557,0.14263543776728868,0.008750017085632873,-1.1102230246251565e-16
476.0,0.046,3,1,8.256276170585807,0.07466970403441799,0.2988223058184172,1.3877787807814457e-17
476.0,0.046,3,2,89.21149362312777,0.1388312827343353,0.014137818667273948,0.0
476.0,0.046,3,3,150.20693509861385,0.14363362931545592,0.007549336115469072,-8.326672684688674e-17
476.0,0.0465,3,1,8.428802576633396,0.07582824916171,0.29043776643136376,1.3877787807814457e-17
476.0,0.0465,3,2,80.02153097281783,0.13762820502579068,0.016109467628938064,-8.326672684688674e-17
476.0,0.0465,3,3,161.09213396976358,0.144179816512185,0.0069298411902434754,-1.3877787807814457e-16
476.0,0.047,3,1,8.611760506551457,0.07701406848309474,0.281979395439714,1.3877787807814457e-17
476.0,0.047,3,2,73.00409370495476,0.13654714547159139,0.017990894805292614,2.7755575615628914e-17
476.0,0.047,3,3,169.75922452269077,0.1445768031442445,0.006496213332924187,2.7755575615628914e-17
476.0,0.0475,3,1,8.80643286782194,0.07822996501878342,0.2734362740177355,4.163336342344337e-17
476.0,0.0475,3,2,67.20438758339857,0.13551683172562115,0.01988068969037641,-2.7755575615628914e-17
476.0,0.0475,3,3,177.1627304948591,0.14489305536086422,0.006160796585783071,1.1102230246251565e-16
476.0,0.048,3,1,9.014354270618055,0.07947924919899937,0.2647954406812422,2.7755575615628914e-17
476.0,0.048,3,2,62.209978878361234,0.1345051372648847,0.021828150463379874,-2.7755575615628914e-17
476.0,0.048,3,3,183.7145242641972,0.14515738620064023,0.005887268304251469,-8.326672684688674e-17
476.0,0.0485,3,1,9.237382923581476,0.08076587699396008,0.2560413276862418,-2.7755575615628914e-17
476.0,0.0485,3,2,57.79644240770631,0.13349283851995877,0.023867836043251146,2.7755575615628914e-17
476.0,0.0485,3,3,189.63810880819267,0.1453850603253166,0.005656650739608457,0.0
476.0,0.049,3,1,9.477800653022255,0.08209464044706667,0.2471549819776315,-1.3877787807814457e-17
476.0,0.049,3,2,53.82452010744575,0.13246594279357005,0.026030001599194177,5.551115123125783e-17
476.0,0.049,3,3,195.0713609002716,0.14558527556256307,0.00545765461342696,1.6653345369377348e-16
476.0,0.0495,3,1,9.738455599106175,0.08347143715430093,0.23811296103857327,1.3877787807814457e-17
476.0,0.0495,3,2,50.1997910104505,0.13141252444827653,0.028345408852741078,-5.551115123125783e-17
476.0,0.0495,3,3,200.1067201183261,0.14576405723374766,0.0052829729976344155,-2.498001805406602e-16
476.0,0.05,3,1,10.02297189930676,0.08490366274784572,0.22888572139789823,-2.7755575615628914e-17
476.0,0.05,3,2,46.85373727897525,0.13032099814831663,0.030848633319056906,-5.551115123125783e-17
476.0,0.05,3,3,204.80991471637648,0.14592559242360695,0.005127585595329824,2.7755575615628914e-17
476.0,0.0505,3,1,10.336068806384999,0.08640080281833024,0.21943518321568675,2.7755575615628914e-17
476.0,0.0505,3,2,43.733614066581914,0.12917883504792277,0.033581372760018546,0.0
476.0,0.0505,3,3,209.22977414284387,0.14607292186509463,0.004987885729814867,0.0
476.0,0.051,3,1,10.684067397482725,0.08797536409038907,0.20971089109447646,-1.3877787807814457e-17
476.0,0.051,3,2,40.7963455840157,0.1279712409115202,0.036596775967516565,-2.7755575615628914e-17
476.0,0.051,3,3,213.40382768018324,0.14620833063928165,0.0048611907760755186,2.220446049250313e-16
476.0,0.0515,3,1,11.075738433280229,0.08964441771545396,0.19964363797681473,0.0
476.0,0.0515,3,2,38.00427020493376,0.12667937739332205,0.03996611190947775,-2.7755575615628914e-17
476.0,0.0515,3,3,217.36171281642515,0.14633358359886298,0.0047454491416058266,-2.498001805406602e-16
476.0,0.052,3,1,11.523818679681236,0.09143233230013653,0.18913415023307803,-1.3877787807814457e-17
476.0,0.052,3,2,35.321441431749356,0.1252774796866048,0.043790269300857165,-5.551115123125783e-17
476.0,0.052,3,3,221.12735922095004,0.14645007468661217,0.004639055630529499,-1.942890293094024e-16
476.0,0.0525,3,1,12.047971222575299,0.0933760555768443,0.1780311756499176,-1.3877787807814457e-17
476.0,0.0525,3,2,32.7092100086901,0.12372747612487685,0.04822178993548154,-1.3877787807814457e-17
476.0,0.0525,3,3,224.72044751147735,0.14655892565991577,0.00454073014486905,8.326672684688674e-17
476.0,0.053,3,1,12.681312547643545,0.09553663685466024,0.1660835797696353,0.0
476.0,0.053,3,2,30.118689490446123,0.12196739816835145,0.053512854858585396,1.3877787807814457e-17
476.0,0.053,3,3,228.15741773627167,0.14666105364993376,0.0044494351929162184,-4.996003610813204e-16
476.0,0.0535,3,1,13.487691939063502,0.09802939026977708,0.15281467481089892,0.0
476.0,0.0535,3,2,27.47276020880054,0.11988116955790658,0.06014101322393767,2.7755575615628914e-17
476.0,0.0535,3,3,231.45218707931735,0.14675721875389824,0.004364318130483131,-8.326672684688674e-17
476.0,0.054,3,1,14.624608358642876,0.10113237631472766,0.13706921799526514,-2.7755575615628914e-17
476.0,0.054,3,2,24.602629817481862,0.11719009041504597,0.06926222544666777,0.0
476.0,0.054,3,3,234.61667345040414,0.1468480584027866,0.004284669699534829,0.0
476.0,0.0545,3,1,16.89681881054996,0.10622531568590977,0.1130813283895068,1.3877787807814457e-17
476.0,0.0545,3,2,20.69383563031587,0.11251389803607408,0.08664297678873972,6.938893903907228e-17
476.0,0.0545,3,3,237.66118574336687,0.14693411271664514,0.0042098936173368875,3.885780586188048e-16
477.0,0.0455,3,1,8.094116536221044,0.07354196550512229,0.30709848636426906,0.0
477.0,0.0455,3,2,103.16721037329422,0.14031828933159332,0.011878641843997353,0.0
477.0,0.0455,3,3,135.2577848752427,0.14277532049662592,0.00857642215181804,0.0
477.0,0.046,3,1,8.257375290106316,0.07467594091462289,0.29877684930430476,1.3877787807814457e-17
477.0,0.046,3,2,88.63278371874193,0.13875991794908252,0.014251184428208946,0.0
477.0,0.046,3,3,151.5352080681951,0.14370127174910674,0.007471176238590601,0.0
477.0,0.0465,3,1,8.429991784024997,0.0758348215824155,0.2903905413210835,0.0
477.0,0.0465,3,2,79.64870072653737,0.13757315620547117,0.016202761854745864,-8.326672684688674e-17
477.0,0.0465,3,3,162.21667909521184,0.1442308031445905,0.006873364512875772,-3.608224830031759e-16
477.0,0.047,3,1,8.613052008624836,0.07702101024397007,0.28193024831121033,-1.3877787807814457e-17
477.0,0.047,3,2,72.73010526065447,0.13650001990653013,0.018075272957694493,0.0
477.0,0.047,3,3,170.7870230463178,0.14461949283828526,0.0064504176556106,-5.551115123125783e-17
477.0,0.0475,3,1,8.807841367060655,0.07823731589513856,0.2733850249974843,4.163336342344337e-17
477.0,0.0475,3,2,66.98980634313205,0.13547446560470347,0.019960417148918858,8.326672684688674e-17
477.0,0.0475,3,3,178.13315922166893,0.14493057210692198,0.006121596245123092,1.6653345369377348e-16
477.0,0.048,3,1,9.015897683081706,0.07948705651899354,0.2647418765576359,4.163336342344337e-17
477.0,0.048,3,2,62.03536198308357,0.13446592082772166,0.021905471813574832,0.0
477.0,0.048,3,3,184.6469663114715,0.14519129238716658,0.005852631771316124,0.0
477.0,0.0485,3,1,9.239083374414875,0.08077419779202981,0.25598519252834345,1.3877787807814457e-17
477.0,0.0485,3,2,57.65060694862695,0.13345580325555467,0.023944185790635446,-5.551115123125783e-17
477.0,0.0485,3,3,190.54368434937172,0.1454162673866826,0.005625399287069624,-1.1102230246251565e-16
477.0,0.049,3,1,9.479685889669659,0.08210354447289624,0.24709596405702852,-1.3877787807814457e-17
477.0,0.049,3,2,53.70037785254013,0.13243043325865128,0.026106444880346757,-5.551115123125783e-17
477.0,0.049,3,3,195.95709097835967,0.14561436915170653,0.00542903468263085,2.220446049250313e-16
477.0,0.0495,3,1,9.7405610529036,0.0834810111918891,0.23805067410101519,1.3877787807814457e-17
477.0,0.0495,3,2,50.092533640647176,0.1313780515388495,0.028422846892571744,2.7755575615628914e-17
477.0,0.0495,3,3,200.97733930348983,0.14579143963149832,0.005256469469620287,1.942890293094024e-16
477.0,0.05,3,1,10.025343790921443,0.08491401701472547,0.22881967698107633,4.163336342344337e-17
477.0,0.05,3,2,46.75993145217503,0.1302871614219052,0.030927924309262153,8.326672684688674e-17
477.0,0.05,3,3,205.66877289398556,0.1459515538171803,0.005102828594543449,1.942890293094024e-16
477.0,0.0505,3,1,10.338769006375303,0.08641208081319408,0.2193647481530199,-1.3877787807814457e-17
477.0,0.0505,3,2,43.65070318712743,0.12914527364137374,0.03366342551345075,-5.551115123125783e-17
477.0,0.0505,3,3,210.07932984294212,0.14609767958261408,0.004964599465905348,1.6653345369377348e-16
477.0,0.051,3,1,10.687181397343497,0.08798775846419009,0.20963521919485367,4.163336342344337e-17
477.0,0.051,3,2,40.72235195301161,0.12793759447341782,0.03668264840377354,5.551115123125783e-17
477.0,0.051,3,3,214.24593791750615,0.1462320523462182,0.0048391633785114995,-1.1102230246251565e-16
477.0,0.0515,3,1,11.079389200328224,0.08965819736843016,0.19956155367523132,0.0
477.0,0.0515,3,2,37.93760108595159,0.12664524448484532,0.040057146214184644,2.7755575615628914e-17
477.0,0.0515,3,3,218.19781313298225,0.14635640180010973,0.0047245138497137166,-3.608224830031759e-16
477.0,0.052,3,1,11.528192606636793,0.09144789220390302,0.18904393521888144,2.7755575615628914e-17
477.0,0.052,3,2,35.26074610669899,0.12524235847637435,0.043888317566154376,2.7755575615628914e-17
477.0,0.052,3,3,221.95858064541915,0.14647209620950388,0.004619078524713611,-2.498001805406602e-16
477.0,0.0525,3,1,12.053371834645063,0.0933940179301946,0.1779301368057325,2.7755575615628914e-17
477.0,0.0525,3,2,32.653247210442146,0.12369065679868425,0.048329654525034335,1.3877787807814457e-17
477.0,0.0525,3,3,225.54769538594658,0.14658023808865797,0.004521601842634249,1.6653345369377348e-16
477.0,0.053,3,1,12.688288547275702,0.09555808745622925,0.16596704236081358,1.3877787807814457e-17
477.0,0.053,3,2,30.066144538412317,0.12192772205331935,0.05363530101552061,-1.3877787807814457e-17
477.0,0.053,3,3,228.98142650385307,0.14668172982874084,0.004431065051438585,-8.326672684688674e-17
477.0,0.0535,3,1,13.497417371998731,0.09805656546063646,0.1526730650391602,-1.3877787807814457e-17
477.0,0.0535,3,2,27.42182572399374,0.11983633894429202,0.060287690672778615,-4.163336342344337e-17
477.0,0.0535,3,3,232.2735593724096,0.1467773200225576,0.00434663009099338,-2.7755575615628914e-17
477.0,0.054,3,1,14.640574620729351,0.10117164847859106,0.13687542416421516,-2.7755575615628914e-17
477.0,0.054,3,2,24.549285164770314,0.11713368067792146,0.06946031027494777,0.0
477.0,0.054,3,3,235.43590861235077,0.1468676369747364,0.004267599240148049,0.0
477.0,0.0545,3,1,16.954790214890473,0.10633828491042158,0.11257537823121526,2.7755575615628914e-17
477.0,0.0545,3,2,20.601870101164423,0.11238426419135067,0.08715249639937214,2.7755575615628914e-17
477.0,0.0545,3,3,238.47870105057,0.1469532134616281,0.004193385474065518,1.0547118733938987e-15
478.0,0.0455,3,1,8.095132036033245,0.0735478730658874,0.3070548377621753,0.0
478.0,0.0455,3,2,101.84974556701162,0.1401901514521835,0.012065580160582028,-2.7755575615628914e-17
478.0,0.0455,3,3,137.3228645270258,0.14290006452479115,0.008423081534786304,-5.551115123125783e-17
478.0,0.046,3,1,8.258470381379135,0.07468215398432261,0.2987315697671749,-1.3877787807814457e-17
478.0,0.046,3,2,88.07754682538169,0.13869070485364232,0.014361564582369288,-5.551115123125783e-17
478.0,0.046,3,3,152.84026573349513,0.1437667812577156,0.007395868602847494,-8.326672684688674e-17
478.0,0.0465,3,1,8.431176679807141,0.07584136908829738,0.2903434990503088,4.163336342344337e-17
478.0,0.0465,3,2,79.28567207016047,0.1375191339966468,0.016294578104421236,2.7755575615628914e-17
478.0,0.0465,3,3,163.33167849928944,0.14428078305492725,0.006818227237491345,0.0
478.0,0.047,3,1,8.614338885640807,0.07702792590183659,0.28188129024923597,4.163336342344337e-17
478.0,0.047,3,2,72.46165280997688,0.13645355359804084,0.01815866399666899,5.551115123125783e-17
478.0,0.047,3,3,171.80953967598637,0.14466154437376424,0.006405464945224137,-2.7755575615628914e-17
478.0,0.0475,3,1,8.809244893568687,0.07824463938699319,0.2733339716735044,0.0
478.0,0.0475,3,2,66.77882553960359,0.13543258495330557,0.02003938783154205,2.7755575615628914e-17
478.0,0.0475,3,3,179.1002399149227,0.1449676257834183,0.006083002559462982,2.220446049250313e-16
478.0,0.048,3,1,9.01743573624511,0.07949483506931836,0.26468851520397735,-1.3877787807814457e-17
478.0,0.048,3,2,61.86328719090747,0.13442709114700593,0.021982165301986312,-8.326672684688674e-17
478.0,0.048,3,3,185.57711703833888,0.14522483562288374,0.0058184665615322135,-1.942890293094024e-16
478.0,0.0485,3,1,9.240778035358764,0.08078248832056599,0.2559292677005695,4.163336342344337e-17
478.0,0.0485,3,2,57.50666577791083,0.13341909223014256,0.02401998743029909,2.7755575615628914e-17
478.0,0.0485,3,3,191.44761484449427,0.1454471755351209,0.005594532500037052,-1.6653345369377348e-16
478.0,0.049,3,1,9.481564856522239,0.08211241660371951,0.24703716455326466,1.3877787807814457e-17
478.0,0.049,3,2,53.57770209665325,0.13239520544712857,0.02618239243251294,0.0
478.0,0.049,3,3,196.8416023437591,0.14564320798960115,0.005400739609109841,-1.1102230246251565e-16
478.0,0.0495,3,1,9.742659702940374,0.08349055157432654,0.23798861422255158,1.3877787807814457e-17
478.0,0.0495,3,2,49.98644444236034,0.13134382998668528,0.0284998247787116,2.7755575615628914e-17
478.0,0.0495,3,3,201.84703673570252,0.14581859942493294,0.005230247239163399,5.551115123125783e-17
478.0,0.05,3,1,10.027708288277513,0.08492433572831017,0.22875386882082946,2.7755575615628914e-17
478.0,0.05,3,2,46.66707703184482,0.13025355359784493,0.0310067796438383,2.7755575615628914e-17
478.0,0.05,3,3,206.52692480569502,0.14597731698019065,0.005078319854211787,1.1102230246251565e-16
478.0,0.0505,3,1,10.341461168893836,0.08642332122968523,0.21929455903018216,1.3877787807814457e-17
478.0,0.0505,3,2,43.56858108858428,0.12911192410629532,0.033745059447481775,-2.7755575615628914e-17
478.0,0.0505,3,3,210.9283407097765,0.146122258146265,0.004941535602005284,-4.718447854656915e-16
478.0,0.051,3,1,10.690286683468935,0.08800011315295124,0.20955980317564207,4.163336342344337e-17
478.0,0.051,3,2,40.64902191372213,0.12790414671833636,0.03676811350124887,0.0
478.0,0.051,3,3,215.08762738240262,0.14625561021517566,0.004817337619383687,-1.3877787807814457e-16
478.0,0.0515,3,1,11.083030603743044,0.08967193527594468,0.19947973484955525,2.7755575615628914e-17
478.0,0.0515,3,2,37.87149708863055,0.12661129978500393,0.04014778126183771,0.0
478.0,0.0515,3,3,219.03359002313132,0.14637906871899115,0.004703763179245238,3.608224830031759e-16
478.0,0.052,3,1,11.532556710300796,0.09146340868530561,0.18895399339484104,0.0
478.0,0.052,3,2,35.200536903878195,0.12520741669922494,0.04398597371173253,0.0
478.0,0.052,3,3,222.78955635853848,0.1464939769233243,0.004599271849524586,4.163336342344337e-16
478.0,0.0525,3,1,12.058762819516225,0.09341193649147801,0.17782937286826328,0.0
478.0,0.0525,3,2,32.59770567217796,0.12365400843039004,0.048437137947786785,-1.3877787807814457e-17
478.0,0.0525,3,3,226.3747605003255,0.14660141857408074,0.004502631962902431,2.7755575615628914e-16
478.0,0.053,3,1,12.695257256688574,0.09557949805190429,0.1658507630830406,4.163336342344337e-17
478.0,0.053,3,2,30.013965196430554,0.12188820553080877,0.05375739373237243,4.163336342344337e-17
478.0,0.053,3,3,229.80530413780716,0.14670228166432508,0.004412843043328443,7.216449660063518e-16
478.0,0.0535,3,1,13.507145982892581,0.09808371969719189,0.15253163002792433,4.163336342344337e-17
478.0,0.0535,3,2,27.371201931746903,0.1197916423059436,0.06043410762684091,4.163336342344337e-17
478.0,0.0535,3,3,233.09484332239023,0.14679730353457618,0.004329081272580762,2.7755575615628914e-17
478.0,0.054,3,1,14.65660263736435,0.10121100551598493,0.13668134905152152,1.3877787807814457e-17
478.0,0.054,3,2,24.496155202652318,0.1170772933462606,0.06965859910677691,0.0
478.0,0.054,3,3,236.25509122476825,0.146887103552952,0.004250660208672382,-8.326672684688674e-17
478.0,0.0545,3,1,17.01538490210281,0.10645570522745963,0.11205069549553502,2.7755575615628914e-17
478.0,0.0545,3,2,20.50752594842045,0.11225028146928094,0.08768067884455771,1.3877787807814457e-17
478.0,0.0545,3,3,239.29619398864997,0.14697220729764918,0.004177001887001393,-5.551115123125783e-17
479.0,0.0455,3,1,8.09614378550615,0.07355375797673676,0.30701135959558334,0.0
479.0,0.0455,3,2,100.67232074206672,0.14007325418285416,0.012237392793686441,-5.551115123125783e-17
479.0,0.0455,3,3,139.2481630020873,0.14301358554273882,0.008284738852291348,-8.326672684688674e-17
479.0,0.046,3,1,8.259561466663566,0.07468834338042589,0.29868646616992905,-1.3877787807814457e-17
479.0,0.046,3,2,87.54382262055289,0.1386234757847601,0.014469188320040736,0.0
479.0,0.046,3,3,154.1240676148961,0.14383032538344095,0.007323184779530918,0.0
479.0,0.0465,3,1,8.4323572875802,0.07584789182176503,0.29029663855248466,-1.3877787807814457e-17
479.0,0.0465,3,2,78.93194055963578,0.13746609110436403,0.016384982307719696,-5.551115123125783e-17
479.0,0.0465,3,3,164.43763582882428,0.1443298034114104,0.006764364221284095,-2.220446049250313e-16
479.0,0.047,3,1,8.615621162646857,0.0770348156049027,0.2818325201565759,0.0
479.0,0.047,3,2,72.1985257712512,0.13640772485040234,0.01824109882287926,0.0
479.0,0.047,3,3,172.82698420082215,0.1447029793137241,0.006361325114620347,0.0
479.0,0.0475,3,1,8.810643473953016,0.07825193564866434,0.2732831129166959,0.0
479.0,0.0475,3,2,66.5713348296137,0.13539117725560376,0.020117619985788874,-2.7755575615628914e-17
479.0,0.0475,3,3,180.06408212972696,0.1450042287672487,0.006044998122568042,-2.498001805406602e-16
479.0,0.048,3,1,9.018968458391347,0.07950258501071429,0.2646353554580661,2.7755575615628914e-17
479.0,0.048,3,2,61.69368850110806,0.13438863996949277,0.02205824326755525,-2.7755575615628914e-17
479.0,0.048,3,3,186.50504166166544,0.14525802401554389,0.005784761206267467,5.551115123125783e-17
479.0,0.0485,3,1,9.242466936489137,0.0807907487470423,0.25587355200646994,0.0
479.0,0.0485,3,2,57.36457584763323,0.13338269950318454,0.024095250083116138,-5.551115123125783e-17
479.0,0.0485,3,3,192.34994256163765,0.14547779055880275,0.0055640421580946,-4.440892098500626e-16
479.0,0.049,3,1,9.483437585559217,0.08212125701403149,0.24697858223463076,-1.3877787807814457e-17
479.0,0.049,3,2,53.45646299664754,0.13236025481104424,0.026257851435339635,0.0
479.0,0.049,3,3,197.72492406356514,0.14567179646467568,0.005372763144827984,2.220446049250313e-16
479.0,0.0495,3,1,9.744751583190371,0.08350005848336733,0.2379267801354865,0.0
479.0,0.0495,3,2,49.88150176920355,0.13130985614723203,0.028576348431933792,2.7755575615628914e-17
479.0,0.0495,3,3,202.71583328892004,0.14584554009167452,0.005204301348977841,1.3877787807814457e-16
479.0,0.05,3,1,10.030065427396046,0.08493461907775586,0.22868829561323406,2.7755575615628914e-17
479.0,0.05,3,2,46.57515775998552,0.13022017165131627,0.0310852043820868,-5.551115123125783e-17
479.0,0.05,3,3,207.38438594053875,0.14600288476298615,0.005054055310633952,-4.163336342344337e-16
479.0,0.0505,3,1,10.344145331991513,0.086434524264343,0.21922461450756747,0.0
479.0,0.0505,3,2,43.48723521752466,0.12907878386190233,0.03382627900664055,2.7755575615628914e-17
479.0,0.0505,3,3,211.77681853120404,0.1461466599548374,0.00491869072075259,-2.220446049250313e-16
479.0,0.051,3,1,10.693383295810992,0.0880124283603312,0.20948464166324895,0.0
479.0,0.051,3,2,40.57634555300289,0.12787089539502755,0.0368531752501581,-5.551115123125783e-17
479.0,0.051,3,3,215.92890522587277,0.14627900630814736,0.004795710565509035,-1.6653345369377348e-16
479.0,0.0515,3,1,11.086662685108754,0.08968563164821443,0.19939818009524996,-1.3877787807814457e-17
479.0,0.0515,3,2,37.80595023807481,0.1265775412944471,0.04023802069622883,0.0
479.0,0.0515,3,3,219.86905070323368,0.14640158615890478,0.004683194570259255,3.3306690738754696e-16
479.0,0.052,3,1,11.53691103361284,0.09147888196054495,0.1888643233285189,1.3877787807814457e-17
479.0,0.052,3,2,35.14080730682914,0.12517265255308982,0.04408324111049683,2.7755575615628914e-17
479.0,0.052,3,3,223.62029212203305,0.14651571842806332,0.004579633339680191,-3.0531133177191805e-16
479.0,0.0525,3,1,12.06414422230144,0.09342981148448104,0.17772888237034304,2.7755575615628914e-17
479.0,0.0525,3,2,32.54257999696029,0.12361752937349883,0.04854424336989594,1.3877787807814457e-17
479.0,0.0525,3,3,227.20164749972358,0.14662246855287714,0.004483818477735693,5.828670879282072e-16
479.0,0.053,3,1,12.702218732157542,0.09560086889036085,0.16573474035807456,0.0
479.0,0.053,3,2,29.962146933866464,0.12184884706270029,0.053879136087748705,0.0
479.0,0.053,3,3,230.62905441076953,0.1467227104599748,0.00439476733513805,2.7755575615628914e-17
479.0,0.0535,3,1,13.516877911662503,0.09811085338808638,0.15239036749848725,1.3877787807814457e-17
479.0,0.0535,3,2,27.320884914924758,0.11974707805527686,0.060580267699300604,-1.3877787807814457e-17
479.0,0.0535,3,3,233.9160420096699,0.1468171704826003,0.004311670003552817,-2.7755575615628914e-16
479.0,0.054,3,1,14.672693584048506,0.10125044970060045,0.13648698234800566,0.0
479.0,0.054,3,2,24.443235539845077,0.11702092506027094,0.06985710344538218,-1.3877787807814457e-17
479.0,0.054,3,3,237.07422381146802,0.1469064592371003,0.004233851069696116,-8.881784197001252e-16
479.0,0.0545,3,1,17.07896037429917,0.10657818178801763,0.11150472521949578,1.3877787807814457e-17
479.0,0.0545,3,2,20.410442911771554,0.11211134371167757,0.08823008016103914,1.3877787807814457e-17
479.0,0.0545,3,3,240.11366662860175,0.1469910952453285,0.004160741436862943,-4.440892098500626e-16
480.0,0.0455,3,1,8.097151805499859,0.07355962036834347,0.30696805086362833,2.7755575615628914e-17
480.0,0.0455,3,2,99.60349657075977,0.13996513118914994,0.01239739054696668,2.7755575615628914e-17
480.0,0.0455,3,3,141.0651188251039,0.14311834977014892,0.008158084032376363,2.7755575615628914e-17
480.0,0.046,3,1,8.260648568054071,0.07469450923878793,0.2986415374835972,0.0
480.0,0.046,3,2,87.02990193751378,0.13855808417085036,0.014574256000345997,-5.551115123125783e-17
480.0,0.046,3,3,155.38832208119814,0.14389205057777069,0.0072529251652746875,-1.6653345369377348e-16
480.0,0.0465,3,1,8.433533630771361,0.07585438992413811,0.2902499587693787,1.3877787807814457e-17
480.0,0.0465,3,2,78.58704162889772,0.1374139838473028,0.016474035366356814,0.0
480.0,0.0465,3,3,165.5350148568135,0.14437790776965825,0.0067117153435023585,8.326672684688674e-17
480.0,0.047,3,1,8.616898864508332,0.07704167950024877,0.28178393694454273,1.3877787807814457e-17
480.0,0.047,3,2,71.94052577195285,0.13636251316372594,0.018322606643154698,0.0
480.0,0.047,3,3,173.83955420493086,0.14474381802645106,0.0063179697643329655,-1.3877787807814457e-16
480.0,0.0475,3,1,8.812037134628973,0.07825920483330102,0.2732324476066973,-1.3877787807814457e-17
480.0,0.0475,3,2,66.36722897584572,0.13535023053726045,0.020195131078180217,0.0
480.0,0.0475,3,3,181.02479031941684,0.14504039289493953,0.006007566302895586,0.0
480.0,0.048,3,1,9.020495877601983,0.07951030650271308,0.26458239616665447,4.163336342344337e-17
480.0,0.048,3,2,61.526502476014734,0.1343505593367568,0.022133717616002493,-2.7755575615628914e-17
480.0,0.048,3,3,187.4308028393486,0.1452908653792385,0.0057515046636023295,-2.7755575615628914e-16
480.0,0.0485,3,1,9.244150107670565,0.08079897923768282,0.2558180442587552,1.3877787807814457e-17
480.0,0.0485,3,2,57.22429556028365,0.13334661931539896,0.02416998259846082,0.0
480.0,0.0485,3,3,193.25070832253604,0.14550811806584402,0.005533920305640952,1.6653345369377348e-16
480.0,0.049,3,1,9.485304108538097,0.08213006587703571,0.24692021587879182,-1.3877787807814457e-17
480.0,0.049,3,2,53.33663160261345,0.13232557692390304,0.026332828882901053,-5.551115123125783e-17
480.0,0.049,3,3,198.6070843156904,0.14570013884514063,0.005345099220457984,-1.3877787807814457e-16
480.0,0.0495,3,1,9.746836727395484,0.0835095320994322,0.23786517058170903,1.3877787807814457e-17
480.0,0.0495,3,2,49.77768456052875,0.13127612646273015,0.02865242363767623,2.7755575615628914e-17
480.0,0.0495,3,3,203.58374925539155,0.1458722650238413,0.005178626970072508,8.326672684688674e-17
480.0,0.05,3,1,10.032415244056203,0.08494486725084378,0.22862295606415683,-1.3877787807814457e-17
480.0,0.05,3,2,46.484157781739725,0.13018701262267493,0.031163203479532758,-2.7755575615628914e-17
480.0,0.05,3,3,208.24117138842584,0.14602825995206978,0.005030030996674663,-1.942890293094024e-16
480.0,0.0505,3,1,10.346821533468193,0.08644569011229264,0.21915491325555322,0.0
480.0,0.0505,3,2,43.406653308838514,0.12904585037832125,0.033907088552645716,2.7755575615628914e-17
480.0,0.0505,3,3,212.62477481075652,0.14617088735758027,0.004896061480224282,-2.7755575615628914e-17
480.0,0.051,3,1,10.696471274062453,0.08802470428853737,0.20940973329424534,0.0
480.0,0.051,3,2,40.50431317042275,0.12783783829330594,0.036937837572475055,-2.7755575615628914e-17
480.0,0.051,3,3,216.7697803901832,0.14630224264747324,0.004774279344428161,3.3306690738754696e-16
480.0,0.0515,3,1,11.090285485743355,0.08969928669397044,0.1993168880181101,2.7755575615628914e-17
480.0,0.0515,3,2,37.74095272040709,0.12654396704782875,0.04032786810341056,0.0
480.0,0.0515,3,3,220.70420223259356,0.14642395589068857,0.004662805512903913,-7.494005416219807e-16
480.0,0.052,3,1,11.541255619240514,0.09149431224430299,0.1887749235979638,2.7755575615628914e-17
480.0,0.052,3,2,35.081550923635746,0.1251380642646906,0.04418012308541745,5.551115123125783e-17
480.0,0.052,3,3,224.45079357703253,0.14653732229640146,0.004560160772063267,2.7755575615628914e-17
480.0,0.0525,3,1,12.069516087838817,0.09344764313144573,0.17762866385541412,-1.3877787807814457e-17
480.0,0.0525,3,2,32.487864885955986,0.12358121800634116,0.0486509739135571,0.0
480.0,0.0525,3,3,228.02836093506275,0.14664338943841976,0.004465159395301919,6.106226635438361e-16
480.0,0.053,3,1,12.709173029735693,0.09562220021880989,0.165618972617934,4.163336342344337e-17
480.0,0.053,3,2,29.910685298533046,0.12180964513252279,0.05400053112141204,-2.7755575615628914e-17
480.0,0.053,3,3,231.45268102077208,0.14674301749875737,0.004376836124788755,-3.885780586188048e-16
480.0,0.0535,3,1,13.526613298928378,0.09813796694219641,0.15224927517498676,-1.3877787807814457e-17
480.0,0.0535,3,2,27.27087081908809,0.11970264462220305,0.06072617447571522,1.3877787807814457e-17
480.0,0.0535,3,3,234.73715845485404,0.14683692204151116,0.004294394639812158,-6.938893903907228e-16
480.0,0.054,3,1,14.688848663976296,0.10128998335451822,0.13629231354017696,2.7755575615628914e-17
480.0,0.054,3,2,24.39052180936139,0.11696457242752217,0.07005583497661833,5.551115123125783e-17
480.0,0.054,3,3,237.89330884784445,0.14692570511106193,0.004217170312345322,2.7755575615628914e-17
480.0,0.0545,3,1,17.145961145914022,0.10670646647867321,0.11093429345886148,-2.7755575615628914e-17
480.0,0.0545,3,2,20.310173761658582,0.11196669803890368,0.08880387534768878,-1.3877787807814457e-17
480.0,0.0545,3,3,240.9311210018869,0.14700987831111845,0.004144602726393398,2.7755575615628914e-16
481.0,0.0455,3,1,8.098156116719176,0.07356546037037268,0.30692491057329835,1.3877787807814457e-17
481.0,0.0455,3,2,98.62199864495739,0.1398641094796831,0.012547819023193482,8.326672684688674e-17
481.0,0.0455,3,3,142.79500560534925,0.1432160300845859,0.008040872198364876,8.326672684688674e-17
481.0,0.046,3,1,8.261731707481871,0.07470065169422076,0.29859678268725437,-4.163336342344337e-17
481.0,0.046,3,2,86.53428413625313,0.13849440097849056,0.014676944010740576,2.7755575615628914e-17
481.0,0.046,3,3,156.63452897861384,0.14395208575501833,0.007184914122615656,1.1102230246251565e-16
481.0,0.0465,3,1,8.434705732636042,0.07586086353565615,0.29020345865100566,4.163336342344337e-17
481.0,0.0465,3,2,78.25054635566306,0.13736277177934517,0.016561793680922546,0.0
481.0,0.0465,3,3,166.62424371658508,0.1444251364511134,0.006660224978591278,8.326672684688674e-17
481.0,0.047,3,1,8.618172015909922,0.07704851773383715,0.2817355395328987,1.3877787807814457e-17
481.0,0.047,3,2,71.68746569501903,0.1363178991424824,0.018403215100146506,5.551115123125783e-17
481.0,0.047,3,3,174.84743602105618,0.14478407977693725,0.006275372052976416,1.1102230246251565e-16
481.0,0.0475,3,1,8.813425901822056,0.0782664470928958,0.2731819746317993,4.163336342344337e-17
481.0,0.0475,3,2,66.16640752871967,0.13530973333264082,0.020271937841512173,-2.7755575615628914e-17
481.0,0.0475,3,3,181.98246415366268,0.14507612949542006,0.005970691196357748,-5.551115123125783e-17
481.0,0.048,3,1,9.022018021759028,0.07951799970364969,0.2645296361853559,0.0
481.0,0.048,3,2,61.36166810725789,0.13431284157036766,0.022208599841596746,-2.7755575615628914e-17
481.0,0.048,3,3,188.35446080404498,0.14532336724921133,0.005718686296624125,-2.7755575615628914e-17
481.0,0.0485,3,1,9.24582757855791,0.08080717995747344,0.2557627432792117,-2.7755575615628914e-17
481.0,0.0485,3,2,57.08578470328145,0.13331084608094423,0.024244193565886935,-2.7755575615628914e-17
481.0,0.0485,3,3,194.14995156802652,0.1455381634921101,0.005504159240271801,-5.551115123125783e-17
481.0,0.049,3,1,9.4871644569966,0.08213884336465628,0.24686206427269702,1.3877787807814457e-17
481.0,0.049,3,2,53.218179822154625,0.13229116747607517,0.026407331590690104,-2.7755575615628914e-17
481.0,0.049,3,3,199.48811042455856,0.14572823928357306,0.005317741938453867,-1.3877787807814457e-16
481.0,0.0495,3,1,9.7489151690676,0.08351897260162065,0.23780378431260296,-2.7755575615628914e-17
481.0,0.0495,3,2,49.67497232032155,0.1312426374592793,0.028728056050581586,-5.551115123125783e-17
481.0,0.0495,3,3,204.45080436673538,0.14589877753096733,0.005153219397276093,-1.942890293094024e-16
481.0,0.05,3,1,10.03475777379732,0.0849550804339934,0.2285578488891616,1.3877787807814457e-17
481.0,0.05,3,2,46.39406163212328,0.1301540736154582,0.03124078179106609,-2.7755575615628914e-17
481.0,0.05,3,3,209.09729585337448,0.14605344527208006,0.005006243038689369,-2.7755575615628914e-17
481.0,0.0505,3,1,10.349489810874763,0.08645681896725814,0.2190854539544063,1.3877787807814457e-17
481.0,0.0505,3,2,43.3268233769708,0.1290131211751646,0.0339874923666922,0.0
481.0,0.0505,3,3,213.47222077637997,0.1461949426556143,0.004873644611717791,-2.7755575615628914e-17
481.0,0.051,3,1,10.699550657658977,0.08803694113833854,0.20933507671527343,-1.3877787807814457e-17
481.0,0.051,3,2,40.43291527224207,0.12780497324298715,0.03702210432366516,0.0
481.0,0.051,3,3,217.61026161485643,0.1463253212168882,0.004753041142740168,-2.7755575615628914e-17
481.0,0.0515,3,1,11.093899046700859,0.08971290062047071,0.1992358572341665,1.3877787807814457e-17
481.0,0.0515,3,2,37.676496878490916,0.12651057511298922,0.04041732701305679,0.0
481.0,0.0515,3,3,221.53905151770775,0.14644617965342574,0.004642593546125624,-6.661338147750939e-16
481.0,0.052,3,1,11.545590509581716,0.09150969974975692,0.1886857927916121,2.7755575615628914e-17
481.0,0.052,3,2,35.02276148379953,0.1251036500888877,0.044276622910628914,8.326672684688674e-17
481.0,0.052,3,3,225.28106624715437,0.14655879007434516,0.004540851964693389,1.6653345369377348e-16
481.0,0.0525,3,1,12.074878460694517,0.09346543165308457,0.17752871587742378,0.0
481.0,0.0525,3,2,32.433555136100686,0.1235450727315457,0.04875733265791296,-1.3877787807814457e-17
481.0,0.0525,3,3,228.85490526538325,0.14666418262127448,0.004446652759036686,1.3877787807814457e-16
481.0,0.053,3,1,12.71612020525629,0.09564349228301189,0.16550345830479732,0.0
481.0,0.053,3,2,29.85957591490919,0.1217705982450145,0.05412158183505025,-1.3877787807814457e-17
481.0,0.053,3,3,232.276187592989,0.14676320404394344,0.004359047640874499,-6.938893903907228e-16
481.0,0.0535,3,1,13.53635228602885,0.09816506076867226,0.15210835078418913,2.7755575615628914e-17
481.0,0.0535,3,2,27.22115585109682,0.11965834045373225,0.06087183151479863,2.7755575615628914e-17
481.0,0.0535,3,3,235.55819562009668,0.1468565593687811,0.004277253564267906,-4.163336342344337e-16
481.0,0.054,3,1,14.705069109002721,0.10132960884993693,0.13609733190275958,1.3877787807814457e-17
481.0,0.054,3,2,24.33800966645528,0.11690823202091312,0.07025480557691806,6.938893903907228e-17
481.0,0.054,3,3,238.71234876192736,0.14694484224323504,0.00420061644977922,9.159339953157541e-16
481.0,0.0545,3,1,17.216951450790972,0.10684151298441336,0.11033537508711827,-2.7755575615628914e-17
481.0,0.0545,3,2,20.20615159131949,0.1118153897867842,0.08940609056692805,-1.3877787807814457e-17
481.0,0.0545,3,3,241.74855910127636,0.14702855748756635,0.004128584379922559,-1.942890293094024e-16
482.0,0.0455,3,1,8.099156739715085,0.07357127811149146,0.30688193773935746,1.3877787807814457e-17
482.0,0.0455,3,2,97.71264231797109,0.139768992032442,0.012690284801960883,2.7755575615628914e-17
482.0,0.0455,3,3,144.45300719478695,0.1433078233951803,0.007931497491206084,2.7755575615628914e-17
482.0,0.046,3,1,8.26281090671647,0.07470677088050345,0.2985522007679437,2.7755575615628914e-17
482.0,0.046,3,2,86.0556433337072,0.13843231189446048,0.014777408620385738,0.0
482.0,0.046,3,3,157.864013400515,0.1440105451102735,0.0071189961266755536,-5.551115123125783e-17
482.0,0.0465,3,1,8.435873616259558,0.07586731279548922,0.2901571371555448,-1.3877787807814457e-17
482.0,0.0465,3,2,77.92205778639627,0.13731241736075517,0.016648309608683347,5.551115123125783e-17
482.0,0.0465,3,3,167.70571857681216,0.14447152687185233,0.006609841538447305,1.6653345369377348e-16
482.0,0.047,3,1,8.619440641357471,0.07705533045052348,0.28168732684976855,5.551115123125783e-17
482.0,0.047,3,2,71.43916881837102,0.1362738644128718,0.01848295038943919,2.7755575615628914e-17
482.0,0.047,3,3,175.85080559102184,0.14482378280950045,0.006233506580192363,1.1102230246251565e-16
482.0,0.0475,3,1,8.814809801569487,0.07827366257829495,0.273131692888865,-1.3877787807814457e-17
482.0,0.0475,3,2,65.96877453310982,0.13526967465455378,0.020348056318507706,-2.7755575615628914e-17
482.0,0.0475,3,3,182.9371988117308,0.14511144942027074,0.005934357582729177,1.3877787807814457e-16
482.0,0.048,3,1,9.023534918546726,0.07952566477067363,0.26447707437856016,2.7755575615628914e-17
482.0,0.048,3,2,61.19912669078011,0.13427547925801842,0.02228290104752038,0.0
482.0,0.048,3,3,189.27607348812302,0.14535553689571842,0.005686295853121417,-1.3877787807814457e-16
482.0,0.0485,3,1,9.247499378598407,0.08081535107017411,0.2557076478986095,2.7755575615628914e-17
482.0,0.0485,3,2,56.94900438719924,0.13327537438003467,0.024317891326162227,8.326672684688674e-17
482.0,0.0485,3,3,195.0477104198083,0.1455679321085883,0.005474751501808141,2.7755575615628914e-16
482.0,0.049,3,1,9.4890186622545,0.08214758964754955,0.2468041262124937,0.0
482.0,0.049,3,2,53.101080386466606,0.13225702227042418,0.02648136620226717,0.0
482.0,0.049,3,3,200.3680288949914,0.14575610182127732,0.005290685566464276,-8.326672684688674e-17
482.0,0.0495,3,1,9.750986941490684,0.08352838016772368,0.23774262008895414,0.0
482.0,0.0495,3,2,49.573345097048325,0.13120938574403282,0.02880325119883989,-2.7755575615628914e-17
482.0,0.0495,3,3,205.3170178140643,0.14592508084279546,0.005128074044959622,-5.551115123125783e-17
482.0,0.05,3,1,10.037093051921003,0.08496525881227474,0.22849297281341585,2.7755575615628914e-17
482.0,0.05,3,2,46.30485422330278,0.1301213517944698,0.03131794407395896,5.551115123125783e-17
482.0,0.05,3,3,209.95277366621025,0.1460784433876934,0.0049826876535729436,3.3306690738754696e-16
482.0,0.0505,3,1,10.35215020151522,0.08646791102157493,0.21901623529419093,-1.3877787807814457e-17
482.0,0.0505,3,2,43.24773370749226,0.12898059382015745,0.03406749465165401,2.7755575615628914e-17
482.0,0.0505,3,3,214.3191673888338,0.14621882810329248,0.00485143691761462,2.220446049250313e-16
482.0,0.051,3,1,10.702621485781329,0.08804913910907843,0.20926067058295028,-1.3877787807814457e-17
482.0,0.051,3,2,40.36214256560272,0.12777229811286125,0.037105979294361706,-5.551115123125783e-17
482.0,0.051,3,3,218.45035744245666,0.1463482439625353,0.004731993204494838,-2.7755575615628914e-16
482.0,0.0515,3,1,11.09750340877372,0.08972647363351438,0.19915508636958631,1.3877787807814457e-17
482.0,0.0515,3,2,37.612575207794634,0.1264773635901618,0.0405064008997807,2.7755575615628914e-17
482.0,0.0515,3,3,222.3736053163668,0.1464682591552243,0.00462255625641974,2.220446049250313e-16
482.0,0.052,3,1,11.54991574676695,0.09152504468859295,0.18859692950818926,0.0
482.0,0.052,3,2,34.96443283521342,0.12506940830805002,0.044372743812496465,0.0
482.0,0.052,3,3,226.11111554150733,0.14658012328184353,0.0045217047757297535,-2.498001805406602e-16
482.0,0.0525,3,1,12.080231385164861,0.09348317726859375,0.1774290370007286,1.3877787807814457e-17
482.0,0.0525,3,2,32.37964563783231,0.12350909197552544,0.04886332263993817,1.3877787807814457e-17
482.0,0.0525,3,3,229.68128486008476,0.14668484946970003,0.004428296646829301,1.1102230246251565e-16
482.0,0.053,3,1,12.7230603143357,0.09566474532729252,0.16538819587089754,2.7755575615628914e-17
482.0,0.053,3,2,29.80881448240803,0.12173170492569542,0.05424229119302774,1.3877787807814457e-17
482.0,0.053,3,3,233.09957768144378,0.14678327133941949,0.004341400141984507,2.220446049250313e-16
482.0,0.0535,3,1,13.546095015038281,0.09819213527697901,0.15196759205526966,2.7755575615628914e-17
482.0,0.0535,3,2,27.171736277749797,0.11961416401358504,0.06101724234918319,4.163336342344337e-17
482.0,0.0535,3,3,236.37915641041735,0.14687608360482052,0.004260245186262614,-2.7755575615628914e-17
482.0,0.054,3,1,14.72135618065381,0.10136932861098004,0.13590202649088387,-1.3877787807814457e-17
482.0,0.054,3,2,24.285694786551733,0.11685190037656908,0.07045402732155964,-2.7755575615628914e-17
482.0,0.054,3,3,239.53134593542117,0.14696387168683164,0.00418418801869831,-5.551115123125783e-16
482.0,0.0545,3,1,17.29266564781208,0.10698456161731446,0.10970273609488308,0.0
482.0,0.0545,3,2,20.09763941031341,0.11165617767766922,0.09004196084571832,2.7755575615628914e-17
482.0,0.0545,3,3,242.56598288167982,0.14704713375357079,0.0041126850429393244,2.7755575615628914e-17
483.0,0.0455,3,1,8.100153694886112,0.07357707371937809,0.3068391313842714,-1.3877787807814457e-17
483.0,0.0455,3,2,96.86414382341808,0.1396788871498114,0.012825984573923914,-1.3877787807814457e-16
483.0,0.0455,3,3,146.05040656917916,0.14339462128759908,0.007828763935290186,-1.3877787807814457e-16
483.0,0.046,3,1,8.263886187367056,0.07471286693039153,0.29850779072059946,1.3877787807814457e-17
483.0,0.046,3,2,85.59280134338935,0.13837171506528537,0.014875789070972638,0.0
483.0,0.046,3,3,159.0779527477816,0.1440675303798489,0.007055032674391464,-1.6653345369377348e-16
483.0,0.0465,3,1,8.43703730455876,0.07587373784174856,0.290110993249257,0.0
483.0,0.0465,3,2,77.6012077328891,0.13726288567123812,0.016733631863046827,-2.7755575615628914e-17
483.0,0.0465,3,3,168.7798068448967,0.1445171138295161,0.006560517073009474,2.7755575615628914e-17
483.0,0.047,3,1,8.620704765179484,0.07706211779406678,0.28163929783156183,4.163336342344337e-17
483.0,0.047,3,2,71.19546803677095,0.13623039154801134,0.01856183736557203,8.326672684688674e-17
483.0,0.047,3,3,176.84982924385105,0.1448629444225854,0.006192349280685295,1.1102230246251565e-16
483.0,0.0475,3,1,8.816188859722166,0.0782808514392105,0.27308160128324,4.163336342344337e-17
483.0,0.0475,3,2,65.77423825760162,0.1352300439662831,0.020423501902159948,-2.7755575615628914e-17
483.0,0.0475,3,3,183.88908525319096,0.1451463630716808,0.005898550885361989,-3.608224830031759e-16
483.0,0.048,3,1,9.025046595453224,0.07953330185975971,0.2644247096193509,0.0
483.0,0.048,3,2,61.03882170991962,0.13423846524053265,0.02235663196494397,-5.551115123125783e-17
483.0,0.048,3,3,190.19569664055783,0.1453873813370101,0.005654323446569178,-5.551115123125783e-17
483.0,0.0485,3,1,9.24916553703322,0.08082349273832941,0.255652756956623,0.0
483.0,0.0485,3,2,56.81391698744839,0.1332401989519604,0.02439108398169665,5.551115123125783e-17
483.0,0.0485,3,3,195.9440217387179,0.1455974290283565,0.005445689861928116,1.1102230246251565e-16
483.0,0.049,3,1,9.490866755415663,0.08215630489511631,0.24674640050343605,-1.3877787807814457e-17
483.0,0.049,3,2,52.98530681809516,0.13222313721814424,0.026554939195590318,-5.551115123125783e-17
483.0,0.049,3,3,201.246865444422,0.14578373039243528,0.005263924531065824,-1.942890293094024e-16
483.0,0.0495,3,1,9.753052077722682,0.08353775497423539,0.23768167668086268,1.3877787807814457e-17
483.0,0.0495,3,2,49.47278346440656,0.13117636800251434,0.028878014488341562,2.7755575615628914e-17
483.0,0.0495,3,3,206.18240826720347,0.14595117811194888,0.005103186442946121,4.718447854656915e-16
483.0,0.05,3,1,10.039421113493082,0.08497540256942081,0.22842832657160242,-1.3877787807814457e-17
483.0,0.05,3,2,46.216520832393904,0.13008884438394056,0.03139469499076324,0.0
483.0,0.05,3,3,210.8076187967363,0.14610325690545134,0.004959361145926177,2.220446049250313e-16
483.0,0.0505,3,1,10.354802742448843,0.08647896646620291,0.21894725597467454,1.3877787807814457e-17
483.0,0.0505,3,2,43.169372848987926,0.1289482659278132,0.03414709953420772,5.551115123125783e-17
483.0,0.0505,3,3,215.16562534977294,0.14624254590951138,0.004829435269322491,3.0531133177191805e-16
483.0,0.051,3,1,10.705683797357562,0.08806129839868859,0.20918651356377313,4.163336342344337e-17
483.0,0.051,3,2,40.29198595292282,0.12773981080970095,0.03718946621198538,2.7755575615628914e-17
483.0,0.051,3,3,219.29007622416518,0.14637101279394468,0.004711132829639794,5.551115123125783e-16
483.0,0.0515,3,1,11.1010986124948,0.08974000593745433,0.19907457406058188,1.3877787807814457e-17
483.0,0.0515,3,2,37.549180352391744,0.12644433061120505,0.04059509318441136,-2.7755575615628914e-17
483.0,0.0515,3,3,223.2078702416261,0.14649019607397204,0.0046026912766212865,-6.38378239159465e-16
483.0,0.052,3,1,11.554231372661564,0.09154034727101984,0.1885083323566136,1.3877787807814457e-17
483.0,0.052,3,2,34.906558941228816,0.1250353372314424,0.04446848897065267,5.551115123125783e-17
483.0,0.052,3,3,226.940946757598,0.14660132341338683,0.004502717102504256,2.220446049250313e-16
483.0,0.0525,3,1,12.085574905278646,0.09350088019566709,0.1773296257999962,1.3877787807814457e-17
483.0,0.0525,3,2,32.32613137289156,0.1234732741879786,0.04896894685529893,1.3877787807814457e-17
483.0,0.0525,3,3,230.50750400109382,0.14670539133013336,0.0044100891702323055,7.216449660063518e-16
483.0,0.053,3,1,12.729993412376038,0.0956859595945569,0.1652731837784204,0.0
483.0,0.053,3,2,29.75839677369328,0.12169296372045046,0.05436266212311873,-2.7755575615628914e-17
483.0,0.053,3,3,233.92285477065798,0.1468032206100898,0.004323891916044538,-6.938893903907228e-16
483.0,0.0535,3,1,13.555841628783995,0.0982191908769388,0.15182699671959224,-1.3877787807814457e-17
483.0,0.0535,3,2,27.122608424459642,0.119570113781812,0.06116241048616982,1.3877787807814457e-17
483.0,0.0535,3,3,237.20004367498288,0.14689549587331638,0.004243367941014299,-3.608224830031759e-16
483.0,0.054,3,1,14.73771117118169,0.10140914511558108,0.13570638613194164,2.7755575615628914e-17
483.0,0.054,3,2,24.23357286315843,0.1167955739916662,0.0706535124932657,6.938893903907228e-17
483.0,0.054,3,3,240.3503027047215,0.14698279448016702,0.004167883578864953,6.38378239159465e-16
483.0,0.0545,3,1,17.374089644682428,0.10713727629754266,0.10902935601498108,-1.3877787807814457e-17
483.0,0.0545,3,2,19.98364871991019,0.1114873968391832,0.09071850765086929,1.3877787807814457e-17
483.0,0.0545,3,3,243.383394260938,0.1470656080746322,0.004096903381674617,-4.163336342344337e-16
484.0,0.0455,3,1,8.101147002479838,0.07358284732073202,0.3067964905381291,1.3877787807814457e-17
484.0,0.0455,3,2,96.06784922944827,0.13959310926702992,0.01295583832349734,-2.7755575615628914e-17
484.0,0.0455,3,3,147.59585687382958,0.14347710921557832,0.007731752255802657,-5.551115123125783e-17
484.0,0.046,3,1,8.26495757088409,0.07471893997562727,0.29846355154796855,0.0
484.0,0.046,3,2,85.1447057650011,0.1383125192650515,0.014972210081787427,0.0
484.0,0.046,3,3,160.27739863915642,0.1441231326734552,0.006992899779504519,-8.326672684688674e-17
484.0,0.0465,3,1,8.438196820283414,0.07588013881149595,0.29006502590641214,1.3877787807814457e-17
484.0,0.0465,3,2,77.28765396863616,0.137214144158531,0.01681780586353443,0.0
484.0,0.0465,3,3,169.8468499705698,0.1445619297547098,0.006512206920341825,-8.326672684688674e-17
484.0,0.047,3,1,8.6219644115288,0.07706887990714009,0.2815914514228917,-1.3877787807814457e-17
484.0,0.047,3,2,70.95620515660629,0.13618746400005485,0.018639899638229356,-2.7755575615628914e-17
484.0,0.047,3,3,177.84466440095005,0.14490158103663422,0.006151877328088706,8.326672684688674e-17
484.0,0.0475,3,1,8.817563101946096,0.07828801382422981,0.273031698728677,2.7755575615628914e-17
484.0,0.0475,3,2,65.58271094420904,0.1351908311557001,0.020498289373070775,2.7755575615628914e-17
484.0,0.0475,3,3,184.83821046817832,0.1451808804283255,0.005863257133905221,-1.1102230246251565e-16
484.0,0.048,3,1,9.02655307977245,0.0795409111257196,0.264372540789419,0.0
484.0,0.048,3,2,60.88069872594003,0.1342017925996828,0.022429802970908626,0.0
484.0,0.048,3,3,191.11338393636566,0.1454189073515013,0.0056227595383062014,2.220446049250313e-16
484.0,0.0485,3,1,9.250826082899575,0.08083160512328093,0.25559806930173784,1.3877787807814457e-17
484.0,0.0485,3,2,56.680486089185884,0.13320531468848307,0.024463779406409765,2.7755575615628914e-17
484.0,0.0485,3,3,196.83892117979934,0.14562665921317577,0.0054169673143615385,5.551115123125783e-17
484.0,0.049,3,1,9.492708767369885,0.08216498927551334,0.24668888595979938,1.3877787807814457e-17
484.0,0.049,3,2,52.870833400279714,0.1321895083347964,0.02662805688904204,-2.7755575615628914e-17
484.0,0.049,3,3,202.1246450335244,0.1458111288280587,0.005237453411797749,-2.7755575615628914e-16
484.0,0.0495,3,1,9.755110610597486,0.08354709719636531,0.2376209528676545,-1.3877787807814457e-17
484.0,0.0495,3,2,49.373268502925995,0.13114358099604842,0.028952351206654195,-2.7755575615628914e-17
484.0,0.0495,3,3,207.0469938930603,0.14597707241648858,0.005078552232597338,-5.551115123125783e-17
484.0,0.05,3,1,10.041741993345799,0.08498551188784027,0.22836390890782504,-1.3877787807814457e-17
484.0,0.05,3,2,46.12904708975169,0.1300565486657597,0.031471039112097476,0.0
484.0,0.05,3,3,211.6618448654159,0.14612788837551646,0.00493625990533418,-5.273559366969494e-16
484.0,0.0505,3,1,10.357447470492193,0.0864899854907387,0.21887851470523756,0.0
484.0,0.0505,3,2,43.09172960524822,0.1289161351581565,0.03422631106688069,0.0
484.0,0.0505,3,3,216.01160510952943,0.1462660982389757,0.004807636605292538,1.942890293094024e-16
484.0,0.051,3,1,10.708737631065038,0.08807341920370103,0.20911260433402862,1.3877787807814457e-17
484.0,0.051,3,2,40.22243652648699,0.12770750927730248,0.03727256874230958,2.7755575615628914e-17
484.0,0.051,3,3,220.1294261251555,0.1463936295849799,0.0046904573725205035,5.551115123125783e-16
484.0,0.0515,3,1,11.10468469813968,0.08975349773521069,0.19899431895331413,2.7755575615628914e-17
484.0,0.0515,3,2,37.48630510109083,0.12641147433885733,0.04068340723523255,2.7755575615628914e-17
484.0,0.0515,3,3,224.04185276566,0.14651199205806806,0.004582996284734126,4.996003610813204e-16
484.0,0.052,3,1,11.558537428867814,0.0915556077057818,0.18841999995590328,-2.7755575615628914e-17
484.0,0.052,3,2,34.849133877814786,0.12500143519463228,0.04456386151900075,0.0
484.0,0.052,3,3,227.77056508413742,0.14662239193858737,0.004483886880583686,-4.718447854656915e-16
484.0,0.0525,3,1,12.090909064799437,0.09351854065050978,0.177230480860108,0.0
484.0,0.0525,3,2,32.27300741218627,0.12343761784140268,0.049074208259190094,-4.163336342344337e-17
484.0,0.0525,3,3,231.33356688497184,0.14672580952766184,0.004392028473693485,3.885780586188048e-16
484.0,0.053,3,1,12.736919554567883,0.0957071353263046,0.1651584204994039,0.0
484.0,0.053,3,2,29.70831863304226,0.12165437319512301,0.05448269751722219,4.163336342344337e-17
484.0,0.053,3,3,234.74602227727308,0.14682305306226753,0.004306521279676058,5.551115123125783e-17
484.0,0.0535,3,1,13.565592270863577,0.09824622797877237,0.1516865625104896,-4.163336342344337e-17
484.0,0.0535,3,2,27.073768673962828,0.11952618825442186,0.06130733940846323,-4.163336342344337e-17
484.0,0.0535,3,3,238.02086020836012,0.146914797281562,0.004226620289072965,2.498001805406602e-16
484.0,0.054,3,1,14.754135404667014,0.10144906089745236,0.13551039941708318,4.163336342344337e-17
484.0,0.054,3,2,24.181639605758647,0.11673924932218153,0.07085327359114191,1.3877787807814457e-17
484.0,0.054,3,3,241.1692213618749,0.14700161164694178,0.004151701712635978,-3.885780586188048e-16
484.0,0.0545,3,1,17.46260041604907,0.10730197918311218,0.10830543868217786,0.0
484.0,0.0545,3,2,19.862799994165115,0.11130672417422142,0.09144552812968623,1.3877787807814457e-17
484.0,0.0545,3,3,244.20079512061056,0.14708398140309756,0.004081238082694417,-5.551115123125783e-17
485.0,0.0455,3,1,8.102136682594208,0.0735885990412828,0.30675401423857135,0.0
485.0,0.0455,3,2,95.31695065163883,0.1395111177239044,0.013080571534556079,-2.7755575615628914e-17
485.0,0.0455,3,3,149.09616521066056,0.1435558277292004,0.007639737673074763,-2.7755575615628914e-17
485.0,0.046,3,1,8.266025078560737,0.07472499014694932,0.2984194822605333,0.0
485.0,0.046,3,2,84.71041207547424,0.1382546423962493,0.015066783899308402,-2.7755575615628914e-17
485.0,0.046,3,3,161.46329482017185,0.1441774339733479,0.006932485923016101,-8.326672684688674e-17
485.0,0.0465,3,1,8.439352186017858,0.07588651584075429,0.2900192341092068,1.3877787807814457e-17
485.0,0.0465,3,2,76.98107776575812,0.13716616241728458,0.016900874043563077,-5.551115123125783e-17
485.0,0.0465,3,3,170.9071659089361,0.14460600493211048,0.0064648693989061284,-5.551115123125783e-17
485.0,0.047,3,1,8.623219604384238,0.07707561693134095,0.28154378657649304,-1.3877787807814457e-17
485.0,0.047,3,2,70.72123025543648,0.13614506603847218,0.01871715965969389,0.0
485.0,0.047,3,3,178.8354602165313,0.14493970825579636,0.006112069047568071,-1.3877787807814457e-16
485.0,0.0475,3,1,8.81893255372422,0.07829514988082695,0.27298198414725156,2.7755575615628914e-17
485.0,0.0475,3,2,65.39410857670401,0.13515202651127048,0.0205724329340527,2.7755575615628914e-17
485.0,0.0475,3,3,185.78465770902497,0.14521501106934812,0.005828462929759907,-1.1102230246251565e-16
485.0,0.048,3,1,9.02805439860574,0.0795484927222123,0.2643205667789831,-4.163336342344337e-17
485.0,0.048,3,2,60.72470527544053,0.13416545464675864,0.02250242410510464,-2.7755575615628914e-17
485.0,0.048,3,3,192.02918707916925,0.14545012148919254,0.005591594920814121,2.220446049250313e-16
485.0,0.0485,3,1,9.25248104503234,0.08083968838517787,0.2555435837911721,1.3877787807814457e-17
485.0,0.0485,3,2,56.54867643523753,0.13317071662758453,0.024535985255068605,2.7755575615628914e-17
485.0,0.0485,3,3,197.73244324435092,0.14565562747973068,0.0053885770656106535,3.0531133177191805e-16
485.0,0.049,3,1,9.494544728794724,0.0821736429556647,0.24663158140479552,-4.163336342344337e-17
485.0,0.049,3,2,52.757635147786324,0.13215613173653193,0.026700725447171315,-2.7755575615628914e-17
485.0,0.049,3,3,203.00139189535096,0.14583830085975422,0.005211266935480485,-3.885780586188048e-16
485.0,0.0495,3,1,9.757162572726962,0.08355640700805032,0.23756044743779134,1.3877787807814457e-17
485.0,0.0495,3,2,49.27478178237726,0.13111102155929966,0.0290262665268307,0.0
485.0,0.0495,3,3,207.91079237319278,0.14600276676236165,0.005054167163068285,-6.938893903907228e-16
485.0,0.05,3,1,10.044055726079607,0.08499558694862908,0.2282997185755244,-2.7755575615628914e-17
485.0,0.05,3,2,46.04241896773273,0.13002446197777506,0.03154698091932435,0.0
485.0,0.05,3,3,212.5154651545858,0.14615234029336024,0.004913380403751433,1.3877787807814457e-16
485.0,0.0505,3,1,10.360084422221268,0.08650096828342835,0.2188100102047809,0.0
485.0,0.0505,3,2,43.01479302774946,0.1288841992154914,0.03430513323002724,0.0
485.0,0.0505,3,3,216.8571168746017,0.14628948721341753,0.004786037929108263,-6.106226635438361e-16
485.0,0.051,3,1,10.711783025332663,0.08808550171926129,0.20903894157969893,1.3877787807814457e-17
485.0,0.051,3,2,40.15348556322166,0.12767539149555726,0.03735529049097708,2.7755575615628914e-17
485.0,0.051,3,3,220.96841512979947,0.1464160961747531,0.004669964240430627,0.0
485.0,0.0515,3,1,11.108261705728717,0.08976694922828338,0.19891431970380116,0.0
485.0,0.0515,3,2,37.42394238369257,0.12637879296601576,0.040771346369181394,-2.7755575615628914e-17
485.0,0.0515,3,3,224.87555922345803,0.14653364872713157,0.0045634690027973315,-1.6653345369377348e-16
485.0,0.052,3,1,11.562833956727205,0.09157082620017225,0.1883319309350796,1.3877787807814457e-17
485.0,0.052,3,2,34.79215183080151,0.12496770055891136,0.044658864546694245,2.7755575615628914e-17
485.0,0.052,3,3,228.599975603778,0.14664333030274332,0.004465212082859906,-4.996003610813204e-16
485.0,0.0525,3,1,12.09623390722769,0.09353615884785153,0.17713160077606577,-1.3877787807814457e-17
485.0,0.0525,3,2,32.220268913717845,0.12340212143062192,0.04917910976714971,1.3877787807814457e-17
485.0,0.0525,3,3,232.15947762496478,0.14674610536648217,0.0043741127338097156,-3.885780586188048e-16
485.0,0.053,3,1,12.743838795892954,0.09572827276264378,0.16504390451563794,-2.7755575615628914e-17
485.0,0.053,3,2,29.658575974755692,0.12161593193512028,0.0546024002320548,-2.7755575615628914e-17
485.0,0.053,3,3,235.56908355159783,0.14684276988405598,0.004289286577572837,-2.7755575615628914e-17
485.0,0.0535,3,1,13.575347085662687,0.09827324699314192,0.15154628716303953,2.7755575615628914e-17
485.0,0.0535,3,2,27.02521346506299,0.11948238594301756,0.06145203257489523,1.3877787807814457e-17
485.0,0.0535,3,3,238.84160875172188,0.1469339889207786,0.004210000715791316,8.049116928532385e-16
485.0,0.054,3,1,14.770630238172735,0.10148907854814504,0.1353140546923209,2.7755575615628914e-17
485.0,0.054,3,2,24.129890737675264,0.11668292278055607,0.07105332334000387,1.3877787807814457e-17
485.0,0.054,3,3,241.98810415555792,0.14702032419651737,0.004135641024506952,-5.551115123125783e-17
485.0,0.0545,3,1,17.560224013336015,0.10748208441017935,0.10751658363311851,-4.163336342344337e-17
485.0,0.0545,3,2,19.733064669298475,0.11111074462041691,0.09223742371039942,-1.3877787807814457e-17
485.0,0.0545,3,3,245.0181873067308,0.14710225467839952,0.004065687852502619,-6.661338147750939e-16
486.0,0.045,3,1,7.9476652335963145,0.07248069458288858,0.31499012869736287,0.0
486.0,0.045,3,2,118.0867045089468,0.14157527012908405,0.010122233309091585,5.551115123125783e-17
486.0,0.045,3,3,125.26701195500368,0.1421006336063606,0.009429747516174645,5.551115123125783e-17
486.0,0.0455,3,1,8.103122755179012,0.07359432900579987,0.306711701530714,2.7755575615628914e-17
486.0,0.0455,3,2,94.60597924425657,0.13943247711792037,0.01320076841787181,-8.326672684688674e-17
486.0,0.0455,3,3,150.5567996469187,0.14363121212177302,0.00755213667519947,-8.326672684688674e-17
486.0,0.046,3,1,8.26708873153429,0.07473101757410207,0.2983755818764392,-1.3877787807814457e-17
486.0,0.046,3,2,84.28906886374463,0.13819801025247216,0.01515961198869187,5.551115123125783e-17
486.0,0.046,3,3,162.63649192835194,0.14423050837161924,0.006873690361754539,1.1102230246251565e-16
486.0,0.0465,3,1,8.440503424182463,0.07589286906451716,0.2899736168476895,-4.163336342344337e-17
486.0,0.0465,3,2,76.68118172331847,0.13711891199388643,0.016982876122097874,0.0
486.0,0.0465,3,3,171.96105129212881,0.14464936769563422,0.006418465535963433,1.1102230246251565e-16
486.0,0.047,3,1,8.624470367552076,0.07708232900720119,0.2814963022531473,1.3877787807814457e-17
486.0,0.047,3,2,70.49040109919845,0.13610318269381896,0.01879363880451393,0.0
486.0,0.047,3,3,179.82235816038306,0.14497734092414907,0.006072903836208219,0.0
486.0,0.0475,3,1,8.820297240358004,0.07830225975537282,0.2729324564692816,-4.163336342344337e-17
486.0,0.0475,3,2,65.20835066589467,0.13511362069978886,0.02064594624223766,0.0
486.0,0.0475,3,3,186.728506704961,0.14524876419661512,0.005794155414027088,2.220446049250313e-16
486.0,0.048,3,1,9.029550578863676,0.0795560468017555,0.26426878648670354,0.0
486.0,0.048,3,2,60.570790774122436,0.1341294449118295,0.022574505085631417,0.0
486.0,0.048,3,3,192.9431558974016,0.14548103008239652,0.0055608207020161156,0.0
486.0,0.0485,3,1,9.25413045206592,0.08084774268298837,0.2554892992907906,4.163336342344337e-17
486.0,0.0485,3,2,56.41845387683197,0.1331363999475445,0.02460770897213461,0.0
486.0,0.0485,3,3,198.62462132915985,0.14568433850554055,0.005360512526162842,8.326672684688674e-17
486.0,0.049,3,1,9.496374670157492,0.08218226610127385,0.24657448567048387,0.0
486.0,0.049,3,2,52.64568777914124,0.13212300363649124,0.026772950886168937,5.551115123125783e-17
486.0,0.049,3,3,203.87712956307206,0.14586525012331295,0.00518535997080158,3.3306690738754696e-16
486.0,0.0495,3,1,9.75920799650274,0.08356568458196605,0.2375001591887876,1.3877787807814457e-17
486.0,0.0495,3,2,49.17730534494676,0.1310786865979163,0.029099765511056284,0.0
486.0,0.0495,3,3,208.773820920604,0.1460282640857468,0.005030027087721013,-3.3306690738754696e-16
486.0,0.05,3,1,10.046362346065338,0.08500562793158295,0.22823575433738533,0.0
486.0,0.05,3,2,45.95662276990376,0.1299925817121578,0.03162252480712694,0.0
486.0,0.05,3,3,213.36849261920867,0.14617661510138627,0.00489071919298854,-8.326672684688674e-17
486.0,0.0505,3,1,10.362713633973383,0.08651191503117937,0.21874174120164033,-1.3877787807814457e-17
486.0,0.0505,3,2,42.93855240841274,0.12885245584721314,0.034383569933733656,-8.326672684688674e-17
486.0,0.0505,3,3,217.70217061487415,0.1463127149127725,0.004764636307643017,-4.996003610813204e-16
486.0,0.051,3,1,10.714820018342863,0.08809754613914073,0.2089655239963724,0.0
486.0,0.051,3,2,40.08512451965191,0.1276434554795547,0.037437635004964505,2.7755575615628914e-17
486.0,0.051,3,3,221.8070510466798,0.14643841436850993,0.004649650892211043,1.1102230246251565e-16
486.0,0.0515,3,1,11.111829675029243,0.0897803606167654,0.19883457497782492,2.7755575615628914e-17
486.0,0.0515,3,2,37.36208526736521,0.12634628471503526,0.04085891385301406,5.551115123125783e-17
486.0,0.0515,3,3,225.70899581644056,0.1465551676726892,0.004544107195786982,-1.3877787807814457e-16
486.0,0.052,3,1,11.567120997322476,0.0915860029600462,0.18824412393307682,-1.3877787807814457e-17
486.0,0.052,3,2,34.73560709321032,0.12493413171073557,0.04475350109908392,-4.163336342344337e-17
486.0,0.052,3,3,229.42918329574928,0.14666413992738678,0.0044466907186670734,-6.106226635438361e-16
486.0,0.0525,3,1,12.101549475803065,0.09355373500096013,0.1770329841528953,4.163336342344337e-17
486.0,0.0525,3,2,32.1679111205684,0.12336678347232766,0.04928365425584983,2.7755575615628914e-17
486.0,0.0525,3,3,232.98524025298818,0.1467662801303469,0.0043563401586018645,-1.3877787807814457e-16
486.0,0.053,3,1,12.750751191126787,0.09574937214230587,0.16492963431856525,-1.3877787807814457e-17
486.0,0.053,3,2,29.609164781608804,0.12157763854502669,0.05472177308983295,1.3877787807814457e-17
486.0,0.053,3,3,236.39204187914015,0.1468623722457192,0.004272186181894284,5.551115123125783e-17
486.0,0.0535,3,1,13.585106218372502,0.09830024833119239,0.15140616841384835,-2.7755575615628914e-17
486.0,0.0535,3,2,26.976939291407174,0.11943870537444017,0.06159649342113405,1.3877787807814457e-17
486.0,0.0535,3,3,239.6622919940321,0.14695307186642897,0.004193507730809104,-2.7755575615628914e-16
486.0,0.054,3,1,14.787197062950153,0.10152920071920134,0.13511734004924003,1.3877787807814457e-17
486.0,0.054,3,2,24.07832199391023,0.11662659073327453,0.07125367470008039,0.0
486.0,0.054,3,3,242.80695329199048,0.14703893312418503,0.004119700140667826,-1.3877787807814457e-16
486.0,0.0545,3,1,17.67016450117248,0.10768298695602903,0.1066400390219704,1.3877787807814457e-17
486.0,0.0545,3,2,19.591236206499968,0.11089406228692038,0.09311694718687868,1.3877787807814457e-17
486.0,0.0545,3,3,245.83557263055556,0.14712042882728973,0.004050251417153432,-1.3877787807814457e-16
487.0,0.045,3,1,7.948578822930812,0.07248613087046886,0.3149494491971085,1.3877787807814457e-17
487.0,0.045,3,2,113.65672676708606,0.14122366314891627,0.010599393673300055,-5.551115123125783e-17
487.0,0.045,3,3,130.4446609789268,0.1424492771260126,0.008983740682253338,-5.551115123125783e-17
487.0,0.0455,3,1,8.104105240037113,0.07360003733810114,0.30666955146707997,-2.7755575615628914e-17
487.0,0.0455,3,2,93.93046416708106,0.13935683060926315,0.013316907748186073,2.7755575615628914e-17
487.0,0.0455,3,3,151.98223024832774,0.14370361912480023,0.007468471181008437,0.0
487.0,0.046,3,1,8.268148550787624,0.07473702238584529,0.29833184942141894,1.3877787807814457e-17
487.0,0.046,3,2,83.87990556061969,0.13814255548911183,0.015250786440818303,2.7755575615628914e-17
487.0,0.046,3,3,163.7977597633118,0.14428242309949352,0.0068164217213808895,8.326672684688674e-17
487.0,0.0465,3,1,8.441650557035207,0.07589919861675905,0.28992817311968216,-1.3877787807814457e-17
487.0,0.0465,3,2,76.38768784604865,0.13707236621359545,0.01706384934423228,2.7755575615628914e-17
487.0,0.0465,3,3,173.00878335055492,0.14469204460129195,0.006372958827047063,0.0
487.0,0.047,3,1,8.62571672466763,0.07708901627419709,0.281448997421605,-1.3877787807814457e-17
487.0,0.047,3,2,70.26358261086226,0.13606179970640908,0.01886935744221843,2.7755575615628914e-17
487.0,0.047,3,3,180.8054925491816,0.14501449317701473,0.00603436209035323,5.551115123125783e-17
487.0,0.0475,3,1,8.821657186969095,0.07830934359314588,0.27288311463324955,0.0
487.0,0.0475,3,2,65.02536005036971,0.1350756047456905,0.020718842438907897,-2.7755575615628914e-17
487.0,0.0475,3,3,187.66983386133586,0.14528214865539416,0.0057603222377328265,8.326672684688674e-17
487.0,0.048,3,1,9.031041647267593,0.07956357351573544,0.26421719881960787,-2.7755575615628914e-17
487.0,0.048,3,2,60.41890642644421,0.1340937571336502,0.02264605532381093,-2.7755575615628914e-17
487.0,0.048,3,3,193.85533843462449,0.14551163925582175,0.005530428290520075,4.718447854656915e-16
487.0,0.0485,3,1,9.255774332435951,0.0808557681745103,0.2554352146750238,0.0
487.0,0.0485,3,2,56.28978532696679,0.13310235996132622,0.024678957800149025,2.7755575615628914e-17
487.0,0.0485,3,3,199.51548777311413,0.14571279683456254,0.005332767302163582,2.498001805406602e-16
487.0,0.049,3,1,9.498198621716877,0.08219085887683399,0.24651759759769337,1.3877787807814457e-17
487.0,0.049,3,2,52.53496769018862,0.1320901203413695,0.026844739079087968,-2.7755575615628914e-17
487.0,0.049,3,3,204.75188089638505,0.1458919801621337,0.005159727523154024,2.498001805406602e-16
487.0,0.0495,3,1,9.761246914098194,0.08357493008953869,0.23744008692712304,-1.3877787807814457e-17
487.0,0.0495,3,2,49.0808216891349,0.13104657308627032,0.029172853114145157,0.0
487.0,0.0495,3,3,209.63609629581103,0.1460535672553019,0.00500612796068938,-2.7755575615628914e-17
487.0,0.05,3,1,10.048661887446002,0.08501563501520883,0.22817201496525397,1.3877787807814457e-17
487.0,0.05,3,2,45.87164512067606,0.129960905313829,0.03169767508598747,5.551115123125783e-17
487.0,0.05,3,3,214.2209398972247,0.14620071519049163,0.004868272902295594,6.106226635438361e-16
487.0,0.0505,3,1,10.365335141849368,0.08652282591957318,0.21867370643349388,0.0
487.0,0.0505,3,2,42.86299727262488,0.12882090284266035,0.0344616250196595,0.0
487.0,0.0505,3,3,218.54677607055902,0.14633578337631473,0.00474342886928324,-1.3877787807814457e-16
487.0,0.051,3,1,10.717848648033682,0.08810955265574899,0.208892350289154,0.0
487.0,0.051,3,2,40.01734502702881,0.12761169927871338,0.037519605774001305,2.7755575615628914e-17
487.0,0.051,3,3,222.64534151343142,0.14646058593848574,0.004629514836895373,1.1102230246251565e-16
487.0,0.0515,3,1,11.115388645557564,0.08979373209935498,0.1987550834508423,2.7755575615628914e-17
487.0,0.0515,3,2,37.30072695313878,0.1263139478370508,0.04094611290443191,0.0
487.0,0.0515,3,3,226.5421686159247,0.14657655045884085,0.004524908670552405,-2.498001805406602e-16
487.0,0.052,3,1,11.571398591479968,0.09160113818983388,0.18815657759864612,1.3877787807814457e-17
487.0,0.052,3,2,34.67949406266204,0.1249007270611796,0.04484777417864231,2.7755575615628914e-17
487.0,0.052,3,3,230.2581930384267,0.1466848222108153,0.004428320832924911,5.828670879282072e-16
487.0,0.0525,3,1,12.106855813506415,0.0935712693216541,0.17693462960555636,0.0
487.0,0.0525,3,2,32.115929358944506,0.12333160250463078,0.04938784456386884,-1.3877787807814457e-17
487.0,0.0525,3,3,233.81085872155265,0.14678633508299876,0.004338708986810018,6.938893903907228e-16
487.0,0.053,3,1,12.757656794841333,0.09577043370265942,0.16481560840918422,2.7755575615628914e-17
487.0,0.053,3,2,29.5600811033475,0.12153949164822929,0.054840818878930365,2.7755575615628914e-17
487.0,0.053,3,3,237.21490048207912,0.14688186130004394,0.00425521849167507,-5.551115123125783e-17
487.0,0.0535,3,1,13.59486981500859,0.0983272324045966,0.15126620400081747,-1.3877787807814457e-17
487.0,0.0535,3,2,26.9289427002919,0.1193951450904188,0.06174072536038715,1.3877787807814457e-17
487.0,0.0535,3,3,240.48291257320213,0.14697204717852322,0.004177139867550724,2.7755575615628914e-17
487.0,0.054,3,1,14.803837305701634,0.10156943012440693,0.1349202433152767,1.3877787807814457e-17
487.0,0.054,3,2,24.026929118949724,0.11657024949834982,0.071454340877142,0.0
487.0,0.054,3,3,243.62577093585324,0.14705743941142838,0.004103877708569532,8.326672684688674e-17
487.0,0.0545,3,1,17.79806190688192,0.10791417577591471,0.10563579413568239,-4.163336342344337e-17
487.0,0.0545,3,2,19.431672141692104,0.11064718731733164,0.09412411020372777,-1.3877787807814457e-17
487.0,0.0545,3,3,246.65295286928153,0.14713850476406748,0.004034927521873017,1.6653345369377348e-16
488.0,0.045,3,1,7.949489066576437,0.07249154656168005,0.3149089264306186,-1.3877787807814457e-17
488.0,0.045,3,2,111.09628493138709,0.14100978425735444,0.010895020745734693,0.0
488.0,0.045,3,3,133.75302773946115,0.14266020822560022,0.008719150136058744,5.551115123125783e-17
488.0,0.0455,3,1,8.105084156826011,0.07360572416106288,0.3066275631075207,0.0
488.0,0.0455,3,2,93.28669561034512,0.13928388135240324,0.013429387790300966,-2.7755575615628914e-17
488.0,0.0455,3,3,153.37616605411338,0.14377334547638718,0.007388343614031576,-1.1102230246251565e-16
488.0,0.046,3,1,8.269204557150589,0.07474300470996345,0.29828828392871914,2.7755575615628914e-17
488.0,0.046,3,2,83.48222216748808,0.13808821676081567,0.015340391151298424,2.7755575615628914e-17
488.0,0.046,3,3,164.94779755802293,0.14433323938986012,0.006760596817434496,2.7755575615628914e-17
488.0,0.0465,3,1,8.442793606672984,0.07590550463044424,0.2898829019307101,-2.7755575615628914e-17
488.0,0.0465,3,2,76.1003358391301,0.1370265000269435,0.017143828694937534,-2.7755575615628914e-17
488.0,0.0465,3,3,174.05062161808945,0.14473406058077845,0.006328315022265641,0.0
488.0,0.047,3,1,8.626958699196894,0.07709567887075974,0.2814018710585052,0.0
488.0,0.047,3,2,70.04064638510835,0.1360209034793764,0.01894433500380754,-5.551115123125783e-17
488.0,0.047,3,3,181.78499103178675,0.1450511784878891,0.0059964251391698324,-5.551115123125783e-17
488.0,0.0475,3,1,8.823012418500888,0.07831640153834193,0.27283395758572343,0.0
488.0,0.0475,3,2,64.84506271137202,0.13503797001180554,0.020791134177244517,2.7755575615628914e-17
488.0,0.0475,3,3,188.60871244472347,0.14531517295358945,0.005726951534134743,3.0531133177191805e-16
488.0,0.048,3,1,9.032527630351481,0.07957107301441835,0.264165802693004,-5.551115123125783e-17
488.0,0.048,3,2,60.26900514072864,0.13405838525016298,0.022717083938125597,0.0
488.0,0.048,3,3,194.76578103438607,0.14554195493605987,0.005500409381737791,-2.7755575615628914e-16
488.0,0.0485,3,1,9.257412714381163,0.08086376501638269,0.2553813288267833,0.0
488.0,0.0485,3,2,56.16263871623721,0.1330685921112513,0.024749738787686323,2.7755575615628914e-17
488.0,0.0485,3,3,200.40507390133953,0.1457410068825063,0.0053053351875208534,1.6653345369377348e-16
488.0,0.049,3,1,9.50001661352493,0.08219942144563992,0.24646091603593465,1.3877787807814457e-17
488.0,0.049,3,2,52.42545192889142,0.13205747824813852,0.02691609576082758,-5.551115123125783e-17
488.0,0.049,3,3,205.62566810669304,0.14591849443048957,0.005134364729712362,-1.6653345369377348e-16
488.0,0.0495,3,1,9.76327935747033,0.08358414370095657,0.23738022946815737,0.0
488.0,0.0495,3,2,48.98531375434195,0.13101467806529135,0.029245534186892824,-2.7755575615628914e-17
488.0,0.0495,3,3,210.49763482223824,0.14607867907431912,0.00498246583358693,3.885780586188048e-16
488.0,0.05,3,1,10.050954384138814,0.08502560837673694,0.22810849924004944,4.163336342344337e-17
488.0,0.05,3,2,45.78747295534609,0.12992943027894546,0.031772435984572536,-2.7755575615628914e-17
488.0,0.05,3,3,215.07281931947003,0.1462246429015694,0.004846038236038071,-8.326672684688674e-17
488.0,0.0505,3,1,10.367948981715378,0.08653370113287685,0.21860590464727778,1.3877787807814457e-17
488.0,0.0505,3,2,42.78811737251482,0.1287895380320084,0.034539302262812606,0.0
488.0,0.0505,3,3,219.39094275889943,0.1463586946037523,0.004722412802214358,2.220446049250313e-16
488.0,0.051,3,1,10.720868952100824,0.0881215214601463,0.2088194191725761,1.3877787807814457e-17
488.0,0.051,3,2,39.950138886622014,0.12758012097594032,0.037601206231942734,2.7755575615628914e-17
488.0,0.051,3,3,223.4832940014246,0.14648261262473408,0.004609553632400152,-4.996003610813204e-16
488.0,0.0515,3,1,11.118938656581118,0.08980706387336847,0.19867584380789366,0.0
488.0,0.0515,3,2,37.23986077250767,0.12628178061131787,0.041032946693179105,-2.7755575615628914e-17
488.0,0.0515,3,3,227.37508356650105,0.1465977986229058,0.004505871274785291,7.771561172376096e-16
488.0,0.052,3,1,11.57566677977138,0.09161623209255255,0.18806929059027125,-1.3877787807814457e-17
488.0,0.052,3,2,34.62380723886575,0.124867485045408,0.04494168674585758,-6.938893903907228e-17
488.0,0.052,3,3,231.0870096118094,0.14670537852860893,0.004410100505307096,-1.6653345369377348e-16
488.0,0.0525,3,1,12.112152963062151,0.09358876202031631,0.17683653575884736,0.0
488.0,0.0525,3,2,32.064319036276856,0.12329657708662549,0.049491683492443234,0.0
488.0,0.0525,3,3,234.6363369056365,0.14680627146859326,0.004321217487208391,0.0
488.0,0.053,3,1,12.76455566140755,0.09579145767972409,0.16470182529795258,-1.3877787807814457e-17
488.0,0.053,3,2,29.51132105522314,0.12150148988655039,0.05495954035452575,0.0
488.0,0.053,3,3,238.03766252070497,0.14690123818269143,0.004238381932250462,-2.7755575615628914e-17
488.0,0.0535,3,1,13.604638022428837,0.09835419962559723,0.1511263916629249,1.3877787807814457e-17
488.0,0.0535,3,2,26.881220291501663,0.11935170364722981,0.061884731784086225,1.3877787807814457e-17
488.0,0.0535,3,3,241.30347307719921,0.14699091590191707,0.004160895682735682,2.220446049250313e-16
488.0,0.054,3,1,14.820552429902703,0.10160976954214838,0.13472275204354617,-1.3877787807814457e-17
488.0,0.054,3,2,23.975707864533714,0.11651389534270913,0.07165533533306793,4.163336342344337e-17
488.0,0.054,3,3,244.4445592111665,0.14707584402617963,0.004088172396501283,-2.7755575615628914e-17
488.0,0.0545,3,1,17.955788538505562,0.10819560838234105,0.1044197107201108,2.7755575615628914e-17
488.0,0.0545,3,2,19.242497766775568,0.11035016131019383,0.09534305193049686,4.163336342344337e-17
488.0,0.0545,3,3,247.47032976675646,0.1471564833908024,0.004019714930690156,5.551115123125783e-17
489.0,0.045,3,1,7.950395982968377,0.0724969417738439,0.3148685594903764,-1.3877787807814457e-17
489.0,0.045,3,2,109.14190247541721,0.14084088974187306,0.011131342901036866,2.7755575615628914e-17
489.0,0.045,3,3,136.45558799135102,0.14282617051585297,0.008513748164475065,0.0
489.0,0.0455,3,1,8.106059525058972,0.07361138959662784,0.30658573551915186,-2.7755575615628914e-17
489.0,0.0455,3,2,92.67155553230775,0.13921337921994711,0.013538544119903023,2.7755575615628914e-17
489.0,0.0455,3,3,154.74172433940873,0.14384064119738085,0.007311419081723062,2.7755575615628914e-17
489.0,0.046,3,1,8.270256771301451,0.07474896467327506,0.2982448844390273,1.3877787807814457e-17
489.0,0.046,3,2,83.09538060015979,0.13803493799380415,0.015428502815074113,-2.7755575615628914e-17
489.0,0.046,3,3,166.08724263494355,0.1443830132049473,0.006706139660782678,2.7755575615628914e-17
489.0,0.0465,3,1,8.443932595033269,0.07591178723753715,0.289837802293922,-1.3877787807814457e-17
489.0,0.0465,3,2,75.8188815901104,0.13698128987283856,0.01722284708955496,-5.551115123125783e-17
489.0,0.0465,3,3,175.08680945012514,0.14477543907835913,0.0062845019358633795,-1.1102230246251565e-16
489.0,0.047,3,1,8.628196314437947,0.0771023169342843,0.2813549221483045,1.3877787807814457e-17
489.0,0.047,3,2,69.82147024425798,0.13598048103567523,0.019018590042659406,-2.7755575615628914e-17
489.0,0.047,3,3,182.76097503328592,0.1450874097114313,0.005959075183794083,1.6653345369377348e-16
489.0,0.0475,3,1,8.824362959720125,0.07832343373408453,0.272784984281281,1.3877787807814457e-17
489.0,0.0475,3,2,64.66738760060038,0.13500070818143464,0.020862833648168797,0.0
489.0,0.0475,3,3,189.54521275508523,0.1453478452796563,0.005694031892935245,-1.3877787807814457e-16
489.0,0.048,3,1,9.034008554463542,0.07957854544696054,0.26411459703040474,4.163336342344337e-17
489.0,0.048,3,2,60.12104144932974,0.13402332338955344,0.022787599767341703,2.7755575615628914e-17
489.0,0.048,3,3,195.67452842004107,0.14557198286051967,0.005470755944816903,8.326672684688674e-17
489.0,0.0485,3,1,9.259045625944964,0.08087173336409569,0.25532764063738583,-1.3877787807814457e-17
489.0,0.0485,3,2,56.036982950970206,0.1330350919639449,0.024820058796903084,5.551115123125783e-17
489.0,0.0485,3,3,201.29341006704342,0.14576897294187768,0.0052782101564135585,2.498001805406602e-16
489.0,0.049,3,1,9.501828675428808,0.08220795396979898,0.24640443984331933,1.3877787807814457e-17
489.0,0.049,3,2,52.31711817130965,0.13202507384091733,0.026987026532889855,0.0
489.0,0.049,3,3,206.49851278109713,0.1459447962966469,0.0051092668547337025,0.0
489.0,0.0495,3,1,9.765305358361546,0.08359332558518118,0.2373205856360496,0.0
489.0,0.0495,3,2,48.89076490610655,0.13098299864038865,0.029317813479291365,-5.551115123125783e-17
489.0,0.0495,3,3,211.35845240094608,0.14610360228279126,0.004959036852350996,-1.3877787807814457e-16
489.0,0.05,3,1,10.05323986983707,0.08503554819213217,0.22804520595167993,1.3877787807814457e-17
489.0,0.05,3,2,45.70409351052215,0.12989815415344166,0.03184681165203043,-2.7755575615628914e-17
489.0,0.05,3,3,215.92414291923728,0.14624840052695506,0.0048240119714605045,-1.942890293094024e-16
489.0,0.0505,3,1,10.370555189204941,0.08654454085405495,0.21853833459909988,-1.3877787807814457e-17
489.0,0.0505,3,2,42.71390268046971,0.12875835928519905,0.03461660537326581,2.7755575615628914e-17
489.0,0.0505,3,3,220.23467998062375,0.146381450556285,0.004701585352766878,1.942890293094024e-16
489.0,0.051,3,1,10.723880967999618,0.08813345274205553,0.20874672937051164,-2.7755575615628914e-17
489.0,0.051,3,2,39.883498065170066,0.12754871868681672,0.03768243975809994,5.551115123125783e-17
489.0,0.051,3,3,224.32091582029187,0.14650449613592856,0.004589764884257881,5.551115123125783e-16
489.0,0.0515,3,1,11.122479747120517,0.08982035613475264,0.19859685474351466,1.3877787807814457e-17
489.0,0.0515,3,2,37.17948018414307,0.12624978134457412,0.04111941834210355,0.0
489.0,0.0515,3,3,228.2077464892866,0.14661891367604912,0.004486992896020628,-1.1102230246251565e-16
489.0,0.052,3,1,11.579925602516322,0.09163128486982036,0.1879822615760697,-1.3877787807814457e-17
489.0,0.052,3,2,34.56854122117938,0.12483440412215936,0.04503524172010858,-4.163336342344337e-17
489.0,0.052,3,3,231.91563769994465,0.14672581023413223,0.004392027849433859,-3.0531133177191805e-16
489.0,0.0525,3,1,12.117440966940237,0.09360621330590642,0.17673870124731642,1.3877787807814457e-17
489.0,0.0525,3,2,32.01307563937504,0.12326170579796587,0.04959517380619694,5.551115123125783e-17
489.0,0.0525,3,3,235.4616786045143,0.14682609051210987,0.004303863957939179,5.551115123125783e-17
489.0,0.053,3,1,12.771447844998173,0.09581244430818514,0.16458828350468943,-2.7755575615628914e-17
489.0,0.053,3,2,29.462880816568408,0.12146363191989117,0.055077940239230405,-4.163336342344337e-17
489.0,0.053,3,3,238.86033109481346,0.14692050401254067,0.004221674954696918,-1.0269562977782698e-15
489.0,0.0535,3,1,13.614410988352418,0.09838115040705124,0.15098672913999533,-1.3877787807814457e-17
489.0,0.0535,3,2,26.833768716175335,0.11930837961536121,0.06202851606256619,-4.163336342344337e-17
489.0,0.0535,3,3,242.12397604514376,0.14700967906660298,0.004144773755901494,-8.326672684688674e-17
489.0,0.054,3,1,14.837343937186706,0.10165022181788123,0.13452485350219776,-1.3877787807814457e-17
489.0,0.054,3,2,23.924653987385867,0.11645752447947551,0.07185667179687803,-1.3877787807814457e-17
489.0,0.054,3,3,245.26332020215528,0.14709414792307,0.004072582893178203,-2.7755575615628914e-16
489.0,0.0545,3,1,18.180036677303335,0.10858890809152018,0.10273203864933651,4.163336342344337e-17
489.0,0.0545,3,2,18.987018436416566,0.1099413600723188,0.09703352339270259,6.938893903907228e-17
489.0,0.0545,3,3,248.28770503416854,0.14717436559755273,0.004004612426075646,1.0824674490095276e-15
490.0,0.045,3,1,7.951299590405983,0.07250231662338918,0.31482834747588184,0.0
490.0,0.045,3,2,107.52077326988086,0.14069689831774898,0.011334822271915264,2.7755575615628914e-17
490.0,0.045,3,3,138.8251470961323,0.14296724518053447,0.00834107329132005,2.7755575615628914e-17
490.0,0.0455,3,1,8.107031364106517,0.07361703376581488,0.30654406777627746,0.0
490.0,0.0455,3,2,92.08239387419032,0.1391451110836838,0.013644662668780361,2.7755575615628914e-17
490.0,0.0455,3,3,156.08155440028355,0.14390571931031454,0.0072374123302929,-2.7755575615628914e-17
490.0,0.046,3,1,8.271305213768244,0.07475490240164169,0.29820165000040116,4.163336342344337e-17
490.0,0.046,3,2,82.71879734819584,0.13798266776811696,0.015515191770711425,0.0
490.0,0.046,3,3,167.2166777466593,0.1444317958540665,0.006652980613378459,-5.551115123125783e-17
490.0,0.0465,3,1,8.445067543895396,0.0759180465690112,0.2897928732300218,-1.3877787807814457e-17
490.0,0.0465,3,2,75.54309581349796,0.13693671355620002,0.017300935544053906,0.0
490.0,0.0465,3,3,176.11757537895446,0.1448162021732259,0.0062414892760133504,-5.551115123125783e-17
490.0,0.047,3,1,8.629429593522529,0.07710893060114016,0.281308149683199,0.0
490.0,0.047,3,2,69.60593783126299,0.13594051997862158,0.019092140290416126,-8.326672684688674e-17
490.0,0.047,3,3,183.73356016197198,0.14512319912291263,0.005922295241497918,-2.7755575615628914e-17
490.0,0.0475,3,1,8.825708835218544,0.07833044032243512,0.2727361936824302,4.163336342344337e-17
490.0,0.0475,3,2,64.49226647985465,0.13496381124163556,0.020933952604435674,2.7755575615628914e-17
490.0,0.0475,3,3,190.47940228610474,0.1453801735193043,0.0056615523362425904,-1.6653345369377348e-16
490.0,0.048,3,1,9.035484445767704,0.07958599096141815,0.26406358076345277,-4.163336342344337e-17
490.0,0.048,3,2,59.97497143349598,0.13398856586182128,0.022857611382876845,-2.7755575615628914e-17
490.0,0.048,3,3,196.58162376984217,0.14560172858584572,0.0054414602103289795,-5.551115123125783e-17
490.0,0.0485,3,1,9.260673094977253,0.08087967337200179,0.25527414900647016,0.0
490.0,0.0485,3,2,55.912787873521424,0.13300185520553537,0.024889924510706287,-5.551115123125783e-17
490.0,0.0485,3,3,202.18052569118578,0.1457966991867689,0.005251386356179342,-1.6653345369377348e-16
490.0,0.049,3,1,9.503634837072516,0.08221645661024173,0.24634816788647976,1.3877787807814457e-17
490.0,0.049,3,2,52.20994469868755,0.1319929036879823,0.027057536867924156,-2.7755575615628914e-17
490.0,0.049,3,3,207.37043590527858,0.14597088904584365,0.005084429285071044,1.3877787807814457e-16
490.0,0.0495,3,1,9.767324948301608,0.08360247590995866,0.23726115426367195,4.163336342344337e-17
490.0,0.0495,3,2,48.79715892196197,0.13095153197945666,0.029389695643615637,2.7755575615628914e-17
490.0,0.0495,3,3,212.21856452475544,0.14612833955939503,0.0049358372542158335,-1.1102230246251565e-16
490.0,0.05,3,1,10.05551837801211,0.08504545463610598,0.22798213389895683,-1.3877787807814457e-17
490.0,0.05,3,2,45.6214943149202,0.12986707453162538,0.031920806160202986,-5.551115123125783e-17
490.0,0.05,3,3,216.77492244144108,0.14627199031181923,0.004802190956534429,-1.1102230246251565e-16
490.0,0.0505,3,1,10.373153799721015,0.08655534526478192,0.21847099505415019,-1.3877787807814457e-17
490.0,0.0505,3,2,42.64034338288372,0.1287273645109074,0.03469353799781394,-2.7755575615628914e-17
490.0,0.0505,3,3,221.07799682617113,0.1464040531576257,0.004680943823820025,-2.498001805406602e-16
490.0,0.051,3,1,10.726884732947092,0.0881453466898744,0.20867427961608676,0.0
490.0,0.051,3,2,39.8174146904836,0.12751749055880993,0.037763309678526556,0.0
490.0,0.051,3,3,225.1582141222861,0.14652623815013907,0.004570146244391383,1.3877787807814457e-16
490.0,0.0515,3,1,11.126011955951514,0.08983360907809672,0.1985181149616493,2.7755575615628914e-17
490.0,0.0515,3,2,37.119578770707335,0.12621794837041914,0.04120553092818848,0.0
490.0,0.0515,3,3,229.04016308509787,0.1466398971038896,0.004468271460668125,-2.220446049250313e-16
490.0,0.052,3,1,11.58417509978392,0.09164629672186747,0.18789548923371327,-1.3877787807814457e-17
490.0,0.052,3,2,34.51369070624605,0.12480148277324692,0.04512844198050927,-4.163336342344337e-17
490.0,0.052,3,3,232.74408189325482,0.14674611865902207,0.004374101012088052,2.7755575615628914e-17
490.0,0.0525,3,1,12.122719867358304,0.09362362338597352,0.1766411247151711,2.7755575615628914e-17
490.0,0.0525,3,2,31.96219473263327,0.1232269872384527,0.049698318233854066,-1.3877787807814457e-17
490.0,0.0525,3,3,236.28688754351435,0.14684579341975226,0.004286646725864846,4.163336342344337e-16
490.0,0.053,3,1,12.778333399590203,0.09583339382140683,0.16447498155848123,1.3877787807814457e-17
490.0,0.053,3,2,29.414756629410686,0.12142591642588275,0.05519602122370274,0.0
490.0,0.053,3,3,239.6829092450737,0.14693965989202287,0.004205096035287402,7.494005416219807e-16
490.0,0.0535,3,1,13.624188861378903,0.09840808516247451,0.15084721417247113,-1.3877787807814457e-17
490.0,0.0535,3,2,26.78658467570119,0.11926517157918376,0.062172081545733705,-1.3877787807814457e-17
490.0,0.0535,3,3,242.94442396837135,0.1470283376879941,0.004128772688938664,-1.1102230246251565e-16
490.0,0.054,3,1,14.854213368796582,0.10169078986671658,0.13432653466325745,-1.3877787807814457e-17
490.0,0.054,3,2,23.873763246897894,0.11640113306513662,0.07205836427626423,-1.3877787807814457e-17
490.0,0.054,3,3,246.08205595408788,0.1471123520436742,0.004057107907339027,-4.440892098500626e-16
491.0,0.045,3,1,7.952199907054025,0.07250767122586037,0.31478828949358467,4.163336342344337e-17
491.0,0.045,3,2,106.11810098657779,0.14056933913474015,0.011516620163116418,-1.1102230246251565e-16
491.0,0.045,3,3,140.9765006181404,0.14309190296975505,0.008189964863421759,-2.220446049250313e-16
491.0,0.0455,3,1,8.10799969319761,0.07362265678872718,0.30650255896032497,2.7755575615628914e-17
491.0,0.0455,3,2,91.51693616135464,0.13907889355255787,0.013747989471705248,-5.551115123125783e-17
491.0,0.0455,3,3,157.39792995254308,0.14396876310142623,0.007166077997873175,-1.1102230246251565e-16
491.0,0.046,3,1,8.27234990493014,0.07476081801997705,0.2981585796681967,-2.7755575615628914e-17
491.0,0.046,3,2,82.3519372136236,0.1379313587901325,0.015600522721267693,-8.326672684688674e-17
491.0,0.046,3,3,168.3366373371432,0.14447963452108442,0.006601055667442451,-2.220446049250313e-16
491.0,0.0465,3,1,8.446198474882124,0.07592428275485855,0.2897481137671916,0.0
491.0,0.0465,3,2,75.27276283726178,0.1368927501382807,0.017378123327625554,0.0
491.0,0.0465,3,3,177.14313432724038,0.14485637068916563,0.0061992484922745415,5.551115123125783e-17
491.0,0.047,3,1,8.630658559417537,0.07711552000668036,0.28126155266305125,-1.3877787807814457e-17
491.0,0.047,3,2,69.39393823605101,0.13590100845562433,0.019165002708347992,0.0
491.0,0.047,3,3,184.70285658297627,0.14515855845447592,0.005886069094377453,1.942890293094024e-16
491.0,0.0475,3,1,8.827050069414318,0.07833742144440257,0.27268758475953697,1.3877787807814457e-17
491.0,0.0475,3,2,64.3196337715518,0.1349272714676231,0.021004502383119922,2.7755575615628914e-17
491.0,0.0475,3,3,191.4113458746396,0.14541216527108744,0.005629502296137531,1.6653345369377348e-16
491.0,0.048,3,1,9.03695533024555,0.07959340970475866,0.26401275283183573,1.3877787807814457e-17
491.0,0.048,3,2,59.8307526525965,0.1339541071508292,0.02292712710046485,-2.7755575615628914e-17
491.0,0.048,3,3,197.4871087877,0.1456311974958591,0.005412514658659761,-1.942890293094024e-16
491.0,0.0485,3,1,9.262295149136062,0.08088758519332602,0.25522085284192,1.3877787807814457e-17
491.0,0.0485,3,2,55.79002422459729,0.13296887763709167,0.02495934243956641,-8.326672684688674e-17
491.0,0.0485,3,3,203.06644930013502,0.14582418967741007,0.005224858100558176,-3.608224830031759e-16
491.0,0.049,3,1,9.505435127898686,0.08222492952673292,0.2462920990404885,-1.3877787807814457e-17
491.0,0.049,3,2,52.103910375587944,0.13196096443890984,0.027127632114070637,-2.7755575615628914e-17
491.0,0.049,3,3,208.24145788533912,0.14599677588313642,0.0050598475258872705,-2.498001805406602e-16
491.0,0.0495,3,1,9.769338158609314,0.08361159484183056,0.2372019341925317,-1.3877787807814457e-17
491.0,0.0495,3,2,48.70447997788195,0.13092027531096107,0.029461185237384543,8.326672684688674e-17
491.0,0.0495,3,3,213.07798629176807,0.14615289352339417,0.004912863364808814,4.996003610813204e-16
491.0,0.05,3,1,10.057789941915102,0.08505532788212729,0.22791928188951444,1.3877787807814457e-17
491.0,0.05,3,2,45.53966318051078,0.129836189054825,0.03199442350575723,2.7755575615628914e-17
491.0,0.05,3,3,217.62516935144907,0.146295414455509,0.004780572107886334,1.3877787807814457e-16
491.0,0.0505,3,1,10.375744848437693,0.08656611454545282,0.21840388478662306,2.7755575615628914e-17
491.0,0.0505,3,2,42.56742987412805,0.12869655165554367,0.034770103721575484,0.0
491.0,0.0505,3,3,221.92090218169653,0.14642650429498713,0.004660485573260511,2.220446049250313e-16
491.0,0.051,3,1,10.729880283923874,0.08815720349068705,0.20860206865159595,1.3877787807814457e-17
491.0,0.051,3,2,39.7518810471926,0.1274864347705094,0.03784381926726734,-2.7755575615628914e-17
491.0,0.051,3,3,225.995195906521,0.14654784031558374,0.004550695409927587,-3.0531133177191805e-16
491.0,0.0515,3,1,11.129535321607085,0.08984682289664468,0.1984396231755621,-1.3877787807814457e-17
491.0,0.0515,3,2,37.06015023576767,0.12618628004871238,0.04129128748355412,-2.7755575615628914e-17
491.0,0.0515,3,3,229.8723389374967,0.14666075036708934,0.00444970493307321,-2.498001805406602e-16
491.0,0.052,3,1,11.588415311395199,0.09166126784754942,0.18780897225033275,-2.7755575615628914e-17
491.0,0.052,3,2,34.459250485697716,0.12476871950307117,0.045221290366734695,-2.7755575615628914e-17
491.0,0.052,3,3,233.57234669080955,0.14676630511366226,0.004356318172453711,-4.440892098500626e-16
491.0,0.0525,3,1,12.127989706283772,0.09364099246666897,0.17654380481618914,-1.3877787807814457e-17
491.0,0.0525,3,2,31.911671956286245,0.12319242002763074,0.04980111946893373,-5.551115123125783e-17
491.0,0.0525,3,3,237.11196737573883,0.14686538137933788,0.004269564145938138,0.0
491.0,0.053,3,1,12.78521237896731,0.09585430645144564,0.164361917997591,0.0
491.0,0.053,3,2,29.36694479712353,0.12138834209954734,0.055313785967245184,1.3877787807814457e-17
491.0,0.053,3,3,240.5053999543337,0.1469587069074473,0.004188643674960993,-1.3877787807814457e-16
491.0,0.0535,3,1,13.63397179100749,0.09843500430608633,0.15070784450118346,-1.3877787807814457e-17
491.0,0.0535,3,2,26.739664920640525,0.11922207813663006,0.062315431563722226,1.3877787807814457e-17
491.0,0.0535,3,3,243.76481929146405,0.147046892767201,0.004112891105637369,5.551115123125783e-17
491.0,0.054,3,1,14.8711623071068,0.1017314766761318,0.13412778219094054,0.0
491.0,0.054,3,2,23.823031402765338,0.11634471719659506,0.0722604270696449,0.0
491.0,0.054,3,3,246.90076847409503,0.14713045731674912,0.0040417461673535535,-2.498001805406602e-16
492.0,0.045,3,1,7.953096950943886,0.07251300569592577,0.31474838465681765,-1.3877787807814457e-17
492.0,0.045,3,2,104.87267982897016,0.14045368503160932,0.011682701044386982,-5.551115123125783e-17
492.0,0.045,3,3,142.9708535939201,0.14320467094544007,0.008054459057703262,-1.3877787807814457e-16
492.0,0.0455,3,1,8.108964531421014,0.07362825878456107,0.30646120815977507,-1.3877787807814457e-17
492.0,0.0455,3,2,90.97321328481851,0.1390145674482892,0.013848738080686354,-8.326672684688674e-17
492.0,0.0455,3,3,158.69281935018296,0.1440299316450301,0.007097203200313599,-8.326672684688674e-17
492.0,0.046,3,1,8.273390865018868,0.0747667116522563,0.2981156725049973,-1.3877787807814457e-17
492.0,0.046,3,2,81.99430794139057,0.13788096743972678,0.01568455535311334,5.551115123125783e-17
492.0,0.046,3,3,169.44761291127404,0.14452657271725475,0.006550305826691019,8.326672684688674e-17
492.0,0.0465,3,1,8.447325409460964,0.07593049592409908,0.2897035229410233,1.3877787807814457e-17
492.0,0.0465,3,2,75.00767951352384,0.13684937983810155,0.017454438099805323,-2.7755575615628914e-17
492.0,0.0465,3,3,178.16368869729556,0.14489596429311638,0.006157752638520128,-8.326672684688674e-17
492.0,0.047,3,1,8.63188323492651,0.07712208528525129,0.28121513009531623,4.163336342344337e-17
492.0,0.047,3,2,69.18536565195797,0.13586193512479686,0.019237193534634343,-2.7755575615628914e-17
492.0,0.047,3,3,185.6689693618033,0.1451934989285146,0.005850381242123278,-5.551115123125783e-17
492.0,0.0475,3,1,8.828386686553731,0.0783443772399535,0.2726391564907477,-2.7755575615628914e-17
492.0,0.0475,3,2,64.1494264192238,0.13489108140819187,0.021074493926626865,-2.7755575615628914e-17
492.0,0.0475,3,3,192.3411058401948,0.14544382786097196,0.005597871593715872,2.7755575615628914e-17
492.0,0.048,3,1,9.038421233697644,0.07960080182286965,0.2639621121832172,4.163336342344337e-17
492.0,0.048,3,2,59.68834407741094,0.1339199419067987,0.02299615499116404,2.7755575615628914e-17
492.0,0.048,3,3,198.39102376986193,0.14566039480905213,0.00538391200905414,2.7755575615628914e-17
492.0,0.0485,3,1,9.263911815889243,0.08089546898017642,0.255167751059786,1.3877787807814457e-17
492.0,0.0485,3,2,55.66866360748253,0.13293615517028587,0.025028318927993832,-5.551115123125783e-17
492.0,0.0485,3,3,203.95120856141003,0.1458514483644969,0.005198619863270562,-2.7755575615628914e-16
492.0,0.049,3,1,9.507229577150369,0.08223337287788231,0.24623623218877713,0.0
492.0,0.049,3,2,51.99899462901757,0.13192925282184376,0.02719731749911273,-8.326672684688674e-17
492.0,0.049,3,3,209.11159856865387,0.14602245993612187,0.005035517196558913,1.1102230246251565e-16
492.0,0.0495,3,1,9.771345020394476,0.08362068254614541,0.23714292427268643,0.0
492.0,0.0495,3,2,48.61271263528316,0.1308892259221001,0.029532286726206253,-8.326672684688674e-17
492.0,0.0495,3,3,213.93673241833582,0.14617726673646692,0.004890111595363317,-1.942890293094024e-16
492.0,0.05,3,1,10.060054594578972,0.08506516810243393,0.22785664873972547,4.163336342344337e-17
492.0,0.05,3,2,45.45858819400246,0.1298054954100857,0.032067667612238726,-2.7755575615628914e-17
492.0,0.05,3,3,218.47489484357124,0.14631867511284083,0.004759152408802264,-2.7755575615628914e-17
492.0,0.0505,3,1,10.37832837030226,0.0865768488751953,0.21833700257962918,1.3877787807814457e-17
492.0,0.0505,3,2,42.49515275073328,0.12866591870228802,0.03484630606954026,0.0
492.0,0.0505,3,3,222.76340473485664,0.14644880582003544,0.004640208012494199,2.220446049250313e-16
492.0,0.051,3,1,10.732867657676213,0.0881690233302762,0.20853009522841606,4.163336342344337e-17
492.0,0.051,3,2,39.686889572634854,0.127455549530887,0.03792397174756625,8.326672684688674e-17
492.0,0.051,3,3,226.83186802304962,0.14656930425135675,0.004531410122049475,2.498001805406602e-16
492.0,0.0515,3,1,11.133049882379431,0.0898599977823073,0.19836137810775237,0.0
492.0,0.0515,3,2,37.00118840080588,0.12615477476498901,0.041376690996429426,-2.7755575615628914e-17
492.0,0.0515,3,3,230.70427951576247,0.1466814749019262,0.004431291314606245,-5.551115123125783e-17
492.0,0.052,3,1,11.592646276924903,0.09167619844435877,0.18772270932243607,-1.3877787807814457e-17
492.0,0.052,3,2,34.40521544392715,0.12473611283814683,0.045313789679822365,1.3877787807814457e-17
492.0,0.052,3,3,234.40043650253412,0.14678637088764418,0.004338677541376428,3.608224830031759e-16
492.0,0.0525,3,1,12.133250525435994,0.09365832075275893,0.17644674021362924,4.163336342344337e-17
492.0,0.0525,3,2,31.86150302471458,0.12315800280439733,0.04990358017042472,4.163336342344337e-17
492.0,0.0525,3,3,237.93692168373923,0.14688485556067726,0.004252614600589227,6.938893903907228e-16
492.0,0.053,3,1,12.79208483672271,0.09587518242906468,0.16424909136936067,0.0
492.0,0.053,3,2,29.319441683112586,0.12135090765296598,0.05543123709839033,0.0
492.0,0.053,3,3,241.32780614892945,0.14697764612931916,0.004172316398806308,-7.494005416219807e-16
492.0,0.0535,3,1,13.643759927656696,0.09846190825285477,0.15056861786712034,0.0
492.0,0.0535,3,2,26.693006249677012,0.11917909789887808,0.06245856942754131,4.163336342344337e-17
492.0,0.0535,3,3,244.58516441325833,0.14706534529130255,0.004097127651245512,8.326672684688674e-17
492.0,0.054,3,1,14.88819237721999,0.10177228530881337,0.133928582429397,-1.3877787807814457e-17
492.0,0.054,3,2,23.772454212569258,0.11628827290809209,0.07246287477877761,2.7755575615628914e-17
492.0,0.054,3,3,247.7194597319672,0.1471484646584673,0.004026496420839588,5.551115123125783e-17
493.0,0.045,3,1,7.953990739974915,0.07251832014738643,0.314708632085727,-2.7755575615628914e-17
493.0,0.045,3,2,103.74731198691241,0.14034717810909736,0.011836698079139387,-2.7755575615628914e-17
493.0,0.045,3,3,144.84540307746292,0.14330830690834812,0.007930923352562872,-5.551115123125783e-17
493.0,0.0455,3,1,8.109925897726624,0.07363383987161505,0.30642001447009076,-2.7755575615628914e-17
493.0,0.0455,3,2,90.4495072868388,0.1389519935357624,0.013947095294879188,-5.551115123125783e-17
493.0,0.0455,3,3,159.96793979977957,0.14408936407311893,0.007030601801318362,-8.326672684688674e-17
493.0,0.046,3,1,8.274428114119933,0.0747725834215242,0.2980729275805477,-1.3877787807814457e-17
493.0,0.046,3,2,81.64545559128292,0.1378314533795453,0.015767344869837885,0.0
493.0,0.046,3,3,170.55005766288642,0.1445726506719379,0.006500676572478044,5.551115123125783e-17
493.0,0.0465,3,1,8.448448368945577,0.07593668620478944,0.28965909979444787,0.0
493.0,0.0465,3,2,74.74765423828786,0.13680658394365122,0.017529906034000713,-5.551115123125783e-17
493.0,0.0465,3,3,179.17942935133027,0.1449350015839586,0.006116976249459163,-2.498001805406602e-16
493.0,0.047,3,1,8.63310364269099,0.0771286265702016,0.28116888099497256,-2.7755575615628914e-17
493.0,0.047,3,2,68.98011905934229,0.13582328912417224,0.019308728327953818,0.0
493.0,0.047,3,3,186.63199878069528,0.14522803128844788,0.005815216858481724,2.7755575615628914e-17
493.0,0.0475,3,1,8.829718710712617,0.07835130784802156,0.272590907861917,-2.7755575615628914e-17
493.0,0.0475,3,2,63.9815837572006,0.1348552338720811,0.021143937802343245,0.0
493.0,0.0475,3,3,193.26874211522014,0.14547516835596144,0.005566650419489674,1.3877787807814457e-16
493.0,0.048,3,1,9.039882181745204,0.07960816746056944,0.2639116577731595,0.0
493.0,0.048,3,2,59.54770602719729,0.1338860649392206,0.023064702891756373,-8.326672684688674e-17
493.0,0.048,3,3,199.2934076678147,0.14568932558566747,0.005355645209270767,-3.885780586188048e-16
493.0,0.0485,3,1,9.265523122516132,0.0809033248835544,0.2551148425842082,-2.7755575615628914e-17
493.0,0.0485,3,2,55.54867845405417,0.13290368382326562,0.025096860160701,-5.551115123125783e-17
493.0,0.0485,3,3,204.834830317641,0.14587847909330778,0.005172666271910018,1.3877787807814457e-16
493.0,0.049,3,1,9.509018213872656,0.08224178682115486,0.24618056622306092,1.3877787807814457e-17
493.0,0.049,3,2,51.89517742848867,0.13189776564088207,0.027266598134449517,-2.7755575615628914e-17
493.0,0.049,3,3,209.9808772637742,0.1460479442575397,0.005011434026759791,1.1102230246251565e-16
493.0,0.0495,3,1,9.773345564559504,0.08362973918706873,0.23708412336266882,-2.7755575615628914e-17
493.0,0.0495,3,2,48.5218418285581,0.13085838115703777,0.02960300448651207,-5.551115123125783e-17
493.0,0.0495,3,3,214.7948172515126,0.14620146170446177,0.004867578440042587,1.942890293094024e-16
493.0,0.05,3,1,10.06231236882015,0.08507497546804359,0.2277942332746225,1.3877787807814457e-17
493.0,0.05,3,2,45.37825770864336,0.12977499132891213,0.03214054233205314,2.7755575615628914e-17
493.0,0.05,3,3,219.32410984923442,0.14634177439534615,0.004737928907305506,5.551115123125783e-17
493.0,0.0505,3,1,10.38090440003709,0.08658754843188111,0.21827034722511343,-4.163336342344337e-17
493.0,0.0505,3,2,42.42350280577418,0.12863546367015752,0.03492214850806685,2.7755575615628914e-17
493.0,0.0505,3,3,223.60551298040366,0.14647095954981162,0.0046201086050083745,5.551115123125783e-17
493.0,0.051,3,1,10.735846890717793,0.08818080639313412,0.2084583581069256,-1.3877787807814457e-17
493.0,0.051,3,2,39.622432852878966,0.12742483307858032,0.03800377029303712,2.7755575615628914e-17
493.0,0.051,3,3,227.66823717681265,0.14659063154813404,0.004512288164884583,4.996003610813204e-16
493.0,0.0515,3,1,11.136555676321882,0.0898731339256739,0.1982833784898699,-1.3877787807814457e-17
493.0,0.0515,3,2,36.942687202319874,0.1261234309298924,0.041461744412096276,0.0
493.0,0.0515,3,3,231.5359901777612,0.14670207212084937,0.004413028642779206,5.551115123125783e-17
493.0,0.052,3,1,11.59686803570362,0.09169108870843733,0.18763669915581951,1.3877787807814457e-17
493.0,0.052,3,2,34.35158055592482,0.12470366132664233,0.0454059426829522,-1.3877787807814457e-17
493.0,0.052,3,3,235.22835565133525,0.1468063172502155,0.004321177360644821,-5.551115123125783e-17
493.0,0.0525,3,1,12.138502366288044,0.09367560844763591,0.17634992958014767,-1.3877787807814457e-17
493.0,0.0525,3,2,31.811683724797124,0.12312373422662094,0.05000570296344322,1.3877787807814457e-17
493.0,0.0525,3,3,238.76175398112844,0.1469042171159435,0.004235796499129549,8.049116928532385e-16
493.0,0.053,3,1,12.798950826261477,0.09589602198374637,0.16413650023012213,-4.163336342344337e-17
493.0,0.053,3,2,29.27224370953758,0.12131361181495587,0.05554837721546991,-1.3877787807814457e-17
493.0,0.053,3,3,242.1501306999242,0.14699647861264917,0.004156112755558353,8.326672684688674e-17
493.0,0.0535,3,1,13.653553422684393,0.09848879741854255,0.15042953201119225,0.0
493.0,0.0535,3,2,26.64660550859181,0.11913622949004125,0.06260149842971681,1.3877787807814457e-17
493.0,0.0535,3,3,245.40546168782694,0.14708369623360942,0.0040814809920377525,-6.38378239159465e-16
493.0,0.054,3,1,14.905305248643348,0.1018132189056405,0.1337289213898501,1.3877787807814457e-17
493.0,0.054,3,2,23.72202742929843,0.11623179616799649,0.07266572232196576,2.7755575615628914e-17
493.0,0.054,3,3,248.53813166093371,0.14716637497264465,0.004011357434289067,-1.942890293094024e-16
494.0,0.045,3,1,7.954881291915525,0.07252361469318384,0.3146690309072103,0.0
494.0,0.045,3,2,102.71739679454299,0.14024799011767108,0.011981019538690586,5.551115123125783e-17
494.0,0.045,3,3,146.62474898229232,0.14340463901031517,0.00781695011368143,8.326672684688674e-17
494.0,0.0455,3,1,8.11088381092663,0.07363940016729759,0.3063789769936557,-1.3877787807814457e-17
494.0,0.0455,3,2,89.94430890881834,0.13889104917634384,0.014043225651656447,-8.326672684688674e-17
494.0,0.0455,3,3,161.22479981255364,0.1441471829220383,0.006966109921422877,-1.1102230246251565e-16
494.0,0.046,3,1,8.275461672174035,0.07477843344990436,0.29803034397168243,-4.163336342344337e-17
494.0,0.046,3,2,81.30496053003309,0.13778277921627044,0.01584894245507696,-2.7755575615628914e-17
494.0,0.046,3,3,171.6443904826425,0.1446179056713247,0.0064521174010166,1.1102230246251565e-16
494.0,0.0465,3,1,8.449567374497267,0.07594285372403256,0.28961484337766136,2.7755575615628914e-17
494.0,0.0465,3,2,74.49250606717982,0.13676434473169177,0.017604551929039258,2.7755575615628914e-17
494.0,0.0465,3,3,180.19053649568224,0.14497350017270086,0.006076895229137994,-5.551115123125783e-17
494.0,0.047,3,1,8.63431980519216,0.07713514399389239,0.28112280438444476,-1.3877787807814457e-17
494.0,0.047,3,2,68.7781019338103,0.13578506004327925,0.01937962200772878,8.326672684688674e-17
494.0,0.047,3,3,187.59204063037487,0.1452621658271357,0.005780561751060575,2.7755575615628914e-17
494.0,0.0475,3,1,8.831046165797895,0.0783582134065172,0.27254283786653394,2.7755575615628914e-17
494.0,0.0475,3,2,63.81604738875176,0.13481972191520805,0.021212844221034876,5.551115123125783e-17
494.0,0.0475,3,3,194.1943123669344,0.14550619357685413,0.005535829315041338,-1.1102230246251565e-16
494.0,0.048,3,1,9.041338199831813,0.07961550676161715,0.2638613885650449,-1.3877787807814457e-17
494.0,0.048,3,2,59.408800110282215,0.13385247121015323,0.023132778414577712,-2.7755575615628914e-17
494.0,0.048,3,3,200.19429814767423,0.14571799473439026,0.005327707425805224,-3.885780586188048e-16
494.0,0.0485,3,1,9.267129096109205,0.08091115305336484,0.2550621263473403,-1.3877787807814457e-17
494.0,0.0485,3,2,55.43004199247441,0.13287145971672504,0.025164972168468913,2.7755575615628914e-17
494.0,0.0485,3,3,205.71734061884746,0.14590528560762242,0.005146992102131403,1.6653345369377348e-16
494.0,0.049,3,1,9.510801066914421,0.08225017151288137,0.24612510004325996,-1.3877787807814457e-17
494.0,0.049,3,2,51.792439266966895,0.13186649977357537,0.02733547901889696,-8.326672684688674e-17
494.0,0.049,3,3,210.84931275946153,0.14607323182776397,0.004987593852714547,-1.1102230246251565e-16
494.0,0.0495,3,1,9.775339821801364,0.08363876492759463,0.23702553032940274,0.0
494.0,0.0495,3,2,48.43185285311561,0.130827738415207,0.029673342808181315,-5.551115123125783e-17
494.0,0.0495,3,3,215.65225478097398,0.14622548087908402,0.004845260473369673,5.551115123125783e-17
494.0,0.05,3,1,10.06456329724054,0.08508475014876525,0.22773203432781366,-1.3877787807814457e-17
494.0,0.05,3,2,45.298660336331004,0.1297446745860566,0.03221305144837473,-5.551115123125783e-17
494.0,0.05,3,3,220.172825044843,0.1463647143724728,0.004716898714304284,-1.3877787807814457e-16
494.0,0.0505,3,1,10.383472972141497,0.08659821339213719,0.2182039175237742,0.0
494.0,0.0505,3,2,42.35247102345009,0.12860518461310408,0.034997634446329536,0.0
494.0,0.0505,3,3,224.4472352255798,0.1464929672676227,0.0046001848649825745,4.440892098500626e-16
494.0,0.051,3,1,10.738818019331886,0.08819255286247514,0.2083868560564165,-1.3877787807814457e-17
494.0,0.051,3,2,39.558503618874575,0.1273942836811968,0.03808321802880118,0.0
494.0,0.051,3,3,228.50430993146546,0.1466118237688565,0.004493327364428601,-5.551115123125783e-16
494.0,0.0515,3,1,11.140052741250907,0.08988623151602397,0.19820562306263104,1.3877787807814457e-17
494.0,0.0515,3,2,36.88464068901384,0.1260922469786227,0.041546450633806686,-2.7755575615628914e-17
494.0,0.0515,3,3,232.3674761727323,0.14672254341301863,0.004394914990388606,2.7755575615628914e-16
494.0,0.052,3,1,11.60108062681969,0.09170593883458804,0.18755094046548426,1.3877787807814457e-17
494.0,0.052,3,2,34.29834088517806,0.12467136353793169,0.04549775210220611,-1.3877787807814457e-17
494.0,0.052,3,3,236.0561083751892,0.146826145450716,0.004303815902292225,-1.1102230246251565e-16
494.0,0.0525,3,1,12.143745270069015,0.09369285575333185,0.17625337159770876,-4.163336342344337e-17
494.0,0.0525,3,2,31.76220991430746,0.12308961297076855,0.05010749043987667,-1.3877787807814457e-17
494.0,0.0525,3,3,239.586467714166,0.1469234671800318,0.004219108277171643,2.498001805406602e-16
494.0,0.053,3,1,12.80581040080321,0.09591682534370638,0.1640241431451047,2.7755575615628914e-17
494.0,0.053,3,2,29.22534735606723,0.12127645333075465,0.05566520888717179,0.0
494.0,0.053,3,3,242.97237642432543,0.14701520539725582,0.0041400313171083315,-5.828670879282072e-16
494.0,0.0535,3,1,13.663352428408103,0.09851567221975345,0.15029058467399706,0.0
494.0,0.0535,3,2,26.60045958926466,0.11909347154686478,0.06274422184492025,-2.7755575615628914e-17
494.0,0.0535,3,3,246.22571342543833,0.14710194655392195,0.0040659498148952694,2.498001805406602e-16
494.0,0.054,3,1,14.92250263704847,0.1018542806888163,0.13352878473710428,-2.7755575615628914e-17
494.0,0.054,3,2,23.671746798807224,0.11617528287544997,0.07286898494789375,-1.3877787807814457e-17
494.0,0.054,3,3,249.3567861584238,0.14718418915096326,0.003996327992703146,-2.220446049250313e-16
495.0,0.045,3,1,7.955768624404418,0.07252888944540811,0.3146295802548503,-1.3877787807814457e-17
495.0,0.045,3,2,101.76566806455426,0.1401548348366579,0.01211735957255519,-2.7755575615628914e-17
495.0,0.045,3,3,148.32615674716507,0.14349495337511206,0.007710845823774027,-8.326672684688674e-17
495.0,0.0455,3,1,8.111838289696829,0.0736449397881359,0.3063380948397046,0.0
495.0,0.0455,3,2,89.45628392725774,0.13883162567129112,0.014137274991410084,-2.7755575615628914e-17
495.0,0.0455,3,3,162.4647328683965,0.1442034967890692,0.006903582373237914,-5.551115123125783e-17
495.0,0.046,3,1,8.27649155897839,0.07478426185860793,0.2979879207622577,-1.3877787807814457e-17
495.0,0.046,3,2,80.97243394511432,0.13773491020566211,0.015929395675501692,-2.7755575615628914e-17
495.0,0.046,3,3,172.73099944420602,0.14466237235338741,0.006404581420436834,1.1102230246251565e-16
495.0,0.0465,3,1,8.450682447126193,0.07594899860798586,0.2895707527480612,-1.3877787807814457e-17
495.0,0.0465,3,2,74.24206391597636,0.13672264539517048,0.017678399310128518,0.0
495.0,0.0465,3,3,181.19718048026107,0.14501147675505857,0.006037486750028934,8.326672684688674e-17
495.0,0.047,3,1,8.635531744752077,0.07714163768770538,0.2810768992935392,-2.7755575615628914e-17
495.0,0.047,3,2,68.57922197675713,0.13574723789685986,0.019449888891334276,-2.7755575615628914e-17
495.0,0.047,3,3,188.54918647948216,0.1452959124131522,0.0057464023241696515,0.0
495.0,0.0475,3,1,8.832369075549007,0.07836509405233685,0.27249494550565173,-2.7755575615628914e-17
495.0,0.0475,3,2,63.65276107202836,0.1347845388287033,0.02128122305408759,-1.1102230246251565e-16
495.0,0.0475,3,3,195.1178721113629,0.1455369101101983,0.0055053991558333725,-3.608224830031759e-16
495.0,0.048,3,1,9.042789313224764,0.0796228198687219,0.26381130353000826,-1.3877787807814457e-17
495.0,0.048,3,2,59.271589167940256,0.13381915582788298,0.023200388956815015,0.0
495.0,0.048,3,3,201.09373164627453,0.1457464070186776,0.005300092034644362,2.7755575615628914e-17
495.0,0.0485,3,1,9.26872976357564,0.08091895363842606,0.25500960128927513,1.3877787807814457e-17
495.0,0.0485,3,2,55.31272821646662,0.13283947907016277,0.025232660833732833,-2.7755575615628914e-17
495.0,0.0485,3,3,206.5987647531417,0.1459318715534544,0.005121592272117564,-1.3877787807814457e-16
495.0,0.049,3,1,9.512578164930053,0.08225852710826899,0.2460698325574216,-1.3877787807814457e-17
495.0,0.049,3,2,51.69076114265638,0.13183545216853162,0.027403965042328508,-2.7755575615628914e-17
495.0,0.049,3,3,211.71692334287317,0.14609832555718766,0.004963992613613504,-8.326672684688674e-17
495.0,0.0495,3,1,9.777327822613115,0.08364775992955549,0.2369671440481306,-2.7755575615628914e-17
495.0,0.0495,3,2,48.34273135389789,0.1307972951496771,0.029743305897068004,-5.551115123125783e-17
495.0,0.0495,3,3,216.5090586504842,0.14624932665951756,0.004823154347757743,-8.326672684688674e-17
495.0,0.05,3,1,10.066807412229206,0.08509449231320965,0.2276700507414067,0.0
495.0,0.05,3,2,45.21978494001161,0.12971454299834928,0.03228519867698996,-5.551115123125783e-17
495.0,0.05,3,3,221.02105085935693,0.14638749707274326,0.004696059001806189,5.551115123125783e-17
495.0,0.0505,3,1,10.386034120893479,0.08660884393135648,0.21813771228498421,1.3877787807814457e-17
495.0,0.0505,3,2,42.28204857385116,0.12857507961914164,0.03507276723771896,-2.7755575615628914e-17
495.0,0.0505,3,3,225.28857959531894,0.14651483072390306,0.004580434355946105,2.7755575615628914e-17
495.0,0.051,3,1,10.741781079572952,0.08820426292024597,0.20831558785501872,5.551115123125783e-17
495.0,0.051,3,2,39.49509474272886,0.1273638996346404,0.03816231803258695,5.551115123125783e-17
495.0,0.051,3,3,229.34009271308238,0.14663288244939285,0.00447452558750281,-3.0531133177191805e-16
495.0,0.0515,3,1,11.143541114748002,0.08989929074133883,0.19812811057573543,1.3877787807814457e-17
495.0,0.0515,3,2,36.82704301907384,0.12606122137040174,0.04163081252367407,5.551115123125783e-17
495.0,0.0515,3,3,233.198742643986,0.14674289014482847,0.004376948464683889,6.38378239159465e-16
495.0,0.052,3,1,11.605284089121252,0.09172074901628698,0.18746543197555107,-1.3877787807814457e-17
495.0,0.052,3,2,34.245491581631256,0.12463921806215879,0.045589220627306394,1.3877787807814457e-17
495.0,0.052,3,3,236.88369882914867,0.14684585671900158,0.0042865914679181055,5.551115123125783e-16
495.0,0.0525,3,1,12.148979277765948,0.09371006287052981,0.17615706495750016,1.3877787807814457e-17
495.0,0.0525,3,2,31.713077520355878,0.12305563773154361,0.05020894515900792,-1.3877787807814457e-17
495.0,0.0525,3,3,240.4110662632896,0.14694260687090993,0.004202548396064566,-4.440892098500626e-16
495.0,0.053,3,1,12.812663613384244,0.09593759273590559,0.16391201868834862,-4.163336342344337e-17
495.0,0.053,3,2,29.178749158667454,0.12123943096171298,0.055781734653082046,-5.551115123125783e-17
495.0,0.053,3,3,243.79454608628214,0.14703382750806002,0.0041240706780260455,-9.43689570931383e-16
495.0,0.0535,3,1,13.67315709812565,0.09854253307397894,0.15015177359558274,1.3877787807814457e-17
495.0,0.0535,3,2,26.554565428698474,0.11905082271842699,0.06288674293059202,-1.3877787807814457e-17
495.0,0.0535,3,3,247.04592189347844,0.14712009719878152,0.004050532826895863,-1.6653345369377348e-16
495.0,0.054,3,1,14.939786306121354,0.1018954739651584,0.1333281577753668,1.3877787807814457e-17
495.0,0.054,3,2,23.621608057202238,0.11611872885685891,0.07307267825013508,1.3877787807814457e-17
495.0,0.054,3,3,250.175425086804,0.14720190807318903,0.003981406899235963,-6.38378239159465e-16
496.0,0.045,3,1,7.956652754951794,0.07253414451530625,0.3145902792688512,0.0
496.0,0.045,3,2,100.87945925409403,0.14006676643886085,0.012246963892138139,0.0
496.0,0.045,3,3,149.9622921701461,0.14358019573382136,0.007611365398942455,5.551115123125783e-17
496.0,0.0455,3,1,8.112789352577845,0.07365045884978412,0.3062973671242591,1.3877787807814457e-17
496.0,0.0455,3,2,88.98424615313213,0.13877362612882774,0.01422937331949985,-8.326672684688674e-17
496.0,0.0455,3,3,163.68892441646207,0.14425840246534494,0.006842889799546781,5.551115123125783e-17
496.0,0.046,3,1,8.277517794187919,0.07479006876794168,0.2979456570430887,-1.3877787807814457e-17
496.0,0.046,3,2,80.6475147996651,0.13768781399464294,0.016008748833172538,-2.7755575615628914e-17
496.0,0.046,3,3,173.810244849294,0.14470608296578577,0.006358024998479034,8.326672684688674e-17
496.0,0.0465,3,1,8.451793607692853,0.07595512098187064,0.28952682697017407,-2.7755575615628914e-17
496.0,0.0465,3,2,73.99616583621348,0.1366814699773734,0.017751470520432844,-2.7755575615628914e-17
496.0,0.0465,3,3,182.1995225229153,0.14504894717729255,0.00599872916150149,5.551115123125783e-17
496.0,0.047,3,1,8.636739483535244,0.0771481077820529,0.2810311647593683,0.0
496.0,0.047,3,2,68.38339086617488,0.13570981310053362,0.019519542728548563,-1.1102230246251565e-16
496.0,0.047,3,3,189.50352392373628,0.14532928051511187,0.005712725544420727,-1.3877787807814457e-16
496.0,0.0475,3,1,8.833687463539547,0.07837194992137293,0.2724472297878124,0.0
496.0,0.0475,3,2,63.49167061320259,0.13474967812768576,0.02134908384968092,0.0
496.0,0.0475,3,3,196.03947482016966,0.1455673243195075,0.005475351135086255,1.1102230246251565e-16
496.0,0.048,3,1,9.044235547016772,0.07963010692355292,0.26376140164685924,1.3877787807814457e-17
496.0,0.048,3,2,59.136037221339166,0.13378611404092294,0.023267541709307876,-8.326672684688674e-17
496.0,0.048,3,3,201.99174342419684,0.14577456706275085,0.005272792612516583,-1.3877787807814457e-16
496.0,0.0485,3,1,9.270325151638946,0.0809267267864797,0.25495726635797056,-1.3877787807814457e-17
496.0,0.0485,3,2,55.1967118560754,0.13280773819831515,0.025299931895907294,0.0
496.0,0.0485,3,3,207.47912727594013,0.14595824048260772,0.005096461837308408,0.0
496.0,0.049,3,1,9.51434953638109,0.08226685376141124,0.24601476268164493,5.551115123125783e-17
496.0,0.049,3,2,51.59012454158116,0.13180461984312228,0.027472060989160663,2.7755575615628914e-17
496.0,0.049,3,3,212.58372681695533,0.1461232282885067,0.004940626348180281,2.498001805406602e-16
496.0,0.0495,3,1,9.779309597285854,0.08365672435363342,0.23690896340233084,1.3877787807814457e-17
496.0,0.0495,3,2,48.25446331435707,0.13076704886558413,0.029812897877428995,-2.7755575615628914e-17
496.0,0.0495,3,3,217.3652421688903,0.14627300139398394,0.004801256791136508,0.0
496.0,0.05,3,1,10.069044745964161,0.0851042021288001,0.22760828136592937,2.7755575615628914e-17
496.0,0.05,3,2,45.141620626360634,0.1296845944235703,0.032356987668074294,2.7755575615628914e-17
496.0,0.05,3,3,221.86879748158356,0.14641012448487248,0.004675407001196585,5.273559366969494e-16
496.0,0.0505,3,1,10.388587880351702,0.08661944022370943,0.21807173032670799,1.3877787807814457e-17
496.0,0.0505,3,2,42.212226807903576,0.1285451468095015,0.03514755018119711,-5.551115123125783e-17
496.0,0.0505,3,3,226.12955403728523,0.1465365516370482,0.004560854689480093,-2.220446049250313e-16
496.0,0.051,3,1,10.744736107268679,0.08821593674713735,0.20824455228961547,4.163336342344337e-17
496.0,0.051,3,2,39.43219923410176,0.12733367926245817,0.03824107333579796,-2.7755575615628914e-17
496.0,0.051,3,3,230.1755918137236,0.14665380909918158,0.004455880740744152,-4.163336342344337e-16
496.0,0.0515,3,1,11.14702083416164,0.08991231178831322,0.19805083978778437,-2.7755575615628914e-17
496.0,0.0515,3,2,36.76988845752614,0.12603035258795262,0.04171483290353836,0.0
496.0,0.0515,3,3,234.02979463151814,0.14676311366041653,0.004359127206560285,-5.828670879282072e-16
496.0,0.052,3,1,11.6094784612181,0.0917355194456948,0.18738017241917887,0.0
496.0,0.052,3,2,34.19302787970435,0.12460722350981303,0.045680350912334626,-2.7755575615628914e-17
496.0,0.052,3,3,237.71113108729773,0.146865452265857,0.004269502388028401,-5.551115123125783e-17
496.0,0.0525,3,1,12.154204430125684,0.09372722999857556,0.17606100835985128,1.3877787807814457e-17
496.0,0.0525,3,2,31.664282537873188,0.12302180722153273,0.05031006964812527,1.3877787807814457e-17
496.0,0.0525,3,3,241.2355529446071,0.14696163728995956,0.00418611534234435,5.551115123125783e-17
496.0,0.053,3,1,12.819510516860651,0.09595832438606482,0.16380012544260938,-1.3877787807814457e-17
496.0,0.053,3,2,29.132445708419965,0.12120254348499339,0.05589795702421763,-1.3877787807814457e-17
496.0,0.053,3,3,244.61664239823398,0.1470523459553722,0.004108229455094485,1.1102230246251565e-16
496.0,0.0535,3,1,13.682967586136048,0.09856938039964547,0.15001309651520942,0.0
496.0,0.0535,3,2,26.508920008068092,0.11900828166584661,0.06302906492755511,-1.3877787807814457e-17
496.0,0.0535,3,3,247.86608931737018,0.14713814910171627,0.004035228754914133,-7.216449660063518e-16
496.0,0.054,3,1,14.95715806950632,0.10193680212955504,0.13312702543335947,-4.163336342344337e-17
496.0,0.054,3,2,23.57160692815449,0.11606212986222592,0.07327681818236374,-5.551115123125783e-17
496.0,0.054,3,3,250.9940502741038,0.14721953260738427,0.003966592974846833,-5.828670879282072e-16
497.0,0.045,3,1,7.957533700940515,0.07253938001328987,0.31455112709597477,0.0
497.0,0.045,3,2,100.04915428070852,0.13998306515800915,0.0123707804133191,-1.3877787807814457e-16
497.0,0.045,3,3,151.54277059263242,0.14366108575737904,0.007517561546134548,-1.3877787807814457e-16
497.0,0.0455,3,1,8.113737017976394,0.07365595746703156,0.30625679297006136,-1.3877787807814457e-17
497.0,0.0455,3,2,88.52713555145013,0.13871696373391945,0.014319637127727748,-8.326672684688674e-17
497.0,0.0455,3,3,164.89843375558277,0.14431198666606673,0.006783916351876597,-8.326672684688674e-17
497.0,0.046,3,1,8.278540397316664,0.07479585429731707,0.2979035519118777,-1.3877787807814457e-17
497.0,0.046,3,2,80.32986716228092,0.13764146039488923,0.016087043274830216,0.0
497.0,0.046,3,3,174.88246189785772,0.14474906759226797,0.006312407453249283,0.0
497.0,0.0465,3,1,8.452900876909386,0.07596122096998063,0.28948306511558847,0.0
497.0,0.0465,3,2,73.75465835745004,0.1366408033120681,0.017823786804313534,-2.7755575615628914e-17
497.0,0.0465,3,3,183.19771536714137,0.14508592649605667,0.005960601906630228,-8.326672684688674e-17
497.0,0.047,3,1,8.637943043549882,0.0771545544063861,0.280985599826287,0.0
497.0,0.047,3,2,68.19052402590958,0.13567277644823664,0.01958859673348855,0.0
497.0,0.047,3,3,190.45513681665653,0.14536227922422215,0.005679518908839887,1.1102230246251565e-16
497.0,0.0475,3,1,8.835001353178527,0.07837878114852231,0.2723996897289811,-5.551115123125783e-17
497.0,0.0475,3,2,63.33272376626759,0.13471513354072448,0.021416435847970566,-5.551115123125783e-17
497.0,0.0475,3,3,196.95917202082762,0.1455974423557902,0.005445676748644393,-3.3306690738754696e-16
497.0,0.048,3,1,9.045676926127358,0.07963736806674875,0.26371168190201405,1.3877787807814457e-17
497.0,0.048,3,2,59.002109421350056,0.13375334123232732,0.02333424366488638,2.7755575615628914e-17
497.0,0.048,3,3,202.88836761593888,0.14580247935727106,0.005245802928605881,2.220446049250313e-16
497.0,0.0485,3,1,9.271915286840624,0.08093447264420094,0.254905120509173,-1.3877787807814457e-17
497.0,0.0485,3,2,55.08196834983054,0.132776233507756,0.02536679095646127,-2.7755575615628914e-17
497.0,0.0485,3,3,208.35845203777154,0.14598439585606712,0.005071595985377211,2.498001805406602e-16
497.0,0.049,3,1,9.51611520953774,0.08227515162529771,0.24595988934000992,1.3877787807814457e-17
497.0,0.049,3,2,51.49051142091764,0.13177399988128344,0.02753977154169431,-8.326672684688674e-17
497.0,0.049,3,3,213.44974051708243,0.14614794279890844,0.004917491191384319,-6.938893903907228e-16
497.0,0.0495,3,1,9.78128517591024,0.0836656583593698,0.23685098728364556,2.7755575615628914e-17
497.0,0.0495,3,2,48.16703504586587,0.1307369971186206,0.029882122794260786,-2.7755575615628914e-17
497.0,0.0495,3,3,218.22081832068497,0.1462965073812422,0.00477956460467,-4.718447854656915e-16
497.0,0.05,3,1,10.071275330414144,0.08511387976178308,0.22754672506025242,2.7755575615628914e-17
497.0,0.05,3,2,45.06415673872898,0.12965482675936046,0.03242842200790845,2.7755575615628914e-17
497.0,0.05,3,3,222.7160748672047,0.1464325985588462,0.004654940001578164,-1.6653345369377348e-16
497.0,0.0505,3,1,10.391134284357259,0.08663000244215469,0.21800597047542394,0.0
497.0,0.0505,3,2,42.142997252486445,0.1285153843378153,0.03522198652260885,2.7755575615628914e-17
497.0,0.0505,3,3,226.9701663267249,0.1465581316942209,0.004541443523962612,2.220446049250313e-16
497.0,0.051,3,1,10.747683138021838,0.08822757452259535,0.20817374815576378,-1.3877787807814457e-17
497.0,0.051,3,2,39.36981023671461,0.1273036209152059,0.03831948692455016,-2.7755575615628914e-17
497.0,0.051,3,3,231.01081339491105,0.14667460520185394,0.004437390769626479,-3.608224830031759e-16
497.0,0.0515,3,1,11.150491936609171,0.08992529484236661,0.19797380946619889,1.3877787807814457e-17
497.0,0.0515,3,2,36.71317137367353,0.12599963913699386,0.04179851455580933,2.7755575615628914e-17
497.0,0.0515,3,3,234.86063707455742,0.14678321528215815,0.004341449389775261,-2.498001805406602e-16
497.0,0.052,3,1,11.613663781483682,0.0917502503136684,0.187295160538481,1.3877787807814457e-17
497.0,0.052,3,2,34.140945096366906,0.12457537851131602,0.04577114557643333,2.7755575615628914e-17
497.0,0.052,3,3,238.53840914466178,0.14688493328339722,0.004252547021394157,5.551115123125783e-17
497.0,0.0525,3,1,12.159420767656961,0.09374435733548965,0.17596520051414793,-1.3877787807814457e-17
497.0,0.0525,3,2,31.615821028135528,0.12298812017086108,0.05041086640311728,0.0
497.0,0.0525,3,3,242.05993101134166,0.1469805595223089,0.00416980762719904,5.551115123125783e-17
497.0,0.053,3,1,12.82635116391016,0.095979020518676,0.16368846199927684,-1.3877787807814457e-17
497.0,0.053,3,2,29.08643365037307,0.12116578969327783,0.05601387848354181,-5.551115123125783e-17
497.0,0.053,3,3,245.43866802203252,0.14707076173517294,0.004092506286856247,3.3306690738754696e-16
497.0,0.0535,3,1,13.692784047761016,0.0985962146161627,0.14987455117110582,-2.7755575615628914e-17
497.0,0.0535,3,2,26.463520351791246,0.1189658470619946,0.06317119106062342,-4.163336342344337e-17
497.0,0.0535,3,3,248.68621788145296,0.1471561031834809,0.0040200363452314114,-6.38378239159465e-16
497.0,0.054,3,1,14.974619792852458,0.10197826866860331,0.1329253722486481,4.163336342344337e-17
497.0,0.054,3,2,23.521739120124945,0.11600548156130337,0.07348142107433861,4.163336342344337e-17
497.0,0.054,3,3,251.81266351471726,0.14723706361011574,0.003951885057960663,5.551115123125783e-17
498.0,0.045,3,1,7.958411479627265,0.0725445960489432,0.314512122889478,0.0
498.0,0.045,3,2,99.26725052649336,0.1399031680684142,0.0124895504557161,0.0
498.0,0.045,3,3,153.07509389518333,0.14373818627691057,0.0074286935639248,-5.551115123125783e-17
498.0,0.0455,3,1,8.114681304166456,0.0736614357538108,0.30621637150651215,-1.3877787807814457e-17
498.0,0.0455,3,2,88.08400034300881,0.13866156033149546,0.01440817129514767,0.0
498.0,0.0455,3,3,166.09421193249096,0.14436432744727465,0.006726557789732955,-2.7755575615628914e-17
498.0,0.046,3,1,8.279559387738976,0.07480161856525809,0.2978616044731529,0.0
498.0,0.046,3,2,80.0191778568546,0.13759582118334232,0.01616431766439258,2.7755575615628914e-17
498.0,0.046,3,3,175.9479630382179,0.14479135435215096,0.006267690780768369,2.220446049250313e-16
498.0,0.0465,3,1,8.454004275340843,0.0759672986956904,0.28943946626289024,1.3877787807814457e-17
498.0,0.0465,3,2,73.51739588886198,0.13660063096898364,0.017895368383141742,-2.7755575615628914e-17
498.0,0.0465,3,3,184.19190388046457,0.14512242903291012,0.005923085446428494,-4.163336342344337e-16
498.0,0.047,3,1,8.639142446649418,0.07716097768920452,0.2809402035458197,0.0
498.0,0.047,3,2,68.00054041172304,0.13563611909127732,0.019657063614253987,-5.551115123125783e-17
498.0,0.047,3,3,191.40410548347043,0.14539491727521867,0.005646770415271502,-2.498001805406602e-16
498.0,0.0475,3,1,8.836310767712003,0.07838558786769624,0.27235232435247175,-1.3877787807814457e-17
498.0,0.0475,3,2,63.175870138987804,0.13468089899993338,0.0214832879953589,-2.7755575615628914e-17
498.0,0.0475,3,3,197.87701339065237,0.14562727016744528,0.005416367780756506,-1.3877787807814457e-16
498.0,0.048,3,1,9.04711347530447,0.07964460343792691,0.2636621432894215,-1.3877787807814457e-17
498.0,0.048,3,2,58.86977200104181,0.1337208329143028,0.023400501626272018,-2.7755575615628914e-17
498.0,0.048,3,3,203.7836372773878,0.1458301482647187,0.005219116936700319,1.3877787807814457e-16
498.0,0.0485,3,1,9.273500195541613,0.08094219135720768,0.2548531627063496,0.0
498.0,0.0485,3,2,54.96847381822924,0.13274496149365236,0.025433243483760852,2.7755575615628914e-17
498.0,0.0485,3,3,209.23676221077147,0.14601034104723287,0.005046990031440054,5.551115123125783e-17
498.0,0.049,3,1,9.51787521248076,0.08228342085182495,0.24590521146449631,-6.938893903907228e-17
498.0,0.049,3,2,51.391904193040624,0.13174358943140832,0.027607101283317892,-8.326672684688674e-17
498.0,0.049,3,3,214.31498132699608,0.14617247180216927,0.004894583371290809,1.6653345369377348e-16
498.0,0.0495,3,1,9.783254588378254,0.08367456210517593,0.23679321459180433,-2.7755575615628914e-17
498.0,0.0495,3,2,48.08043317754265,0.13070713751358207,0.029950984615548834,-2.7755575615628914e-17
498.0,0.0495,3,3,219.07579977616035,0.1463198468720325,0.004758074660561491,-3.885780586188048e-16
498.0,0.05,3,1,10.073499197340404,0.08512352537723905,0.22748538069151122,0.0
498.0,0.05,3,2,44.98738285034418,0.12962523794216968,0.03249950522053556,-5.551115123125783e-17
498.0,0.05,3,3,223.56289274555948,0.14645492120696194,0.0046346553481689205,4.718447854656915e-16
498.0,0.0505,3,1,10.393673366535449,0.08664053075844981,0.21794043156604695,-1.3877787807814457e-17
498.0,0.0505,3,2,42.07435160571351,0.12848579038932398,0.03529607945595093,0.0
498.0,0.0505,3,3,227.81042407115856,0.14657957255213172,0.004522198563354911,-5.551115123125783e-17
498.0,0.051,3,1,10.750622207212134,0.08823917642483232,0.20810317425761485,-2.7755575615628914e-17
498.0,0.051,3,2,39.30792102497087,0.12727372296983336,0.03839756174067614,-8.326672684688674e-17
498.0,0.051,3,3,231.84576349097955,0.1466952722158378,0.00441905365751202,-1.942890293094024e-16
498.0,0.0515,3,1,11.153954458978642,0.08993824008765416,0.19789701838714044,-1.3877787807814457e-17
498.0,0.0515,3,2,36.65688623861,0.12596907954574835,0.041881860224283196,2.7755575615628914e-17
498.0,0.0515,3,3,235.69127481401364,0.14680319631114644,0.004323913220187831,5.551115123125783e-17
498.0,0.052,3,1,11.617840088056921,0.09176494180977222,0.18721039508444584,-1.3877787807814457e-17
498.0,0.052,3,2,34.08923862926855,0.12454368171662002,0.04586160720448552,-6.938893903907228e-17
498.0,0.052,3,3,239.36553691904226,0.14690430094545806,0.004235723754427961,-8.049116928532385e-16
498.0,0.0525,3,1,12.164628330632368,0.09376144507797923,0.1758696401387498,0.0
498.0,0.0525,3,2,31.567689117329323,0.12295457532685683,0.05051133788905251,-5.551115123125783e-17
498.0,0.0525,3,3,242.88420365524888,0.14699937463715676,0.004153623785947821,-3.885780586188048e-16
498.0,0.053,3,1,12.833185607035086,0.09599968135701632,0.16357702695828133,-1.3877787807814457e-17
498.0,0.053,3,2,29.040709682420598,0.12112916839448062,0.05612950148647225,-2.7755575615628914e-17
498.0,0.053,3,3,246.26062557004417,0.14708907582938632,0.004076899833171411,-2.220446049250313e-16
498.0,0.0535,3,1,13.702606639366667,0.09862303614397204,0.14973613530022623,2.7755575615628914e-17
498.0,0.0535,3,2,26.4183635266219,0.11892351759121128,0.06331312453920224,0.0
498.0,0.0535,3,3,249.5063097298452,0.14717396035229077,0.004004954363155195,4.163336342344337e-16
498.0,0.054,3,1,14.992173395965203,0.10201987716443149,0.13272318235118227,2.7755575615628914e-17
498.0,0.054,3,2,23.47200032350455,0.11594877953956738,0.07368650364867553,4.163336342344337e-17
498.0,0.054,3,3,252.63126657009013,0.14725450192665776,0.00393728200413631,-1.1102230246251565e-16
499.0,0.045,3,1,7.959286108143693,0.07254979273103077,0.3144732658090516,-1.3877787807814457e-17
499.0,0.045,3,2,98.52776207406802,0.1398266249556879,0.012603866881222482,2.7755575615628914e-17
499.0,0.045,3,3,154.56524726151528,0.14381194741300557,0.007344169204019814,-8.326672684688674e-17
499.0,0.0455,3,1,8.115622229290514,0.07366689382320572,0.30617610186960514,1.3877787807814457e-17
499.0,0.0455,3,2,87.65398223756901,0.1386073452563438,0.01449507065783759,0.0
499.0,0.0455,3,3,167.27711650861428,0.1444154953759441,0.006670719910872249,-8.326672684688674e-17
499.0,0.046,3,1,8.280574784690797,0.07480736168940988,0.29781981383820166,5.551115123125783e-17
499.0,0.046,3,2,79.71515438686538,0.1375508699258243,0.01624060822387553,0.0
499.0,0.046,3,3,177.00704004274593,0.14483296957669653,0.006223839414096358,2.7755575615628914e-17
499.0,0.0465,3,1,8.455103823406569,0.07597335428146412,0.2893960294975949,2.7755575615628914e-17
499.0,0.0465,3,2,73.28424017376508,0.13656093920405485,0.017966234524481074,-5.551115123125783e-17
499.0,0.0465,3,3,185.18222559989252,0.14515846842406452,0.0058861611907125196,-1.942890293094024e-16
499.0,0.047,3,1,8.640337714533803,0.07716737775806444,0.28089497497659577,1.3877787807814457e-17
499.0,0.047,3,2,67.81336231269182,0.13559983251886978,0.019724955600479138,-8.326672684688674e-17
499.0,0.047,3,3,192.35050691969604,0.14542720306582305,0.005614468534875056,1.3877787807814457e-16
499.0,0.0475,3,1,8.837615730224364,0.07839237021182878,0.2723051326888821,1.3877787807814457e-17
499.0,0.0475,3,2,63.021061104558164,0.13464696863165576,0.021549648957913916,-5.551115123125783e-17
499.0,0.0475,3,3,198.79304684510825,0.1456568135095691,0.005387416290704503,4.163336342344337e-16
499.0,0.048,3,1,9.048545219125932,0.07965181317569327,0.26361278481049333,-4.163336342344337e-17
499.0,0.048,3,2,58.738992230679465,0.13368858472309678,0.023466322213573913,-5.551115123125783e-17
499.0,0.048,3,3,204.6775844308028,0.14585757802449598,0.005192728767746811,0.0
499.0,0.0485,3,1,9.275079903923936,0.08094988307007049,0.25480139192061235,1.3877787807814457e-17
499.0,0.0485,3,2,54.85620503846462,0.13271391873666846,0.02549929481769036,-8.326672684688674e-17
499.0,0.0485,3,3,210.11408031393105,0.14603607934500742,0.005022639413485416,1.3877787807814457e-16
499.0,0.049,3,1,9.519629573102971,0.08229166159180595,0.24585072799491367,0.0
499.0,0.049,3,2,51.29428571024735,0.13171338570432592,0.027674054701578528,-1.3877787807814457e-16
499.0,0.049,3,3,215.17946569403816,0.14619681795066644,0.004871899206041409,-2.7755575615628914e-16
499.0,0.0495,3,1,9.785217864384986,0.08368343574834347,0.23673564423454616,0.0
499.0,0.0495,3,2,47.99464464647209,0.1306774677029677,0.030019487234432537,0.0
499.0,0.0495,3,3,219.93019890115824,0.14634302207046493,0.004736783899941563,-2.220446049250313e-16
499.0,0.05,3,1,10.075716378298399,0.08513313913909261,0.22742424713503082,-1.3877787807814457e-17
499.0,0.05,3,2,44.911288757755656,0.12959582594624136,0.032570240769361616,0.0
499.0,0.05,3,3,224.40926062615873,0.1464770943048343,0.004614550440756372,1.1102230246251565e-16
499.0,0.0505,3,1,10.396205160297542,0.08665102534316195,0.21787511244185162,2.7755575615628914e-17
499.0,0.0505,3,2,42.00628173237141,0.12845636318011122,0.035369832124602776,8.326672684688674e-17
499.0,0.0505,3,3,228.65033471492404,0.14660087583779427,0.004503117556027174,-1.1102230246251565e-16
499.0,0.051,3,1,10.753553349997986,0.08825074263083771,0.2080328294078363,2.7755575615628914e-17
499.0,0.051,3,2,39.24652500068176,0.12724398382908736,0.038475300682701545,0.0
499.0,0.051,3,3,232.68044801232725,0.14671581157494382,0.004400867424731859,6.38378239159465e-16
499.0,0.0515,3,1,11.157408437930707,0.0899511477070782,0.19782046533543152,0.0
499.0,0.0515,3,2,36.60102762280759,0.12593867236446507,0.04196487261493931,-2.7755575615628914e-17
499.0,0.0515,3,3,236.52171259487406,0.14682305802765905,0.004306516935019794,-1.3877787807814457e-16
499.0,0.052,3,1,11.622007418844266,0.09177959412229002,0.18712587481685333,1.3877787807814457e-17
499.0,0.052,3,2,34.03790395491936,0.1245121317948155,0.04595173834778195,1.3877787807814457e-17
499.0,0.052,3,3,240.19251825282163,0.14692355640797658,0.0042190310005774155,-3.608224830031759e-16
499.0,0.0525,3,1,12.169827159090202,0.09377849342144927,0.17577432596091017,-1.3877787807814457e-17
499.0,0.0525,3,2,31.519882995153928,0.12292117145372321,0.05061148654074628,1.3877787807814457e-17
499.0,0.0525,3,3,243.70837400798953,0.1470180836880884,0.004137562377533792,6.106226635438361e-16
499.0,0.053,3,1,12.840013898564342,0.09602030712315979,0.1634658189280138,0.0
499.0,0.053,3,2,28.99527055421068,0.12109267841146944,0.056244828461373825,0.0
499.0,0.053,3,3,247.08251760621658,0.1471072892061467,0.004061408774786524,4.163336342344337e-16
499.0,0.0535,3,1,13.712435518385266,0.09864984540459477,0.14959784663800874,-1.3877787807814457e-17
499.0,0.0535,3,2,26.37344664076588,0.11888129194902915,0.06345486855787914,-2.7755575615628914e-17
499.0,0.0535,3,3,250.32636696728287,0.14719172150405097,0.003989981592647772,1.1102230246251565e-16
499.0,0.054,3,1,15.009820855074935,0.10206163129873004,0.1325204394459383,-2.7755575615628914e-17
499.0,0.054,3,2,23.422386207652117,0.1158920192939887,0.07389208303849941,-2.7755575615628914e-17
499.0,0.054,3,3,253.44986116939546,0.14727184839119103,0.00392278268574271,2.498001805406602e-16
500.0,0.0445,3,1,7.811554772696602,0.07145912216008164,0.322681139592963,-1.3877787807814457e-17
500.0,0.0445,3,2,120.97972045634879,0.14176924470135704,0.009863696942777328,8.326672684688674e-17
500.0,0.0445,3,3,130.97648851248525,0.1424611434777466,0.008968750625375346,5.551115123125783e-17
500.0,0.045,3,1,7.960157603497548,0.07255497016750508,0.31443455502075884,-2.7755575615628914e-17
500.0,0.045,3,2,97.82582339914313,0.13975306898188014,0.012714212739680718,-1.1102230246251565e-16
500.0,0.045,3,3,156.01809548590913,0.1438827359105718,0.007263506025627923,-1.3877787807814457e-16
500.0,0.0455,3,1,8.116559811360668,0.07367233178745923,0.30613598320186797,0.0
500.0,0.0455,3,2,87.23630415440344,0.1385542543591005,0.014580421315523343,0.0
500.0,0.0455,3,3,168.44792383950477,0.14446555450398912,0.00661631724472167,0.0
500.0,0.046,3,1,8.281586607270834,0.07481308378654643,0.2977781791250094,-1.3877787807814457e-17
500.0,0.046,3,2,79.41752309599602,0.13750658182056494,0.016315948947102997,-2.7755575615628914e-17
500.0,0.046,3,3,178.0599658472272,0.1448739379655763,0.006180820009667598,5.551115123125783e-17
500.0,0.0465,3,1,8.45619954138148,0.07597938784886397,0.2893527539120813,1.3877787807814457e-17
500.0,0.0465,3,2,73.05505979147077,0.13652171491393092,0.01803640360533564,2.7755575615628914e-17
500.0,0.0465,3,3,186.16881123002852,0.14519405766586652,0.00584981143489959,-2.7755575615628914e-17
500.0,0.047,3,1,8.64152886875086,0.07717375473958767,0.2808499131842819,1.3877787807814457e-17
500.0,0.047,3,2,67.62891516663085,0.13556390854001957,0.01979228446896756,2.7755575615628914e-17
500.0,0.047,3,3,193.29441497568365,0.14545914467484866,0.00558260218653708,1.6653345369377348e-16
500.0,0.0475,3,1,8.838916263639833,0.07839912831288616,0.2722581137760223,1.3877787807814457e-17
500.0,0.0475,3,2,62.86824971854664,0.1346133367476938,0.021615527134002846,5.551115123125783e-17
500.0,0.0475,3,3,199.70731862084253,0.14568607795271662,0.005358814600218992,5.551115123125783e-17
500.0,0.048,3,1,9.04997218200096,0.07965899741765121,0.26356360547403385,2.7755575615628914e-17
500.0,0.048,3,2,58.6097383750741,0.13365659241414543,0.023531711871401812,-2.7755575615628914e-17
500.0,0.048,3,3,205.57024010743697,0.14588477275776954,0.00516663272278727,1.6653345369377348e-16
500.0,0.0485,3,1,9.276654437992205,0.08095754792632205,0.25474980713064893,1.3877787807814457e-17
500.0,0.0485,3,2,54.74513942032677,0.13268310190000834,0.02556495017406648,2.7755575615628914e-17
500.0,0.0485,3,3,210.99042823716593,0.14606161395674286,0.0049985396880116665,2.220446049250313e-16
500.0,0.049,3,1,9.521378319110717,0.08229987399497944,0.2457964378788318,4.163336342344337e-17
500.0,0.049,3,2,51.19763925012249,0.13168338597136126,0.027740636191129788,0.0
500.0,0.049,3,3,216.04320964378104,0.14622098383730756,0.004849435100958574,8.326672684688674e-17
500.0,0.0495,3,1,9.787175033430083,0.0836922794450538,0.236678275127551,4.163336342344337e-17
500.0,0.0495,3,2,47.909656688301986,0.1306479853856324,0.030087634471290755,-5.551115123125783e-17
500.0,0.0495,3,3,220.78402776644936,0.1463660351353576,0.004715689330835502,-4.440892098500626e-16
500.0,0.05,3,1,10.077926904639503,0.08514272121012285,0.2273633232742512,1.3877787807814457e-17
500.0,0.05,3,2,44.83586447451421,0.12956658878263153,0.032640632058700915,2.7755575615628914e-17
500.0,0.05,3,3,225.25518780499655,0.14649911969236573,0.004594622732205169,2.7755575615628914e-17
500.0,0.0505,3,1,10.398729698842553,0.08666148636567832,0.21781001195439503,1.3877787807814457e-17
500.0,0.0505,3,2,41.938779659511425,0.1284271009563621,0.03544324762251604,-2.7755575615628914e-17
500.0,0.0505,3,3,229.48990554355532,0.14662204314925684,0.004484198293622351,-4.718447854656915e-16
500.0,0.051,3,1,10.756476601318223,0.0882622733163884,0.20796271242753755,4.163336342344337e-17
500.0,0.051,3,2,39.185615689895094,0.12721440192093267,0.03855270660679135,5.551115123125783e-17
500.0,0.051,3,3,233.5148727485587,0.14673622468893358,0.004382830127694371,-1.3877787807814457e-16
500.0,0.0515,3,1,11.160853909900457,0.08996401788229896,0.19774414910447605,2.7755575615628914e-17
500.0,0.0515,3,2,36.54559019377492,0.1259084161649547,0.04204755439671398,2.7755575615628914e-17
500.0,0.0515,3,3,237.35195506852048,0.14684280169161182,0.004289258802138217,-1.942890293094024e-16
500.0,0.052,3,1,11.626165811521304,0.09179420743823513,0.1870415985042005,1.3877787807814457e-17
500.0,0.052,3,2,33.98693662692441,0.12448072743375083,0.046041541524664505,-4.163336342344337e-17
500.0,0.052,3,3,241.01935691469487,0.14694270080936117,0.004202467199735246,-6.38378239159465e-16
500.0,0.0525,3,1,12.17501729283637,0.09379550256001397,0.1756792567166958,-1.3877787807814457e-17
500.0,0.0525,3,2,31.472398913463284,0.12288790733221992,0.05071131476330997,-1.3877787807814457e-17
500.0,0.0525,3,3,244.53244514245497,0.14703668771338357,0.004121621984030023,-5.273559366969494e-16
500.0,0.053,3,1,12.846836090656327,0.09604089803799082,0.16335483652523275,-2.7755575615628914e-17
500.0,0.053,3,2,28.950113066081705,0.12105631858179179,0.05635986181004231,0.0
500.0,0.053,3,3,247.90434664711088,0.14712540282005945,0.004046031812914377,1.6653345369377348e-16
500.0,0.0535,3,1,13.722270843338224,0.09867664282068335,0.14945968291812065,1.3877787807814457e-17
500.0,0.0535,3,2,26.32876684301545,0.11883916884189855,0.06359642629701502,2.7755575615628914e-17
500.0,0.0535,3,3,251.1463916599469,0.14720938752257953,0.0039751168359638015,-1.3877787807814457e-16
500.0,0.054,3,1,15.027564205225904,0.10210353485699364,0.13231712679465568,2.7755575615628914e-17
500.0,0.054,3,2,23.37289241782921,0.11583519622859577,0.07409817680600261,5.551115123125783e-17
500.0,0.054,3,3,254.2684490101827,0.14728910382699684,0.003908385991642521,5.551115123125783e-16
