varied_parameter,parameter_value,base_case,model,found,number_of_roots,root,branch,B,delta,eta,Pbar,m_L,m_NL,E,P,tau,u,x,g,Z,A,residual_max,admissible,positive_growth,TVC,stability,lambda_1_real,lambda_1_imag,lambda_2_real,lambda_2_imag,lambda_3_real,lambda_3_imag,status
m,0.05,False,linear,True,1,1,-,0.45,0.01,1.5,1.0,0.05,0.2,0.30084119037752854,0.6991588096224715,0.8610272140949882,0.9279155209904554,0.017479338518098363,0.014958677036196721,0.03495794048112357,0.03495794048112357,8.845360488976758e-15,True,True,True,saddle,-0.2516304850504519,0.0,0.017479338517649545,0.0,0.2691098235671656,0.0,solution
m,0.05,False,nonlinear,True,1,1,upper,0.45,0.01,1.5,1.0,0.05,0.2,0.5634828265714698,0.43651717342853025,0.8126178131656174,0.9014531674832683,0.02144869154417642,0.022897383088352836,0.049193986146099315,0.049193986146099336,2.0816681711721685e-17,True,True,True,saddle,-0.341304871271908,0.0,0.021448691544165524,0.0,0.3627535628161536,0.0,solution
m,0.0511646496140377,False,linear,True,1,1,-,0.45,0.01,1.5,1.0,0.0511646496140377,0.2046585984561508,0.2999045074131026,0.7000954925868974,0.8579737425647245,0.9262687204935318,0.017726358592636896,0.015452717185273787,0.035820140574575735,0.035820140574575735,1.0335082908183036e-14,True,True,True,saddle,-0.2550714543795408,0.0,0.01772635859227726,0.0,0.27279781298308836,0.0,solution
m,0.0511646496140377,False,nonlinear,True,1,1,upper,0.45,0.01,1.5,1.0,0.0511646496140377,0.2046585984561508,0.56347010258932,0.43652989741068005,0.8088989021889069,0.8993880709620886,0.021758456022353368,0.02351691204470675,0.05034019188027302,0.05034019188027298,4.163336342344337e-17,True,True,True,saddle,-0.34555388178031715,0.0,0.021758456022241635,0.0,0.3673123378040735,0.0,solution
m,0.052356427402544974,False,linear,True,1,1,-,0.45,0.01,1.5,1.0,0.052356427402544974,0.2094257096101799,0.29900240819220714,0.7009975918077929,0.8548683698518967,0.9245909202733373,0.017978028625666068,0.01595605725133213,0.03670172952484357,0.03670172952484356,1.2296706227592087e-14,True,True,True,saddle,-0.2585554537836403,0.0,0.01797802862568483,0.0,0.2765334824102989,0.0,solution
m,0.052356427402544974,False,nonlinear,True,1,1,upper,0.45,0.01,1.5,1.0,0.052356427402544974,0.2094257096101799,0.5634676727554793,0.43653232724452073,0.8051205865521063,0.8972851199881263,0.022073898668447726,0.024147797336895437,0.05151283017593653,0.05151283017593652,1.3877787807814457e-17,True,True,True,saddle,-0.3498690486176934,0.0,0.022073898668456382,0.0,0.37194294728736865,0.0,solution
m,0.05357596526188032,False,linear,True,1,1,-,0.45,0.01,1.5,1.0,0.05357596526188032,0.21430386104752128,0.2981346256310947,0.7018653743689053,0.8517106639212962,0.9228817171887719,0.018234409088350886,0.01646881817670177,0.037603114915705095,0.037603114915705095,1.3873560519539772e-14,True,True,True,saddle,-0.2620830041064332,0.0,0.018234409088269007,0.0,0.2803174132030596,0.0,solution
m,0.05357596526188032,False,nonlinear,True,1,1,upper,0.45,0.01,1.5,1.0,0.05357596526188032,0.21430386104752128,0.5634755290400457,0.4365244709599543,0.8012824885565246,0.8951438367974862,0.02239509114704374,0.02479018229408747,0.052712504405932926,0.05271250440593295,2.0816681711721685e-17,True,True,True,saddle,-0.35425169473709056,0.0,0.0223950911470146,0.0,0.3766467858882917,0.0,solution
m,0.054823909807159246,False,linear,True,1,1,-,0.45,0.01,1.5,1.0,0.054823909807159246,0.21929563922863698,0.29730089809469007,0.7026991019053099,0.8485002067364485,0.9211407095207814,0.018495560238549452,0.016991120477098904,0.03852471218442851,0.03852471218442852,1.666205774092481e-14,True,True,True,saddle,-0.2656546394783704,0.0,0.018495560238307885,0.0,0.2841501997250846,0.0,solution
m,0.054823909807159246,False,nonlinear,True,1,1,upper,0.45,0.01,1.5,1.0,0.054823909807159246,0.21929563922863698,0.563493666171026,0.43650633382897397,0.7973842532021782,0.89296374685772,0.022722104638008667,0.025444209276017347,0.053939831357678346,0.05393983135767836,1.3877787807814457e-17,True,True,True,saddle,-0.35870317781891325,0.0,0.02272210463806551,0.0,0.38142528245936336,0.0,solution
m,0.05610092271509817,False,linear,True,1,1,-,0.45,0.01,1.5,1.0,0.05610092271509817,0.2244036908603927,0.29650096956416483,0.7034990304358352,0.8452365951157439,0.9193674973130951,0.018761542069702403,0.017523084139404805,0.039466944736627284,0.039466944736627284,1.9448363401701522e-14,True,True,True,saddle,-0.26927090801361747,0.0,0.018761542070045295,0.0,0.2880324500834415,0.0,solution
m,0.05610092271509817,False,nonlinear,True,1,1,upper,0.45,0.01,1.5,1.0,0.05610092271509817,0.2244036908603927,0.5635220816243416,0.4364779183756584,0.7934255493400869,0.8907443793480186,0.023055009764463865,0.026110019528927737,0.05519544151306129,0.05519544151306123,9.359342702784294e-17,True,True,True,saddle,-0.36322489148916964,0.0,0.023055009764474887,0.0,0.3862799012538482,0.0,solution
m,0.05740768107484413,False,linear,True,1,1,-,0.45,0.01,1.5,1.0,0.05740768107484413,0.22963072429937653,0.2957345897914285,0.7042654102085715,0.8419194416046958,0.9175616827247615,0.01903241425795245,0.018064828515904893,0.04043024406129795,0.04043024406129795,2.218787680817898e-14,True,True,True,saddle,-0.2729323720456853,0.0,0.019032414257680246,0.0,0.2919647863092324,0.0,solution
m,0.05740768107484413,False,nonlinear,True,1,1,upper,0.45,0.01,1.5,1.0,0.05740768107484413,0.22963072429937653,0.563560775612205,0.43643922438779503,0.7894060708407366,0.8884852676554275,0.023393876518352535,0.026787753036705095,0.056479979333229714,0.05647997933322971,1.2023342914997798e-15,True,True,True,saddle,-0.3678182661932807,0.0,0.023393876518318535,0.0,0.3912121427146463,0.0,solution
m,0.058744877746976475,False,linear,True,1,1,-,0.45,0.01,1.5,1.0,0.058744877746976475,0.2349795109879059,0.2950015144408814,0.7049984855591186,0.8385483753634991,0.9157228703944764,0.019308236107495203,0.01861647221499041,0.04141504984597399,0.04141504984597398,2.5965494511862135e-14,True,True,True,saddle,-0.27663960871639703,0.0,0.019308236107495567,0.0,0.2959478448264141,0.0,solution
m,0.058744877746976475,False,nonlinear,True,1,1,upper,0.45,0.01,1.5,1.0,0.058744877746976475,0.2349795109879059,0.5636097510698627,0.43639024893013734,0.7853255377772332,0.8861859498870613,0.023738774183607467,0.02747754836721493,0.05779410354830106,0.05779410354830111,5.551115123125783e-17,True,True,True,saddle,-0.37248477054950113,0.0,0.023738774183554814,0.0,0.3962235447375123,0.0,solution
m,0.06011322173087064,False,linear,True,1,1,-,0.45,0.01,1.5,1.0,0.06011322173087064,0.24045288692348257,0.29430150521871123,0.7056984947812888,0.8351230430689627,0.9138506678166639,0.01958906649416708,0.01917813298833416,0.04242181009192927,0.042421810091929274,3.0141809246619976e-14,True,True,True,saddle,-0.28039321025337677,0.0,0.01958906649391824,0.0,0.29998227676044575,0.0,solution
m,0.06011322173087064,False,nonlinear,True,1,1,upper,0.45,0.01,1.5,1.0,0.06011322173087064,0.24045288692348257,0.5636690136407596,0.4363309863592404,0.7811836976215601,0.8838459693982658,0.02408977125692678,0.028179542513853604,0.059138487452022985,0.05913848745202289,9.71445146547012e-17,True,True,True,saddle,-0.377225912371043,0.0,0.024089771257021303,0.0,0.40131568362520204,0.0,solution
m,0.06151343854061908,False,linear,True,1,1,-,0.45,0.01,1.5,1.0,0.06151343854061908,0.24605375416247632,0.2936343299899774,0.7063656700100226,0.8316431098298093,0.9119446857292438,0.019874963807280096,0.01974992761456019,0.04345098122936474,0.04345098122936474,3.4915519337050815e-14,True,True,True,saddle,-0.28419378465077866,0.0,0.019874963807830635,0.0,0.3040687484569678,0.0,solution
m,0.06151343854061908,False,nonlinear,True,1,1,upper,0.45,0.01,1.5,1.0,0.06151343854061908,0.24605375416247632,0.5637385716600462,0.43626142833995385,0.7769803264522123,0.8814648753366252,0.02444693536617289,0.02889387073234577,0.06051381920141535,0.06051381920141537,4.87920256586097e-16,True,True,True,saddle,-0.38204323991881894,0.0,0.02444693536600734,0.0,0.40649017528984044,0.0,solution
m,0.06294627058970836,False,linear,True,1,1,-,0.45,0.01,1.5,1.0,0.06294627058970836,0.25178508235883346,0.29299976288379337,0.7070002371162066,0.8281082601142529,0.9100045385129971,0.0201659858897171,0.0203319717794342,0.04450302823250472,0.04450302823250472,4.0329391379294893e-14,True,True,True,saddle,-0.28804195598458915,0.0,0.020165985889687658,0.0,0.30820794186822253,0.0,solution
m,0.06294627058970836,False,nonlinear,True,1,1,upper,0.45,0.01,1.5,1.0,0.06294627058970836,0.25178508235883346,0.5638184361365167,0.4361815638634833,0.7727152301713558,0.879042223201682,0.02481033318641437,0.02962066637282873,0.06192080212141846,0.06192080212141846,6.166057350106135e-17,True,True,True,saddle,-0.38693834304603963,0.0,0.02481033318646733,0.0,0.4117486762359908,0.0,solution
m,0.06441247758465671,False,linear,True,1,1,-,0.45,0.01,1.5,1.0,0.06441247758465671,0.25764991033862683,0.29239758438685437,0.7076024156131456,0.8245181986886658,0.9080298446024039,0.020462189976306083,0.020924379952612166,0.04557842473453068,0.045578424734530686,4.662814106571202e-14,True,True,True,saddle,-0.29193836491136366,0.0,0.020462189976226168,0.0,0.3124005548909896,0.0,solution
m,0.06441247758465671,False,nonlinear,True,1,1,upper,0.45,0.01,1.5,1.0,0.06441247758465671,0.25764991033862683,0.5639086207329507,0.43609137926704933,0.7683882457295402,0.8765775754201908,0.02518003035363803,0.030360060707276103,0.0633601550145642,0.06336015501456417,2.7755575615628914e-17,True,True,True,saddle,-0.39191285464401154,0.0,0.02518003035354749,0.0,0.41709288500103336,0.0,solution
m,0.06591283692782036,False,linear,True,1,1,-,0.45,0.01,1.5,1.0,0.06591283692782036,0.26365134771128146,0.2918275814255753,0.7081724185744247,0.8208726515660664,0.9060202269078027,0.02076363263049626,0.021527265260992523,0.0466776531422762,0.0466776531422762,5.390360614876042e-14,True,True,True,saddle,-0.29588366922802006,0.0,0.02076363263026512,0.0,0.31664730186335954,0.0,solution
m,0.06591283692782036,False,nonlinear,True,1,1,upper,0.45,0.01,1.5,1.0,0.06591283692782036,0.26365134771128146,0.5640091417448452,0.4359908582551548,0.7639992423558368,0.8740705019366783,0.02555609137616492,0.03111218275232983,0.06483261247569254,0.06483261247569257,2.7755575615628914e-17,True,True,True,saddle,-0.39696845168959666,0.0,0.025556091376194107,0.0,0.42252454306388665,0.0,solution
m,0.06744814412958265,False,linear,True,1,1,-,0.45,0.01,1.5,1.0,0.06744814412958265,0.2697925765183306,0.2912895474370918,0.7087104525629082,0.8171713669630554,0.9039753132486834,0.021070369679364154,0.022140739358728307,0.04780120475060478,0.04780120475060478,6.177187144917554e-14,True,True,True,saddle,-0.2998785443692684,0.0,0.021070369679079593,0.0,0.3209489140582759,0.0,solution
m,0.06744814412958265,False,nonlinear,True,1,1,upper,0.45,0.01,1.5,1.0,0.06744814412958265,0.2697925765183306,0.5641200180775731,0.43587998192242694,0.7595481227911559,0.8715205808190395,0.02593857954381072,0.03187715908762149,0.06633892521172367,0.06633892521172358,9.71445146547012e-17,True,True,True,saddle,-0.40210685687862247,0.0,0.025938579543887466,0.0,0.4280454364241594,0.0,solution
m,0.06901921323014425,False,linear,True,1,1,-,0.45,0.01,1.5,1.0,0.06901921323014425,0.276076852920577,0.29078328242935647,0.7092167175706435,0.8134141162637433,0.9018947367978944,0.0213824561469825,0.022764912293965,0.048949579856391236,0.048949579856391236,7.111966968107798e-14,True,True,True,saddle,-0.3039236838948601,0.0,0.0213824561470624,0.0,0.32530614004458763,0.0,solution
m,0.06901921323014425,False,nonlinear,True,1,1,upper,0.45,0.01,1.5,1.0,0.06901921323014425,0.276076852920577,0.5642412712219538,0.4357587287780462,0.7550348245223646,0.8689273988788503,0.026327556834839116,0.03265511366967825,0.0678798603664942,0.06787986036649418,4.977151214060105e-16,True,True,True,saddle,-0.4073298396851524,0.0,0.02632755683489668,0.0,0.4336573965209001,0.0,solution
m,0.07062687723113768,False,linear,True,1,1,-,0.45,0.01,1.5,1.0,0.07062687723113768,0.28250750892455073,0.2903085930305934,0.7096914069694066,0.8096006949891137,0.8997781365365096,0.021699946186190224,0.023399892372380448,0.05012328787202165,0.05012328787202165,8.2100363708304e-14,True,True,True,saddle,-0.3080198000001305,0.0,0.021699946186523354,0.0,0.32971974618783023,0.0,solution
m,0.07062687723113768,False,nonlinear,True,1,1,upper,0.45,0.01,1.5,1.0,0.07062687723113768,0.28250750892455073,0.5643729252282375,0.43562707477176255,0.7504593210146696,0.8662905523060203,0.026723083820763622,0.033446167641527254,0.06945620185066487,0.06945620185066484,2.7755575615628914e-17,True,True,True,saddle,-0.4126392181145574,0.0,0.026723083820703222,0.0,0.43936230193748815,0.0,solution
m,0.07227198853729636,False,linear,True,1,1,-,0.45,0.01,1.5,1.0,0.07227198853729636,0.2890879541491854,0.2898652925283097,0.7101347074716903,0.8057309237701693,0.897625157719061,0.022022893008807512,0.02404578601761502,0.0513228474383303,0.0513228474383303,9.467598554527312e-14,True,True,True,saddle,-0.3121676241412496,0.0,0.022022893008899348,0.0,0.33419051715084774,0.0,solution
m,0.07227198853729636,False,nonlinear,True,1,1,upper,0.45,0.01,1.5,1.0,0.07227198853729636,0.2890879541491854,0.5645150066785249,0.43548499332147506,0.7458216229396207,0.8636096473173633,0.027125219569062164,0.03425043913812433,0.07106875067669537,0.07106875067669534,2.7755575615628914e-17,True,True,True,saddle,-0.41803685982461297,0.0,0.027125219569231515,0.0,0.44516207938955477,0.0,solution
m,0.07395541940841034,False,linear,True,1,1,-,0.45,0.01,1.5,1.0,0.07395541940841034,0.29582167763364137,0.289453200898102,0.710546799101898,0.801804649323116,0.895435452348809,0.022351348814345324,0.02470269762869065,0.05254878653688435,0.05254878653688435,1.0884422014407188e-13,True,True,True,saddle,-0.3163679075359185,0.0,0.02235134881413693,0.0,0.33871925635182293,0.0,solution
m,0.07395541940841034,False,nonlinear,True,1,1,upper,0.45,0.01,1.5,1.0,0.07395541940841034,0.29582167763364137,0.5646675446575935,0.4353324553424065,0.7411217793959317,0.8608843008186011,0.02753402154387649,0.035068043087753,0.07271832529888421,0.07271832529888414,6.938893903907228e-17,True,True,True,saddle,-0.4235246840505347,0.0,0.027534021543829335,0.0,0.4510587055960103,0.0,solution
m,0.07567806242181038,False,linear,True,1,1,-,0.45,0.01,1.5,1.0,0.07567806242181038,0.30271224968724153,0.28907214482246546,0.7109278551775345,0.7978217454247435,0.8932086796626775,0.02268536471726505,0.02537072943453009,0.05380164260152923,0.05380164260152923,1.248617220532709e-13,True,True,True,saddle,-0.32062142172232044,0.0,0.022685364717621392,0.0,0.3433067864418911,0.0,solution
m,0.07567806242181038,False,nonlinear,True,1,1,upper,0.45,0.01,1.5,1.0,0.07567806242181038,0.30271224968724153,0.5648305707221627,0.4351694292778373,0.7363598791201986,0.8581141410792614,0.02794954550477745,0.0358990910095549,0.07440576195846056,0.07440576195846055,2.4270234612467796e-16,True,True,True,saddle,-0.4291046627183677,0.0,0.027949545504756812,0.0,0.45705420822693876,0.0,solution
m,0.07744083094562405,False,linear,True,1,1,-,0.45,0.01,1.5,1.0,0.07744083094562405,0.3097633237824962,0.2887219576998111,0.7112780423001889,0.7937821138860649,0.8909445066254491,0.0230249906728493,0.026049981345698598,0.055081962629103365,0.05508196262910336,1.4307502537103404e-13,True,True,True,saddle,-0.32492895917600273,0.0,0.023024990673511898,0.0,0.34795394985199224,0.0,solution
m,0.07744083094562405,False,nonlinear,True,1,1,upper,0.45,0.01,1.5,1.0,0.07744083094562405,0.3097633237824962,0.5650041188685808,0.4349958811314192,0.7315360516844526,0.8552988084198718,0.028371845403685893,0.03674369080737179,0.07613191503371305,0.07613191503371301,4.163336342344337e-17,True,True,True,saddle,-0.43477882236230947,0.0,0.028371845403720508,0.0,0.4631506677597919,0.0,solution
m,0.07924465962305566,False,linear,True,1,1,-,0.45,0.01,1.5,1.0,0.07924465962305566,0.31697863849222263,0.2884024796438889,0.7115975203561111,0.7896856855221861,0.8886426084327637,0.023370275401752117,0.026740550803504237,0.05639030328923045,0.05639030328923045,1.6410963864612267e-13,True,True,True,saddle,-0.3292913339598264,0.0,0.023370275401910952,0.0,0.352661609379595,0.0,solution
m,0.07924465962305566,False,nonlinear,True,1,1,upper,0.45,0.01,1.5,1.0,0.07924465962305566,0.31697863849222263,0.5651882254989476,0.43481177450105235,0.7266504686773665,0.8524379559107903,0.02880097328004814,0.03760194656009624,0.07789765739513076,0.07789765739513087,1.1102230246251565e-16,True,True,True,saddle,-0.4405492456020315,0.0,0.02880097328004691,0.0,0.4693502188852576,0.0,solution
m,0.08109050486794649,False,linear,True,1,1,-,0.45,0.01,1.5,1.0,0.08109050486794649,0.32436201947178595,0.2881135574738085,0.7118864425261915,0.7855324211162821,0.8863026690224294,0.02372126631330226,0.02744253262660452,0.05772723103309524,0.05772723103309524,1.8766032450491465e-13,True,True,True,saddle,-0.33370938220468416,0.0,0.023721266313643796,0.0,0.3574306485256404,0.0,solution
m,0.08109050486794649,False,nonlinear,True,1,1,upper,0.45,0.01,1.5,1.0,0.08109050486794649,0.32436201947178595,0.5653829293856607,0.4346170706143393,0.7217033448657951,0.8495312500819467,0.029236979154374662,0.03847395830874931,0.07970388076553098,0.07970388076553099,1.3877787807814457e-17,True,True,True,saddle,-0.44641807295089353,0.0,0.029236979154490278,0.0,0.4756550521078235,0.0,solution
m,0.08297934537187801,False,linear,True,1,1,-,0.45,0.01,1.5,1.0,0.08297934537187801,0.33191738148751204,0.2878550446948239,0.7121449553051761,0.7813223123754669,0.8839243815935087,0.02407800942764036,0.028156018855280716,0.059093322201108835,0.059093322201108835,2.152584482308909e-13,True,True,True,saddle,-0.33818396287698327,0.0,0.02407800942820582,0.0,0.362261972305712,0.0,solution
m,0.08297934537187801,False,nonlinear,True,1,1,upper,0.45,0.01,1.5,1.0,0.08297934537187801,0.33191738148751204,0.5655882716344,0.43441172836560005,0.7166949393332278,0.8465783716427132,0.029679910920259702,0.03935982184051937,0.08155149608513305,0.08155149608513312,6.938893903907228e-17,True,True,True,saddle,-0.4523875044442374,0.0,0.029679910920222097,0.0,0.4820674153616171,0.0,solution
m,0.0849121826230872,False,linear,True,1,1,-,0.45,0.01,1.5,1.0,0.0849121826230872,0.3396487304923488,0.287626801470093,0.712373198529907,0.7770553828762579,0.8815074491325968,0.024440549296777147,0.028881098593554286,0.06048916312936421,0.06048916312936421,2.4588434134341746e-13,True,True,True,saddle,-0.34271595833851726,0.0,0.02444054929659167,0.0,0.36715650763443575,0.0,solution
m,0.0849121826230872,False,nonlinear,True,1,1,upper,0.45,0.01,1.5,1.0,0.0849121826230872,0.3396487304923488,0.5658042956455444,0.43419570435445565,0.711625556591594,0.8435790162110447,0.030129814235009978,0.040259628470019924,0.08344143388154167,0.08344143388154177,9.71445146547012e-17,True,True,True,saddle,-0.4584598014014399,0.0,0.03012981423506564,0.0,0.4885896156395628,0.0,solution
m,0.08689004143746876,False,linear,True,1,1,-,0.45,0.01,1.5,1.0,0.08689004143746876,0.347560165749875,0.28742869458352494,0.7125713054164751,0.7727316889972465,0.8790515849466666,0.02480892892466668,0.02961785784933336,0.06191535025478872,0.061915350254788726,2.8104147559816894e-13,True,True,True,saddle,-0.3473062749796864,0.0,0.02480892892431063,0.0,0.3721152039189961,0.0,solution
m,0.08689004143746876,False,nonlinear,True,1,1,upper,0.45,0.01,1.5,1.0,0.08689004143746876,0.347560165749875,0.566031047074025,0.43396895292597504,0.7064955476627756,0.8405328950509763,0.03058673240902023,0.04117346481804045,0.08537464464458416,0.08537464464458419,1.985430547770007e-16,True,True,True,saddle,-0.4646372885941085,0.0,0.03058673240901308,0.0,0.49522402100199175,0.0,solution
m,0.08891397050194613,False,linear,True,1,1,-,0.45,0.01,1.5,1.0,0.08891397050194613,0.35565588200778453,0.2872605973939373,0.7127394026060627,0.7683513208365125,0.8765565132018086,0.025183189686395376,0.030366379372790752,0.06337249021889017,0.06337249021889017,3.210021172524527e-13,True,True,True,saddle,-0.3519558440582143,0.0,0.025183189686436746,0.0,0.37713903374832214,0.0,solution
m,0.08891397050194613,False,nonlinear,True,1,1,upper,0.45,0.01,1.5,1.0,0.08891397050194613,0.35565588200778453,0.5662685737876122,0.4337314262123878,0.7013053111260609,0.8374397358174861,0.03105070629404374,0.04210141258808751,0.08735209920594718,0.08735209920594714,4.163336342344337e-17,True,True,True,saddle,-0.47092235562557694,0.0,0.03105070629422821,0.0,0.5019730619221535,0.0,solution
m,0.09098504293049917,False,linear,True,1,1,-,0.45,0.01,1.5,1.0,0.09098504293049917,0.36394017172199666,0.287122389780629,0.712877610219371,0.7639144031112339,0.8740219694671489,0.025563371246594326,0.031126742493188652,0.06486119997000112,0.06486119997000113,3.66738333110568e-13,True,True,True,saddle,-0.3566656221914416,0.0,0.02556337124702738,0.0,0.38222899344932487,0.0,solution
m,0.09098504293049917,False,nonlinear,True,1,1,upper,0.45,0.01,1.5,1.0,0.09098504293049917,0.36394017172199666,0.5665169258236472,0.4334830741763528,0.696055294127692,0.8342992833076701,0.03152177417051614,0.0430435483410323,0.08937478912354589,0.08937478912354581,8.326672684688674e-17,True,True,True,saddle,-0.47731745938714376,0.0,0.03152177417053681,0.0,0.5088392335609139,0.0,solution
m,0.09310435683314336,False,linear,True,1,1,-,0.45,0.01,1.5,1.0,0.09310435683314336,0.37241742733257344,0.2870139580805504,0.7129860419194496,0.7594210960368808,0.87144770126318,0.025949511477189657,0.03189902295437932,0.06638210686391895,0.06638210686391895,4.1829627680655954e-13,True,True,True,saddle,-0.3614365922473763,0.0,0.025949511477683755,0.0,0.38738610373055893,0.0,solution
m,0.09310435683314336,False,nonlinear,True,1,1,upper,0.45,0.01,1.5,1.0,0.09310435683314336,0.37241742733257344,0.5667761553442071,0.4332238446557929,0.6907459933485633,0.8311113002171029,0.03199997163410125,0.043999943268202474,0.0914437270705512,0.09144372707055126,5.551115123125783e-17,True,True,True,saddle,-0.48382512564786884,0.0,0.03199997163395432,0.0,0.5158250972823273,0.0,solution
m,0.09527303589816236,False,linear,True,1,1,-,0.45,0.01,1.5,1.0,0.09527303589816236,0.3810921435926494,0.28693519501718967,0.7130648049828103,0.7548715961833065,0.8688334686136961,0.026341646374612244,0.03268329274922449,0.06793584876284342,0.06793584876284343,4.769253821027297e-13,True,True,True,saddle,-0.3662697639233594,0.0,0.026341646374928536,0.0,0.39261141031940494,0.0,solution
m,0.09527303589816236,False,nonlinear,True,1,1,upper,0.45,0.01,1.5,1.0,0.09527303589816236,0.3810921435926494,0.5670463165897165,0.4329536834102835,0.6853779559260638,0.827875567900191,0.03248533148163802,0.04497066296327604,0.09355994722899245,0.09355994722899248,4.1850731298180297e-16,True,True,True,saddle,-0.4904479513950811,0.0,0.032485331481596574,0.0,0.5229332828795704,0.0,solution
m,0.09749222998790226,False,linear,True,1,1,-,0.45,0.01,1.5,1.0,0.09749222998790226,0.38996891995160904,0.28688599962133665,0.7131140003786633,0.7502661373049953,0.8661790446004771,0.0267398099765951,0.033479619953190196,0.06952307413250966,0.06952307413250966,5.43914257337625e-13,True,True,True,saddle,-0.371166174562686,0.0,0.026739809976460607,0.0,0.3979059845609818,0.0,solution
m,0.09749222998790226,False,nonlinear,True,1,1,upper,0.45,0.01,1.5,1.0,0.09749222998790226,0.38996891995160904,0.5673274658309984,0.43267253416900164,0.6799517803259854,0.8245918871332566,0.032977883596678186,0.04595576719335636,0.09572450568784051,0.09572450568784048,8.02079254787324e-17,True,True,True,saddle,-0.49718860693706035,0.0,0.032977883596664204,0.0,0.5301664905353551,0.0,solution
m,0.09976311574844397,False,linear,True,1,1,-,0.45,0.01,1.5,1.0,0.09976311574844397,0.3990524629937759,0.28686627714384727,0.7131337228561527,0.7456049911426677,0.8634842159198207,0.027144034278693562,0.03428806855738712,0.07114444213741714,0.07114444213741714,6.193120506858653e-13,True,True,True,saddle,-0.37612688993889715,0.0,0.027144034278509508,0.0,0.403270924221439,0.0,solution
m,0.09976311574844397,False,nonlinear,True,1,1,upper,0.45,0.01,1.5,1.0,0.09976311574844397,0.3990524629937759,0.5676196613197796,0.4323803386802204,0.6744681171603663,0.8212600788790152,0.033477654834814394,0.04695530966962878,0.09793848084547187,0.09793848084547191,4.163336342344337e-17,True,True,True,saddle,-0.504049837891862,0.0,0.0334776548349022,0.0,0.5375274927221143,0.0,solution
m,0.10208689723347647,False,linear,True,1,1,-,0.45,0.01,1.5,1.0,0.10208689723347647,0.4083475889339059,0.28687593896353625,0.7131240610364638,0.7408884681942675,0.8607487834404807,0.02755434915059457,0.03510869830118914,0.07280062273374888,0.07280062273374888,6.231649679655249e-13,True,True,True,saddle,-0.3811530050085757,0.0,0.0275543491498786,0.0,0.4087073541721799,0.0,solution
m,0.10208689723347647,False,nonlinear,True,1,1,upper,0.45,0.01,1.5,1.0,0.10208689723347647,0.4083475889339059,0.5679229632376341,0.43207703676236586,0.668927669947104,0.8178799850510489,0.03398466890900934,0.04796933781801868,0.10020297381640018,0.10020297381640017,4.1774563180357436e-17,True,True,True,saddle,-0.5110344676798002,0.0,0.03398466890905491,0.0,0.5450191365908686,0.0,solution
m,0.10446480654270197,False,linear,True,1,1,-,0.45,0.01,1.5,1.0,0.10446480654270197,0.4178592261708079,0.2869149024722565,0.7130850975277435,0.7361169184472253,0.8579725627589878,0.0279707822528185,0.03594156450563699,0.0744922967617195,0.07449229676171949,5.274531464932386e-13,True,True,True,saddle,-0.3862456446681177,0.0,0.02797078225315073,0.0,0.4142164269173002,0.0,solution
m,0.10446480654270197,False,nonlinear,True,1,1,upper,0.45,0.01,1.5,1.0,0.10446480654270197,0.4178592261708079,0.5682374336433841,0.4317625663566159,0.6633311958071461,0.8144514692768048,0.034498946275145964,0.048997892550291904,0.10251910884215015,0.10251910884215018,2.393448091246003e-16,True,True,True,saddle,-0.5181453995581242,0.0,0.034498946275204806,0.0,0.5526443458342996,0.0,solution
m,0.10689810447511161,False,linear,True,1,1,-,0.45,0.01,1.5,1.0,0.10689810447511161,0.42759241790044644,0.28698309098262287,0.7130169090173771,0.7312907320821475,0.8551553847589031,0.02839335895283121,0.03678671790566242,0.07622015603266073,0.07622015603266073,4.193644824609724e-13,True,True,True,saddle,-0.3914059646668181,0.0,0.02839335895371908,0.0,0.41979932361964506,0.0,solution
m,0.10689810447511161,False,nonlinear,True,1,1,upper,0.45,0.01,1.5,1.0,0.10689810447511161,0.42759241790044644,0.5685631364189522,0.4314368635810478,0.657679506095054,0.8109744176575818,0.0350205040180294,0.05004100803605879,0.10488803370614307,0.10488803370614307,5.932638810237994e-16,True,True,True,saddle,-0.5253856194130189,0.0,0.03502050401797813,0.0,0.5604061234274262,0.0,solution
m,0.10938808119747763,False,linear,True,1,1,-,0.45,0.01,1.5,1.0,0.10938808119747763,0.4375523247899105,0.2870804335978684,0.7129195664021316,0.7264103401275666,0.8522970961628149,0.028822102242244435,0.037644204484488866,0.07798490341686691,0.07798490341686691,2.9620909924821646e-13,True,True,True,saddle,-0.39663515247552467,0.0,0.028822102242437316,0.0,0.4254572547180504,0.0,solution
m,0.10938808119747763,False,nonlinear,True,1,1,upper,0.45,0.01,1.5,1.0,0.10938808119747763,0.4375523247899105,0.5689001372136696,0.4310998627863304,0.6519734669587449,0.8074487395239062,0.03554935573808076,0.05109871147616149,0.10731092015244491,0.10731092015244502,1.1102230246251565e-16,True,True,True,saddle,-0.5327581976605601,0.0,0.035549355737988425,0.0,0.5683075533976797,0.0,solution
m,0.11193605692841699,False,linear,True,1,1,-,0.45,0.01,1.5,1.0,0.11193605692841699,0.44774422771366795,0.2872068650895687,0.7127931349104313,0.7214762150758846,0.849397560083548,0.02925703265413446,0.03851406530826892,0.07978725292751886,0.07978725292751884,1.5625748169723096e-13,True,True,True,saddle,-0.40193442792548817,0.0,0.029257032654050247,0.0,0.4311914605895505,0.0,solution
m,0.11193605692841699,False,nonlinear,True,1,1,upper,0.45,0.01,1.5,1.0,0.11193605692841699,0.44774422771366795,0.5692485033870509,0.4307514966129491,0.6462139998242358,0.8038743681846285,0.03608551143897238,0.05217102287794478,0.10978896430822259,0.10978896430822255,3.3181676841599232e-16,True,True,True,saddle,-0.5402662922615947,0.0,0.03608551143898711,0.0,0.5763518036905757,0.0,solution
m,0.11454338263838863,False,linear,True,1,1,-,0.45,0.01,1.5,1.0,0.11454338263838863,0.45817353055355453,0.28736232576504905,0.712637674234951,0.7164888714523266,0.846456656570392,0.029698168181107862,0.03939633636221572,0.08162792980242534,0.08162792980242534,1.7897904944416508e-16,True,True,True,saddle,-0.4073050444091502,0.0,0.02969816818085008,0.0,0.4370032126112773,0.0,solution
m,0.11454338263838863,False,nonlinear,True,1,1,upper,0.45,0.01,1.5,1.0,0.11454338263838863,0.45817353055355453,0.5696083039500165,0.4303916960499835,0.6404020818012576,0.8002512616680199,0.03662897741646368,0.05325795483292738,0.11232338710973531,0.11232338710973526,5.551115123125783e-17,True,True,True,saddle,-0.5479131509212838,0.0,0.036628977416779146,0.0,0.584542128332505,0.0,solution
m,0.11721144076599609,False,linear,True,1,1,-,0.45,0.01,1.5,1.0,0.11721144076599609,0.46884576306398434,0.2875467613279964,0.7124532386720036,0.7114488663349476,0.843474283149728,0.030145524194207463,0.04029104838841492,0.08350767058314562,0.08350767058314562,1.0860670043417209e-16,True,True,True,saddle,-0.41274828946784403,0.0,0.030145524194687065,0.0,0.4428938136642874,0.0,solution
m,0.11721144076599609,False,nonlinear,True,1,1,upper,0.45,0.01,1.5,1.0,0.11721144076599609,0.46884576306398434,0.5699796095045997,0.4300203904954003,0.634538746005663,0.7965794034530789,0.03717975614870483,0.05435951229740968,0.11491543473168209,0.11491543473168202,6.938893903907228e-17,True,True,True,saddle,-0.5557021140465856,0.0,0.03717975614874562,0.0,0.5928818701991418,0.0,solution
m,0.11994164595097451,False,linear,True,1,1,-,0.45,0.01,1.5,1.0,0.11994164595097451,0.47976658380389803,0.28776012273066265,0.7122398772693374,0.7063567998222327,0.8404503553585022,0.03059911336289134,0.041198226725782675,0.0854272231916044,0.0854272231916044,7.842135827631854e-17,True,True,True,saddle,-0.41826548595357865,0.0,0.030599113362872195,0.0,0.44886459932615247,0.0,solution
m,0.11994164595097451,False,nonlinear,True,1,1,upper,0.45,0.01,1.5,1.0,0.11994164595097451,0.47976658380389803,0.5703624921821099,0.4296375078178901,0.6286250817946336,0.7928588031892145,0.037737846188284484,0.055475692376568984,0.11756637901970574,0.11756637901970572,5.016257160094161e-16,True,True,True,saddle,-0.563636617260583,0.0,0.037737846188381566,0.0,0.6013744634376224,0.0,solution
m,0.12273544578425151,False,linear,True,1,1,-,0.45,0.01,1.5,1.0,0.12273544578425151,0.49094178313700604,0.2880023660212232,0.7119976339787768,0.7012133154464761,0.837384807269917,0.031058945576179112,0.04211789115235823,0.08738734700371752,0.08738734700371752,2.0192425919544038e-16,True,True,True,saddle,-0.4238579928465774,0.0,0.031058945575718182,0.0,0.4549169384466924,0.0,solution
m,0.12273544578425151,False,nonlinear,True,1,1,upper,0.45,0.01,1.5,1.0,0.12273544578425151,0.49094178313700604,0.5707570255797731,0.42924297442022685,0.6226622349107869,0.7890894974024093,0.038303242056305274,0.056606484112610544,0.1202775179258469,0.1202775179258469,3.4996756206727246e-16,True,True,True,saddle,-0.5717201942592959,0.0,0.03830324205629339,0.0,0.6100234363199626,0.0,solution
m,0.125594321575479,False,linear,True,1,1,-,0.45,0.01,1.5,1.0,0.125594321575479,0.502377286301916,0.2882734521830105,0.7117265478169895,0.6960191005290532,0.8342775920094302,0.03152502786525214,0.04305005573050428,0.08938881292033252,0.08938881292033252,7.24440404049606e-17,True,True,True,saddle,-0.42952720630518176,0.0,0.03152502786581242,0.0,0.4610522341760322,0.0,solution
m,0.125594321575479,False,nonlinear,True,1,1,upper,0.45,0.01,1.5,1.0,0.125594321575479,0.502377286301916,0.5711632846958549,0.42883671530414513,0.6166514075314081,0.7852715501859265,0.03887593413877769,0.05775186827755538,0.12305017594672156,0.1230501759467216,4.663977774885494e-16,True,True,True,saddle,-0.5799564797354899,0.0,0.03887593413878797,0.0,0.6188324138862769,0.0,solution
m,0.12851978913844317,False,linear,True,1,1,-,0.45,0.01,1.5,1.0,0.12851978913844317,0.5140791565537727,0.28857334696740866,0.7114266530325913,0.6907748864753159,0.8311286822600432,0.031997364327660184,0.04399472865532037,0.09143240343521701,0.09143240343521701,1.6776247770575222e-16,True,True,True,saddle,-0.43527456050495744,0.0,0.03199736432878112,0.0,0.4672719248266943,0.0,solution
m,0.12851978913844317,False,nonlinear,True,1,1,upper,0.45,0.01,1.5,1.0,0.12851978913844317,0.5140791565537727,0.5715813458632532,0.42841865413674685,0.6105938582191652,0.7814050538735754,0.039455908585630355,0.058911817171260726,0.12588570456418646,0.12588570456418638,8.326672684688674e-17,True,True,True,saddle,-0.5883492123646338,0.0,0.03945590858619939,0.0,0.6278051209329316,0.0,solution
m,0.13151339959476907,False,linear,True,1,1,-,0.45,0.01,1.5,1.0,0.13151339959476907,0.5260535983790763,0.2889020207202272,0.7110979792797728,0.6854814490063108,0.8279380707554828,0.03247595605334425,0.04495191210668851,0.09351891270005358,0.09351891270005358,1.8550283886230395e-16,True,True,True,saddle,-0.4411015288876301,0.0,0.03247595605305213,0.0,0.4735774849455375,0.0,solution
m,0.13151339959476907,False,nonlinear,True,1,1,upper,0.45,0.01,1.5,1.0,0.13151339959476907,0.5260535983790763,0.5720112866815849,0.42798871331841515,0.6044909017708382,0.7774901296935146,0.040043147212639484,0.060086294425278956,0.12878548268823595,0.12878548268823595,2.936148763285537e-17,True,True,True,saddle,-0.5969022377578065,0.0,0.040043147212438776,0.0,0.6369453849842556,0.0,solution
m,0.13457674019634575,False,linear,True,1,1,-,0.45,0.01,1.5,1.0,0.13457674019634575,0.538306960785383,0.2892594482016626,0.7107405517983374,0.6801396083246936,0.8247057707599078,0.0329608010526805,0.045921602105361,0.09564914658637226,0.09564914658637226,1.7933783011638252e-16,True,True,True,saddle,-0.44700962488412177,0.0,0.03296080105386463,0.0,0.47997042595303563,0.0,solution
m,0.13457674019634575,False,nonlinear,True,1,1,upper,0.45,0.01,1.5,1.0,0.13457674019634575,0.538306960785383,0.5724531859477507,0.42754681405224926,0.598343908960766,0.7735269284005347,0.040637627406586455,0.06127525481317292,0.13175091710186537,0.13175091710186532,2.740217635536401e-16,True,True,True,saddle,-0.6056195115408318,0.0,0.040637627407103,0.0,0.6462571389327527,0.0,solution
m,0.13771143516690829,False,linear,True,1,1,-,0.45,0.01,1.5,1.0,0.13771143516690829,0.5508457406676331,0.28964560839999265,0.7103543916000074,0.6747502292123212,0.8214318165327669,0.03345189418675164,0.04690378837350328,0.097823922744353,0.09782392274435299,1.7791676958137245e-16,True,True,True,saddle,-0.4530004033811295,0.0,0.0334518941863384,0.0,0.48645229757669783,0.0,solution
m,0.13771143516690829,False,nonlinear,True,1,1,upper,0.45,0.01,1.5,1.0,0.13771143516690829,0.5508457406676331,0.5729071235849932,0.4270928764150068,0.5921543061759373,0.7695156308847386,0.04123932203395587,0.06247864406791175,0.13478344290761118,0.13478344290761124,5.551115123125783e-17,True,True,True,saddle,-0.6145051028166346,0.0,0.04123932203415305,0.0,0.6557444248459505,0.0,solution
m,0.14091914656322266,False,linear,True,1,1,-,0.45,0.01,1.5,1.0,0.14091914656322266,0.5636765862528906,0.29006048433913645,0.7099395156608636,0.6693142210571151,0.818116263777414,0.033949227100054574,0.04789845420010915,0.10004407065843654,0.10004407065843654,1.6719481325849872e-16,True,True,True,saddle,-0.45907546126791915,0.0,0.0339492271002894,0.0,0.4930246883641258,0.0,solution
m,0.14091914656322266,False,nonlinear,True,1,1,upper,0.45,0.01,1.5,1.0,0.14091914656322266,0.5636765862528906,0.5733731805704493,0.4266268194295507,0.5859235749398658,0.76545644875451,0.04184819935349016,0.06369639870698034,0.13788452397547143,0.1378845239754715,5.551115123125783e-17,True,True,True,saddle,-0.6235631972505078,0.0,0.04184819935362964,0.0,0.6654113966030429,0.0,solution
m,0.14420157515633025,False,linear,True,1,1,-,0.45,0.01,1.5,1.0,0.14420157515633025,0.576806300625321,0.29050406288022235,0.7094959371197777,0.6638325378069143,0.8147591900720815,0.03445278815585444,0.04890557631170888,0.10231043169968859,0.10231043169968858,1.7503801489253917e-16,True,True,True,saddle,-0.4652364390458724,0.0,0.03445278815651171,0.0,0.4996892272065114,0.0,solution
m,0.14420157515633025,False,nonlinear,True,1,1,upper,0.45,0.01,1.5,1.0,0.14420157515633025,0.576806300625321,0.5738514388611909,0.42614856113880906,0.5796532513226533,0.7613496248916481,0.04246422293291945,0.06492844586583889,0.14105565339188553,0.1410556533918855,1.5686394406732778e-16,True,True,True,saddle,-0.6327981004694787,0.0,0.04246422293296517,0.0,0.6752623234175584,0.0,solution
m,0.14756046133331926,False,linear,True,1,1,-,0.45,0.01,1.5,1.0,0.14756046133331926,0.5902418453332771,0.29097633451732186,0.7090236654826781,0.6583061778481846,0.8113606952818115,0.03496256237439494,0.04992512474878988,0.10462385917486501,0.10462385917486502,1.5074125190438278e-16,True,True,True,saddle,-0.4714850216701227,0.0,0.0349625623748167,0.0,0.5064475840447437,0.0,solution
m,0.14756046133331926,False,nonlinear,True,1,1,upper,0.45,0.01,1.5,1.0,0.14756046133331926,0.5902418453332771,0.5743419813187648,0.4256580186812352,0.5733449252349169,0.7571954339765374,0.04308735157018604,0.0661747031403721,0.14429835390943965,0.14429835390943965,1.6311356386849712e-16,True,True,True,saddle,-0.6422142416938568,0.0,0.043087351570137836,0.0,0.6853015932733195,0.0,solution
m,0.15099758602010077,False,linear,True,1,1,-,0.45,0.01,1.5,1.0,0.15099758602010077,0.6039903440804031,0.29147729316749227,0.7085227068325077,0.6527361838076029,0.8079209019499389,0.03547853137417583,0.050957062748351656,0.10698521837213622,0.10698521837213623,1.3877787807814457e-17,True,True,True,saddle,-0.47782293972411216,0.0,0.03547853137452141,0.0,0.5133014711138016,0.0,solution
m,0.15099758602010077,False,nonlinear,True,1,1,upper,0.45,0.01,1.5,1.0,0.15099758602010077,0.6039903440804031,0.5748448916322282,0.4251551083677718,0.5670002396035515,0.7529941829812177,0.04371753921948402,0.06743507843896804,0.14761417839694593,0.147614178396946,1.4557111672566379e-16,True,True,True,saddle,-0.6518161771138036,0.0,0.043717539219815804,0.0,0.6955337163137507,0.0,solution
m,0.1545147716256795,False,linear,True,1,1,-,0.45,0.01,1.5,1.0,0.1545147716256795,0.618059086502718,0.29200693595530314,0.7079930640446969,0.6471236422747079,0.8044399556677353,0.036000673316506374,0.05200134663301275,0.10939538660343141,0.10939538660343141,9.878709052199267e-17,True,True,True,saddle,-0.484251970729865,0.0,0.036000673316964424,0.0,0.5202526440446864,0.0,solution
m,0.1545147716256795,False,nonlinear,True,1,1,upper,0.45,0.01,1.5,1.0,0.1545147716256795,0.618059086502718,0.5753602542396803,0.4246397457603197,0.5606208894276187,0.748746211628225,0.044354734922432915,0.06870946984486585,0.15100471028952406,0.15100471028952403,2.1784497683493168e-16,True,True,True,saddle,-0.6616085936972407,0.0,0.044354734922352354,0.0,0.7059633286263292,0.0,solution
m,0.15811388300841894,False,linear,True,1,1,-,0.45,0.01,1.5,1.0,0.15811388300841894,0.6324555320336758,0.2925652629920088,0.7074347370079912,0.6414696834439934,0.800918025420825,0.036528962853542915,0.05305792570708583,0.11185525324337314,0.11185525324337314,1.5133706258368806e-16,True,True,True,saddle,-0.49077394010849407,0.0,0.03652896285355049,0.0,0.5273029029825318,0.0,solution
m,0.15811388300841894,False,nonlinear,True,1,1,upper,0.45,0.01,1.5,1.0,0.15811388300841894,0.6324555320336758,0.5758881542482894,0.42411184575171057,0.5542086207129947,0.7444518928130915,0.04499888274470295,0.06999776548940588,0.15447156403829695,0.15447156403829693,3.461035337782409e-17,True,True,True,saddle,-0.671596313058198,0.0,0.044998882744600496,0.0,0.7165951958147478,0.0,solution
m,0.1617968284648141,False,linear,True,1,1,-,0.45,0.01,1.5,1.0,0.1617968284648141,0.6471873138592564,0.2931522771495588,0.7068477228504412,0.6357754806750193,0.7973553039110102,0.037063371080015145,0.05412674216003029,0.11436571976477732,0.11436571976477729,2.1175577314125981e-16,True,True,True,saddle,-0.497390722645848,0.0,0.03706337108076053,0.0,0.5344540937286946,0.0,solution
m,0.1617968284648141,False,nonlinear,True,1,1,upper,0.45,0.01,1.5,1.0,0.1617968284648141,0.6471873138592564,0.5764286773528169,0.4235713226471831,0.5477652292847685,0.7401116329884083,0.04564992171840542,0.07129984343681084,0.15801638555929562,0.15801638555929567,7.221681139487207e-17,True,True,True,saddle,-0.6817842950940113,0.0,0.045649921718273895,0.0,0.7274342168164063,0.0,solution
m,0.16556556074129553,False,linear,True,1,1,-,0.45,0.01,1.5,1.0,0.16556556074129553,0.6622622429651821,0.293767983829616,0.706232016170384,0.6300422499693246,0.7937520078521532,0.037603865488843695,0.055207730977687386,0.11692769977070532,0.11692769977070532,8.306413022280667e-17,True,True,True,saddle,-0.5041042436210016,0.0,0.03760386548958238,0.0,0.5417081091123307,0.0,solution
m,0.16556556074129553,False,nonlinear,True,1,1,upper,0.45,0.01,1.5,1.0,0.16556556074129553,0.6622622429651821,0.576981909752629,0.423018090247371,0.5412925594767597,0.7357258725073896,0.04630778579055823,0.07261557158111645,0.16164085268114617,0.16164085268114614,7.88754044648562e-17,True,True,True,saddle,-0.6921776421754562,0.0,0.04630778579057157,0.0,0.7384854279675075,0.0,solution
m,0.16942207806960127,False,linear,True,1,1,-,0.45,0.01,1.5,1.0,0.16942207806960127,0.6776883122784051,0.2944123907278059,0.7055876092721941,0.6242712493631546,0.790108378238805,0.038150409930845924,0.05630081986169185,0.11954211902305699,0.11954211902305699,1.732700786636217e-17,True,True,True,saddle,-0.5109164800175463,0.0,0.038150409932689075,0.0,0.5490668899439294,0.0,solution
m,0.16942207806960127,False,nonlinear,True,1,1,upper,0.45,0.01,1.5,1.0,0.16942207806960127,0.6776883122784051,0.577547938067203,0.42245206193279705,0.534792502697929,0.7312950859249151,0.046972403777929404,0.0739448075558588,0.16534667559109406,0.1653466755910941,1.0761518466795254e-16,True,True,True,saddle,-0.7027816031263993,0.0,0.04697240377781932,0.0,0.7497540069063708,0.0,solution
m,0.1733684252262658,False,linear,True,1,1,-,0.45,0.01,1.5,1.0,0.1733684252262658,0.6934737009050632,0.2950855075933807,0.7049144924066193,0.6184637782352472,0.7864246805862893,0.03870296457872327,0.05740592915744654,0.1222099154677081,0.1222099154677081,1.0299490897401574e-16,True,True,True,saddle,-0.5178294619414204,0.0,0.03870296457943052,0.0,0.5565324265474337,0.0,solution
m,0.1733684252262658,False,nonlinear,True,1,1,upper,0.45,0.01,1.5,1.0,0.1733684252262658,0.6934737009050632,0.5781268492501127,0.4218731507498873,0.5282669958758579,0.7268197822540728,0.04764369932855573,0.07528739865711148,0.16913559727890626,0.16913559727890626,1.8327943186591875e-17,True,True,True,saddle,-0.7136015774959721,0.0,0.0476436993286716,0.0,0.7612452768247813,0.0,solution
m,0.1774066946167877,False,linear,True,1,1,-,0.45,0.01,1.5,1.0,0.1774066946167877,0.7096267784671508,0.29578734598453205,0.704212654015468,0.6126211765291731,0.7827012051409996,0.03926148589551673,0.05852297179103346,0.12493203925619971,0.12493203925619971,1.7003653388891014e-17,True,True,True,saddle,-0.524845273938432,0.0,0.03926148589635616,0.0,0.5641067598365074,0.0,solution
m,0.1774066946167877,False,nonlinear,True,1,1,upper,0.45,0.01,1.5,1.0,0.1774066946167877,0.7096267784671508,0.5787187305014982,0.42128126949850175,0.5217180197779185,0.7223005051762864,0.0483215908902237,0.07664318178044742,0.17300939397816412,0.17300939397816412,1.44805839479822e-17,True,True,True,saddle,-0.724643119797813,0.0,0.048321590890131855,0.0,0.7729647107021087,0.0,solution
m,0.18153902738505068,False,linear,True,1,1,-,0.45,0.01,1.5,1.0,0.18153902738505068,0.7261561095402027,0.2965179190195799,0.7034820809804201,0.6067448238899811,0.778938267059708,0.03982592660771046,0.05965185321542093,0.12770945276399692,0.12770945276399692,2.273474498247425e-16,True,True,True,saddle,-0.5319660561270594,0.0,0.03982592660727036,0.0,0.571791982757629,0.0,solution
m,0.18153902738505068,False,nonlinear,True,1,1,upper,0.45,0.01,1.5,1.0,0.18153902738505068,0.7261561095402027,0.5793236691790042,0.42067633082099576,0.5151475972111844,0.7177378332031721,0.049005991686190846,0.07801198337238172,0.17696987560444963,0.17696987560444957,5.551115123125783e-17,True,True,True,saddle,-0.7359119441125732,0.0,0.049005991685931755,0.0,0.7849179358117476,0.0,solution
m,0.18576761454858626,False,linear,True,1,1,-,0.45,0.01,1.5,1.0,0.18576761454858626,0.743070458194345,0.29727724112427323,0.7027227588757268,0.6008361387151696,0.7751362065567378,0.04039623568315601,0.060792471366312016,0.13054313060534514,0.13054313060534514,1.1673587016497976e-16,True,True,True,saddle,-0.5391940058934517,0.0,0.040396235682712486,0.0,0.5795902415988463,0.0,solution
m,0.18576761454858626,False,nonlinear,True,1,1,upper,0.45,0.01,1.5,1.0,0.18576761454858626,0.743070458194345,0.5799417527071854,0.4200582472928146,0.5085577911025982,0.713132379788352,0.04969680969841386,0.07939361939682775,0.181018886189902,0.18101888618990195,5.646125690346151e-17,True,True,True,saddle,-0.7474139284088136,0.0,0.04969680969842727,0.0,0.7971107381093501,0.0,solution
m,0.19009469816028055,False,linear,True,1,1,-,0.45,0.01,1.5,1.0,0.19009469816028055,0.7603787926411222,0.2980653277754547,0.7019346722245453,0.5948965771202785,0.7712953890179032,0.040972358313981196,0.06194471662796239,0.13343405964476038,0.1334340596447604,1.6924489352984225e-16,True,True,True,saddle,-0.546531379037926,0.0,0.04097235831467847,0.0,0.5875037373514579,0.0,solution
m,0.19009469816028055,False,nonlinear,True,1,1,upper,0.45,0.01,1.5,1.0,0.19009469816028055,0.7603787926411222,0.5805730684853683,0.41942693151463173,0.5019507024613722,0.7084847933875308,0.050393947658537046,0.0807878953170741,0.1851583043136066,0.18515830431360664,5.2244740040567495e-17,True,True,True,saddle,-0.7591551193974778,0.0,0.05039394765863492,0.0,0.8095490670527309,0.0,solution
m,0.19452257249714025,False,linear,True,1,1,-,0.45,0.01,1.5,1.0,0.19452257249714025,0.778090289988561,0.29888219524136284,0.7011178047586372,0.588927631819683,0.7674162050801918,0.041554235904637894,0.0631084718092758,0.13638323900519783,0.13638323900519783,9.398964614835074e-17,True,True,True,saddle,-0.5539804912852787,0.0,0.04155423590629932,0.0,0.5955347271801144,0.0,solution
m,0.19452257249714025,False,nonlinear,True,1,1,upper,0.45,0.01,1.5,1.0,0.19452257249714025,0.778090289988561,0.581217703793959,0.418782296206041,0.4953284682260738,0.703795757465242,0.051097303046880364,0.08219460609376074,0.18939004352725713,0.18939004352725716,2.7755575615628914e-17,True,True,True,saddle,-0.771141737188727,0.0,0.05109730304683405,0.0,0.822239040228457,0.0,solution
m,0.19905358527674857,False,linear,True,1,1,-,0.45,0.01,1.5,1.0,0.19905358527674857,0.7962143411069943,0.29972786031883547,0.7002721396811645,0.5829308309234574,0.7634990706762238,0.0421418060652331,0.0642836121304662,0.13939168007295585,0.13939168007295588,1.1325706529464192e-16,True,True,True,saddle,-0.5615437198155758,0.0,0.042141806066218465,0.0,0.6036855258922627,0.0,solution
m,0.19905358527674857,False,nonlinear,True,1,1,upper,0.45,0.01,1.5,1.0,0.19905358527674857,0.7962143411069943,0.5818757456991873,0.4181242543008127,0.4886932589993258,0.6990659904467716,0.051806768099650936,0.08361353619930184,0.19371605277551254,0.19371605277551263,8.326672684688674e-17,True,True,True,saddle,-0.7833801804034153,0.0,0.05180676809983184,0.0,0.8351869484863634,0.0,solution
m,0.20369013890205634,False,linear,True,1,1,-,0.45,0.01,1.5,1.0,0.20369013890205634,0.8147605556082254,0.30060234006770425,0.6993976599322957,0.5769077366514732,0.7595444270426012,0.04273500261027649,0.06547000522055299,0.1424604064993825,0.1424604064993825,6.404962523148519e-17,True,True,True,saddle,-0.5692235045311479,0.0,0.042735002609967904,0.0,0.6119585071688614,0.0,solution
m,0.20369013890205634,False,nonlinear,True,1,1,upper,0.45,0.01,1.5,1.0,0.20369013890205634,0.8147605556082254,0.5825472809562741,0.41745271904372594,0.48204727667353076,0.6942962456138811,0.05252222982458449,0.085044459649169,0.19813831681045616,0.19813831681045616,2.675899927604035e-17,True,True,True,saddle,-0.7958770310874216,0.0,0.052522229824829625,0.0,0.8483992609010067,0.0,solution
m,0.20843469173516765,False,linear,True,1,1,-,0.45,0.01,1.5,1.0,0.20843469173516765,0.8337387669406706,0.3015056515426856,0.6984943484573144,0.5708599439661958,0.7555527406913404,0.04333375556296561,0.06666751112593122,0.1455904541994571,0.1455904541994571,5.149477560723415e-17,True,True,True,saddle,-0.5770223497809485,0.0,0.0433337555636239,0.0,0.6203561053398875,0.0,solution
m,0.20843469173516765,False,nonlinear,True,1,1,upper,0.45,0.01,1.5,1.0,0.20843469173516765,0.8337387669406706,0.5832323959110106,0.4167676040889894,0.47539275195151587,0.6894873109430774,0.05324357002520505,0.08648714005041012,0.20265885659953942,0.20265885659953942,7.389029669403059e-19,True,True,True,saddle,-0.8086390599204133,0.0,0.05324357002503699,0.0,0.8618826299418769,0.0,solution
m,0.2132897594007963,False,linear,True,1,1,-,0.45,0.01,1.5,1.0,0.2132897594007963,0.8531590376031852,0.30243781152307403,0.697562188476926,0.5647890791259406,0.7515245033436638,0.043937991165117096,0.06787598233023419,0.14878287134733648,0.14878287134733648,3.048810590455607e-19,True,True,True,saddle,-0.5849428257328616,0.0,0.04393799116650328,0.0,0.6288808168921164,0.0,solution
m,0.2132897594007963,False,nonlinear,True,1,1,upper,0.45,0.01,1.5,1.0,0.2132897594007963,0.8531590376031852,0.583931176399736,0.416068823600264,0.46873194176646665,0.6846400088853022,0.05397066533387132,0.08794133066774268,0.20727972972638314,0.20727972972638312,3.90297745594792e-17,True,True,True,saddle,-0.8216732315512969,0.0,0.05397066533402331,0.0,0.8756438968714416,0.0,solution
m,0.21825791612008297,False,linear,True,1,1,-,0.45,0.01,1.5,1.0,0.21825791612008297,0.8730316644803319,0.3033988362405613,0.6966011637594387,0.5586967981606562,0.7474602318255174,0.044547631892839064,0.06909526378567814,0.15203871836895974,0.15203871836895974,1.0467192078601554e-16,True,True,True,saddle,-0.5929875700087641,0.0,0.044547631892454476,0.0,0.6375352019303256,0.0,solution
m,0.21825791612008297,False,nonlinear,True,1,1,upper,0.45,0.01,1.5,1.0,0.21825791612008297,0.8730316644803319,0.5846437076476981,0.41535629235230187,0.4620671266060034,0.679755196086064,0.05470338725375707,0.08940677450751411,0.21200303078378432,0.21200303078378435,7.374339966405351e-17,True,True,True,saddle,-0.8349867102492566,0.0,0.054703387253733166,0.0,0.8896900975033495,0.0,solution
m,0.22334179607548155,False,linear,True,1,1,-,0.45,0.01,1.5,1.0,0.22334179607548155,0.8933671843019262,0.3043887411055213,0.6956112588944787,0.5525847852725959,0.7433604679242742,0.045162596478025535,0.07032519295605107,0.15535906793181967,0.15535906793181967,1.5337308791679602e-17,True,True,True,saddle,-0.6011592892543463,0.0,0.04516259647828129,0.0,0.6463218857557205,0.0,solution
m,0.22334179607548155,False,nonlinear,True,1,1,upper,0.45,0.01,1.5,1.0,0.22334179607548155,0.8933671843019262,0.5853700741657859,0.4146299258342141,0.4554006077457088,0.6748337630451731,0.05544160220989069,0.09088320441978141,0.21683089175826728,0.2168308917582672,8.326672684688674e-17,True,True,True,saddle,-0.8485868651581641,0.0,0.05544160221002564,0.0,0.9040284673686378,0.0,solution
m,0.2285440948074375,False,linear,True,1,1,-,0.45,0.01,1.5,1.0,0.2285440948074375,0.91417637922975,0.3054075404320975,0.6945924595679025,0.5464547511645426,0.7392257782061868,0.04578279993573864,0.07156559987147729,0.1587450049320179,0.1587450049320179,1.5167166166467143e-17,True,True,True,saddle,-0.6094607607643264,0.0,0.045782799935220955,0.0,0.6552435607368545,0.0,solution
m,0.2285440948074375,False,nonlinear,True,1,1,upper,0.45,0.01,1.5,1.0,0.2285440948074375,0.91417637922975,0.5861103596456154,0.4138896403543846,0.44873470439788415,0.669876633715406,0.05618517160935576,0.09237034321871156,0.22176548240549684,0.2217654824054968,5.551115123125783e-17,True,True,True,saddle,-0.8624812764658977,0.0,0.05618517160942185,0.0,0.9186664480764474,0.0,solution
m,0.2338675706435991,False,linear,True,1,1,-,0.45,0.01,1.5,1.0,0.2338675706435991,0.9354702825743964,0.306455247162464,0.693544752837536,0.5403084312985406,0.73505675379425,0.04640815359752917,0.07281630719505836,0.16219762647872993,0.16219762647872993,1.0497600064467938e-16,True,True,True,saddle,-0.6178948340149314,0.0,0.046408153596551455,0.0,0.6643029876627756,0.0,solution
m,0.2338675706435991,False,nonlinear,True,1,1,upper,0.45,0.01,1.5,1.0,0.2338675706435991,0.9354702825743964,0.5868646468529598,0.4131353531470402,0.442071750781742,0.6648847650395834,0.05693395191072914,0.09386790382145832,0.22680901061586156,0.22680901061586145,1.1102230246251565e-16,True,True,True,saddle,-0.8766777410007985,0.0,0.05693395191049924,0.0,0.9336116929195964,0.0,solution
m,0.23931504616131916,False,linear,True,1,1,-,0.45,0.01,1.5,1.0,0.23931504616131916,0.9572601846452766,0.307531872590615,0.692468127409385,0.53414758408838,0.7308540101062455,0.04703856515072984,0.07407713030145968,0.16571804187621922,0.16571804187621922,9.265983537544085e-17,True,True,True,saddle,-0.6264644325264721,0.0,0.04703856515143947,0.0,0.6735029976770637,0.0,solution
m,0.23931504616131916,False,nonlinear,True,1,1,upper,0.45,0.01,1.5,1.0,0.23931504616131916,0.9572601846452766,0.5876330175195056,0.4123669824804944,0.43541409312167945,0.6598591464257197,0.057687794702808694,0.09537558940561741,0.2319637227695175,0.23196372276951752,7.553230491093289e-17,True,True,True,saddle,-0.8911842785059445,0.0,0.05768779470293803,0.0,0.9488720732000252,0.0,solution
m,0.2448894096842231,False,linear,True,1,1,-,0.45,0.01,1.5,1.0,0.2448894096842231,0.9795576387368924,0.3086374260860749,0.6913625739139251,0.5279739890293549,0.7266181865528517,0.047673938683738905,0.07534787736747782,0.16930737260354617,0.16930737260354617,2.564488845728161e-17,True,True,True,saddle,-0.6351725553248396,0.0,0.04767393868351792,0.0,0.6828464940333103,0.0,solution
m,0.2448894096842231,False,nonlinear,True,1,1,upper,0.45,0.01,1.5,1.0,0.2448894096842231,0.9795576387368924,0.5884155522333054,0.41158444776669456,0.4287640865807587,0.6548007991601406,0.058446546792645576,0.09689309358529118,0.23723190408010839,0.23723190408010833,4.144262863739018e-13,True,True,True,saddle,-0.9060091377826706,0.0,0.05844654679274039,0.0,0.9644556845583584,0.0,solution
m,0.2505936168136361,False,linear,True,1,1,-,0.45,0.01,1.5,1.0,0.2505936168136361,1.0023744672545445,0.30977191481790456,0.6902280851820954,0.5217894447690898,0.7223499461958102,0.048314174737295136,0.07662834947459028,0.17296675229213185,0.17296675229213182,3.982705757174512e-17,True,True,True,saddle,-0.6440222788603622,0.0,0.04831417473680318,0.0,0.6923364536145241,0.0,solution
m,0.2505936168136361,False,nonlinear,True,1,1,upper,0.45,0.01,1.5,1.0,0.2505936168136361,1.0023744672545445,0.5892123303251412,0.4107876696748588,0.42212409213622804,0.6497107757581276,0.05921005030294754,0.09842010060589505,0.24261587892690986,0.24261587892690994,1.2438021063427276e-13,True,True,True,saddle,-0.921160803065722,0.0,0.05921005030302731,0.0,0.9803708533787456,0.0,solution
m,0.25643069199568236,False,linear,True,1,1,-,0.45,0.01,1.5,1.0,0.25643069199568236,1.0257227679827294,0.3109353434794151,0.6890646565205849,0.5155957671234895,0.718049975366262,0.04895917036172736,0.07791834072345473,0.17669732670134078,0.17669732670134078,1.4668423734031565e-16,True,True,True,saddle,-0.6530167586718667,0.0,0.04895917036161088,0.0,0.7019759290573929,0.0,solution
m,0.25643069199568236,False,nonlinear,True,1,1,upper,0.45,0.01,1.5,1.0,0.25643069199568236,1.0257227679827294,0.5900234297595602,0.40997657024043976,0.415496473406766,0.6445901592537432,0.05997814277860517,0.09995628555721037,0.24811801117313878,0.24811801117313873,5.551115123125783e-17,True,True,True,saddle,-0.9366480007443221,0.0,0.05997814277874214,0.0,0.9966261435058612,0.0,solution
m,0.26240373012488627,False,linear,True,1,1,-,0.45,0.01,1.5,1.0,0.26240373012488627,1.049614920499545,0.312127714013987,0.687872285986013,0.5093947870421122,0.7137189832434837,0.04960881918014411,0.07921763836028824,0.18050025369226233,0.18050025369226236,2.7755575615628914e-17,True,True,True,saddle,-0.6621592311771187,0.0,0.04960881918042134,0.0,0.7117680503527362,0.0,solution
m,0.26240373012488627,False,nonlinear,True,1,1,upper,0.45,0.01,1.5,1.0,0.26240373012488627,1.049614920499545,0.5908489270149019,0.4091510729850981,0.40888359343618536,0.6394400624266401,0.06075065730267066,0.1015013146053413,0.2537407044724014,0.2537407044724014,6.525559709974665e-17,True,True,True,saddle,-0.9524797058527921,0.0,0.060750657303041466,0.0,1.0132303631364896,0.0,solution
m,0.26851589818512633,False,linear,True,1,1,-,0.45,0.01,1.5,1.0,0.26851589818512633,1.0740635927405053,0.31334902534241116,0.6866509746575888,0.5031883485275004,0.7093577013943673,0.050263011457511574,0.08052602291502316,0.1843767031998749,0.1843767031998749,1.8505323989807476e-16,True,True,True,saddle,-0.6714530154750576,0.0,0.05026301145772853,0.0,0.7217160269521239,0.0,solution
m,0.26851589818512633,False,nonlinear,True,1,1,upper,0.45,0.01,1.5,1.0,0.26851589818512633,1.0740635927405053,0.5916888969695674,0.4083111030304326,0.402287811445747,0.6342616269693028,0.06152742262127125,0.10305484524254249,0.2594864025595218,0.25948640255952177,5.551115123125783e-17,True,True,True,saddle,-0.9686651492120846,0.0,0.061527422621475564,0.0,1.0301925718179339,0.0,solution
m,0.27477043692881226,False,linear,True,1,1,-,0.45,0.01,1.5,1.0,0.27477043692881226,1.099081747715249,0.3145992730921797,0.6854007269078203,0.4969783065132235,0.7049668832741177,0.050921634175549006,0.08184326835109802,0.1883278572037873,0.1883278572037873,3.10363176729487e-17,True,True,True,saddle,-0.68090151522855,0.0,0.05092163417591954,0.0,0.7318231494032786,0.0,solution
m,0.27477043692881226,False,nonlinear,True,1,1,upper,0.45,0.01,1.5,1.0,0.27477043692881226,1.099081747715249,0.5925434127825943,0.40745658721740574,0.3957114795611931,0.6290560225935311,0.06230826327763699,0.104616526555274,0.2653575895270788,0.2653575895270787,5.551115123125783e-17,True,True,True,saddle,-0.9852138243027426,0.0,0.062308263277761955,0.0,1.0475220875516165,0.0,solution
m,0.2811706625951745,False,linear,True,1,1,-,0.45,0.01,1.5,1.0,0.2811706625951745,1.124682650380698,0.3158784493291431,0.6841215506708569,0.49076652470558124,0.7005473036887525,0.05158457111335379,0.08316914222670758,0.1923549096977631,0.19235490969776306,8.513442116303235e-17,True,True,True,saddle,-0.6905082205262607,0.0,0.051584571112731945,0.0,0.742092791640772,0.0,solution
m,0.2811706625951745,False,nonlinear,True,1,1,upper,0.45,0.01,1.5,1.0,0.2811706625951745,1.124682650380698,0.5934125457735718,0.40658745422642817,0.3891569395245105,0.6238244460779896,0.06309299975496824,0.10618599950993646,0.27135679008600716,0.27135679008600716,3.240382458395784e-17,True,True,True,saddle,-1.0021354947485768,0.0,0.06309299975512886,0.0,1.065228494500082,0.0,solution
m,0.2877199686685784,False,linear,True,1,1,-,0.45,0.01,1.5,1.0,0.2877199686685784,1.1508798746743136,0.31718654229198007,0.6828134577080199,0.4845548733941053,0.6960997582201169,0.05225170293364912,0.08450340586729825,0.1964590666582352,0.19645906665823518,2.7755575615628914e-17,True,True,True,saddle,-0.7002767097500654,0.0,0.052251702935283924,0.0,0.7525284126544647,0.0,solution
m,0.2877199686685784,False,nonlinear,True,1,1,upper,0.45,0.01,1.5,1.0,0.2877199686685784,1.1508798746743136,0.5942963653007334,0.4057036346992666,0.3826265193992866,0.6185681202578149,0.06388144862799443,0.10776289725598885,0.27748656980971326,0.27748656980971326,9.027016397972032e-17,True,True,True,saddle,-1.0194402015746828,0.0,0.06388144862821049,0.0,1.083321650184842,0.0,solution
m,0.29442182767779446,False,linear,True,1,1,-,0.45,0.01,1.5,1.0,0.29442182767779446,1.1776873107111778,0.31852353612990547,0.6814764638700945,0.47834522723615414,0.691625062614242,0.05292290727453037,0.08584581454906075,0.20064154601203368,0.20064154601203368,2.3234307468624473e-17,True,True,True,saddle,-0.7102106515171563,0.0,0.05292290727441405,0.0,0.7631335587967236,0.0,solution
m,0.29442182767779446,False,nonlinear,True,1,1,upper,0.45,0.01,1.5,1.0,0.29442182767779446,1.1776873107111778,0.5951949386373505,0.4048050613626495,0.3761225302789565,0.6132882929576893,0.06467342272301328,0.10934684544602656,0.28374953536092606,0.2837495353609261,5.551115123125783e-17,True,True,True,saddle,-1.0371382710186126,0.0,0.0646734227231325,0.0,1.1018116937113653,0.0,solution
m,0.30127979303717883,False,linear,True,1,1,-,0.45,0.01,1.5,1.0,0.30127979303717883,1.2051191721487153,0.31988941064406695,0.680110589355933,0.47213946302103904,0.6871240521339935,0.05359805884656763,0.08719611769313527,0.20490357760354924,0.20490357760354924,3.603738205925792e-17,True,True,True,saddle,-0.7203138067967002,0.0,0.053598058847668335,0.0,0.773911865630777,0.0,solution
m,0.30127979303717883,False,nonlinear,True,1,1,upper,0.45,0.01,1.5,1.0,0.30127979303717883,1.2051191721487153,0.5961083308464463,0.4038916691535537,0.36964726300732603,0.6079862358699628,0.06546873128617223,0.11093746257234449,0.29014833470053564,0.29014833470053547,1.6653345369377348e-16,True,True,True,saddle,-1.055240322185812,0.0,0.06546873128645853,0.0,1.1207090534540245,0.0,solution
m,0.30829750093074104,False,linear,True,1,1,-,0.45,0.01,1.5,1.0,0.30829750093074104,1.2331900037229642,0.321284141033065,0.678715858966935,0.4659394574192375,0.6825975808770769,0.05427702953510513,0.08855405907021026,0.20924640316156734,0.20924640316156734,1.1639176058434278e-16,True,True,True,saddle,-0.7305900306611192,0.0,0.05427702953497663,0.0,0.7848670601732711,0.0,solution
m,0.30829750093074104,False,nonlinear,True,1,1,upper,0.45,0.01,1.5,1.0,0.30829750093074104,1.2331900037229642,0.5970366046538542,0.4029633953461458,0.3632029849208325,0.6026632433796112,0.06626718015972499,0.11253436031944997,0.2966856572776744,0.2966856572776744,9.196418648788756e-19,True,True,True,saddle,-1.0737572753579594,0.0,0.06626718015978078,0.0,1.1400244554873593,0.0,solution
m,0.3154786722400966,False,linear,True,1,1,-,0.45,0.01,1.5,1.0,0.3154786722400966,1.2619146889603865,0.32270769764304286,0.6772923023569571,0.4597470847223478,0.6780465210605743,0.05495968850758052,0.08991937701516105,0.2136712762660109,0.2136712762660109,1.9459831085466017e-16,True,True,True,saddle,-0.7410432744273269,0.0,0.05495968850818119,0.0,0.7960029629252541,0.0,solution
m,0.3154786722400966,False,nonlinear,True,1,1,upper,0.45,0.01,1.5,1.0,0.3154786722400966,1.2619146889603865,0.5979798203196528,0.4020201796803472,0.3567919366220258,0.5973206313379991,0.06706857196596679,0.11413714393193362,0.30336423420031444,0.30336423420031433,1.1102230246251565e-16,True,True,True,saddle,-1.0927003598785194,0.0,0.06706857196564121,0.0,1.159768931829346,0.0,solution
m,0.32282711451732776,False,linear,True,1,1,-,0.45,0.01,1.5,1.0,0.32282711451732776,1.291308458069311,0.32416004572279045,0.6758399542772096,0.4535642145795093,0.6734717622733037,0.055645902325671105,0.09129180465134222,0.2181794623148343,0.2181794623148343,6.609191323510077e-17,True,True,True,saddle,-0.7516775879582481,0.0,0.05564590232573843,0.0,0.8073234903169167,0.0,solution
m,0.32282711451732776,False,nonlinear,True,1,1,upper,0.45,0.01,1.5,1.0,0.32282711451732776,1.291308458069311,0.5989380355080182,0.40106196449198184,0.3504163287937476,0.591959735787619,0.06787270629852381,0.11574541259704764,0.3101868383856589,0.3101868383856588,1.1102230246251565e-16,True,True,True,saddle,-1.112081122925918,0.0,0.06787270629858932,0.0,1.1799538292171046,0.0,solution
m,0.330346724003798,False,linear,True,1,1,-,0.45,0.01,1.5,1.0,0.330346724003798,1.321386896015192,0.32564114518430076,0.6743588548156992,0.4473927097360618,0.668874210697394,0.05633553506205757,0.09267107012411514,0.22277223849131908,0.22277223849131908,1.7384699058944535e-16,True,True,True,saddle,-0.7624971214407286,0.0,0.05633553506284224,0.0,0.8188326564827925,0.0,solution
m,0.330346724003798,False,nonlinear,True,1,1,upper,0.45,0.01,1.5,1.0,0.330346724003798,1.321386896015192,0.5999113051555414,0.40008869484445864,0.3440783390634114,0.5865819116401488,0.06867937992064435,0.11735875984128868,0.3171562846896344,0.31715628468963447,6.685064650302164e-17,True,True,True,saddle,-1.1319114379554034,0.0,0.06867937992077743,0.0,1.2005908178454059,0.0,solution
m,0.3380414876959909,False,linear,True,1,1,-,0.45,0.01,1.5,1.0,0.3380414876959909,1.3521659507839636,0.3271509503692145,0.6728490496307855,0.4412344237802394,0.6642547883005733,0.057028448421580676,0.09405689684316136,0.22745089373202435,0.22745089373202435,2.7555109680264497e-17,True,True,True,saddle,-0.773506127668703,0.0,0.05702844842158961,0.0,0.83053457609721,0.0,solution
m,0.3380414876959909,False,nonlinear,True,1,1,upper,0.45,0.01,1.5,1.0,0.3380414876959909,1.3521659507839636,0.6008996813380725,0.3991003186619275,0.3377801089266902,0.5811885313103573,0.06948838697011307,0.11897677394022614,0.32427543001480524,0.32427543001480524,4.2188766096465544e-17,True,True,True,saddle,-1.1522035137495716,0.0,0.06948838697017133,0.0,1.2216919007048448,0.0,solution
m,0.34591548545946815,False,linear,True,1,1,-,0.45,0.01,1.5,1.0,0.34591548545946815,1.3836619418378726,0.3286894098215932,0.6713105901784068,0.4350911989036951,0.6596144320007674,0.05772450186655156,0.09544900373310311,0.23221672869564564,0.23221672869564566,5.736198168661421e-17,True,True,True,saddle,-0.784708964300336,0.0,0.05772450186760115,0.0,0.842433466153083,0.0,solution
m,0.34591548545946815,False,nonlinear,True,1,1,upper,0.45,0.01,1.5,1.0,0.34591548545946815,1.3836619418378726,0.6019032131361585,0.39809678686384153,0.33152374073976365,0.5757809833085525,0.0702995191703838,0.12059903834076757,0.3315471733960544,0.33154717339605444,7.361305803582933e-17,True,True,True,saddle,-1.1729699032685197,0.0,0.07029951917058719,0.0,1.2432694224053278,0.0,solution
m,0.3539728921920689,False,linear,True,1,1,-,0.45,0.01,1.5,1.0,0.3539728921920689,1.4158915687682756,0.3302564660674384,0.6697435339325616,0.428964863681619,0.6549540928046934,0.05842355274596265,0.09684710549192531,0.23707105573304582,0.23707105573304585,3.2741958453498594e-17,True,True,True,saddle,-0.7961100959624942,0.0,0.05842355274710422,0.0,0.8545336486984998,0.0,solution
m,0.3539728921920689,False,nonlinear,True,1,1,upper,0.45,0.01,1.5,1.0,0.3539728921920689,1.4158915687682756,0.6029219464991576,0.39707805350084235,0.3253112947890729,0.5703606707944306,0.07111256604750206,0.12222513209500413,0.3389744560634143,0.3389744560634143,1.3543803361704392e-17,True,True,True,saddle,-1.1942235132586299,0.0,0.07111256604742472,0.0,1.2653360792942443,0.0,solution
m,0.36221798003749495,False,linear,True,1,1,-,0.45,0.01,1.5,1.0,0.36221798003749495,1.4488719201499798,0.3318520554013865,0.6681479445986135,0.4228572308781681,0.6502747349222235,0.05912545642833313,0.09825091285666626,0.24201519885871386,0.24201519885871386,8.802484384690836e-18,True,True,True,saddle,-0.8077140965499686,0.0,0.059125456429135824,0.0,0.8668395529471321,0.0,solution
m,0.36221798003749495,False,nonlinear,True,1,1,upper,0.45,0.01,1.5,1.0,0.36221798003749495,1.4488719201499798,0.6039559241081219,0.39604407589187807,0.31914478644730104,0.5649290100953402,0.07192731515236563,0.12385463030473126,0.3465602614814484,0.3465602614814484,1.1072559065714757e-16,True,True,True,saddle,-1.2159776135419995,0.0,0.07192731515271818,0.0,1.2879049286829503,0.0,solution
m,0.3706551206504587,False,linear,True,1,1,-,0.45,0.01,1.5,1.0,0.3706551206504587,1.4826204826018348,0.33347610768098157,0.6665238923190184,0.4167700952828384,0.6455773348583719,0.05983006643791088,0.09966013287582176,0.24705049372391913,0.2470504937239191,4.9162699049311677e-17,True,True,True,saddle,-0.8195256515718526,0.0,0.05983006643731798,0.0,0.8793557180396463,0.0,solution
m,0.3706551206504587,False,nonlinear,True,1,1,upper,0.45,0.01,1.5,1.0,0.3706551206504587,1.4826204826018348,0.6050051852375546,0.39499481476244536,0.3130261834240013,0.5594874291921145,0.07274355228784948,0.12548710457569898,0.3543076153646357,0.3543076153646355,1.6653345369377348e-16,True,True,True,saddle,-1.2382458470019704,0.0,0.07274355228793469,0.0,1.310989399255334,0.0,solution
m,0.37928878751459183,False,linear,True,1,1,-,0.45,0.01,1.5,1.0,0.37928878751459183,1.5171551500583673,0.3351285461289355,0.6648714538710645,0.4107052315833151,0.6408628804848313,0.06053723459394197,0.10107446918788393,0.25217828759182,0.2521782875918199,7.694568074887934e-17,True,True,True,saddle,-0.8315495606103153,0.0,0.06053723459398878,0.0,0.8920867952001825,0.0,solution
m,0.37928878751459183,False,nonlinear,True,1,1,upper,0.45,0.01,1.5,1.0,0.37928878751459183,1.5171551500583673,0.6060697656161632,0.3939302343838368,0.3069574031189764,0.5540373661757629,0.07356106174030222,0.12712212348060445,0.362219585668238,0.36221958566823786,1.1102230246251565e-16,True,True,True,saddle,-1.2610422393042897,0.0,0.07356106174037419,0.0,1.3346033010364238,0.0,solution
m,0.3881235583143458,False,linear,True,1,1,-,0.45,0.01,1.5,1.0,0.3881235583143458,1.5524942332573832,0.3368092871437576,0.6631907128562424,0.4046643922802037,0.636132370093052,0.061246811152708865,0.10249362230541774,0.2573999393147924,0.2573999393147924,1.965546299305e-17,True,True,True,saddle,-0.8437907393334848,0.0,0.06124681115292014,0.0,0.9050375505099437,0.0,solution
m,0.3881235583143458,False,nonlinear,True,1,1,upper,0.45,0.01,1.5,1.0,0.3881235583143458,1.5524942332573832,0.6071496972867385,0.3928503027132615,0.300940310086138,0.54858026767843,0.07437962651490217,0.12875925302980432,0.3702992825541869,0.370299282554187,8.770410109005946e-17,True,True,True,saddle,-1.2843812096290506,0.0,0.07437962651479582,0.0,1.3587608361049972,0.0,solution
m,0.3971641173621407,False,linear,True,1,1,-,0.45,0.01,1.5,1.0,0.3971641173621407,1.5886564694485628,0.33851824011913667,0.6614817598808633,0.39864930564889667,0.6313868114309141,0.061958644952029546,0.10391728990405909,0.26271681931423857,0.26271681931423857,7.74531866293914e-17,True,True,True,saddle,-0.8562542223318358,0.0,0.06195864495183446,0.0,0.91821286732836,0.0,solution
m,0.3971641173621407,False,nonlinear,True,1,1,upper,0.45,0.01,1.5,1.0,0.3971641173621407,1.5886564694485628,0.608245008465312,0.39175499153468796,0.294976713615175,0.5431175872821419,0.07519902857434538,0.13039805714869077,0.37854985833156485,0.3785498583315649,5.551115123125783e-17,True,True,True,saddle,-1.308277580528473,0.0,0.0751990285745628,0.0,1.383476609086808,0.0,solution
m,0.4064152580820496,False,linear,True,1,1,-,0.45,0.01,1.5,1.0,0.4064152580820496,1.6256610323281984,0.3402553072724329,0.6597446927275671,0.39266167375365607,0.6266272207250944,0.06267258355790252,0.10534516711580504,0.2681303095631367,0.26813030956313666,1.3623188471536264e-16,True,True,True,saddle,-0.8689451655361657,0.0,0.06267258355897057,0.0,0.931617749076407,0.0,solution
m,0.4064152580820496,False,nonlinear,True,1,1,upper,0.45,0.01,1.5,1.0,0.4064152580820496,1.6256610323281984,0.6093557233997544,0.3906442766002456,0.28906836543791625,0.5376507839089573,0.0760190490803231,0.13203809816064616,0.38697450737131345,0.38697450737131356,1.1102230246251565e-16,True,True,True,saddle,-1.3327465893009762,0.0,0.07601904908023337,0.0,1.4087656383474356,0.0,solution
m,0.4158818855513355,False,linear,True,1,1,-,0.45,0.01,1.5,1.0,0.4158818855513355,1.663527542205342,0.3420203834826271,0.6579796165173729,0.3867031705187939,0.621854621691271,0.063388473412976,0.10677694682595201,0.2736418035715897,0.2736418035715897,1.23431444536585e-16,True,True,True,saddle,-0.8818688483478428,0.0,0.06338847341358211,0.0,0.9452573217358583,0.0,solution
m,0.4158818855513355,False,nonlinear,True,1,1,upper,0.45,0.01,1.5,1.0,0.4158818855513355,1.663527542205342,0.6104818622279934,0.3895181377720066,0.2832169575657907,0.5321813201962191,0.0768394686372338,0.13367893727446759,0.3955764659948639,0.3955764659948639,1.2184317006085785e-16,True,True,True,saddle,-1.357803898550143,0.0,0.07683946863751882,0.0,1.4346433671602274,0.0,solution
m,0.4255690191011882,False,linear,True,1,1,-,0.45,0.01,1.5,1.0,0.4255690191011882,1.7022760764047529,0.3438133561380634,0.6561866438619366,0.3807754398616209,0.6170700445343469,0.06410615998651463,0.10821231997302927,0.2792527063756251,0.2792527063756251,7.926481135240184e-17,True,True,True,saddle,-0.8950306768113186,0.0,0.06410615998694005,0.0,0.9591368368252985,0.0,solution
m,0.4255690191011882,False,nonlinear,True,1,1,upper,0.45,0.01,1.5,1.0,0.4255690191011882,1.7022760764047529,0.6116234408360516,0.3883765591639484,0.27742412026429225,0.5267106608606781,0.07766006753756496,0.1353201350751299,0.40435901233643523,0.40435901233643534,1.1102230246251565e-16,True,True,True,saddle,-1.383465607638693,0.0,0.07766006753732724,0.0,1.461125675150059,0.0,solution
m,0.4354817949780403,False,linear,True,1,1,-,0.45,0.01,1.5,1.0,0.4354817949780403,1.7419271799121612,0.3456341049942834,0.6543658950057166,0.37488009389159205,0.6122745249408896,0.06482548792553322,0.10965097585106644,0.2849644345295013,0.2849644345295013,8.32401023424172e-17,True,True,True,saddle,-0.9084361859600947,0.0,0.06482548792741084,0.0,0.973261673874291,0.0,solution
m,0.4354817949780403,False,nonlinear,True,1,1,upper,0.45,0.01,1.5,1.0,0.4354817949780403,1.7419271799121612,0.6127804707161117,0.38721952928388825,0.2716914201698103,0.5212402710553073,0.07848062600837055,0.13696125201674111,0.4133254661788244,0.4133254661788243,1.583599868894563e-16,True,True,True,saddle,-1.4097482641409507,0.0,0.07848062600852819,0.0,1.4882288901610992,0.0,solution
m,0.4456254690668728,False,linear,True,1,1,-,0.45,0.01,1.5,1.0,0.4456254690668728,1.7825018762674911,0.3474825020422593,0.6525174979577407,0.3690187111798293,0.6074691030660154,0.06554630120676434,0.1110926024135287,0.2907784161017604,0.2907784161017604,1.177867575299373e-16,True,True,True,saddle,-0.9220910423017619,0.0,0.06554630120817427,0.0,0.9876373434902885,0.0,solution
m,0.4456254690668728,False,nonlinear,True,1,1,upper,0.45,0.01,1.5,1.0,0.4456254690668728,1.7825018762674911,0.6139529588248467,0.3860470411751533,0.2660203585536356,0.5157716147226751,0.0793009244582654,0.1386018489165308,0.42247918876256924,0.4224791887625694,1.6653345369377348e-16,True,True,True,saddle,-1.4366688757064767,0.0,0.07930092445844138,0.0,1.515969800155705,0.0,solution
m,0.45600541967795477,False,linear,True,1,1,-,0.45,0.01,1.5,1.0,0.45600541967795477,1.824021678711819,0.3493584113872853,0.6506415886127147,0.36319283510292594,0.6026548225169412,0.06626844328912547,0.11253688657825095,0.2966960906752722,0.29669609067527214,1.260078274719238e-16,True,True,True,saddle,-0.9360010468900399,0.0,0.06626844329027576,0.0,1.0022694901797453,0.0,solution
m,0.45600541967795477,False,nonlinear,True,1,1,upper,0.45,0.01,1.5,1.0,0.45600541967795477,1.824021678711819,0.6151409074422524,0.38485909255774764,0.2604123697373604,0.5103061529487573,0.08012074372435309,0.14024148744870615,0.4318235825684568,0.4318235825684569,6.8665004585159e-17,True,True,True,saddle,-1.464244921909559,0.0,0.08012074372432282,0.0,1.544365665588631,0.0,solution
m,0.46662715039849545,False,linear,True,1,1,-,0.45,0.01,1.5,1.0,0.46662715039849545,1.8665086015939818,0.3512616891387844,0.6487383108612156,0.35740397226465465,0.5978327293354343,0.06699175726635152,0.11398351453270304,0.30271890935150236,0.30271890935150236,4.9599764887588805e-18,True,True,True,saddle,-0.9501721380569986,0.0,0.0669917572657452,0.0,1.0171638953192943,0.0,solution
m,0.46662715039849545,False,nonlinear,True,1,1,upper,0.45,0.01,1.5,1.0,0.46662715039849545,1.8665086015939818,0.6163443140312571,0.3836556859687429,0.25486881966330327,0.5048453423210947,0.08093986531850249,0.14187973063700493,0.4413620910734052,0.4413620910734053,1.1102230246251565e-16,True,True,True,saddle,-1.4924943667876938,0.0,0.0809398653190983,0.0,1.5734342320128951,0.0,solution
m,0.4774962930107179,False,linear,True,1,1,-,0.45,0.01,1.5,1.0,0.4774962930107179,1.9099851720428715,0.3531921833112538,0.6468078166887462,0.351653590998903,0.5930038709813815,0.06771608601945943,0.11543217203891887,0.3088483347592323,0.30884833475923223,9.27233044370362e-17,True,True,True,saddle,-0.9646103939756003,0.0,0.06771608602108213,0.0,1.0323264799524712,0.0,solution
m,0.4774962930107179,False,nonlinear,True,1,1,upper,0.45,0.01,1.5,1.0,0.4774962930107179,1.9099851720428715,0.6175631710983803,0.3824368289016197,0.24939100462296096,0.49939063329518,0.08175807167238966,0.1435161433447793,0.4510981984798538,0.45109819847985383,5.551115123125783e-17,True,True,True,saddle,-1.5214356712287838,0.0,0.08175807167262884,0.0,1.603193742900703,0.0,solution
m,0.4886186104779053,False,linear,True,1,1,-,0.45,0.01,1.5,1.0,0.4886186104779053,1.9544744419116211,0.3551497337365538,0.6448502662634462,0.3459431199568455,0.5881692953196771,0.0684412723687151,0.1168825447374302,0.31508584106795234,0.31508584106795234,9.121757903435369e-17,True,True,True,saddle,-0.9793220359218364,0.0,0.06844127237022593,0.0,1.0477633082513467,0.0,solution
m,0.4886186104779053,False,nonlinear,True,1,1,upper,0.45,0.01,1.5,1.0,0.4886186104779053,1.9544744419116211,0.6187974660557438,0.3812025339442562,0.24398015014587773,0.4939434685729509,0.08257514638072402,0.14515029276144806,0.46103542941886105,0.46103542941886105,1.151207616034689e-16,True,True,True,saddle,-1.5510878061911093,0.0,0.08257514638071503,0.0,1.6336629525796336,0.0,solution
m,0.5,True,linear,True,1,1,-,0.45,0.01,1.5,1.0,0.5,2.0,0.3571341719877207,0.6428658280122793,0.3402739467810474,0.5833300496126077,0.06916715922477551,0.11833431844955102,0.32143291400613966,0.32143291400613966,5.66669955594591e-17,True,True,True,saddle,-0.9943134311490548,0.0,0.06916715922477172,0.0,1.0634805903403097,0.0,solution
m,0.5,True,nonlinear,True,1,1,upper,0.45,0.01,1.5,1.0,0.5,2.0,0.620047181084747,0.379952818915253,0.2386374100506793,0.48850528149722117,0.0833908744420835,0.14678174888416698,0.47117734862721194,0.47117734862721194,2.318231537782815e-17,True,True,True,saddle,-1.581470265488004,0.0,0.08339087444221714,0.0,1.6648611399217321,0.0,solution
m,0.511646496140377,False,linear,True,1,1,-,0.45,0.01,1.5,1.0,0.511646496140377,2.046585984561508,0.3591453213144561,0.6408546786855439,0.334647416868862,0.5784871795198767,0.06989358973868516,0.11978717947737032,0.3278910508846257,0.3278910508846257,2.3220829208696476e-17,True,True,True,saddle,-1.0095910957273047,0.0,0.06989358974046667,0.0,1.079484685418407,0.0,solution
m,0.511646496140377,False,nonlinear,True,1,1,upper,0.45,0.01,1.5,1.0,0.511646496140377,2.046585984561508,0.6213122930017357,0.37868770699826426,0.23336386565938996,0.48307749446583614,0.08420504249679123,0.1484100849935825,0.4815275605989228,0.48152756059892277,7.772578103117599e-17,True,True,True,saddle,-1.6126030793747321,0.0,0.08420504249713057,0.0,1.6968081218694013,0.0,solution
m,0.5235642740254497,False,linear,True,1,1,-,0.45,0.01,1.5,1.0,0.5235642740254497,2.0942570961017988,0.36118299659041997,0.63881700340958,0.32906483222715294,0.5736417281083663,0.07062040745041172,0.12124081490082343,0.33446176062524996,0.33446176062525,5.551115123125783e-17,True,True,True,saddle,-1.0251616978694695,0.0,0.07062040745120833,0.0,1.0957821053154142,0.0,solution
m,0.5235642740254497,False,nonlinear,True,1,1,upper,0.45,0.01,1.5,1.0,0.5235642740254497,2.0942570961017988,0.6225927731260118,0.3774072268739882,0.2281605251755132,0.47766151736926976,0.08501743906127619,0.1500348781225524,0.49208970921162737,0.49208970921162726,1.3615362424372705e-16,True,True,True,saddle,-1.6445068284594206,0.0,0.08501743906124164,0.0,1.7295242675295217,0.0,solution
m,0.5357596526188032,False,linear,True,1,1,-,0.45,0.01,1.5,1.0,0.5357596526188032,2.143038610475213,0.3632470042724335,0.6367529957275665,0.3235274504200336,0.568794734873692,0.07134745643561287,0.12269491287122573,0.3411465637949833,0.3411465637949833,2.2449226534662193e-17,True,True,True,saddle,-1.0410320610849981,0.0,0.0713474564354467,0.0,1.1123795174889526,0.0,solution
m,0.5357596526188032,False,nonlinear,True,1,1,upper,0.45,0.01,1.5,1.0,0.5357596526188032,2.143038610475213,0.6238885871505393,0.3761114128494607,0.22302832322572505,0.47225874605530077,0.08582785475837156,0.15165570951674312,0.5028674773284256,0.5028674773284255,2.6308687831303784e-16,True,True,True,saddle,-1.677202657531125,0.0,0.08582785475842537,0.0,1.7630305122679568,0.0,solution
m,0.5482390980715924,False,linear,True,1,1,-,0.45,0.01,1.5,1.0,0.5482390980715924,2.1929563922863697,0.36533714237166137,0.6346628576283386,0.31803648361097725,0.5639472347755393,0.07207458145033577,0.12414916290067153,0.34794699264569984,0.34794699264569984,2.6481857008179614e-17,True,True,True,saddle,-1.0572091671639325,0.0,0.07207458145043173,0.0,1.1292837486489558,0.0,solution
m,0.5482390980715924,False,nonlinear,True,1,1,upper,0.45,0.01,1.5,1.0,0.5482390980715924,2.1929563922863697,0.6251996950157221,0.37480030498427785,0.2179681205644088,0.4668705608243133,0.08663608254301969,0.15327216508603933,0.513864586375876,0.5138645863758762,2.220446049250313e-16,True,True,True,saddle,-1.7107122898453253,0.0,0.08663608254327362,0.0,1.7973483723639427,0.0,solution
m,0.5610092271509817,False,linear,True,1,1,-,0.45,0.01,1.5,1.0,0.5610092271509817,2.2440369086039267,0.36745320043682794,0.6325467995631721,0.31259309770030813,0.5591002572887157,0.07280162807335931,0.1256032561467186,0.3548645911597621,0.35486459115976204,1.3448112108224098e-16,True,True,True,saddle,-1.073700159960534,0.0,0.07280162807420337,0.0,1.1465017879936517,0.0,solution
m,0.5610092271509817,False,nonlinear,True,1,1,upper,0.45,0.01,1.5,1.0,0.5610092271509817,2.2440369086039267,0.6265260507866364,0.37347394921336363,0.21298070393964286,0.4614983249586534,0.08744191792286866,0.1548838358457373,0.5250847958989157,0.5250847958989158,1.1102230246251565e-16,True,True,True,saddle,-1.7450580420619397,0.0,0.08744191792313906,0.0,1.8324999599633462,0.0,solution
m,0.5740768107484414,False,linear,True,1,1,-,0.45,0.01,1.5,1.0,0.5740768107484414,2.2963072429937657,0.36959495954948096,0.630405040450519,0.3071984115587498,0.5542548254717768,0.07352844284590014,0.12705688569180026,0.3619009151015762,0.3619009151015762,1.2789703111529955e-17,True,True,True,saddle,-1.0905123481226537,0.0,0.07352844284519203,0.0,1.1640407910014017,0.0,solution
m,0.5740768107484414,False,nonlinear,True,1,1,upper,0.45,0.01,1.5,1.0,0.5740768107484414,2.2963072429937657,0.6278676025341132,0.3721323974658868,0.20806678611866536,0.4561433832893615,0.08824515917326246,0.15649031834652485,0.5365319030935842,0.5365319030935842,8.951270793587132e-17,True,True,True,saddle,-1.780262839135232,0.0,0.088245159172774,0.0,1.868507998309893,0.0,solution
m,0.5874487774697648,False,linear,True,1,1,-,0.45,0.01,1.5,1.0,0.5874487774697648,2.349795109879059,0.37176219233130525,0.6282378076686947,0.30185349635736813,0.5494119550550098,0.07425487340841519,0.1285097468168304,0.36905753207526,0.36905753207525993,1.3404988068782237e-16,True,True,True,saddle,-1.1076532092062352,0.0,0.0742548734078608,0.0,1.1819080826726056,0.0,solution
m,0.5874487774697648,False,nonlinear,True,1,1,upper,0.45,0.01,1.5,1.0,0.5874487774697648,2.349795109879059,0.6292242922200768,0.3707757077799232,0.2032270060702505,0.45080706080345556,0.08904560754614832,0.15809121509229665,0.5482097423185494,0.5482097423185494,4.512546027296571e-17,True,True,True,saddle,-1.8163502292313418,0.0,0.0890456075459773,0.0,1.9053958367868904,0.0,solution
m,0.6011322173087065,False,linear,True,1,1,-,0.45,0.01,1.5,1.0,0.6011322173087065,2.404528869234826,0.3739546629634425,0.6260453370365575,0.29655937499391705,0.5445726535494755,0.07498076863424534,0.1299615372684907,0.3763360215885623,0.3763360215885623,7.819617349308949e-17,True,True,True,saddle,-1.1251303928374412,0.0,0.07498076863351741,0.0,1.2001111614821844,0.0,solution
m,0.6011322173087065,False,nonlinear,True,1,1,upper,0.45,0.01,1.5,1.0,0.6011322173087065,2.404528869234826,0.6305960555875504,0.3694039444124496,0.1984619293008826,0.4454906612948049,0.08984306747244593,0.15968613494489187,0.5601221845865159,0.560122184586516,1.4046483968112328e-16,True,True,True,saddle,-1.8533443998638526,0.0,0.08984306747199369,0.0,1.9431874673470806,0.0,solution
m,0.6151343854061908,False,linear,True,1,1,-,0.45,0.01,1.5,1.0,0.6151343854061908,2.4605375416247632,0.37617212721776505,0.623827872782235,0.2913170216152738,0.5397379193787238,0.07570597875985809,0.13141195751971618,0.3837379751231515,0.3837379751231515,3.6385522297031405e-17,True,True,True,saddle,-1.1429517243497118,0.0,0.07570597876056755,0.0,1.2186577030683876,0.0,solution
m,0.6151343854061908,False,nonlinear,True,1,1,upper,0.45,0.01,1.5,1.0,0.6151343854061908,2.4605375416247632,0.6319828220557484,0.3680171779442516,0.19377204834107672,0.4401954660614722,0.09063734675744584,0.16127469351489168,0.5722731370367151,0.572273137036715,1.9361717063733803e-16,True,True,True,saddle,-1.891270193288579,0.0,0.09063734675699787,0.0,1.9819075400283428,0.0,solution
m,0.6294627058970836,False,linear,True,1,1,-,0.45,0.01,1.5,1.0,0.6294627058970836,2.5178508235883346,0.37841433250000955,0.6215856674999904,0.2861273612353332,0.5349087410347051,0.07643035551146089,0.1328607110229218,0.3912649962113889,0.3912649962113889,1.191244441570149e-17,True,True,True,saddle,-1.1611252084267,0.0,0.07643035551158578,0.0,1.2375555639627183,0.0,solution
m,0.6294627058970836,False,nonlinear,True,1,1,upper,0.45,0.01,1.5,1.0,0.6294627058970836,2.5178508235883346,0.6333845146206778,0.3666154853793222,0.18915778337769026,0.4349227326522382,0.09142825676883097,0.16285651353766187,0.5846665423897662,0.5846665423897663,1.3912985373534226e-16,True,True,True,saddle,-1.9301531230707814,0.0,0.09142825676894892,0.0,2.021581379849464,0.0,solution
m,0.644124775846567,False,linear,True,1,1,-,0.45,0.01,1.5,1.0,0.644124775846567,2.576499103386268,0.3806810179046586,0.6193189820953414,0.2809912694474263,0.5300860962593023,0.07715375222777134,0.13430750445554265,0.39891870051968586,0.39891870051968586,8.96893559045154e-17,True,True,True,saddle,-1.179659033428583,0.0,0.07715375222850274,0.0,1.2568127856074687,0.0,solution
m,0.644124775846567,False,nonlinear,True,1,1,upper,0.45,0.01,1.5,1.0,0.644124775846567,2.576499103386268,0.6348010497616743,0.3651989502383257,0.18461948302759218,0.4296736936648463,0.09221561261693972,0.16443122523387943,0.5973063783863125,0.5973063783863123,2.220446049250313e-16,True,True,True,saddle,-1.970019390658475,0.0,0.09221561261685698,0.0,2.0622350032650982,0.0,solution
m,0.6591283692782036,False,linear,True,1,1,-,0.45,0.01,1.5,1.0,0.6591283692782036,2.6365134771128145,0.38297191428142807,0.6170280857185719,0.2759095722300355,0.5252709512528134,0.07787602397874464,0.1357520479574893,0.40670071593853396,0.40670071593853396,4.2119159473086174e-17,True,True,True,saddle,-1.1985615743071647,0.0,0.07787602397824037,0.0,1.276437598324535,0.0,solution
m,0.6591283692782036,False,nonlinear,True,1,1,upper,0.45,0.01,1.5,1.0,0.6591283692782036,2.6365134771128145,0.6362323373542985,0.3637676626457015,0.18015742524761388,0.424449555598323,0.09299923332691822,0.16599846665383644,0.610196657210914,0.610196657210914,7.50055955876574e-18,True,True,True,saddle,-2.0108959020623467,0.0,0.09299923332666318,0.0,2.1038951354097217,0.0,solution
m,0.6744814412958269,False,linear,True,1,1,-,0.45,0.01,1.5,1.0,0.6744814412958269,2.6979257651833075,0.3852867443131942,0.6147132556868058,0.2708830458442964,0.5204642599106075,0.07859702768007554,0.13719405536015108,0.4146126826792869,0.4146126826792869,1.5037029723846484e-17,True,True,True,saddle,-1.2178413975791826,0.0,0.07859702768013932,0.0,1.2964384252770023,0.0,solution
m,0.6744814412958269,False,nonlinear,True,1,1,upper,0.45,0.01,1.5,1.0,0.6744814412958269,2.6979257651833075,0.6376782805900155,0.3623217194099845,0.17577181837529046,0.4192514977615351,0.0937789420024364,0.1675578840048728,0.6233414249028021,0.6233414249028021,1.3904146788634102e-16,True,True,True,saddle,-2.0528102854218884,0.0,0.09377894200186085,0.0,2.146589227393804,0.0,solution
m,0.6901921323014425,False,linear,True,1,1,-,0.45,0.01,1.5,1.0,0.6901921323014425,2.76076852920577,0.38762522260516874,0.6123747773948313,0.26591241682150973,0.5156669630890753,0.07931662220330536,0.13863324440661073,0.4226562533777598,0.42265625337775975,8.487635021057655e-17,True,True,True,saddle,-1.2375072646887164,0.0,0.07931662220443976,0.0,1.3168238868584567,0.0,solution
m,0.6901921323014425,False,nonlinear,True,1,1,upper,0.45,0.01,1.5,1.0,0.6901921323014425,2.76076852920577,0.6391387759030768,0.3608612240969232,0.17146280229452981,0.41408067123995274,0.09455456598067376,0.1691091319613475,0.6367447607551636,0.6367447607551636,7.13857316153018e-18,True,True,True,saddle,-2.0957909080997528,0.0,0.09455456598064918,0.0,2.190345474024269,0.0,solution
m,0.7062687723113773,False,linear,True,1,1,-,0.45,0.01,1.5,1.0,0.7062687723113773,2.825075089245509,0.3899870557851045,0.6100129442148955,0.26099836203863186,0.5108799879018867,0.08003466848138366,0.14006933696276733,0.4308330932047029,0.4308330932047029,6.519743795806684e-17,True,True,True,saddle,-1.2575681364220668,0.0,0.08003466848143048,0.0,1.3376028048762378,0.0,solution
m,0.7062687723113773,False,nonlinear,True,1,1,upper,0.45,0.01,1.5,1.0,0.7062687723113773,2.825075089245509,0.6406137129050153,0.35938628709498466,0.1672304497200022,0.40893819792237823,0.09532593697830995,0.17065187395661985,0.6504107767047377,0.6504107767047378,1.1102230246251565e-16,True,True,True,saddle,-2.1398668952490203,0.0,0.09532593697821973,0.0,2.2351928322089756,0.0,solution
m,0.7227198853729635,False,linear,True,1,1,-,0.45,0.01,1.5,1.0,0.7227198853729635,2.890879541491854,0.3923719426142951,0.6076280573857049,0.2561415088794785,0.506104247047462,0.08075102960954736,0.14150205921909473,0.4391448799831931,0.4391448799831931,3.554677509002825e-17,True,True,True,saddle,-1.2780331770666917,0.0,0.08075102960846797,0.0,1.3587842067300178,0.0,solution
m,0.7227198853729635,False,nonlinear,True,1,1,upper,0.45,0.01,1.5,1.0,0.7227198853729635,2.890879541491854,0.6421029743271612,0.35789702567283876,0.1630747675937457,0.40382516958919945,0.09609289122828675,0.17218578245657348,0.6643436167135718,0.6643436167135718,6.110415957981583e-17,True,True,True,saddle,-2.1850681477269225,0.0,0.09609289122807106,0.0,2.2811610389216117,0.0,solution
m,0.7395541940841035,False,linear,True,1,1,-,0.45,0.01,1.5,1.0,0.7395541940841035,2.958216776336414,0.39477957410910325,0.6052204258908968,0.25134243547915186,0.5013406381684532,0.08146557094139868,0.14293114188279737,0.44759330431298006,0.44759330431298006,1.0464230960036897e-17,True,True,True,saddle,-1.2989117592251151,0.0,0.08146557094386514,0.0,1.380377330125265,0.0,solution
m,0.7395541940841035,False,nonlinear,True,1,1,upper,0.45,0.01,1.5,1.0,0.7395541940841035,2.958216776336414,0.6436064359715639,0.35639356402843614,0.15899569858721518,0.39874264706351037,0.09685526960714012,0.17371053921428023,0.6785474561448791,0.6785474561448791,1.3459702260826443e-16,True,True,True,saddle,-2.2314253607607673,0.0,0.09685526960719282,0.0,2.32828063036353,0.0,solution
m,0.7567806242181039,False,linear,True,1,1,-,0.45,0.01,1.5,1.0,0.7567806242181039,3.0271224968724155,0.397209633672737,0.602790366327263,0.24660167104900044,0.49659004324392214,0.08217816018007836,0.1443563203601567,0.45618006970180563,0.45618006970180563,1.7111428319352448e-17,True,True,True,saddle,-1.320213467438535,0.0,0.08217816018170836,0.0,1.4023916276014141,0.0,solution
m,0.7567806242181039,False,nonlinear,True,1,1,upper,0.45,0.01,1.5,1.0,0.7567806242181039,3.0271224968724155,0.6451239666707027,0.3548760333292973,0.1549931227017824,0.39369165942623474,0.09761291775273147,0.17522583550546292,0.6930265011349971,0.6930265011349972,1.1102230246251565e-16,True,True,True,saddle,-2.2789700432009385,0.0,0.09761291775261347,0.0,2.3765829609490265,0.0,solution
m,0.7744083094562405,False,linear,True,1,1,-,0.45,0.01,1.5,1.0,0.7744083094562405,3.097633237824962,0.3996617972369684,0.6003382027630316,0.2419196962792314,0.4918533280147969,0.08288866746444712,0.14577733492889425,0.4649068927037171,0.46490689270371705,5.551115123125783e-17,True,True,True,saddle,-1.3419481034066798,0.0,0.0828886674655987,0.0,1.4248367708658658,0.0,solution
m,0.7744083094562405,False,nonlinear,True,1,1,upper,0.45,0.01,1.5,1.0,0.7744083094562405,3.097633237824962,0.6466554282563448,0.3533445717436552,0.15106685896050395,0.3886732032961675,0.09836568617224156,0.17673137234448308,0.7077849879635302,0.7077849879635303,1.1102230246251565e-16,True,True,True,saddle,-2.327734536782408,0.0,0.09836568617219074,0.0,2.4261002228639668,0.0,solution
m,0.7924465962305566,False,linear,True,1,1,-,0.45,0.01,1.5,1.0,0.7924465962305566,3.1697863849222263,0.40213573341347264,0.5978642665865274,0.237296943816131,0.48713134144307635,0.08359696545020522,0.1471939309004104,0.47377550306437166,0.47377550306437166,3.293156633723135e-18,True,True,True,saddle,-1.3641256906285453,0.0,0.08359696545204326,0.0,1.4477226560403176,0.0,solution
m,0.7924465962305566,False,nonlinear,True,1,1,upper,0.45,0.01,1.5,1.0,0.7924465962305566,3.1697863849222263,0.6482006755378932,0.3517993244621068,0.1472166671838336,0.38368824217564135,0.09911343034032045,0.17822686068064095,0.7228271824238051,0.722827182423805,1.205394584681022e-16,True,True,True,saddle,-2.3777520356871777,0.0,0.09911343034006244,0.0,2.4768654660806977,0.0,solution
m,0.8109050486794648,False,linear,True,1,1,-,0.45,0.01,1.5,1.0,0.8109050486794648,3.243620194717859,0.4046311036544463,0.5953688963455537,0.23273379881069298,0.4824249152051467,0.08430292938589466,0.1486058587717893,0.48278764387333045,0.48278764387333045,1.0012473854364271e-16,True,True,True,saddle,-1.3867564788639843,0.0,0.08430292938593194,0.0,1.4710594083069046,0.0,solution
m,0.8109050486794648,False,nonlinear,True,1,1,upper,0.45,0.01,1.5,1.0,0.8109050486794648,3.243620194717859,0.6497595562905443,0.35024044370945573,0.14344224984184392,0.3787377058623077,0.0998560107873205,0.17971202157464103,0.7381573791958282,0.7381573791958281,1.1102230246251565e-16,True,True,True,saddle,-2.429056607525094,0.0,0.09985601078761916,0.0,2.528912618288814,0.0,solution
m,0.8297934537187801,False,linear,True,1,1,-,0.45,0.01,1.5,1.0,0.8297934537187801,3.3191738148751204,0.40714756242214434,0.5928524375778557,0.22823059953532865,0.47773486321947306,0.08500643718374569,0.1500128743674914,0.4919450717233263,0.49194507172332635,1.0452208244285174e-16,True,True,True,saddle,-1.4098509494686902,0.0,0.08500643718476664,0.0,1.4948573867282418,0.0,solution
m,0.8297934537187801,False,nonlinear,True,1,1,upper,0.45,0.01,1.5,1.0,0.8297934537187801,3.3191738148751204,0.6513319112535524,0.3486680887464476,0.13974325397545329,0.3738224899273093,0.10059329317757026,0.18118658635514054,0.7537799012239835,0.7537799012239835,7.757308904979459e-17,True,True,True,saddle,-2.4816832128499575,0.0,0.1005932931773248,0.0,2.582276506005468,0.0,solution
m,0.8491218262308721,False,linear,True,1,1,-,0.45,0.01,1.5,1.0,0.8491218262308721,3.3964873049234883,0.4096847573669674,0.5903152426330326,0.22378763806521376,0.47306198120881976,0.0857073694853437,0.1514147389706874,0.501249556876481,0.501249556876481,3.41624509058912e-17,True,True,True,saddle,-1.4334198202439457,0.0,0.0857073694868534,0.0,1.519127189669823,0.0,solution
m,0.8491218262308721,False,nonlinear,True,1,1,upper,0.45,0.01,1.5,1.0,0.8491218262308721,3.3964873049234883,0.6529175741388717,0.34708242586112825,0.1361192731791267,0.36894345525991745,0.10132514837767907,0.18265029675535807,0.7696990991017282,0.7696990991017281,1.1102230246251565e-16,True,True,True,saddle,-2.535667726921264,0.0,0.10132514837769081,0.0,2.6369928752485845,0.0,solution
m,0.8689004143746876,False,linear,True,1,1,-,0.45,0.01,1.5,1.0,0.8689004143746876,3.4756016574987503,0.4122423295137063,0.5877576704862937,0.2194051610207354,0.46840704629705926,0.08640560972210777,0.15281121944421552,0.5107028834374416,0.5107028834374416,5.17625905659472e-17,True,True,True,saddle,-1.4574740500731982,0.0,0.08640560972201887,0.0,1.5438796598839974,0.0,solution
m,0.8689004143746876,False,nonlinear,True,1,1,upper,0.45,0.01,1.5,1.0,0.8689004143746876,3.4756016574987503,0.6545163716504174,0.34548362834958257,0.1325698496375179,0.3641014276784944,0.1020514525148925,0.18410290502978502,0.7859193504655934,0.7859193504655934,7.359104971933366e-18,True,True,True,saddle,-2.5910469607199063,0.0,0.10205145251484216,0.0,2.693098413254157,0.0,solution
m,0.8891397050194613,False,linear,True,1,1,-,0.45,0.01,1.5,1.0,0.8891397050194613,3.556558820077845,0.4148199134555475,0.5851800865444525,0.21508337036742065,0.4637708166405263,0.08710104417058773,0.15420208834117544,0.5203068495333975,0.5203068495333973,1.1102230246251565e-16,True,True,True,saddle,-1.4820248455227056,0.0,0.08710104417031866,0.0,1.5691258897468867,0.0,solution
m,0.8891397050194613,False,nonlinear,True,1,1,upper,0.45,0.01,1.5,1.0,0.8891397050194613,3.556558820077845,0.6561281235141574,0.3438718764858426,0.12909447620856426,0.3592971976074462,0.10277208702554975,0.1855441740510995,0.8024450594008029,0.802445059400803,1.1102230246251565e-16,True,True,True,saddle,-2.647858683136306,0.0,0.10277208702513024,0.0,2.750630770088786,0.0,solution
m,0.9098504293049916,False,linear,True,1,1,-,0.45,0.01,1.5,1.0,0.9098504293049916,3.6394017172199664,0.4174171375554242,0.5825828624445758,0.21082242426967465,0.4591540310937874,0.08779356200259857,0.1555871240051971,0.5300632675009281,0.5300632675009281,4.973773077544082e-17,True,True,True,saddle,-1.5070836648207864,0.0,0.08779356200353472,0.0,1.594877226805328,0.0,solution
m,0.9098504293049916,False,nonlinear,True,1,1,upper,0.45,0.01,1.5,1.0,0.9098504293049916,3.6394017172199664,0.6577526425192147,0.3422473574807853,0.12569259854561798,0.3545315198196318,0.10348693869372189,0.18697387738744378,0.8192806558608324,0.8192806558608324,6.279606761864019e-17,True,True,True,saddle,-2.706141642694388,0.0,0.1034869386933952,0.0,2.809628581340905,0.0,solution
m,0.9310435683314336,False,linear,True,1,1,-,0.45,0.01,1.5,1.0,0.9310435683314336,3.7241742733257346,0.420033624154297,0.579966375845703,0.20662243799460636,0.4545574089095968,0.08848305533022716,0.15696611066045432,0.5399739640796326,0.5399739640796327,1.1469849403289787e-16,True,True,True,saddle,-1.5326622241990484,0.0,0.08848305533102138,0.0,1.6211452796267907,0.0,solution
m,0.9310435683314336,False,nonlinear,True,1,1,upper,0.45,0.01,1.5,1.0,0.9310435683314336,3.7241742733257346,0.6593897345701256,0.3406102654298744,0.12236361725130322,0.34980511324350766,0.10419589968014054,0.18839179936028105,0.8364305951032347,0.8364305951032349,2.220446049250313e-16,True,True,True,saddle,-2.765935590661485,0.0,0.10419589967984028,0.0,2.8701314903265,0.0,solution
m,0.9527303589816235,False,linear,True,1,1,-,0.45,0.01,1.5,1.0,0.9527303589816235,3.810921435926494,0.42266898978592615,0.5773310102140738,0.20248348486219941,0.4499816494727306,0.08916941924575707,0.15833883849151412,0.550040780612478,0.550040780612478,1.1521093633768098e-16,True,True,True,saddle,-1.5587725036493771,0.0,0.08916941924481252,0.0,1.6479419229933547,0.0,solution
m,0.9527303589816235,False,nonlinear,True,1,1,upper,0.45,0.01,1.5,1.0,0.9527303589816235,3.810921435926494,0.6610391987503628,0.33896080124963723,0.11910689005592341,0.34511866083410125,0.10489886754155148,0.18979773508310296,0.8538993571440499,0.8538993571440497,1.1102230246251565e-16,True,True,True,saddle,-2.8272813041565517,0.0,0.10489886754143771,0.0,2.9321801716200158,0.0,solution
m,0.9749222998790226,False,linear,True,1,1,-,0.45,0.01,1.5,1.0,0.9749222998790226,3.8996891995160903,0.42532284539770326,0.5746771546022967,0.19840559723807347,0.44542743206730484,0.08985255185657094,0.15970510371314187,0.5602655732528038,0.5602655732528038,9.086321568563849e-17,True,True,True,saddle,-1.5854267524370966,0.0,0.08985255185790396,0.0,1.6752793042418164,0.0,solution
m,0.9749222998790226,False,nonlinear,True,1,1,upper,0.45,0.01,1.5,1.0,0.9749222998790226,3.8996891995160903,0.6627008273971958,0.3372991726028042,0.1159217340134099,0.34047280950673564,0.10559574524065633,0.19119149048131265,0.8716914462330877,0.8716914462330877,3.3783481765992216e-17,True,True,True,saddle,-2.8902206095083622,0.0,0.10559574524024586,0.0,2.9958163546837167,0.0,solution
m,0.9976311574844398,False,linear,True,1,1,-,0.45,0.01,1.5,1.0,0.9976311574844398,3.990524629937759,0.4279947965771014,0.5720052034228986,0.19438876756508724,0.44089541567710505,0.09053235431510093,0.16106470863020184,0.5706502131779088,0.5706502131779088,1.1869818701359723e-16,True,True,True,saddle,-1.6126374946710214,0.0,0.09053235431509138,0.0,1.7031698490639613,0.0,solution
m,0.9976311574844398,False,nonlinear,True,1,1,upper,0.45,0.01,1.5,1.0,0.9976311574844398,3.990524629937759,0.6643744061879242,0.3356255938120758,0.11280742770799018,0.33586817013225617,0.10628644114682827,0.19257288229365652,0.8898113903523567,0.8898113903523568,1.1102230246251565e-16,True,True,True,saddle,-2.9547964064628953,0.0,0.10628644114671287,0.0,3.061082847561432,0.0,solution
m,1.0208689723347646,False,linear,True,1,1,-,0.45,0.01,1.5,1.0,1.0208689723347646,4.083475889339058,0.4306844437832882,0.5693155562167118,0.19043294943005576,0.4363862388183841,0.09120873084390906,0.1624174616878181,0.5811965868091494,0.5811965868091495,1.1363988674368272e-16,True,True,True,saddle,-1.6404175367753715,0.0,0.09120873084331069,0.0,1.7316262676343628,0.0,solution
m,1.0208689723347646,False,nonlinear,True,1,1,upper,0.45,0.01,1.5,1.0,1.0208689723347646,4.083475889339058,0.6660597142374767,0.3339402857625233,0.10976321346497216,0.33130531759235643,0.10697086902781322,0.19394173805562642,0.9082637407398558,0.9082637407398558,3.0465411711414523e-17,True,True,True,saddle,-3.0210526930204016,0.0,0.1069708690277587,0.0,3.1280235620321446,0.0,solution
m,1.0446480654270198,False,linear,True,1,1,-,0.45,0.01,1.5,1.0,1.0446480654270198,4.178592261708079,0.43339138258346144,0.5666086174165386,0.18653805866188705,0.4319005194045118,0.09188158875598991,0.1637631775119798,0.5919065960384654,0.5919065960384654,1.294367798095657e-17,True,True,True,saddle,-1.6687799721895014,0.0,0.09188158875570952,0.0,1.7606615610538998,0.0,solution
m,1.0446480654270198,False,nonlinear,True,1,1,upper,0.45,0.01,1.5,1.0,1.0446480654270198,4.178592261708079,0.667756524207333,0.332243475792667,0.10678829955927517,0.326784790893449,0.10764894803264934,0.19529789606529865,0.9270530714409118,0.9270530714409118,1.3337868254768522e-17,True,True,True,saddle,-3.0890345899624836,0.0,0.10764894803221615,0.0,3.1966835379962295,0.0,solution
m,1.068981044751116,False,linear,True,1,1,-,0.45,0.01,1.5,1.0,1.068981044751116,4.275924179004464,0.4361152038934476,0.5638847961065524,0.18270397445749403,0.42743885464180026,0.09255083847039665,0.16510167694079328,0.6027821584612525,0.6027821584612525,1.2677634945827274e-17,True,True,True,saddle,-1.697738189082275,0.0,0.09255083847321992,0.0,1.7902890275021253,0.0,solution
m,1.068981044751116,False,nonlinear,True,1,1,upper,0.45,0.01,1.5,1.0,1.068981044751116,4.275924179004464,0.6694646024256814,0.3305353975743186,0.1038818624155962,0.3223070933373887,0.10832060266605836,0.1966412053321167,0.9461839788891747,0.9461839788891747,1.153320354947376e-16,True,True,True,saddle,-3.158788366873431,0.0,0.10832060266571625,0.0,3.267108969547897,0.0,solution
m,1.0938808119747763,False,linear,True,1,1,-,0.45,0.01,1.5,1.0,1.0938808119747763,4.375523247899105,0.43885549422211545,0.5611445057778846,0.17893054053189308,0.423001820955765,0.09321639352330192,0.16643278704660383,0.613825207615497,0.6138252076154969,1.1102230246251565e-16,True,True,True,saddle,-1.7273058756485293,0.0,0.09321639352306896,0.0,1.8205222692693808,0.0,solution
m,1.0938808119747763,False,nonlinear,True,1,1,upper,0.45,0.01,1.5,1.0,1.0938808119747763,4.375523247899105,0.6711837090186874,0.3288162909813126,0.10104304879437316,0.3178726927472273,0.10898576275458259,0.19797152550916516,0.9656610815193254,0.9656610815193254,1.668682248841314e-16,True,True,True,saddle,-3.230361467894189,0.0,0.10898576275445335,0.0,3.3393472306568586,0.0,solution
m,1.11936056928417,False,linear,True,1,1,-,0.45,0.01,1.5,1.0,1.11936056928417,4.47744227713668,0.44161183591915376,0.5583881640808462,0.17521756628897678,0.41858997394703185,0.09387817057461191,0.1677563411492238,0.6250376932270786,0.6250376932270786,8.024386277028275e-17,True,True,True,saddle,-1.757497028362885,0.0,0.09387817057596505,0.0,1.8513751989260843,0.0,solution
m,1.11936056928417,False,nonlinear,True,1,1,upper,0.45,0.01,1.5,1.0,1.11936056928417,4.47744227713668,0.6729135980527058,0.3270864019472942,0.09827097795799696,0.31348202174605955,0.10964436340475775,0.19928872680951548,0.9854890194134601,0.9854890194134602,1.1455783750046945e-16,True,True,True,saddle,-3.303802538753059,0.0,0.1096443634043205,0.0,3.4134469020983214,0.0,solution
m,1.1454338263838866,False,linear,True,1,1,-,0.45,0.01,1.5,1.0,1.1454338263838866,4.581735305535546,0.44438380742576267,0.5556161925742373,0.17156482800952622,0.4142038483760456,0.09453608941025983,0.16907217882051964,0.6364215814611551,0.636421581461155,1.1102230246251565e-16,True,True,True,saddle,-1.788325957331209,0.0,0.09453608940879328,0.0,1.8828620468378576,0.0,solution
m,1.1454338263838866,False,nonlinear,True,1,1,upper,0.45,0.01,1.5,1.0,1.1454338263838866,4.581735305535546,0.6746540176872298,0.32534598231277023,0.09556474381202529,0.30913547808691466,0.11029634495362949,0.20059268990725895,1.0056724539830422,1.0056724539830422,9.283590655720056e-18,True,True,True,saddle,-3.379161453332552,0.0,0.11029634495369633,0.0,3.4894577982801986,0.0,solution
m,1.1721144076599612,False,linear,True,1,1,-,0.45,0.01,1.5,1.0,1.1721144076599612,4.688457630639845,0.4471709835278155,0.5528290164721845,0.1679720700531222,0.4098439581756967,0.09519007294031216,0.1703801458806243,0.6479788551795335,0.6479788551795335,8.158782610428013e-17,True,True,True,saddle,-1.819807294797634,0.0,0.09519007294031744,0.0,1.9149973678027763,0.0,solution
m,1.1721144076599612,False,nonlinear,True,1,1,upper,0.45,0.01,1.5,1.0,1.1721144076599612,4.688457630639845,0.6764047103383296,0.3235952896616704,0.09292341701646394,0.30483342503154726,0.1109416529119346,0.20188330582386918,1.0262160676882117,1.026216067688212,2.220446049250313e-16,True,True,True,saddle,-3.4564893422070275,0.0,0.11094165291146016,0.0,3.5674309950786727,0.0,solution
m,1.1994164595097454,False,linear,True,1,1,-,0.45,0.01,1.5,1.0,1.1994164595097454,4.797665838038982,0.4499729356110498,0.5500270643889502,0.16443900607071357,0.4055107964909363,0.09584004719302623,0.17168009438605245,0.6597115142039334,0.6597115142039335,1.346409283810593e-16,True,True,True,saddle,-1.8519560011976093,0.0,0.09584004719393903,0.0,1.947796048473733,0.0,solution
m,1.1994164595097454,False,nonlinear,True,1,1,upper,0.45,0.01,1.5,1.0,1.1994164595097454,4.797665838038982,0.6781654128522956,0.3218345871477044,0.09034604706250252,0.30057619177589984,0.11158023790028171,0.2031604758005634,1.0471245637961435,1.0471245637961435,2.407302279183799e-16,True,True,True,saddle,-3.5358386202934105,0.0,0.11158023790005109,0.0,3.647418858135144,0.0,solution
m,1.2273544578425153,False,linear,True,1,1,-,0.45,0.01,1.5,1.0,1.2273544578425153,4.909417831370061,0.4527892319178528,0.5472107680821472,0.16096532022470877,0.4012048357444222,0.09648594130500333,0.17297188261000665,0.6716215755850501,0.6716215755850501,9.158754489831195e-17,True,True,True,saddle,-1.8847873734706502,0.0,0.09648594130474786,0.0,1.9812733148931376,0.0,solution
m,1.2273544578425153,False,nonlinear,True,1,1,upper,0.45,0.01,1.5,1.0,1.2273544578425153,4.909417831370061,0.679935856689044,0.320064143310956,0.08783166431039488,0.29636407391989145,0.11221205557868297,0.20442411115736592,1.0684026661802368,1.068402666180237,1.8164672463672326e-13,True,True,True,saddle,-3.6172630160252615,0.0,0.11221205557816664,0.0,3.729475071563234,0.0,solution
m,1.2559432157547903,False,linear,True,1,1,-,0.45,0.01,1.5,1.0,1.2559432157547903,5.023772863019161,0.45561943780521574,0.5443805621947843,0.15755066841357243,0.39692652772720094,0.09712768750758653,0.17425537501517305,0.683711073877318,0.683711073877318,1.2900082996815073e-16,True,True,True,saddle,-1.918317052274803,0.0,0.09712768750932174,0.0,2.0154447397040993,0.0,solution
m,1.2559432157547903,False,nonlinear,True,1,1,upper,0.45,0.01,1.5,1.0,1.2559432157547903,5.023772863019161,0.6817157681157437,0.31828423188425625,0.08537928198469602,0.2921973339794462,0.11283706656974975,0.20567413313949948,1.09005511916017,1.09005511916017,4.147064454985084e-17,True,True,True,saddle,-3.700817601095506,0.0,0.11283706656965657,0.0,3.8136546676434877,0.0,solution
m,1.2851978913844315,False,linear,True,1,1,-,0.45,0.01,1.5,1.0,1.2851978913844315,5.140791565537726,0.45846311600343337,0.5415368839965666,0.1541946794980276,0.3926763037134118,0.09776522110965491,0.1755304422193098,0.6959820614192829,0.695982061419283,1.1102230246251565e-16,True,True,True,saddle,-1.9525610292961824,0.0,0.09776522110901294,0.0,2.0503262505191784,0.0,solution
m,1.2851978913844315,False,nonlinear,True,1,1,upper,0.45,0.01,1.5,1.0,1.2851978913844315,5.140791565537726,0.683504868407818,0.316495131592182,0.08298789812273419,0.2880762019374981,0.11345523637604195,0.20691047275208393,1.1120866873884756,1.1120866873884756,1.9578703492985088e-17,True,True,True,saddle,-3.7865588203667877,0.0,0.11345523637573825,0.0,3.9000140566870396,0.0,solution
m,1.3151339959476906,False,linear,True,1,1,-,0.45,0.01,1.5,1.0,1.3151339959476906,5.260535983790763,0.4613198268751425,0.5386801731248575,0.15089695652609109,0.3884545745979716,0.09839848047697093,0.17679696095394185,0.7084366086194877,0.7084366086194877,1.1098814500624703e-16,True,True,True,saddle,-1.98753565676931,0.0,0.09839848047915267,0.0,2.0859341372122016,0.0,solution
m,1.3151339959476906,False,nonlinear,True,1,1,upper,0.45,0.01,1.5,1.0,1.3151339959476906,5.260535983790763,0.6853028740609712,0.31469712593902877,0.08065649747386278,0.28400087583291495,0.11406653529172944,0.20813307058345887,1.1345021557776698,1.1345021557776698,7.611469549393775e-17,True,True,True,saddle,-3.8745445227366897,0.0,0.11406653529081183,0.0,3.988611057946318,0.0,solution
m,1.3457674019634576,False,linear,True,1,1,-,0.45,0.01,1.5,1.0,1.3457674019634576,5.38306960785383,0.4641891286742924,0.5358108713257076,0.14765707795429933,0.38426173105618955,0.09902740700823824,0.17805481401647646,0.7210768042477739,0.721076804247774,1.3729329094350284e-16,True,True,True,saddle,-2.023257653648532,0.0,0.09902740700911347,0.0,2.122285060648846,0.0,solution
m,1.3457674019634576,False,nonlinear,True,1,1,upper,0.45,0.01,1.5,1.0,1.3457674019634576,5.38306960785383,0.6871094970097046,0.3128905029902954,0.07838405334570354,0.27997152238344447,0.11467093830915003,0.20934187661829998,1.1573063294762076,1.1573063294762076,5.5477660252252215e-17,True,True,True,saddle,-3.9648339928056497,0.0,0.11467093830879871,0.0,4.079504931111121,0.0,solution
m,1.377114351669083,False,linear,True,1,1,-,0.45,0.01,1.5,1.0,1.377114351669083,5.508457406676332,0.4670705778046619,0.5329294221953381,0.14447459886261327,0.38009814372424033,0.09965194510803062,0.17930389021606122,0.733904755731912,0.733904755731912,2.18543673103156e-16,True,True,True,saddle,-2.0597441156659495,0.0,0.09965194510974423,0.0,2.1593960607166656,0.0,solution
m,1.377114351669083,False,nonlinear,True,1,1,upper,0.45,0.01,1.5,1.0,1.377114351669083,5.508457406676332,0.6889244448542745,0.3110755551457255,0.0761695293952523,0.27598827764101197,0.11526842502051488,0.21053685004102973,1.1805040338899155,1.1805040338899155,8.879342357494538e-17,True,True,True,saddle,-4.057487982984189,0.0,0.1152684250200132,0.0,4.172756408070752,0.0,solution
m,1.4091914656322266,False,linear,True,1,1,-,0.45,0.01,1.5,1.0,1.4091914656322266,5.6367658625289065,0.46996372907753725,0.5300362709224627,0.14134905216062876,0.37596416339942396,0.10027204215675307,0.18054408431350613,0.7469225894594652,0.7469225894594652,1.196583413159751e-16,True,True,True,saddle,-2.0970125228286465,0.0,0.10027204215783342,0.0,2.1972845649399626,0.0,solution
m,1.4091914656322266,False,nonlinear,True,1,1,upper,0.45,0.01,1.5,1.0,1.4091914656322266,5.6367658625289065,0.6907474210947643,0.3092525789052357,0.07401188136237566,0.2720512476765649,0.11585897951518193,0.21171795903036386,1.2041001147511519,1.2041001147511516,2.220446049250313e-16,True,True,True,saddle,-4.1525687465632535,0.0,0.11585897951505676,0.0,4.268427725998367,0.0,solution
m,1.4420157515633028,False,linear,True,1,1,-,0.45,0.01,1.5,1.0,1.4420157515633028,5.768063006253211,0.472868135968189,0.527131864031811,0.13827994978285446,0.37186012125912943,0.10088764847779726,0.1817752969555945,0.7601324510847967,0.7601324510847967,7.100373264298264e-17,True,True,True,saddle,-2.1350807487362635,0.0,0.10088764847627031,0.0,2.235968397323666,0.0,solution
m,1.4420157515633028,False,nonlinear,True,1,1,upper,0.45,0.01,1.5,1.0,1.4420157515633028,5.768063006253211,0.6925781253718425,0.3074218746281575,0.07191005874373489,0.2681605092919815,0.11644259027286946,0.2128851805457389,1.2280994382361723,1.2280994382361723,1.5368469061992592e-15,True,True,True,saddle,-4.250140070890217,0.0,0.11644259027277251,0.0,4.366582661041128,0.0,solution
m,1.4756046133331926,False,linear,True,1,1,-,0.45,0.01,1.5,1.0,1.4756046133331926,5.90241845333277,0.47578335087078527,0.5242166491292147,0.1352667838709583,0.3677863290974235,0.10149871730205316,0.1829974346041063,0.7735365058411369,0.7735365058411368,1.4829909419652602e-16,True,True,True,saddle,-2.173967069912229,0.0,0.10149871730302745,0.0,2.275465787163445,0.0,solution
m,1.4756046133331926,False,nonlinear,True,1,1,upper,0.45,0.01,1.5,1.0,1.4756046133331926,5.90241845333277,0.6944162537136419,0.3055837462863581,0.06986300640545703,0.2643161107565277,0.11701925005318753,0.214038500106375,1.2525068911312531,1.2525068911312534,2.220446049250313e-16,True,True,True,saddle,-4.350267312137486,0.0,0.11701925005221572,0.0,4.4672865621982245,0.0,solution
m,1.5099758602010078,False,linear,True,1,1,-,0.45,0.01,1.5,1.0,1.5099758602010078,6.039903440804031,0.47870892535140297,0.521291074648597,0.1323090279410215,0.3637430795781846,0.10210520472993899,0.18421040945987796,0.787136938857623,0.787136938857623,2.4788114300119823e-16,True,True,True,saddle,-2.2136901735784464,0.0,0.10210520472977097,0.0,2.315795378436271,0.0,solution
m,1.5099758602010078,False,nonlinear,True,1,1,upper,0.45,0.01,1.5,1.0,1.5099758602010078,6.039903440804031,0.6962614987881939,0.3037385012118061,0.06786966613317652,0.2605180725653722,0.11758895578186085,0.21517791156372168,1.2773273810479344,1.2773273810479344,8.476927426650914e-16,True,True,True,saddle,-4.453017430967171,0.0,0.11758895578185921,0.0,4.570606386659037,0.0,solution
m,1.545147716256795,False,linear,True,1,1,-,0.45,0.01,1.5,1.0,1.545147716256795,6.18059086502718,0.4816444103988078,0.5183555896011922,0.1294061380339784,0.3597306465037117,0.10270706969110992,0.18541413938221982,0.8009359554812266,0.8009359554812266,2.0652515633639453e-16,True,True,True,saddle,-2.254269169119921,0.0,0.10270706968992495,0.0,2.3569762389685995,0.0,solution
m,1.545147716256795,False,nonlinear,True,1,1,upper,0.45,0.01,1.5,1.0,1.545147716256795,6.18059086502718,0.6981135501607849,0.3018864498392151,0.0659289781183517,0.2567663882176787,0.11815170843401489,0.2163034168680297,1.30256583668772,1.30256583668772,7.228092112828967e-17,True,True,True,saddle,-4.558459027385526,0.0,0.11815170843339852,0.0,4.676610735731828,0.0,solution
m,1.5811388300841895,False,linear,True,1,1,-,0.45,0.01,1.5,1.0,1.5811388300841895,6.324555320336758,0.48458935667268344,0.5154106433273166,0.1265575538475567,0.35574928509774506,0.10330427390200492,0.18660854780400982,0.8149357816034928,0.8149357816034928,2.5291279839923195e-16,True,True,True,saddle,-2.2957235963360665,0.0,0.10330427390321927,0.0,2.3990278701817305,0.0,solution
m,1.5811388300841895,False,nonlinear,True,1,1,upper,0.45,0.01,1.5,1.0,1.5811388300841895,6.324555320336758,0.6999720945556678,0.3000279054443322,0.06403988238005234,0.25306102501185823,0.11870751291488794,0.21741502582977587,1.3282272081562674,1.3282272081562676,1.929436952528752e-15,True,True,True,saddle,-4.666662378399695,0.0,0.11870751291398965,0.0,4.785369891252388,0.0,solution
m,1.6179682846481411,False,linear,True,1,1,-,0.45,0.01,1.5,1.0,1.6179682846481411,6.4718731385925645,0.48754331474901136,0.5124566852509886,0.12376269984816839,0.35179923230184623,0.10389678182138974,0.18779356364277947,0.8291386639920146,0.8291386639920144,2.220446049250313e-16,True,True,True,saddle,-2.3380734351784564,0.0,0.10389678182083817,0.0,2.4419702171300393,0.0,solution
m,1.6179682846481411,False,nonlinear,True,1,1,upper,0.45,0.01,1.5,1.0,1.6179682846481411,6.4718731385925645,0.7018368161214591,0.2981631838785409,0.06220132012166493,0.2494019248555731,0.11925637793833072,0.2185127558766614,1.3543164673271542,1.3543164673271542,1.726433444028811e-17,True,True,True,saddle,-4.777699475505368,0.0,0.11925637793777452,0.0,4.896955853456548,0.0,solution
m,1.6556556074129554,False,linear,True,1,1,-,0.45,0.01,1.5,1.0,1.6556556074129554,6.6226224296518215,0.49050583536231396,0.509494164637686,0.12102098636133658,0.3478807070841046,0.104484560604051,0.18896912120810197,0.8435468706265645,0.8435468706265644,1.8978390329869912e-16,True,True,True,saddle,-2.381339117360124,0.0,0.10448456060356737,0.0,2.4858236781036576,0.0,solution
m,1.6556556074129554,False,nonlinear,True,1,1,upper,0.45,0.01,1.5,1.0,1.6556556074129554,6.6226224296518215,0.7037073966996416,0.29629260330035845,0.06041223502223331,0.24578900508817172,0.11979831590344092,0.21959663180688183,1.3808386082549617,1.3808386082549617,7.377815971982463e-17,True,True,True,saddle,-4.8916440632528335,0.0,0.11979831590292431,0.0,5.011442379039479,0.0,solution
m,1.6942207806960126,False,linear,True,1,1,-,0.45,0.01,1.5,1.0,1.6942207806960126,6.77688312278405,0.493476469644486,0.506523530355514,0.11833181063937345,0.34399391075914915,0.1050675800527943,0.1901351601055886,0.8581626910398195,0.8581626910398193,1.888511322812862e-16,True,True,True,saddle,-2.425541535208591,0.0,0.10506758005076414,0.0,2.5306091154034487,0.0,solution
m,1.6942207806960126,False,nonlinear,True,1,1,upper,0.45,0.01,1.5,1.0,1.6942207806960126,6.77688312278405,0.7055835160954866,0.29441648390451336,0.05867157446237402,0.24222215931325114,0.12033334276967901,0.22066668553935798,1.4077986476375286,1.4077986476375288,4.202249601075074e-15,True,True,True,saddle,-5.008571678238858,0.0,0.1203333427687836,0.0,5.128905021014318,0.0,solution
m,1.733684252262658,False,linear,True,1,1,-,0.45,0.01,1.5,1.0,1.733684252262658,6.934737009050632,0.4964547693599589,0.5035452306400411,0.11569455790515358,0.34013902731846807,0.10564581256889645,0.19129162513779288,0.8729884366626074,0.8729884366626074,2.6492144664589296e-16,True,True,True,saddle,-2.4707020532730715,0.0,0.10564581256929002,0.0,2.576347865782344,0.0,solution
m,1.733684252262658,False,nonlinear,True,1,1,upper,0.45,0.01,1.5,1.0,1.733684252262658,6.934737009050632,0.7074648523507895,0.2925351476492105,0.05697829068494757,0.23870125823913785,0.120861477930796,0.22172295586159196,1.4352016253269053,1.4352016253269053,1.952318857983076e-15,True,True,True,saddle,-5.128559690232695,0.0,0.12086147793021561,0.0,5.249421168065845,0.0,solution
m,1.7740669461678773,False,linear,True,1,1,-,0.45,0.01,1.5,1.0,1.7740669461678773,7.096267784671509,0.4994402871369532,0.5005597128630468,0.11310860237095181,0.33631622377005815,0.10621923310115795,0.1924384662023159,0.888026441173615,0.888026441173615,2.213273027948965e-16,True,True,True,saddle,-2.5168425180332776,0.0,0.1062192330993284,0.0,2.62306175129059,0.0,solution
m,1.7740669461678773,False,nonlinear,True,1,1,upper,0.45,0.01,1.5,1.0,1.7740669461678773,7.096267784671509,0.7093510820177998,0.29064891798220016,0.05533134189087696,0.23522615052514242,0.12138274408789533,0.2227654881757906,1.463052604888423,1.4630526048884231,4.138854991950586e-16,True,True,True,saddle,-5.2516873427655755,0.0,0.12138274408648833,0.0,5.37307008675579,0.0,solution
m,1.8153902738505068,False,linear,True,1,1,-,0.45,0.01,1.5,1.0,1.8153902738505068,7.261561095402027,0.5024325766945921,0.49756742330540793,0.11057330823143634,0.33252565048644944,0.10678781909369926,0.1935756381873985,0.9032790608534955,0.9032790608534955,1.9488313942318003e-16,True,True,True,saddle,-2.5639852710748006,0.0,0.10678781909353056,0.0,2.6707730901439852,0.0,solution
m,1.8153902738505068,False,nonlinear,True,1,1,upper,0.45,0.01,1.5,1.0,1.8153902738505068,7.261561095402027,0.7112418804336615,0.28875811956633846,0.053729693270689015,0.23179666363148763,0.12189716712194354,0.22379433424388703,1.4913566742074162,1.4913566742074165,2.220446049250313e-16,True,True,True,saddle,-5.378035795721738,0.0,0.1218971671207483,0.0,5.499932962795308,0.0,solution
m,1.8576761454858628,False,linear,True,1,1,-,0.45,0.01,1.5,1.0,1.8576761454858628,7.430704581943451,0.5054311930656612,0.4945688069343388,0.10808803063002484,0.3287674415601777,0.10735155043264001,0.19470310086528,0.9187486749433244,0.9187486749433244,2.5350384536651777e-16,True,True,True,saddle,-2.6121531580877124,0.0,0.10735155043333823,0.0,2.719504708427859,0.0,solution
m,1.8576761454858628,False,nonlinear,True,1,1,upper,0.45,0.01,1.5,1.0,1.8576761454858628,7.430704581943451,0.7131369219947861,0.28686307800521393,0.052172317972558384,0.22841260467092964,0.12240477596602724,0.22480955193205446,1.5201189461426956,1.5201189461426956,1.5204763523564785e-17,True,True,True,saddle,-5.507688168937204,0.0,0.12240477596488251,0.0,5.63009294477223,0.0,solution
m,1.900946981602806,False,linear,True,1,1,-,0.45,0.01,1.5,1.0,1.900946981602806,7.603787926411224,0.5084356928148182,0.49156430718518185,0.10565211659792555,0.32504171516580077,0.10791040939179657,0.19582081878359311,0.9344376860073459,0.9344376860073459,2.0380425412735507e-16,True,True,True,saddle,-2.6613695421472054,0.0,0.10791040939169864,0.0,2.7692799514794624,0.0,solution
m,1.900946981602806,False,nonlinear,True,1,1,upper,0.45,0.01,1.5,1.0,1.900946981602806,7.603787926411224,0.7150358804305265,0.28496411956947354,0.050658198007788945,0.22507376126014544,0.12290560247764486,0.2258112049552897,1.549344559225985,1.5493445592259847,2.220446049250313e-16,True,True,True,saddle,-5.640729585737181,0.0,0.12290560247702056,0.0,5.763635188036894,0.0,solution
m,1.9452257249714031,False,linear,True,1,1,-,0.45,0.01,1.5,1.0,1.9452257249714031,7.7809028998856125,0.5114456342520665,0.48855436574793354,0.10326490596529324,0.32134857392758603,0.10846438057752876,0.1969287611550575,0.9503485202999681,0.9503485202999681,1.4187575684504503e-16,True,True,True,saddle,-2.711658315389404,0.0,0.10846438057748392,0.0,2.820122695883373,0.0,solution
m,1.9452257249714031,False,nonlinear,True,1,1,upper,0.45,0.01,1.5,1.0,1.9452257249714031,7.7809028998856125,0.716938429075548,0.28306157092445206,0.04918632509482702,0.22177990236905376,0.12339968131130861,0.2267993626226172,1.5790386784063764,1.5790386784063761,2.220446049250313e-16,True,True,True,saddle,-5.7772472189109045,0.0,0.1233996813099208,0.0,5.900646900189459,0.0,solution
m,1.9905358527674863,False,linear,True,1,1,-,0.45,0.01,1.5,1.0,1.9905358527674863,7.962143411069945,0.5144605776413256,0.4855394223586744,0.10092573224403541,0.31768810529202285,0.10901345087286325,0.19802690174572649,0.9664836281369565,0.9664836281369568,2.220446049250313e-16,True,True,True,saddle,-2.7630439107534586,0.0,0.10901345087417073,0.0,2.872057361540493,0.0,solution
m,1.9905358527674863,False,nonlinear,True,1,1,upper,0.45,0.01,1.5,1.0,1.9905358527674863,7.962143411069945,0.718844241140308,0.281155758859692,0.047755701443040775,0.21853077916632424,0.12388704979171805,0.22777409958343606,1.609206495838758,1.6092064958387582,2.220446049250313e-16,True,True,True,saddle,-5.917330337347866,0.0,0.12388704979062354,0.0,6.041217387202126,0.0,solution
m,2.0369013890205636,False,linear,True,1,1,-,0.45,0.01,1.5,1.0,2.0369013890205636,8.147605556082254,0.5174800854039421,0.4825199145960579,0.09863392348190225,0.31406038190434377,0.10955760938101512,0.19911521876203023,0.9828454842707942,0.9828454842707941,2.2038012637818159e-16,True,True,True,saddle,-2.8155513148998614,0.0,0.10955760938257761,0.0,2.925108924202869,0.0,solution
m,2.0369013890205636,False,nonlinear,True,1,1,upper,0.45,0.01,1.5,1.0,2.0369013890205636,8.147605556082254,0.7207529899790748,0.2792470100209252,0.04636534047762644,0.2153261258594192,0.1243677477877538,0.22873549557550757,1.639853231715102,1.6398532317151018,5.540090351923761e-16,True,True,True,saddle,-6.061070353329813,0.0,0.12436774778658513,0.0,6.185438100963564,0.0,solution
m,2.0843469173516773,False,linear,True,1,1,-,0.45,0.01,1.5,1.0,2.0843469173516773,8.33738766940671,0.5205037223170013,0.47949627768299874,0.09638880308759085,0.31046546198827146,0.11009684736842597,0.20019369473685192,0.9994365882701624,0.9994365882701622,2.046624935137159e-16,True,True,True,saddle,-2.8692060810542737,0.0,0.11009684736880146,0.0,2.9793029283128534,0.0,solution
m,2.0843469173516773,False,nonlinear,True,1,1,upper,0.45,0.01,1.5,1.0,2.0843469173516773,8.33738766940671,0.7226643493549293,0.2773356506450707,0.04501426750711521,0.21216566052760566,0.12484181758752583,0.22968363517505164,1.670984135137405,1.6709841351374053,3.405855964599859e-15,True,True,True,saddle,-6.208560870629795,0.0,0.1248418175858824,0.0,6.333402688066694,0.0,solution
m,2.1328975940079635,False,linear,True,1,1,-,0.45,0.01,1.5,1.0,2.1328975940079635,8.531590376031854,0.5235310557063142,0.4764689442936858,0.094189690626682,0.3069033897282368,0.11063115820743118,0.20126231641486234,1.016259464903517,1.0162594649035168,2.220446049250313e-16,True,True,True,saddle,-2.924034341767662,0.0,0.11063115820893887,0.0,3.0346654998730878,0.0,solution
m,2.1328975940079635,False,nonlinear,True,1,1,upper,0.45,0.01,1.5,1.0,2.1328975940079635,8.531590376031854,0.7245779937012157,0.2754220062987843,0.04370152033505194,0.20904908594646363,0.12530930377469715,0.23061860754939423,1.7026044850310544,1.7026044850310547,8.329402171902746e-15,True,True,True,saddle,-6.35989773569702,0.0,0.1253093037733452,0.0,6.485207039317195,0.0,solution
m,2.18257916120083,False,linear,True,1,1,-,0.45,0.01,1.5,1.0,2.18257916120083,8.73031664480332,0.526561655633965,0.47343834436603505,0.09203590258831428,0.3033741956533454,0.11116053731866488,0.20232107463732973,1.0333166645267307,1.0333166645267304,2.2990585082783525e-16,True,True,True,saddle,-2.980062822842782,0.0,0.11116053731868114,0.0,3.0912233600707255,0.0,solution
m,2.18257916120083,False,nonlinear,True,1,1,upper,0.45,0.01,1.5,1.0,2.18257916120083,8.73031664480332,0.7264935983789349,0.2735064016210651,0.042426149817506274,0.20597609040251802,0.12577025310628895,0.2315405062125779,1.7347195910972533,1.734719591097253,1.5184664689436674e-14,True,True,True,saddle,-6.515179088024067,0.0,0.1257702531051638,0.0,6.640949340943817,0.0,solution
m,2.233417960754816,False,linear,True,1,1,-,0.45,0.01,1.5,1.0,2.233417960754816,8.933671843019264,0.5295950950803208,0.47040490491967923,0.08992675312257989,0.2998778970224046,0.111684982113306,0.203369964226612,1.0506107634747732,1.050610763474773,2.28381144848801e-16,True,True,True,saddle,-3.0373188565776057,0.0,0.11168498211362646,0.0,3.149003838635583,0.0,solution
m,2.233417960754816,False,nonlinear,True,1,1,upper,0.45,0.01,1.5,1.0,2.233417960754816,8.933671843019264,0.7284108399295767,0.27158916007042333,0.04118722036814528,0.20294634849670315,0.12622471439216118,0.2324494287843224,1.7673347948032199,1.7673347948032196,2.220446049250313e-16,True,True,True,saddle,-6.674505412528002,0.0,0.12622471439064098,0.0,6.800730126829145,0.0,solution
m,2.2854409480743754,False,linear,True,1,1,-,0.45,0.01,1.5,1.0,2.2854409480743754,9.141763792297501,0.532630950120417,0.46736904987958305,0.08786155474870191,0.29641449820935195,0.11220449193526388,0.20440898387052775,1.0681443644574142,1.0681443644574142,1.6095076975126483e-16,True,True,True,saddle,-3.095830396279044,0.0,0.11220449193600837,0.0,3.2080348881306016,0.0,solution
m,2.2854409480743754,False,nonlinear,True,1,1,upper,0.45,0.01,1.5,1.0,2.2854409480743754,9.141763792297501,0.730329396323008,0.269670603676992,0.03998381041267406,0.1999595219355009,0.12667273837634152,0.23334547675268305,1.8004554704084177,1.8004554704084175,2.220446049250313e-16,True,True,True,saddle,-6.837979593608047,0.0,0.12667273837435436,0.0,6.964652331905396,0.0,solution
m,2.3386757064359904,False,linear,True,1,1,-,0.45,0.01,1.5,1.0,2.3386757064359904,9.354702825743962,0.5356688000946459,0.4643311999053541,0.0858396190341227,0.2929839910884598,0.11271906800339772,0.20543813600679542,1.085920096958925,1.085920096958925,2.2038384341494937e-16,True,True,True,saddle,-3.1556260301425305,0.0,0.11271906800368814,0.0,3.268345098158602,0.0,solution
m,2.3386757064359904,False,nonlinear,True,1,1,upper,0.45,0.01,1.5,1.0,2.3386757064359904,9.354702825743962,0.7322489471997997,0.2677510528002003,0.03881501279446062,0.19701526030858782,0.1271143776203785,0.23422875524075695,1.8340870260260984,1.8340870260260984,9.6959972037443e-18,True,True,True,saddle,-7.005706969796747,0.0,0.12711437761887895,0.0,7.132821347150646,0.0,solution
m,2.393150461613191,False,linear,True,1,1,-,0.45,0.01,1.5,1.0,2.393150461613191,9.572601846452764,0.5387082277736839,0.4612917722263161,0.08386025724469856,0.2895863554187223,0.11322871335385833,0.20645742670771663,1.1039406176417752,1.1039406176417754,2.8047456018770947e-16,True,True,True,saddle,-3.216734996828635,0.0,0.11322871335524899,0.0,3.329963710095914,0.0,solution
m,2.393150461613191,False,nonlinear,True,1,1,upper,0.45,0.01,1.5,1.0,2.393150461613191,9.572601846452764,0.7341691741078169,0.2658308258921831,0.03767993513326403,0.194113201852074,0.12754968638885555,0.23509937277771112,1.8682349047177493,1.868234904717749,6.873183513883862e-15,True,True,True,saddle,-7.177795389484195,0.0,0.12754968638759392,0.0,7.305345075758086,0.0,solution
m,2.4488940968422304,False,linear,True,1,1,-,0.45,0.01,1.5,1.0,2.4488940968422304,9.795576387368921,0.5417488195176117,0.45825118048238833,0.08192278096625769,0.2862215592268648,0.11373343278263694,0.20746686556527386,1.1222086107543046,1.1222086107543043,3.1037560304908932e-16,True,True,True,saddle,-3.279187199335928,0.0,0.11373343278356304,0.0,3.3929206320073693,0.0,solution
m,2.4488940968422304,False,nonlinear,True,1,1,upper,0.45,0.01,1.5,1.0,2.4488940968422304,9.795576387368921,0.736089760732516,0.263910239267484,0.0365777001389519,0.1912529741963557,0.1279787205372133,0.23595744107442662,1.9029045856196398,1.9029045856196398,2.009860971127294e-14,True,True,True,saddle,-7.354355270136136,0.0,0.127978720535815,0.0,7.482333990633572,0.0,solution
m,2.505936168136361,False,linear,True,1,1,-,0.45,0.01,1.5,1.0,2.505936168136361,10.023744672545444,0.5447901654291866,0.45520983457081343,0.080026502697832,0.2828895591884437,0.11423323278840013,0.20846646557680024,1.1407267885423709,1.140726788542371,2.220446049250313e-16,True,True,True,saddle,-3.343013221532917,0.0,0.11423323278902756,0.0,3.4572464542293306,0.0,solution
m,2.505936168136361,False,nonlinear,True,1,1,upper,0.45,0.01,1.5,1.0,2.505936168136361,10.023744672545444,0.7380103931206635,0.2619896068793365,0.035507445882148166,0.18843419509777987,0.1284015374019997,0.23680307480399934,1.9381015850997305,1.9381015850997307,2.220446049250313e-16,True,True,True,saddle,-7.535499656032765,0.0,0.12840153739990484,0.0,7.66390119332865,0.0,solution
m,2.564306919956824,False,linear,True,1,1,-,0.45,0.01,1.5,1.0,2.564306919956824,10.257227679827295,0.5478318595012436,0.4521681404987564,0.07817073641692744,0.27959030100653964,0.11472812151568572,0.20945624303137142,1.1594978916649705,1.1594978916649705,2.2890058437546447e-16,True,True,True,saddle,-3.4082443434038927,0.0,0.11472812151666605,0.0,3.522972464860059,0.0,solution
m,2.564306919956824,False,nonlinear,True,1,1,upper,0.45,0.01,1.5,1.0,2.564306919956824,10.257227679827295,0.7399307598972501,0.2600692401027499,0.034468326023767246,0.18565647315342185,0.12881819569365338,0.23763639138730677,1.9738314579429252,1.973831457942925,2.220446049250313e-16,True,True,True,saddle,-7.72134427886428,0.0,0.12881819569110906,0.0,7.850162474517742,0.0,solution
m,2.6240373012488623,False,linear,True,1,1,-,0.45,0.01,1.5,1.0,2.6240373012488623,10.496149204995449,0.5508734997582034,0.44912650024179657,0.07635479811724238,0.2763237197875752,0.1152181086985304,0.21043621739706078,1.1785246896138306,1.1785246896138304,2.220446049250313e-16,True,True,True,saddle,-3.474912557386876,0.0,0.11521810869955412,0.0,3.590130666004682,0.0,solution
m,2.6240373012488623,False,nonlinear,True,1,1,upper,0.45,0.01,1.5,1.0,2.6240373012488623,10.496149204995449,0.7418505524750396,0.2581494475249604,0.033459510005339255,0.18291940849822158,0.12922875539193343,0.23845751078386687,2.0100997985644327,2.010099798564432,4.440892098500626e-16,True,True,True,saddle,-7.912007620794792,0.0,0.12922875539038678,0.0,8.041236376003244,0.0,solution
m,2.6851589818512633,False,linear,True,1,1,-,0.45,0.01,1.5,1.0,2.6851589818512633,10.740635927405053,0.5539146883916879,0.4460853116083121,0.07457800631928786,0.2730897404138205,0.11570320560459359,0.21140641120918716,1.197809981136979,1.197809981136979,1.914708831633507e-16,True,True,True,saddle,-3.543050584678857,0.0,0.11570320560462863,0.0,3.658753790208562,0.0,solution
m,2.6851589818512633,False,nonlinear,True,1,1,upper,0.45,0.01,1.5,1.0,2.6851589818512633,10.740635927405053,0.7437694652568259,0.25623053474317414,0.03248018320211199,0.18022259348403571,0.12963327764406132,0.2392665552881226,2.0469122422481476,2.0469122422481476,9.019569339661373e-15,True,True,True,saddle,-8.107610976501725,0.0,0.12963327764172486,0.0,8.237244253919009,0.0,solution
m,2.7477043692881225,False,linear,True,1,1,-,0.45,0.01,1.5,1.0,2.7477043692881225,10.99081747715249,0.5569550318902431,0.4430449681097569,0.07283968255440103,0.269888277912178,0.11618342497983997,0.21236684995967992,1.2173565946662959,1.2173565946662959,2.789956097400776e-16,True,True,True,saddle,-3.612691892550808,0.0,0.11618342497969389,0.0,3.72887531746698,0.0,solution
m,2.7477043692881225,False,nonlinear,True,1,1,upper,0.45,0.01,1.5,1.0,2.7477043692881225,10.99081747715249,0.745687195829923,0.25431280417007696,0.031529547040819055,0.1775656133400244,0.13003182466566302,0.24006364933132598,2.084274466409692,2.0842744664096915,2.5662915319802324e-14,True,True,True,saddle,-8.308278519338224,0.0,0.13003182466359028,0.0,8.438310343915425,0.0,solution
m,2.811706625951745,False,linear,True,1,1,-,0.45,0.01,1.5,1.0,2.811706625951745,11.24682650380698,0.5599941411631828,0.4400058588368172,0.07113915182267756,0.2667192378188674,0.11665878099383657,0.21331756198767313,1.2371673887490673,1.237167388749067,2.320047026484088e-16,True,True,True,saddle,-3.683870711332658,0.0,0.11665878099506138,0.0,3.8005294921912247,0.0,solution
m,2.811706625951745,False,nonlinear,True,1,1,upper,0.45,0.01,1.5,1.0,2.811706625951745,11.24682650380698,0.7476034451527754,0.25239655484722456,0.030606819084031265,0.1749480468139935,0.13042445964456764,0.2408489192891353,2.1221921918822244,2.1221921918822244,3.482990513906886e-17,True,True,True,saddle,-8.514137367709315,0.0,0.130424459642121,0.0,8.644561827494792,0.0,solution
m,2.8771996866857843,False,linear,True,1,1,-,0.45,0.01,1.5,1.0,2.8771996866857843,11.508798746743137,0.5630316316585774,0.4369683683414226,0.06947574302538058,0.26358251653966086,0.11712928918571756,0.2142585783714351,1.2572452524835396,1.2572452524835396,2.2657986058167206e-16,True,True,True,saddle,-3.7566220521442104,0.0,0.11712928918557645,0.0,3.8737513412953897,0.0,solution
m,2.8771996866857843,False,nonlinear,True,1,1,upper,0.45,0.01,1.5,1.0,2.8771996866857843,11.508798746743137,0.7495179177336286,0.25048208226637136,0.029711233082984536,0.17236946679439644,0.1308112466475072,0.2416224932950144,2.160671184222919,2.1606711842229185,4.440892098500626e-16,True,True,True,saddle,-8.725317653739673,0.0,0.13081124664490762,0.0,8.856128900123727,0.0,solution
m,2.9442182767779443,False,linear,True,1,1,-,0.45,0.01,1.5,1.0,2.9442182767779443,11.776873107111777,0.5660671234754157,0.43393287652458434,0.06784878937240894,0.2604780017053435,0.11759496641086514,0.21518993282173027,1.2775931059585082,1.2775931059585082,2.1468277123944444e-16,True,True,True,saddle,-3.8309817254442033,0.0,0.11759496641100646,0.0,3.9485766917844494,0.0,solution
m,2.9442182767779443,False,nonlinear,True,1,1,upper,0.45,0.01,1.5,1.0,2.9442182767779443,11.776873107111777,0.7514303218007866,0.24856967819921338,0.028842039000687207,0.16982944091260269,0.13119225052977626,0.24238450105955253,2.199717255040474,2.199717255040474,1.8412130071027315e-17,True,True,True,saddle,-8.941952591235442,0.0,0.1311922505263048,0.0,9.073144841778996,0.0,solution
m,3.0127979303717884,False,linear,True,1,1,-,0.45,0.01,1.5,1.0,3.0127979303717884,12.051191721487154,0.5691002414699805,0.4308997585300195,0.0662576287654327,0.2574055725221051,0.1180558307883509,0.21611166157670178,1.2982139006969462,1.2982139006969462,3.153916942408771e-16,True,True,True,saddle,-3.9069863590753298,0.0,0.11805583078926749,0.0,4.025042189774844,0.0,solution
m,3.0127979303717884,False,nonlinear,True,1,1,upper,0.45,0.01,1.5,1.0,3.0127979303717884,12.051191721487154,0.7533403694647456,0.24665963053525441,0.02799850300717202,0.16732753212538581,0.1315675368478588,0.2431350736957176,2.2393362633400664,2.2393362633400664,6.994031106059788e-18,True,True,True,saddle,-9.164178550977072,0.0,0.13156753684545144,0.0,9.295746087575308,0.0,solution
m,3.0829750093074106,False,linear,True,1,1,-,0.45,0.01,1.5,1.0,3.0829750093074106,12.331900037229643,0.5721306153564819,0.4278693846435181,0.06470160415732233,0.25436510011658897,0.11851190164917834,0.21702380329835666,1.3191106201037062,1.3191106201037062,2.361516800632981e-16,True,True,True,saddle,-3.9846734174758693,0.0,0.1185119016491361,0.0,4.103185319061611,0.0,solution
m,3.0829750093074106,False,nonlinear,True,1,1,upper,0.45,0.01,1.5,1.0,3.0829750093074106,12.331900037229643,0.7552477768718443,0.2447522231281557,0.02717990744862671,0.16486329927739135,0.13193717177505798,0.24387434355011595,2.279534116885838,2.279534116885838,2.2631819292484625e-17,True,True,True,saddle,-9.3921351301712,0.0,0.13193717177125047,0.0,9.524072301647353,0.0,solution
m,3.1547867224009662,False,linear,True,1,1,-,0.45,0.01,1.5,1.0,3.1547867224009662,12.619146889603865,0.575157879802004,0.42484212019799605,0.06318006388851624,0.2513564478753554,0.11896319948536337,0.21792639897072671,1.3402862799173132,1.3402862799173134,2.586558584970518e-16,True,True,True,saddle,-4.064081221089796,0.0,0.11896319948551587,0.0,4.183044420583751,0.0,solution
m,3.1547867224009662,False,nonlinear,True,1,1,upper,0.45,0.01,1.5,1.0,3.1547867224009662,12.619146889603865,0.7571522643494691,0.24284773565053086,0.026385550792142776,0.16243629764354633,0.13230122202013472,0.24460244404026946,2.3203167735790773,2.3203167735790773,1.171753840274138e-16,True,True,True,saddle,-9.625965230235717,0.0,0.13230122201567054,0.0,9.758266452225442,0.0,solution
m,3.2282711451732773,False,linear,True,1,1,-,0.45,0.01,1.5,1.0,3.2282711451732773,12.91308458069311,0.5781816745158221,0.42181832548417786,0.06169236200098424,0.24837947177853537,0.11940974589988636,0.2188194917997727,1.3617439286658812,1.361743928665881,2.220446049250313e-16,True,True,True,saddle,-4.145248966591318,0.0,0.1194097458998058,0.0,4.264658712385035,0.0,solution
m,3.2282711451732773,False,nonlinear,True,1,1,upper,0.45,0.01,1.5,1.0,3.2282711451732773,12.91308458069311,0.7590535565427632,0.24094644345723681,0.025614747547759366,0.16004607945138602,0.13265975474895877,0.2453195094979175,2.3616902428508877,2.3616902428508872,4.440892098500626e-16,True,True,True,saddle,-9.86581513372099,0.0,0.13265975474496722,0.0,9.998474888171751,0.0,solution
m,3.30346724003798,False,linear,True,1,1,-,0.45,0.01,1.5,1.0,3.30346724003798,13.21386896015192,0.5812016443331594,0.41879835566684065,0.060237858530455796,0.2454340207274774,0.11985156355754506,0.2197031271150901,1.3834866481271828,1.3834866481271824,4.440892098500626e-16,True,True,True,saddle,-4.228216746307042,0.0,0.11985156355671273,0.0,4.3480683098116995,0.0,solution
m,3.30346724003798,False,nonlinear,True,1,1,upper,0.45,0.01,1.5,1.0,3.30346724003798,13.21386896015192,0.7609513825428306,0.23904861745716943,0.024866828169430946,0.1576921943833332,0.13301283750916668,0.2460256750183334,2.403660587068103,2.4036605870681025,4.440892098500626e-16,True,True,True,saddle,-10.1118345808119,0.0,0.13301283750507661,0.0,10.244847418196526,0.0,solution
m,3.3804148769599087,False,linear,True,1,1,-,0.45,0.01,1.5,1.0,3.3804148769599087,13.521659507839635,0.5842174392934512,0.41578256070654884,0.05881591977759061,0.24251993686621026,0.12028867613673512,0.22057735227347022,1.4055175537929039,1.405517553792904,2.220446049250313e-16,True,True,True,saddle,-4.313025570425624,0.0,0.12028867613645383,0.0,4.433314246390852,0.0,solution
m,3.3804148769599087,False,nonlinear,True,1,1,upper,0.45,0.01,1.5,1.0,3.3804148769599087,13.521659507839635,0.7628454760064501,0.23715452399354986,0.02414113893649511,0.15537419005901562,0.13336053815781432,0.24672107631562865,2.446233922951276,2.446233922951276,5.0253840539947003e-17,True,True,True,saddle,-10.364176853552133,0.0,0.1333605381541499,0.0,10.49753739160026,0.0,solution
m,3.4591548545946824,False,linear,True,1,1,-,0.45,0.01,1.5,1.0,3.4591548545946824,13.83661941837873,0.5872287147131998,0.4127712852868002,0.057425918558774464,0.23963705589656717,0.12072110828218159,0.22144221656436316,1.4278397953371214,1.4278397953371214,2.0800256994357912e-16,True,True,True,saddle,-4.399717386581406,0.0,0.1207211082817427,0.0,4.520438494783059,0.0,solution
m,3.4591548545946824,False,nonlinear,True,1,1,upper,0.45,0.01,1.5,1.0,3.4591548545946824,13.83661941837873,0.764735575267332,0.23526442473266795,0.02343704181716206,0.15309161249775266,0.13370292479200377,0.24740584958400755,2.4894164230036173,2.4894164230036173,5.399221266812057e-17,True,True,True,saddle,-10.622998855792703,0.0,0.13370292478769838,0.0,10.756701780454318,0.0,solution
m,3.5397289219206898,False,linear,True,1,1,-,0.45,0.01,1.5,1.0,3.5397289219206898,14.158915687682759,0.5902351312534957,0.4097648687465043,0.05606723443722695,0.23678520738683603,0.12114888555864127,0.22229777111728252,1.4504565570890369,1.4504565570890366,2.220446049250313e-16,True,True,True,saddle,-4.488335103574805,0.0,0.12114888555822506,0.0,4.60948398909002,0.0,solution
m,3.5397289219206898,False,nonlinear,True,1,1,upper,0.45,0.01,1.5,1.0,3.5397289219206898,14.158915687682759,0.7666214234389799,0.23337857656102012,0.022753914315492205,0.15084400656138847,0.13404006568245838,0.24808013136491677,2.5332143169497763,2.533214316949776,4.440892098500626e-16,True,True,True,saddle,-10.888461199231386,0.0,0.13404006567670154,0.0,11.022501264808035,0.0,solution
m,3.622179800374951,False,linear,True,1,1,-,0.45,0.01,1.5,1.0,3.622179800374951,14.488719201499803,0.5932363549822959,0.4067636450177041,0.05473925393510923,0.23396421507382112,0.1215720344055935,0.22314406881118698,1.4733710585100146,1.4733710585100148,2.220446049250313e-16,True,True,True,saddle,-4.578922612126783,0.0,0.12157203440591921,0.0,4.700494646487865,0.0,solution
m,3.622179800374951,False,nonlinear,True,1,1,upper,0.45,0.01,1.5,1.0,3.622179800374951,14.488719201499803,0.7685027685092761,0.23149723149072388,0.022091149303275454,0.14863091637770204,0.13437202921001137,0.24874405842002276,2.577633893183142,2.5776338931831417,8.099806697892095e-14,True,True,True,saddle,-11.160728289976628,0.0,0.13437202920523153,0.0,11.295100319056264,0.0,solution
m,3.706551206504588,False,linear,True,1,1,-,0.45,0.01,1.5,1.0,3.706551206504588,14.826204826018351,0.596232057431552,0.40376794256844795,0.05344137072731879,0.23117389715821896,0.12199058209293384,0.22398116418586766,1.496586554674956,1.496586554674956,1.9876166483414386e-16,True,True,True,saddle,-4.671524808533949,0.0,0.12199058209201671,0.0,4.793515390519604,0.0,solution
m,3.706551206504588,False,nonlinear,True,1,1,upper,0.45,0.01,1.5,1.0,3.706551206504588,14.826204826018351,0.7703793634266012,0.22962063657339882,0.02144815483813089,0.1464518857445369,0.13469888380498612,0.24939776760997226,2.6226815002229245,2.6226815002229245,3.3666928931243414e-14,True,True,True,saddle,-11.439968417426885,0.0,0.13469888379928135,0.0,11.574667301065642,0.0,solution
m,3.792887875145919,False,linear,True,1,1,-,0.45,0.01,1.5,1.0,3.792887875145919,15.171551500583677,0.5992219156492771,0.40077808435072293,0.05217298581765623,0.22841406659322938,0.12240455667768226,0.2248091133553645,1.5201063367580656,1.5201063367580654,2.220446049250313e-16,True,True,True,saddle,-4.766187617385419,0.0,0.12240455667673242,0.0,4.888592173988177,0.0,solution
m,3.792887875145919,False,nonlinear,True,1,1,upper,0.45,0.01,1.5,1.0,3.792887875145919,15.171551500583677,0.7722509661783962,0.22774903382160383,0.02082435396921059,0.14430645851523968,0.13502069788938073,0.25004139577876144,2.6683635481739523,2.668363548173952,4.440892098500626e-16,True,True,True,saddle,-11.726353845182974,0.0,0.13502069788339907,0.0,11.861374542759343,0.0,solution
m,3.881235583143459,False,linear,True,1,1,-,0.45,0.01,1.5,1.0,3.881235583143459,15.524942332573836,0.6022056122466567,0.3977943877533433,0.0509335076980445,0.22568453136633998,0.12281398696171568,0.22562797392343134,1.5439337325230427,1.5439337325230427,1.3217990507039425e-16,True,True,True,saddle,-4.862958016294474,0.0,0.12281398696081197,0.0,4.9857720032554855,0.0,solution
m,3.881235583143459,False,nonlinear,True,1,1,upper,0.45,0.01,1.5,1.0,3.881235583143459,15.524942332573836,0.774117339861143,0.22588266013885705,0.020219184531610434,0.14219417896528125,0.13533753982187446,0.25067507964374897,2.714686510197256,2.714686510197256,2.9182145467980327e-17,True,True,True,saddle,-12.020060904111013,0.0,0.1353375398157903,0.0,12.155398443557395,0.0,solution
m,3.9716411736214083,False,linear,True,1,1,-,0.45,0.01,1.5,1.0,3.9716411736214083,15.886564694485633,0.6051828354403009,0.39481716455969906,0.04972235249147493,0.2229850947742358,0.12321890245053131,0.2264378049010626,1.56807210681776,1.5680721068177599,2.220446049250313e-16,True,True,True,saddle,-4.961884059954999,0.0,0.12321890244950966,0.0,5.085102962320584,0.0,solution
m,3.9716411736214083,False,nonlinear,True,1,1,upper,0.45,0.01,1.5,1.0,3.9716411736214083,15.886564694485633,0.7759782527428302,0.22402174725716983,0.01963209893077041,0.14011459214075603,0.13564947784555326,0.25129895569110655,2.76165692398362,2.76165692398362,3.478642917443772e-14,True,True,True,saddle,-12.321270088409683,0.0,0.13564947783936404,0.0,12.456919565959625,0.0,solution
m,4.064152580820497,False,linear,True,1,1,-,0.45,0.01,1.5,1.0,4.064152580820497,16.256610323281986,0.6081532790897431,0.39184672091025685,0.048538944079347945,0.2203155556908044,0.12361933331304602,0.22723866662609202,1.592524862073469,1.5925248620734693,2.220446049250313e-16,True,True,True,saddle,-5.0630149048179725,0.0,0.12361933331207359,0.0,5.186634237941179,0.0,solution
m,4.064152580820497,False,nonlinear,True,1,1,upper,0.45,0.01,1.5,1.0,4.064152580820497,16.256610323281986,0.7778334783176482,0.22216652168235185,0.01906256391793593,0.13806724418896732,0.1359565800383216,0.25191316007664316,2.8092813932325784,2.8092813932325784,1.0105665494213774e-16,True,True,True,saddle,-12.630166152416512,0.0,0.13595658003183153,0.0,12.76612273227482,0.0,solution
m,4.158818855513354,False,linear,True,1,1,-,0.45,0.01,1.5,1.0,4.158818855513354,16.635275422053414,0.6111166427302941,0.3888833572697059,0.04738271421386681,0.21767570882821724,0.12401531034243408,0.22803062068486815,1.6172954388085887,1.617295438808589,2.220446049250313e-16,True,True,True,saddle,-5.166400834822499,0.0,0.12401531034229998,0.0,5.290416145062017,0.0,solution
m,4.158818855513354,False,nonlinear,True,1,1,upper,0.45,0.01,1.5,1.0,4.158818855513354,16.635275422053414,0.7796827953534287,0.22031720464657134,0.018510060357778912,0.136051682671619,0.13625891426592382,0.2525178285318476,2.857566589133205,2.857566589133205,5.064774378368604e-14,True,True,True,saddle,-12.94693821232671,0.0,0.13625891425801398,0.0,13.083197126078671,0.0,solution
m,4.255690191011881,False,linear,True,1,1,-,0.45,0.01,1.5,1.0,4.255690191011881,17.022760764047526,0.6140726316013569,0.38592736839864306,0.04625310261613376,0.21506534499108348,0.12440686491800414,0.22881372983600826,1.6423873161371338,1.642387316137134,2.220446049250313e-16,True,True,True,saddle,-5.272093288446587,0.0,0.1244068649168982,0.0,5.3965001532434025,0.0,solution
m,4.255690191011881,False,nonlinear,True,1,1,upper,0.45,0.01,1.5,1.0,4.255690191011881,17.022760764047526,0.7815259879312596,0.2184740120687404,0.017974082989104544,0.13406745686073315,0.13655654813755672,0.2531130962751134,2.906519251852833,2.906519251852833,7.333550987027504e-17,True,True,True,saddle,-13.271779845751139,0.0,0.1365565481301984,0.0,13.408336393435551,0.0,solution
m,4.354817949780402,False,linear,True,1,1,-,0.45,0.01,1.5,1.0,4.354817949780402,17.419271799121606,0.6170209566703171,0.3829790433296829,0.0451495570605868,0.2124842513236847,0.12479402896811398,0.22958805793622794,1.6678040122818292,1.6678040122818294,2.220446049250313e-16,True,True,True,saddle,-5.380144884247,0.0,0.12479402896687143,0.0,5.504938913101366,0.0,solution
m,4.354817949780402,False,nonlinear,True,1,1,upper,0.45,0.01,1.5,1.0,4.354817949780402,17.419271799121606,0.7833628454786653,0.2166371545213347,0.017454140179720423,0.13211411801817557,0.13684954896394033,0.25369909792788065,2.9561461920223495,2.956146192022349,3.806321352330482e-15,True,True,True,saddle,-13.604889199790103,0.0,0.13684954895608323,0.0,13.741738748486751,0.0,solution
m,4.456254690668726,False,linear,True,1,1,-,0.45,0.01,1.5,1.0,4.456254690668726,17.825018762674905,0.6199613346521187,0.38003866534788133,0.044071533446403584,0.20993221155030875,0.12517683493412038,0.2303536698682407,1.6935490850919788,1.6935490850919785,2.220446049250313e-16,True,True,True,saddle,-5.490609449045011,0.0,0.12517683493305076,0.0,5.615786283849129,0.0,solution
m,4.456254690668726,False,nonlinear,True,1,1,upper,0.45,0.01,1.5,1.0,4.456254690668726,17.825018762674905,0.785193162795265,0.21480683720473503,0.01694975367622842,0.13019121965873282,0.13713798371785677,0.2542759674357135,3.006454292229341,3.006454292229341,9.556865884913417e-14,True,True,True,saddle,-13.946469097001275,0.0,0.1371379837083192,0.0,14.083607080472282,0.0,solution
m,4.560054196779547,False,linear,True,1,1,-,0.45,0.01,1.5,1.0,4.560054196779547,18.24021678711819,0.6228934880246395,0.3771065119753605,0.04301849585648663,0.20740900620871464,0.12555531573535947,0.23111063147071895,1.7196261325661395,1.7196261325661393,2.220446049250313e-16,True,True,True,saddle,-5.603542045974099,0.0,0.12555531573332615,0.0,5.729097361579618,0.0,solution
m,4.560054196779547,False,nonlinear,True,1,1,upper,0.45,0.01,1.5,1.0,4.560054196779547,18.24021678711819,0.787016740071882,0.21298325992811795,0.016460458349663705,0.12829831779748208,0.13742191899704437,0.25484383799408866,3.0574505085119013,3.0574505085119013,7.492659740828821e-17,True,True,True,saddle,-14.296727145010303,0.0,0.137421918988199,0.0,14.434149063553797,0.0,solution
m,4.666271503984954,False,linear,True,1,1,-,0.45,0.01,1.5,1.0,4.666271503984954,18.665086015939817,0.6258171450399823,0.3741828549600177,0.041989916604630494,0.20491441287676787,0.1259295047351515,0.23185900947030294,1.7460387933796657,1.7460387933796657,1.4335087956589417e-16,True,True,True,saddle,-5.718999002770626,0.0,0.12592950473353914,0.0,5.844928507396916,0.0,solution
m,4.666271503984954,False,nonlinear,True,1,1,upper,0.45,0.01,1.5,1.0,4.666271503984954,18.665086015939817,0.7888333829037136,0.21116661709628637,0.01598580193780904,0.12643497118206276,0.13770142098935725,0.2554028419787145,3.1091418718481996,3.1091418718481996,8.918272202672653e-17,True,True,True,saddle,-14.655875849439647,0.0,0.13770142097986837,0.0,14.793577270073518,0.0,solution
m,4.774962930107179,False,linear,True,1,1,-,0.45,0.01,1.5,1.0,4.774962930107179,19.099851720428717,0.6287320397317961,0.37126796026820386,0.04098527627145789,0.20244820639229652,0.12629943570782218,0.23259887141564436,1.7727907474171787,1.7727907474171785,2.220446049250313e-16,True,True,True,saddle,-5.837037941558337,0.0,0.12629943570627286,0.0,5.963337377215544,0.0,solution
m,4.774962930107179,False,nonlinear,True,1,1,upper,0.45,0.01,1.5,1.0,4.774962930107179,19.099851720428717,0.7906429022963043,0.2093570977036957,0.015525344784779273,0.12460074150974894,0.13797655544020435,0.2559531108804087,3.1615354896567083,3.161535489656708,4.440892098500626e-16,True,True,True,saddle,-15.024132729843709,0.0,0.1379765554291418,0.0,15.162109284979348,0.0,solution
m,4.8861861047790525,False,linear,True,1,1,-,0.45,0.01,1.5,1.0,4.8861861047790525,19.54474441911621,0.6316379119187436,0.36836208808125637,0.04000406372969714,0.2000101590662263,0.12666514280673272,0.23333028561346544,1.7998857163100321,1.7998857163100324,2.220446049250313e-16,True,True,True,saddle,-5.9577178089942935,0.0,0.12666514280396274,0.0,6.084382951636502,0.0,solution
m,4.8861861047790525,False,nonlinear,True,1,1,upper,0.45,0.01,1.5,1.0,4.8861861047790525,19.54474441911621,0.7924451146662213,0.20755488533377875,0.015078659578735732,0.12279519363043381,0.1382473876221016,0.2564947752442032,3.2146385472897783,3.2146385472897783,1.3811056911957585e-16,True,True,True,saddle,-15.401720437108574,0.0,0.1382473876109645,0.0,15.539967824375411,0.0,solution
m,5.0,False,linear,True,1,1,-,0.45,0.01,1.5,1.0,5.0,20.0,0.6345345072042323,0.3654654927957677,0.03904577615935857,0.197600040889061,0.12702666053330752,0.23405332106661503,1.8273274639788382,1.8273274639788384,2.220446049250313e-16,True,True,True,saddle,-6.081098906302318,0.0,0.1270266605327159,0.0,6.208125566578137,0.0,solution
m,5.0,False,nonlinear,True,1,1,upper,0.45,0.01,1.5,1.0,5.0,20.0,0.7942398418356333,0.20576015816436666,0.014645331088274026,0.12101789573560609,0.13851398230632575,0.2570279646126515,3.2684583095308297,3.2684583095308293,4.440892098500626e-16,True,True,True,saddle,-15.788866874023073,0.0,0.1385139822945405,0.0,15.927380856117423,0.0,solution
