varied_parameter,parameter_value,base_case,model,found,number_of_roots,root,branch,B,delta,eta,Pbar,m_L,m_NL,E,P,tau,u,x,g,Z,A,residual_max,admissible,positive_growth,TVC,stability,lambda_1_real,lambda_1_imag,lambda_2_real,lambda_2_imag,lambda_3_real,lambda_3_imag,status
eta,0.75,False,linear,False,0,,,0.45,0.01,0.75,1.0,0.5,2.0,,,,,,,,,,,,,,,,,,,,no_root
eta,0.75,False,nonlinear,False,0,,,0.45,0.01,0.75,1.0,0.5,2.0,,,,,,,,,,,,,,,,,,,,no_root
eta,0.7575,False,linear,False,0,,,0.45,0.01,0.7575,1.0,0.5,2.0,,,,,,,,,,,,,,,,,,,,no_root
eta,0.7575,False,nonlinear,False,0,,,0.45,0.01,0.7575,1.0,0.5,2.0,,,,,,,,,,,,,,,,,,,,no_root
eta,0.765,False,linear,False,0,,,0.45,0.01,0.765,1.0,0.5,2.0,,,,,,,,,,,,,,,,,,,,no_root
eta,0.765,False,nonlinear,False,0,,,0.45,0.01,0.765,1.0,0.5,2.0,,,,,,,,,,,,,,,,,,,,no_root
eta,0.7725,False,linear,False,0,,,0.45,0.01,0.7725,1.0,0.5,2.0,,,,,,,,,,,,,,,,,,,,no_root
eta,0.7725,False,nonlinear,False,0,,,0.45,0.01,0.7725,1.0,0.5,2.0,,,,,,,,,,,,,,,,,,,,no_root
eta,0.78,False,linear,False,0,,,0.45,0.01,0.78,1.0,0.5,2.0,,,,,,,,,,,,,,,,,,,,no_root
eta,0.78,False,nonlinear,False,0,,,0.45,0.01,0.78,1.0,0.5,2.0,,,,,,,,,,,,,,,,,,,,no_root
eta,0.7875,False,linear,False,0,,,0.45,0.01,0.7875,1.0,0.5,2.0,,,,,,,,,,,,,,,,,,,,no_root
eta,0.7875,False,nonlinear,False,0,,,0.45,0.01,0.7875,1.0,0.5,2.0,,,,,,,,,,,,,,,,,,,,no_root
eta,0.795,False,linear,False,0,,,0.45,0.01,0.795,1.0,0.5,2.0,,,,,,,,,,,,,,,,,,,,no_root
eta,0.795,False,nonlinear,False,0,,,0.45,0.01,0.795,1.0,0.5,2.0,,,,,,,,,,,,,,,,,,,,no_root
eta,0.8025,False,linear,False,0,,,0.45,0.01,0.8025,1.0,0.5,2.0,,,,,,,,,,,,,,,,,,,,no_root
eta,0.8025,False,nonlinear,False,0,,,0.45,0.01,0.8025,1.0,0.5,2.0,,,,,,,,,,,,,,,,,,,,no_root
eta,0.81,False,linear,False,0,,,0.45,0.01,0.81,1.0,0.5,2.0,,,,,,,,,,,,,,,,,,,,no_root
eta,0.81,False,nonlinear,False,0,,,0.45,0.01,0.81,1.0,0.5,2.0,,,,,,,,,,,,,,,,,,,,no_root
eta,0.8175,False,linear,False,0,,,0.45,0.01,0.8175,1.0,0.5,2.0,,,,,,,,,,,,,,,,,,,,no_root
eta,0.8175,False,nonlinear,False,0,,,0.45,0.01,0.8175,1.0,0.5,2.0,,,,,,,,,,,,,,,,,,,,no_root
eta,0.825,False,linear,False,0,,,0.45,0.01,0.825,1.0,0.5,2.0,,,,,,,,,,,,,,,,,,,,no_root
eta,0.825,False,nonlinear,False,0,,,0.45,0.01,0.825,1.0,0.5,2.0,,,,,,,,,,,,,,,,,,,,no_root
eta,0.8325,False,linear,False,0,,,0.45,0.01,0.8325,1.0,0.5,2.0,,,,,,,,,,,,,,,,,,,,no_root
eta,0.8325,False,nonlinear,False,0,,,0.45,0.01,0.8325,1.0,0.5,2.0,,,,,,,,,,,,,,,,,,,,no_root
eta,0.84,False,linear,False,0,,,0.45,0.01,0.84,1.0,0.5,2.0,,,,,,,,,,,,,,,,,,,,no_root
eta,0.84,False,nonlinear,False,0,,,0.45,0.01,0.84,1.0,0.5,2.0,,,,,,,,,,,,,,,,,,,,no_root
eta,0.8475,False,linear,False,0,,,0.45,0.01,0.8475,1.0,0.5,2.0,,,,,,,,,,,,,,,,,,,,no_root
eta,0.8475,False,nonlinear,False,0,,,0.45,0.01,0.8475,1.0,0.5,2.0,,,,,,,,,,,,,,,,,,,,no_root
eta,0.855,False,linear,False,0,,,0.45,0.01,0.855,1.0,0.5,2.0,,,,,,,,,,,,,,,,,,,,no_root
eta,0.855,False,nonlinear,False,0,,,0.45,0.01,0.855,1.0,0.5,2.0,,,,,,,,,,,,,,,,,,,,no_root
eta,0.8625,False,linear,False,0,,,0.45,0.01,0.8625,1.0,0.5,2.0,,,,,,,,,,,,,,,,,,,,no_root
eta,0.8625,False,nonlinear,False,0,,,0.45,0.01,0.8625,1.0,0.5,2.0,,,,,,,,,,,,,,,,,,,,no_root
eta,0.87,False,linear,False,0,,,0.45,0.01,0.87,1.0,0.5,2.0,,,,,,,,,,,,,,,,,,,,no_root
eta,0.87,False,nonlinear,False,0,,,0.45,0.01,0.87,1.0,0.5,2.0,,,,,,,,,,,,,,,,,,,,no_root
eta,0.8775,False,linear,False,0,,,0.45,0.01,0.8775,1.0,0.5,2.0,,,,,,,,,,,,,,,,,,,,no_root
eta,0.8775,False,nonlinear,False,0,,,0.45,0.01,0.8775,1.0,0.5,2.0,,,,,,,,,,,,,,,,,,,,no_root
eta,0.885,False,linear,False,0,,,0.45,0.01,0.885,1.0,0.5,2.0,,,,,,,,,,,,,,,,,,,,no_root
eta,0.885,False,nonlinear,False,0,,,0.45,0.01,0.885,1.0,0.5,2.0,,,,,,,,,,,,,,,,,,,,no_root
eta,0.8925,False,linear,False,0,,,0.45,0.01,0.8925,1.0,0.5,2.0,,,,,,,,,,,,,,,,,,,,no_root
eta,0.8925,False,nonlinear,False,0,,,0.45,0.01,0.8925,1.0,0.5,2.0,,,,,,,,,,,,,,,,,,,,no_root
eta,0.9,False,linear,False,0,,,0.45,0.01,0.9,1.0,0.5,2.0,,,,,,,,,,,,,,,,,,,,no_root
eta,0.9,False,nonlinear,False,0,,,0.45,0.01,0.9,1.0,0.5,2.0,,,,,,,,,,,,,,,,,,,,no_root
eta,0.9075,False,linear,False,0,,,0.45,0.01,0.9075,1.0,0.5,2.0,,,,,,,,,,,,,,,,,,,,no_root
eta,0.9075,False,nonlinear,False,0,,,0.45,0.01,0.9075,1.0,0.5,2.0,,,,,,,,,,,,,,,,,,,,no_root
eta,0.915,False,linear,False,0,,,0.45,0.01,0.915,1.0,0.5,2.0,,,,,,,,,,,,,,,,,,,,no_root
eta,0.915,False,nonlinear,False,0,,,0.45,0.01,0.915,1.0,0.5,2.0,,,,,,,,,,,,,,,,,,,,no_root
eta,0.9225,False,linear,False,0,,,0.45,0.01,0.9225,1.0,0.5,2.0,,,,,,,,,,,,,,,,,,,,no_root
eta,0.9225,False,nonlinear,False,0,,,0.45,0.01,0.9225,1.0,0.5,2.0,,,,,,,,,,,,,,,,,,,,no_root
eta,0.9299999999999999,False,linear,False,0,,,0.45,0.01,0.9299999999999999,1.0,0.5,2.0,,,,,,,,,,,,,,,,,,,,no_root
eta,0.9299999999999999,False,nonlinear,False,0,,,0.45,0.01,0.9299999999999999,1.0,0.5,2.0,,,,,,,,,,,,,,,,,,,,no_root
eta,0.9375,False,linear,False,0,,,0.45,0.01,0.9375,1.0,0.5,2.0,,,,,,,,,,,,,,,,,,,,no_root
eta,0.9375,False,nonlinear,False,0,,,0.45,0.01,0.9375,1.0,0.5,2.0,,,,,,,,,,,,,,,,,,,,no_root
eta,0.9450000000000001,False,linear,False,0,,,0.45,0.01,0.9450000000000001,1.0,0.5,2.0,,,,,,,,,,,,,,,,,,,,no_root
eta,0.9450000000000001,False,nonlinear,False,0,,,0.45,0.01,0.9450000000000001,1.0,0.5,2.0,,,,,,,,,,,,,,,,,,,,no_root
eta,0.9525,False,linear,False,0,,,0.45,0.01,0.9525,1.0,0.5,2.0,,,,,,,,,,,,,,,,,,,,no_root
eta,0.9525,False,nonlinear,False,0,,,0.45,0.01,0.9525,1.0,0.5,2.0,,,,,,,,,,,,,,,,,,,,no_root
eta,0.96,False,linear,True,1,1.0,-,0.45,0.01,0.96,1.0,0.5,2.0,0.005065514406959015,0.994934485593041,0.22557793664587744,0.47495045704355043,0.0005719877362332295,0.23570030659416907,0.4974672427965205,0.4974672427965205,7.289568940772954e-15,True,True,True,saddle,-6.716730386223861,0.0,0.000571986894762011,0.0,6.717302374788563,0.0,solution
eta,0.96,False,nonlinear,True,1,1.0,upper,0.45,0.01,0.96,1.0,0.5,2.0,0.5010820454339648,0.49891795456603516,0.22437783743354606,0.47368537810823974,0.0005482675061961548,0.23629331234509596,0.49999765835535787,0.4999976583553577,1.6653345369377348e-16,True,True,True,saddle,-1.3797575241488158,0.0,0.0005482675061965203,0.0,1.380305791661124,0.0,solution
eta,0.9675,False,linear,True,1,1.0,-,0.45,0.01,0.9675,1.0,0.5,2.0,0.021344060829801448,0.9786559391701986,0.2295041374154784,0.47906590091080203,0.0024613320938713028,0.23195901249626777,0.4893279695850993,0.4893279695850993,1.6650547034738612e-12,True,True,True,saddle,-3.306311698003694,0.0,0.002461332056801227,0.0,3.308773030117858,0.0,solution
eta,0.9675,False,nonlinear,True,1,1.0,upper,0.45,0.01,0.9675,1.0,0.5,2.0,0.504659733208923,0.495340266791077,0.2243972460452139,0.4737058644826069,0.0023803082873985843,0.23445205269542832,0.4999565737728432,0.4999565737728433,1.1102230246251565e-16,True,True,True,saddle,-1.3842941597068679,0.0,0.002380308287399213,0.0,1.3866744680161958,0.0,solution
eta,0.975,False,linear,True,1,1.0,-,0.45,0.01,0.975,1.0,0.5,2.0,0.03647654797878064,0.9635234520212194,0.23324658486214256,0.48295608999384465,0.0042905189871084584,0.22837924051566144,0.4817617260106097,0.4817617260106097,4.821027359672902e-16,True,True,True,saddle,-2.553364505662168,0.0,0.00429051897769319,0.0,2.5576550246462824,0.0,solution
eta,0.975,False,nonlinear,True,1,1.0,upper,0.45,0.01,0.975,1.0,0.5,2.0,0.5081265151370257,0.49187348486297433,0.22443913545292557,0.47375007699516586,0.004184295760200627,0.23262816959197472,0.4998679195034553,0.4998679195034554,5.551115123125783e-17,True,True,True,saddle,-1.388783941006679,0.0,0.004184295760203405,0.0,1.3929682367770682,0.0,solution
eta,0.9824999999999999,False,linear,True,1,1.0,-,0.45,0.01,0.9824999999999999,1.0,0.5,2.0,0.050593247207304626,0.9494067527926954,0.23682096191016816,0.48664254017725184,0.006063419851293478,0.22494743706894318,0.4747033763963477,0.4747033763963477,7.006516036415219e-16,True,True,True,saddle,-2.1872519572363434,0.0,0.006063419847965323,0.0,2.1933153770688163,0.0,solution
eta,0.9824999999999999,False,nonlinear,True,1,1.0,upper,0.45,0.01,0.9824999999999999,1.0,0.5,2.0,0.5114869299285739,0.4885130700714261,0.224501441836002,0.47381583113695347,0.005960610351352155,0.23082226563701877,0.4997361008816322,0.49973610088163206,1.1102230246251565e-16,True,True,True,saddle,-1.393223707521916,0.0,0.005960610351356088,0.0,1.3991843178751608,0.0,solution
eta,0.99,False,linear,True,1,1.0,-,0.45,0.01,0.99,1.0,0.5,2.0,0.06380406776546665,0.9361959322345333,0.24024091704006884,0.4901437718058538,0.007783481791036707,0.2216518208963291,0.4680979661172667,0.4680979661172667,1.8420418893638496e-16,True,True,True,saddle,-1.9637108432566484,0.0,0.007783481789873425,0.0,1.9714943250425834,0.0,solution
eta,0.99,False,nonlinear,True,1,1.0,upper,0.45,0.01,0.99,1.0,0.5,2.0,0.5147453226043984,0.4852546773956016,0.2245822829807878,0.4739011320737563,0.007709651610436264,0.22903483895637342,0.4995651509225844,0.4995651509225844,3.545252243034676e-17,True,True,True,saddle,-1.3976108407170618,0.0,0.007709651610435575,0.0,1.4053204923111737,0.0,solution
eta,0.9975,False,linear,True,1,1.0,-,0.45,0.01,0.9975,1.0,0.5,2.0,0.0762025590358687,0.9237974409641313,0.24351841864186557,0.49347585416296263,0.009453794822990821,0.21848207080367596,0.46189872048206565,0.46189872048206565,4.549647757099034e-16,True,True,True,saddle,-1.8106654407503067,0.0,0.009453794822799066,0.0,1.8201192355535136,0.0,solution
eta,0.9975,False,nonlinear,True,1,1.0,upper,0.45,0.01,0.9975,1.0,0.5,2.0,0.5179058489447526,0.48209415105524744,0.22467994158412724,0.47400415777092847,0.009431834263150182,0.227266294739932,0.49935876114713557,0.4993587611471354,3.439626138908279e-13,True,True,True,saddle,-1.401943200489298,0.0,0.009431834263140537,0.0,1.4113750347349656,0.0,solution
eta,1.005,False,linear,True,1,1.0,-,0.45,0.01,1.005,1.0,0.5,2.0,0.08786897661042659,0.9121310233895734,0.24666403294557196,0.4966528293945097,0.01107714540682819,0.21542908136564243,0.4560655116947867,0.4560655116947867,2.610152720641782e-16,True,True,True,saddle,-1.698314659487023,0.0,0.011077145407116573,0.0,1.7093918048789916,0.0,solution
eta,1.005,False,nonlinear,True,1,1.0,upper,0.45,0.01,1.005,1.0,0.5,2.0,0.5209724807333425,0.47902751926665754,0.2247928501287369,0.4741232436073314,0.011127584777993513,0.22551695559870735,0.4991203101037791,0.49912031010377916,5.551115123125783e-17,True,True,True,saddle,-1.4062190683473141,0.0,0.011127584777977928,0.0,1.417346653107282,0.0,solution
eta,1.0125,False,linear,True,1,1.0,-,0.45,0.01,1.0125,1.0,0.5,2.0,0.09887266344824497,0.901127336551755,0.24968714489934088,0.4996870469597355,0.01265605961565578,0.21248476925246326,0.4505636682758775,0.4505636682758775,1.9058078683886408e-17,True,True,True,saddle,-1.6118510041297471,0.0,0.012656059616203752,0.0,1.624507063734924,0.0,solution
eta,1.0125,False,nonlinear,True,1,1.0,upper,0.45,0.01,1.0125,1.0,0.5,2.0,0.5239490115872095,0.4760509884127905,0.22491957718887026,0.47425686836235725,0.012797338385641217,0.223787070851298,0.4988528896879914,0.4988528896879914,4.955200538605147e-17,True,True,True,saddle,-1.4104370969559756,0.0,0.012797338385627244,0.0,1.4232344353443858,0.0,solution
eta,1.02,False,linear,True,1,1.0,-,0.45,0.01,1.02,1.0,0.5,2.0,0.10927392195164598,0.890726078048354,0.2525961357918688,0.5025894306408252,0.01419283835709076,0.20964191785453792,0.445363039024177,0.445363039024177,9.158054936012867e-17,True,True,True,saddle,-1.5429961490391264,0.0,0.014192838357804022,0.0,1.5571889873627638,0.0,solution
eta,1.02,False,nonlinear,True,1,1.0,upper,0.45,0.01,1.02,1.0,0.5,2.0,0.5268390631813891,0.47316093681861093,0.22505881503411057,0.4744036414637967,0.014441536496888072,0.22207682484440341,0.4985593293750908,0.4985593293750908,1.1322029487540614e-17,True,True,True,saddle,-1.4145962645972345,0.0,0.014441536496856422,0.0,1.4290378010998528,0.0,solution
eta,1.0274999999999999,False,linear,True,1,1.0,-,0.45,0.01,1.0274999999999999,1.0,0.5,2.0,0.1191255022308485,0.8808744977691515,0.2553985276193293,0.5053696940056154,0.01568958641039463,0.20689405128707844,0.44043724888457575,0.44043724888457575,1.6747132056145905e-16,True,True,True,saddle,-1.4867227886758696,0.0,0.01568958641121196,0.0,1.5024123750532872,0.0,solution
eta,1.0274999999999999,False,nonlinear,True,1,1.0,upper,0.45,0.01,1.0274999999999999,1.0,0.5,2.0,0.5296460917358741,0.47035390826412593,0.22520936841017775,0.47456229139089606,0.016060624471082856,0.22038634440301394,0.4982422184895761,0.4982422184895763,1.6653345369377348e-16,True,True,True,saddle,-1.4186958349610659,0.0,0.016060624471091467,0.0,1.4347564594363038,0.0,solution
eta,1.035,False,linear,True,1,1.0,-,0.45,0.01,1.035,1.0,0.5,2.0,0.12847379724691277,0.8715262027530872,0.25810110156109134,0.5080365159721212,0.01714823659269476,0.2042353312198507,0.4357631013765436,0.4357631013765436,1.844664245020417e-16,True,True,True,saddle,-1.439784274110977,0.0,0.017148236593667848,0.0,1.4569325106825275,0.0,solution
eta,1.035,False,nonlinear,True,1,1.0,upper,0.45,0.01,1.035,1.0,0.5,2.0,0.5323733946395902,0.4676266053604098,0.22537014438490577,0.4747316551325662,0.017655049692427115,0.21871570549791808,0.4979039266390188,0.4979039266390187,5.551115123125783e-17,True,True,True,saddle,-1.422735321339335,0.0,0.017655049692460345,0.0,1.4403903710356427,0.0,solution
eta,1.0425,False,linear,True,1,1.0,-,0.45,0.01,1.0425,1.0,0.5,2.0,0.13735981145065124,0.8626401885493488,0.26070999606567397,0.5105976851354439,0.018570570044877343,0.2016604716441729,0.4313200942746744,0.4313200942746744,2.1979823879011559e-16,True,True,True,saddle,-1.3999816697436902,0.0,0.018570570045805902,0.0,1.4185522397441186,0.0,solution
eta,1.0425,False,nonlinear,True,1,1.0,upper,0.45,0.01,1.0425,1.0,0.5,2.0,0.5350241171196671,0.46497588288033287,0.22554014315747611,0.4749106686077668,0.019225259916428254,0.21706493921007666,0.4975466224399757,0.49754662243997566,5.551115123125783e-17,True,True,True,saddle,-1.4267144546745807,0.0,0.01922525991646684,0.0,1.4459397145884707,0.0,solution
eta,1.05,False,linear,True,1,1.0,-,0.45,0.01,1.05,1.0,0.5,2.0,0.14581995250654423,0.8541800474934558,0.2632307887108321,0.5130602193805637,0.019958233394226026,0.1991646678845203,0.4270900237467279,0.4270900237467279,1.2968366657254622e-16,True,True,True,saddle,-1.3657679578729176,0.0,0.01995823339506745,0.0,1.3857261912441443,0.0,solution
eta,1.05,False,nonlinear,True,1,1.0,upper,0.45,0.01,1.05,1.0,0.5,2.0,0.5376012588808143,0.46239874111918566,0.22571844973796662,0.4750983579617663,0.020771701853200257,0.21543403706400494,0.4971722906611558,0.497172290661156,1.6653345369377348e-16,True,True,True,saddle,-1.4306331553885758,0.0,0.02077170185329802,0.0,1.4514048572279001,0.0,solution
eta,1.0575,False,linear,True,1,1.0,-,0.45,0.01,1.0575,1.0,0.5,2.0,0.15388668346606904,0.846113316533931,0.2656685650271813,0.515430465753802,0.021312753379310063,0.196743537031479,0.4230566582669655,0.4230566582669655,5.4381656596643237e-17,True,True,True,saddle,-1.3360204176203876,0.0,0.021312753380240655,0.0,1.3573331709718595,0.0,solution
eta,1.0575,False,nonlinear,True,1,1.0,upper,0.45,0.01,1.0575,1.0,0.5,2.0,0.540107680656165,0.459892319343835,0.2259042264127993,0.47529383165869016,0.022294819958233014,0.21382295579535646,0.49678274790476606,0.4967827479047662,1.1102230246251565e-16,True,True,True,saddle,-1.4344915083181777,0.0,0.02229481995820337,0.0,1.4567863282780504,0.0,solution
eta,1.065,False,linear,True,1,1.0,-,0.45,0.01,1.065,1.0,0.5,2.0,0.16158906385992577,0.8384109361400742,0.2680279767552841,0.5177141844254262,0.02263554939488852,0.1943930676136697,0.4192054680700371,0.4192054680700371,6.509361928943402e-18,True,True,True,saddle,-1.3099028804248969,0.0,0.02263554939606774,0.0,1.3325384297988876,0.0,solution
eta,1.065,False,nonlinear,True,1,1.0,upper,0.45,0.01,1.065,1.0,0.5,2.0,0.5425461106243514,0.45745388937564857,0.22609670591956899,0.4754962732972457,0.023795055404747,0.21223162161149248,0.4963796569414809,0.4963796569414809,1.3335318962389822e-17,True,True,True,saddle,-1.4382897403082748,0.0,0.0237950554047891,0.0,1.4620847957012322,0.0,solution
eta,1.0725,False,linear,True,1,1.0,-,0.45,0.01,1.0725,1.0,0.5,2.0,0.16895320162575,0.83104679837425,0.2703132914683585,0.5199166197270082,0.02392794431832761,0.1921095768045187,0.415523399187125,0.415523399187125,1.078513268931062e-16,True,True,True,saddle,-1.2867787902153773,0.0,0.023927944319190948,0.0,1.3107067344960177,0.0,solution
eta,1.0725,False,nonlinear,True,1,1.0,upper,0.45,0.01,1.0725,1.0,0.5,2.0,0.5449191506586232,0.4550808493413768,0.22629518526203235,0.47570493508269635,0.025272845214850386,0.21065993399793628,0.4959645398082157,0.4959645398082158,1.1102230246251565e-16,True,True,True,saddle,-1.4420282008019942,0.0,0.02527284521493378,0.0,1.4673010460248568,0.0,solution
eta,1.08,False,linear,True,1,1.0,-,0.45,0.01,1.08,1.0,0.5,2.0,0.17600263290481488,0.8239973670951851,0.272528435086266,0.5220425606081041,0.0251911739056558,0.18988967382069738,0.41199868354759256,0.41199868354759256,1.9855981917045414e-17,True,True,True,saddle,-1.266154350722888,0.0,0.02519117390675324,0.0,1.2913455246082404,0.0,solution
eta,1.08,False,nonlinear,True,1,1.0,upper,0.45,0.01,1.08,1.0,0.5,2.0,0.5472292823828735,0.4527707176171265,0.22649902010272682,0.47591913189398766,0.02672862152945969,0.20910776911824586,0.4955387897711974,0.4955387897711976,1.6653345369377348e-16,True,True,True,saddle,-1.445707344416668,0.0,0.026728621529472307,0.0,1.4724359659561719,0.0,solution
eta,1.0875,False,linear,True,1,1.0,-,0.45,0.01,1.0875,1.0,0.5,2.0,0.18275864306367806,0.8172413569363219,0.2746770284959267,0.5240963923706465,0.026426394988878874,0.18773022844433018,0.40862067846816097,0.40862067846816097,6.480246179150709e-17,True,True,True,saddle,-1.2476402065962031,0.0,0.026426394989891,0.0,1.2740666015652848,0.0,solution
eta,1.0875,False,nonlinear,True,1,1.0,upper,0.45,0.01,1.0875,1.0,0.5,2.0,0.5494788730168328,0.45052112698316715,0.226707619676801,0.47613823589037774,0.028162810999371363,0.20757498284995865,0.49510368224996826,0.49510368224996826,2.1000886603931383e-16,True,True,True,saddle,-1.449327715558488,0.0,0.028162810999446952,0.0,1.4774905265481495,0.0,solution
eta,1.095,False,linear,True,1,1.0,-,0.45,0.01,1.095,1.0,0.5,2.0,0.189240539499687,0.810759460500313,0.27676241925380585,0.5260821411660026,0.027634692662240532,0.1856283438130583,0.4053797302501565,0.4053797302501565,2.2084888233594775e-17,True,True,True,saddle,-1.2309249325787446,0.0,0.027634692663094818,0.0,1.25855962521651,0.0,solution
eta,1.095,False,nonlinear,True,1,1.0,upper,0.45,0.01,1.095,1.0,0.5,2.0,0.5516701809986768,0.4483298190013232,0.22692044217620166,0.47636167160698567,0.029575834282010372,0.2060614134948461,0.494660384791128,0.49466038479112795,2.479958574799196e-16,True,True,True,saddle,-1.4528899347367679,0.0,0.02957583428191357,0.0,1.4824657690119725,0.0,solution
eta,1.1025,False,linear,True,1,1.0,-,0.45,0.01,1.1025,1.0,0.5,2.0,0.19546588464230485,0.8045341153576951,0.27878770915971296,0.5280035124501663,0.028817086610644974,0.18358133278678018,0.4022670576788476,0.4022670576788476,3.1918892536947797e-17,True,True,True,saddle,-1.2157562692002182,0.0,0.02881708661195265,0.0,1.244573355786643,0.0,solution
eta,1.1025,False,nonlinear,True,1,1.0,upper,0.45,0.01,1.1025,1.0,0.5,2.0,0.5538053613781246,0.44619463862187536,0.2271369905584058,0.4765889114933391,0.030968105630267338,0.2045668841977301,0.4942099661739387,0.4942099661739388,1.1102230246251565e-16,True,True,True,saddle,-1.456394686772572,0.0,0.03096810563037189,0.0,1.4873627923845203,0.0,solution
eta,1.1099999999999999,False,linear,True,1,1.0,-,0.45,0.01,1.1099999999999999,1.0,0.5,2.0,0.2014506959001099,0.7985493040998901,0.28075577834484633,0.5298639243662908,0.029974536706187913,0.18158669732898122,0.39927465204994506,0.39927465204994506,8.766605514797025e-18,True,True,True,saddle,-1.2019275713693733,0.0,0.029974536707037473,0.0,1.2319021080534671,0.0,solution
eta,1.1099999999999999,False,nonlinear,True,1,1.0,upper,0.45,0.01,1.1099999999999999,1.0,0.5,2.0,0.5558864709769658,0.44411352902303425,0.2273568087384558,0.47681947185329565,0.03234003256149716,0.20309120510451978,0.4937534047234814,0.4937534047234815,1.2305317238503165e-16,True,True,True,saddle,-1.4598427101736817,0.0,0.03234003256162282,0.0,1.492182742722129,0.0,solution
eta,1.1175,False,linear,True,1,1.0,-,0.45,0.01,1.1175,1.0,0.5,2.0,0.20720961800618432,0.7927903819938157,0.28266930640127297,0.5316665368454864,0.03110794797699767,0.17964211044253348,0.39639519099690784,0.39639519099690784,9.512849785995966e-17,True,True,True,saddle,-1.1892678461773976,0.0,0.031107947978017754,0.0,1.2203757941180666,0.0,solution
eta,1.1175,False,nonlinear,True,1,1.0,upper,0.45,0.01,1.1175,1.0,0.5,2.0,0.5579154733170093,0.4420845266829907,0.22757947812717683,0.4770529091486361,0.03369201559621106,0.2016341752869027,0.49329159590093363,0.4932915959009336,5.551115123125783e-17,True,True,True,saddle,-1.4632347880952814,0.0,0.03369201559617796,0.0,1.4969268036784729,0.0,solution
eta,1.125,False,linear,True,1,1.0,-,0.45,0.01,1.125,1.0,0.5,2.0,0.21275607219468273,0.7872439278053173,0.28453079098778833,0.533414277075322,0.03221817503512279,0.17774540028098232,0.39362196390265863,0.39362196390265863,8.884480369765797e-17,True,True,True,saddle,-1.1776343109837044,0.0,0.03221817503619422,0.0,1.2098524859764426,0.0,solution
eta,1.125,False,nonlinear,True,1,1.0,upper,0.45,0.01,1.125,1.0,0.5,2.0,0.5598942433178373,0.4401057566821627,0.22780461448217496,0.47728881663220957,0.03502444805727841,0.20019558445822727,0.49282535923476734,0.4928253592347674,1.0906913149914871e-16,True,True,True,saddle,-1.4665717396767077,0.0,0.035024448057334456,0.0,1.5015961877233313,0.0,solution
eta,1.1325,False,linear,True,1,1.0,-,0.45,0.01,1.1325,1.0,0.5,2.0,0.2181023858337271,0.7818976141662729,0.28634256427307775,0.5351098618723802,0.03330602603607889,0.17589453612135,0.39094880708313645,0.39094880708313645,5.960702020990869e-17,True,True,True,saddle,-1.1669067542864258,0.0,0.03330602603752389,0.0,1.2002127802936158,0.0,solution
eta,1.1325,False,nonlinear,True,1,1.0,upper,0.45,0.01,1.1325,1.0,0.5,2.0,0.5618245717686065,0.43817542823139355,0.22803186504156248,0.47752682127977114,0.0363377159215838,0.19877521450251917,0.4923554446512569,0.49235544465125686,5.551115123125783e-17,True,True,True,saddle,-1.4698544133773697,0.0,0.03633771592172608,0.0,1.5061921293007945,0.0,solution
eta,1.1400000000000001,False,linear,True,1,1.0,-,0.45,0.01,1.1400000000000001,1.0,0.5,2.0,0.22325990549595376,0.7767400945040462,0.2881068075173054,0.5367558174042507,0.034372266231168624,0.17408761593691857,0.3883700472520231,0.3883700472520231,6.397256225139211e-17,True,True,True,saddle,-1.1569832066528687,0.0,0.03437226623150556,0.0,1.191355472854935,0.0,solution
eta,1.1400000000000001,False,nonlinear,True,1,1.0,upper,0.45,0.01,1.1400000000000001,1.0,0.5,2.0,0.5637081695795257,0.43629183042047426,0.22826090591336823,0.47776658099261005,0.037632197717075086,0.1973728408362504,0.4918825382576529,0.49188253825765277,1.1102230246251565e-16,True,True,True,saddle,-1.4730836804024579,0.0,0.03763219771707482,0.0,1.5107158781107957,0.0,solution
eta,1.1475,False,linear,True,1,1.0,-,0.45,0.01,1.1475,1.0,0.5,2.0,0.2282390959315781,0.7717609040684219,0.28982556404465887,0.5383544966327103,0.03541762116427351,0.17232285535100686,0.38588045203421095,0.38588045203421095,1.6490764484276852e-16,True,True,True,saddle,-1.1477765780091398,0.0,0.035417621165637014,0.0,1.1831941991359731,0.0,solution
eta,1.1475,False,nonlinear,True,1,1.0,upper,0.45,0.01,1.1475,1.0,0.5,2.0,0.5655466718196913,0.4344533281803087,0.22849143969629745,0.47800778204575023,0.038908264459009446,0.19598823362040296,0.49140726762672327,0.4914072676267234,1.1102230246251565e-16,True,True,True,saddle,-1.4762604292395225,0.0,0.03890826445899398,0.0,1.515168693664862,0.0,solution
eta,1.155,False,linear,True,1,1.0,-,0.45,0.01,1.155,1.0,0.5,2.0,0.2330496269920982,0.7669503730079018,0.29150075081965354,0.5399080947898943,0.0364427795570605,0.17059857778748705,0.3834751865039509,0.3834751865039509,5.2590012354018725e-17,True,True,True,saddle,-1.1392120173130764,0.0,0.03644277955800909,0.0,1.1756547968368132,0.0,solution
eta,1.155,False,nonlinear,True,1,1.0,upper,0.45,0.01,1.155,1.0,0.5,2.0,0.5673416415486827,0.4326583584513173,0.22872319330993676,0.4782501367589316,0.04016627961996929,0.1946211588385115,0.49093020662705744,0.49093020662705744,4.602549318047493e-17,True,True,True,saddle,-1.4793855608922266,0.0,0.04016627961996405,0.0,1.5195518405177983,0.0,solution
eta,1.1625,False,linear,True,1,1.0,-,0.45,0.01,1.1625,1.0,0.5,2.0,0.2377004502145672,0.7622995497854328,0.29313416880734433,0.541418663150195,0.037448395920122154,0.16891320566229007,0.3811497748927164,0.3811497748927164,1.017013448482097e-16,True,True,True,saddle,-1.1312248188819118,0.0,0.03744839592090454,0.0,1.1686732147674013,0.0,solution
eta,1.1625,False,nonlinear,True,1,1.0,upper,0.45,0.01,1.1625,1.0,0.5,2.0,0.5690945734498342,0.43090542655016584,0.22895591601468337,0.47849338136977754,0.04140659912889036,0.19327137925470972,0.49045187983957084,0.49045187983957095,1.207412615522314e-16,True,True,True,saddle,-1.4824599846781967,0.0,0.04140659912896999,0.0,1.523866583796826,0.0,solution
eta,1.17,False,linear,True,1,1.0,-,0.45,0.01,1.17,1.0,0.5,2.0,0.24219986650046588,0.7578001334995341,0.2947275122706163,0.5428881213202369,0.038435092922223815,0.16726525248366958,0.37890006674976706,0.37890006674976706,9.407381515758281e-17,True,True,True,saddle,-1.1237587469291692,0.0,0.03843509292324827,0.0,1.1621938398239111,0.0,solution
eta,1.17,False,nonlinear,True,1,1.0,upper,0.45,0.01,1.17,1.0,0.5,2.0,0.5708068972733928,0.42919310272660716,0.22918937760363503,0.47873727409053396,0.042629571394935166,0.19193865526432452,0.4899727665970303,0.4899727665970304,5.551115123125783e-17,True,True,True,saddle,-1.485484614462545,0.0,0.04262957139503559,0.0,1.5281141858495106,0.0,solution
eta,1.1775,False,linear,True,1,1.0,-,0.45,0.01,1.1775,1.0,0.5,2.0,0.24655558609698325,0.7534444139030168,0.2962823771353208,0.5443182682358922,0.039403463545357204,0.1656533157484913,0.3767222069515084,0.3767222069515084,4.11174396107884e-17,True,True,True,saddle,-1.1167646837448832,0.0,0.03940346354644122,0.0,1.1561681472757537,0.0,solution
eta,1.1775,False,nonlinear,True,1,1.0,upper,0.45,0.01,1.1775,1.0,0.5,2.0,0.5724799810979292,0.4275200189020708,0.22942336675043873,0.47898159333155876,0.04383553735256199,0.19062274564823659,0.4894933046800877,0.48949330468008767,4.011699890415399e-16,True,True,True,saddle,-1.4884603654987913,0.0,0.043835537352497456,0.0,1.5322959028443004,0.0,solution
eta,1.185,False,linear,True,1,1.0,-,0.45,0.01,1.185,1.0,0.5,2.0,0.2507747819021302,0.7492252180978698,0.29780026853533764,0.5457107920275516,0.04035407304954122,0.1640760705380606,0.3746126090489349,0.3746126090489349,4.13280893584358e-17,True,True,True,saddle,-1.110199530212825,0.0,0.04035407304962582,0.0,1.1505536032965946,0.0,solution
eta,1.185,False,nonlinear,True,1,1.0,upper,0.45,0.01,1.185,1.0,0.5,2.0,0.5741151344183961,0.4258848655816039,0.22965768949867185,0.47922613607635367,0.04502483052459374,0.1893234082410471,0.4890138937002862,0.48901389370028614,5.551115123125783e-17,True,True,True,saddle,-1.4913881517248693,0.0,0.045024830524693304,0.0,1.5364129822217198,0.0,solution
eta,1.1925,False,linear,True,1,1.0,-,0.45,0.01,1.1925,1.0,0.5,2.0,0.25486413696084875,0.7451358630391512,0.29928260763398445,0.547067278891714,0.04128746076813858,0.16253226373059013,0.3725679315195756,0.3725679315195756,4.1533805233138275e-17,True,True,True,saddle,-1.1040253053826776,0.0,0.04128746076985981,0.0,1.1453127661150582,0.0,solution
eta,1.1925,False,nonlinear,True,1,1.0,upper,0.45,0.01,1.1925,1.0,0.5,2.0,0.5757136110691546,0.42428638893084536,0.2298921678797444,0.4794707163943846,0.046197777100491756,0.1880404005220352,0.48853489819773743,0.48853489819773754,1.1102230246251565e-16,True,True,True,saddle,-1.4942688833027962,0.0,0.046197777100567994,0.0,1.5404666604080792,0.0,solution
eta,1.2,False,linear,True,1,1.0,-,0.45,0.01,1.2,1.0,0.5,2.0,0.2588298868910396,0.7411701131089604,0.3007307378050171,0.5483892210875566,0.04220414175176659,0.16102070875883293,0.3705850565544802,0.3705850565544802,2.712760288254583e-17,True,True,True,saddle,-1.098208403619676,0.0,0.04220414175248178,0.0,1.1404125453520788,0.0,solution
eta,1.2,False,nonlinear,True,1,1.0,upper,0.45,0.01,1.2,1.0,0.5,2.0,0.5772766119901633,0.42272338800983666,0.23012663864758773,0.47971516407925624,0.04735469602738911,0.18677348013694556,0.4880566504786435,0.4880566504786435,4.758536503514456e-16,True,True,True,saddle,-1.4971034646904748,0.0,0.04735469602731185,0.0,1.5444581607215455,0.0,solution
eta,1.2075,False,linear,True,1,1.0,-,0.45,0.01,1.2075,1.0,0.5,2.0,0.2626778578713861,0.7373221421286139,0.30214593024533104,0.5496780241608091,0.04310460827659168,0.1595402808510442,0.36866107106430696,0.36866107106430696,1.341797474220612e-16,True,True,True,saddle,-1.092718978557368,0.0,0.043104608278102995,0.0,1.1358235867980209,0.0,solution
eta,1.2075,False,nonlinear,True,1,1.0,upper,0.45,0.01,1.2075,1.0,0.5,2.0,0.5788052878443118,0.42119471215568816,0.23036095211953025,0.4799593234009839,0.048495899111745865,0.18552240535781137,0.48757945321555046,0.4875794532155503,1.6653345369377348e-16,True,True,True,saddle,-1.4998927926837964,0.0,0.048495899112073804,0.0,1.5483886918028766,0.0,solution
eta,1.2149999999999999,False,linear,True,1,1.0,-,0.45,0.01,1.2149999999999999,1.0,0.5,2.0,0.26641350073314984,0.7335864992668502,0.30352938908203353,0.5509350134834721,0.043989331230842844,0.15808991270159473,0.3667932496334251,0.3667932496334251,2.3167740503138085e-17,True,True,True,saddle,-1.087530428730786,0.0,0.04398933123153139,0.0,1.131519759983149,0.0,solution
eta,1.2149999999999999,False,nonlinear,True,1,1.0,upper,0.45,0.01,1.2149999999999999,1.0,0.5,2.0,0.5803007414936447,0.41969925850635525,0.2305949711137873,0.48020305196217494,0.04962169112976094,0.18428693548726033,0.4871035818311417,0.48710358183114166,7.840362792732298e-17,True,True,True,saddle,-1.5026377549990964,0.0,0.0496216911298043,0.0,1.552259446123622,0.0,solution
eta,1.2225,False,linear,True,1,1.0,-,0.45,0.01,1.2225,1.0,0.5,2.0,0.27004192162263985,0.7299580783773602,0.304882256028516,0.5521614401862158,0.044858761391701536,0.15666859052450133,0.3649790391886801,0.3649790391886801,3.173318441648629e-17,True,True,True,saddle,-1.0826189658804475,0.0,0.044858761392148845,0.0,1.1274777272451149,0.0,solution
eta,1.2225,False,nonlinear,True,1,1.0,upper,0.45,0.01,1.2225,1.0,0.5,2.0,0.5817640303419693,0.41823596965803067,0.23082856997491724,0.4804462196488981,0.05073236994491131,0.18306683121308454,0.4866292866844749,0.486629286684475,1.1102230246251565e-16,True,True,True,saddle,-1.5053392289383236,0.0,0.05073236994488228,0.0,1.5560715988663099,0.0,solution
eta,1.23,False,linear,True,1,1.0,-,0.45,0.01,1.23,1.0,0.5,2.0,0.273567909637334,0.726432090362666,0.3062056146372892,0.5533584865503458,0.045713330603283905,0.15527535044906046,0.363216045181333,0.363216045181333,2.1247282727488518e-17,True,True,True,saddle,-1.0779632504681906,0.0,0.045713330603817964,0.0,1.1236765810851317,0.0,solution
eta,1.23,False,nonlinear,True,1,1.0,upper,0.45,0.01,1.23,1.0,0.5,2.0,0.5831961685510249,0.41680383144897515,0.23106163367941687,0.4806887076678803,0.05182822663119868,0.18186185491825518,0.486156795076859,0.48615679507685894,2.6935644310931173e-16,True,True,True,saddle,-1.5079980804981483,0.0,0.05182822663123615,0.0,1.5598263071328948,0.0,solution
eta,1.2375,False,linear,True,1,1.0,-,0.45,0.01,1.2375,1.0,0.5,2.0,0.27699596178466157,0.7230040382153384,0.30750049419146086,0.5545272709177258,0.04655345286518632,0.15390927522183706,0.3615020191076692,0.3615020191076692,4.267426609187176e-18,True,True,True,saddle,-1.0735440832894223,0.0,0.04655345286521914,0.0,1.1200975361863263,0.0,solution
eta,1.2375,False,nonlinear,True,1,1.0,upper,0.45,0.01,1.2375,1.0,0.5,2.0,0.5845981291371145,0.4154018708628855,0.2312940570143792,0.4809304076624592,0.05290954560086843,0.18067177095102493,0.4856863130930001,0.4856863130930002,1.3802354331152601e-16,True,True,True,saddle,-1.5106151632798275,0.0,0.052909545600780705,0.0,1.5635247088697237,0.0,solution
eta,1.245,False,linear,True,1,1.0,-,0.45,0.01,1.245,1.0,0.5,2.0,0.2803303055665479,0.7196696944334521,0.3087678732716708,0.555668852169771,0.04737952533998616,0.1525694911836169,0.35983484721672604,0.35983484721672604,9.212782308338944e-17,True,True,True,saddle,-1.0693441422568593,0.0,0.0473795253409141,0.0,1.116723667571778,0.0,solution
eta,1.245,False,nonlinear,True,1,1.0,upper,0.45,0.01,1.245,1.0,0.5,2.0,0.5859708459547727,0.41402915404522733,0.2315257438227993,0.4811712209004185,0.05397660473552521,0.1794963458592865,0.4852180272916415,0.4852180272916415,5.976301169363745e-16,True,True,True,saddle,-1.5131913177368046,0.0,0.053976604735410716,0.0,1.5671679224664732,0.0,solution
eta,1.2525,False,linear,True,1,1.0,-,0.45,0.01,1.2525,1.0,0.5,2.0,0.2835749194536984,0.7164250805463016,0.31000868303093476,0.5567842338203685,0.0481919292871542,0.15125516549367998,0.3582125402731508,0.3582125402731508,4.302234721683323e-18,True,True,True,saddle,-1.065347757385987,0.0,0.04819192928794755,0.0,1.1135396866515244,0.0,solution
eta,1.2525,False,nonlinear,True,1,1.0,upper,0.45,0.01,1.2525,1.0,0.5,2.0,0.5873152155737503,0.4126847844262497,0.23175660630972547,0.48141105752747876,0.055029675519712745,0.1783353485929218,0.484752106258619,0.48475210625861903,5.551115123125783e-17,True,True,True,saddle,-1.515727370777477,0.0,0.05502967551973631,0.0,1.570757046304255,0.0,solution
eta,1.26,False,linear,True,1,1.0,-,0.45,0.01,1.26,1.0,0.5,2.0,0.28673355148010804,0.713266448519892,0.3112238102060713,0.5578743677621972,0.04899103093001819,0.14996550357699306,0.356633224259946,0.356633224259946,1.4684933195849881e-16,True,True,True,saddle,-1.0615407178484197,0.0,0.048991030931039056,0.0,1.1105317487364734,0.0,solution
eta,1.26,False,nonlinear,True,1,1.0,upper,0.45,0.01,1.26,1.0,0.5,2.0,0.5886320990552678,0.4113679009447322,0.2319865644039842,0.481649835880782,0.056069023176149604,0.17718855067749853,0.48428870203411445,0.4842887020341144,5.551115123125783e-17,True,True,True,saddle,-1.5182241350216232,0.0,0.05606902317590945,0.0,1.5742931581942814,0.0,solution
eta,1.2675,False,linear,True,1,1.0,-,0.45,0.01,1.2675,1.0,0.5,2.0,0.2898097361595744,0.7101902638404256,0.31241409989110874,0.5589401577012594,0.04977718226170486,0.1486997467727284,0.3550951319202128,0.3550951319202128,4.98595907442688e-17,True,True,True,saddle,-1.0579101050739355,0.0,0.04977718226190348,0.0,1.1076872873628705,0.0,solution
eta,1.2675,False,nonlinear,True,1,1.0,upper,0.45,0.01,1.2675,1.0,0.5,2.0,0.5899223236332132,0.4100776763667868,0.2322155451707062,0.4818874818572342,0.05709490680192146,0.17605572636232314,0.48382795142480733,0.48382795142480733,2.900374255399512e-17,True,True,True,saddle,-1.5206824086756028,0.0,0.05709490680186363,0.0,1.5777773154762071,0.0,solution
eta,1.275,False,linear,True,1,1.0,-,0.45,0.01,1.275,1.0,0.5,2.0,0.29280680990125896,0.707193190098741,0.3135803580952187,0.5599824623104002,0.050550721795363115,0.1474571701649568,0.3535965950493705,0.3535965950493705,4.351801670343918e-18,True,True,True,saddle,-1.0544441489489849,0.0,0.05055072179671444,0.0,1.1049948707208277,0.0,solution
eta,1.275,False,nonlinear,True,1,1.0,upper,0.45,0.01,1.275,1.0,0.5,2.0,0.5911866843056348,0.4088133156943652,0.23244348227031392,0.4821239283320357,0.05810757950502789,0.174936652745556,0.483369977210689,0.483369977210689,3.580639469925157e-16,True,True,True,saddle,-1.523102975016285,0.0,0.05810757950484612,0.0,1.5812105545103066,0.0,solution
eta,1.2825,False,linear,True,1,1.0,-,0.45,0.01,1.2825,1.0,0.5,2.0,0.2957279250800404,0.7042720749199596,0.31472335410523694,0.5610020981290863,0.05131197526342292,0.14623708057848825,0.3521360374599798,0.3521360374599798,4.367663926436129e-18,True,True,True,saddle,-1.051132102029842,0.0,0.05131197526352505,0.0,1.1024440773220587,0.0,solution
eta,1.2825,False,nonlinear,True,1,1.0,upper,0.45,0.01,1.2825,1.0,0.5,2.0,0.5924259453416167,0.40757405465838326,0.2326703154600324,0.48235911462315334,0.05910728854076541,0.17383110987881556,0.4829148892554167,0.4829148892554169,2.220446049250313e-16,True,True,True,saddle,-1.5254866022711533,0.0,0.05910728854090612,0.0,1.5845938907813253,0.0,solution
eta,1.29,False,linear,True,1,1.0,-,0.45,0.01,1.29,1.0,0.5,2.0,0.29857606289893857,0.7014239371010614,0.3158438226706565,0.5619998422336581,0.052061256270160956,0.14503881472469293,0.3507119685505307,0.3507119685505307,8.54726642529308e-17,True,True,True,saddle,-1.0479641310972205,0.0,0.05206125627123225,0.0,1.1000253873295092,0.0,solution
eta,1.29,False,nonlinear,True,1,1.0,upper,0.45,0.01,1.29,1.0,0.5,2.0,0.593640841708328,0.406359158291672,0.23289599013434098,0.48259298599787065,0.06009427544750224,0.17273888085345598,0.4824627855283116,0.48246278552831173,1.1102230246251565e-16,True,True,True,saddle,-1.5278340436745137,0.0,0.06009427544757038,0.0,1.5879283191332965,0.0,solution
eta,1.2974999999999999,False,linear,True,1,1.0,-,0.45,0.01,1.2974999999999999,1.0,0.5,2.0,0.3013540451649056,0.6986459548350944,0.31694246602707354,0.5629764346996005,0.052798866901418856,0.14386173748376094,0.3493229774175472,0.3493229774175472,1.143599675610384e-16,True,True,True,saddle,-1.044931221098024,0.0,0.05279886690215615,0.0,1.0977300879725922,0.0,solution
eta,1.2974999999999999,False,nonlinear,True,1,1.0,upper,0.45,0.01,1.2974999999999999,1.0,0.5,2.0,0.5948320804227901,0.4051679195772099,0.23312045690111127,0.48282549321790297,0.06106877618146684,0.1716597518704768,0.48201375304537075,0.4820137530453709,1.6653345369377348e-16,True,True,True,saddle,-1.5301460371422577,0.0,0.06106877618170432,0.0,1.5912148132918176,0.0,solution
eta,1.305,False,linear,True,1,1.0,-,0.45,0.01,1.305,1.0,0.5,2.0,0.3040645450853672,0.6959354549146328,0.3180199557723907,0.5639325808750464,0.05352509829494243,0.14270524031128667,0.3479677274573164,0.3479677274573164,9.930180295934496e-17,True,True,True,saddle,-1.0420250920149645,0.0,0.05352509829492012,0.0,1.095550190340372,0.0,solution
eta,1.305,False,nonlinear,True,1,1.0,upper,0.45,0.01,1.305,1.0,0.5,2.0,0.5960003418326325,0.4039996581673675,0.23334367119046284,0.4830565921198704,0.06203102125022819,0.17059351229583014,0.4815678687360353,0.4815678687360354,1.1102230246251565e-16,True,True,True,saddle,-1.532423305347554,0.0,0.0620310212503038,0.0,1.5944543265878006,0.0,solution
eta,1.3125,False,linear,True,1,1.0,-,0.45,0.01,1.3125,1.0,0.5,2.0,0.3067100971807769,0.6932899028192231,0.31907693460860714,0.5648689534826703,0.054240231174475795,0.14156873975832257,0.34664495140961155,0.34664495140961155,8.856163985732277e-17,True,True,True,saddle,-1.0392381251928244,0.0,0.05424023117510594,0.0,1.093478356350095,0.0,solution
eta,1.3125,False,nonlinear,True,1,1.0,upper,0.45,0.01,1.3125,1.0,0.5,2.0,0.5971462808298742,0.4028537191701258,0.23356559289363996,0.4832862432282135,0.06298123584459617,0.16953995470270775,0.4811252002418464,0.4811252002418464,1.9448242424305868e-17,True,True,True,saddle,-1.5346665558078822,0.0,0.06298123584470675,0.0,1.5976477916436365,0.0,solution
eta,1.3199999999999998,False,linear,True,1,1.0,-,0.45,0.01,1.3199999999999998,1.0,0.5,2.0,0.30929310639786833,0.6907068936021317,0.32011401796072647,0.565786194565338,0.05494453635044796,0.14045167609514997,0.34535344680106583,0.34535344680106583,4.2203506947875745e-17,True,True,True,saddle,-1.036563298172019,0.0,0.05494453634998724,0.0,1.0915078345504101,0.0,solution
eta,1.3199999999999998,False,nonlinear,True,1,1.0,upper,0.45,0.01,1.3199999999999998,1.0,0.5,2.0,0.5982705280015357,0.4017294719984643,0.23378618602944617,0.4835144113978881,0.06391963996871522,0.16849887490223514,0.4806858066525989,0.4806858066525988,5.126207429741527e-16,True,True,True,saddle,-1.5368764809362432,0.0,0.0639196399688384,0.0,1.6007961208886181,0.0,solution
eta,1.3275000000000001,False,linear,True,1,1.0,-,0.45,0.01,1.3275000000000001,1.0,0.5,2.0,0.3118158564990132,0.6881841435009868,0.32113179548315623,0.5666849172892784,0.05563827518982495,0.1393535120299998,0.3440920717504934,0.3440920717504934,8.913197832115423e-17,True,True,True,saddle,-1.0339941277428388,0.0,0.05563827518991076,0.0,1.0896324029546605,0.0,solution
eta,1.3275000000000001,False,nonlinear,True,1,1.0,upper,0.45,0.01,1.3275000000000001,1.0,0.5,2.0,0.5993736907206656,0.4006263092793344,0.23400541843599415,0.483741065484412,0.06484644856816181,0.1674700719638528,0.48024973918510705,0.480249739185107,5.553186598416387e-16,True,True,True,saddle,-1.5390537580974322,0.0,0.06484644856794441,0.0,1.603900206639001,0.0,solution
eta,1.335,False,linear,True,1,1.0,-,0.45,0.01,1.335,1.0,0.5,2.0,0.31428051779497257,0.6857194822050274,0.3221308324629583,0.5675657076171519,0.05632170005746394,0.13827373151481773,0.3428597411025137,0.3428597411025137,7.59978767676846e-17,True,True,True,saddle,-1.031524618921681,0.0,0.05632170005752328,0.0,1.087846319009073,0.0,solution
eta,1.335,False,nonlinear,True,1,1.0,upper,0.45,0.01,1.335,1.0,0.5,2.0,0.6004563541811496,0.3995436458188504,0.23422326148572079,0.4839661780390452,0.06576187165589059,0.1664533482265391,0.47981704180926277,0.4798170418092628,5.551115123125783e-17,True,True,True,saddle,-1.5411990497714698,0.0,0.06576187165579826,0.0,1.6069609214040048,0.0,solution
eta,1.3425,False,linear,True,1,1.0,-,0.45,0.01,1.3425,1.0,0.5,2.0,0.31668915428118016,0.6833108457188198,0.3231116711284006,0.5684291258621436,0.056995054731096555,0.13721183863093883,0.3416554228594099,0.3416554228594099,1.053757674384844e-16,True,True,True,saddle,-1.0291492197496264,0.0,0.05699505473281117,0.0,1.0861442744385428,0.0,solution
eta,1.3425,False,nonlinear,True,1,1.0,upper,0.45,0.01,1.3425,1.0,0.5,2.0,0.6015190823794855,0.3984809176205145,0.2344396898217997,0.48418972502708035,0.06666611443590409,0.16544850930190974,0.4793877518256544,0.47938775182565446,5.551115123125783e-17,True,True,True,saddle,-1.5433130038843361,0.0,0.06666611443639305,0.0,1.6099791182991472,0.0,solution
eta,1.35,False,linear,True,1,1.0,-,0.45,0.01,1.35,1.0,0.5,2.0,0.31904373023140087,0.6809562697685991,0.3240748318704543,0.5692757081331105,0.057658574791877866,0.13616735654822243,0.34047813488429957,0.34047813488429957,1.0568988113795581e-16,True,True,True,saddle,-1.026862781063056,0.0,0.05765857479178353,0.0,1.0845213558682245,0.0,solution
eta,1.35,False,nonlinear,True,1,1.0,upper,0.45,0.01,1.35,1.0,0.5,2.0,0.6025624190465126,0.39743758095348736,0.2346546811142416,0.4844116855673917,0.06755937742454504,0.16445536407012867,0.4789619003986551,0.4789619003986551,3.9077854471365735e-17,True,True,True,saddle,-1.5453962536776527,0.0,0.06755937742475389,0.0,1.6129556310802702,0.0,solution
eta,1.3575,False,linear,True,1,1.0,-,0.45,0.01,1.3575,1.0,0.5,2.0,0.3213461162970582,0.6786538837029418,0.3250208143841644,0.5701059676798379,0.05831248799226966,0.13513982655180326,0.3393269418514709,0.3393269418514709,2.4808134423305654e-17,True,True,True,saddle,-1.0246605207534565,0.0,0.05831248799250274,0.0,1.0829730087176632,0.0,solution
eta,1.3575,False,nonlinear,True,1,1.0,upper,0.45,0.01,1.3575,1.0,0.5,2.0,0.6035868885319042,0.39641311146809577,0.23486821583412015,0.4846320416915499,0.06844185656933474,0.1634737246694678,0.4785395130485576,0.4785395130485577,3.3246402873888046e-16,True,True,True,saddle,-1.547449418162318,0.0,0.06844185656953965,0.0,1.6158912747394742,0.0,solution
eta,1.365,False,linear,True,1,1.0,-,0.45,0.01,1.365,1.0,0.5,2.0,0.32359809515560056,0.6764019048443994,0.3259500987361767,0.5709203961465877,0.05895701460287397,0.13412880713116154,0.3382009524221997,0.3382009524221997,6.559026143985406e-17,True,True,True,saddle,-1.0225379912732577,0.0,0.058957014602708246,0.0,1.0814950059135173,0.0,solution
eta,1.365,False,nonlinear,True,1,1.0,upper,0.45,0.01,1.365,1.0,0.5,2.0,0.6045929966440761,0.39540700335592394,0.23508027704449394,0.48485077812095334,0.06931374336529919,0.16250340648027178,0.4781206101060247,0.4781206101060246,1.8921886375229192e-16,True,True,True,saddle,-1.549473102310057,0.0,0.06931374336563853,0.0,1.6187868456748278,0.0,solution
eta,1.3725,False,linear,True,1,1.0,-,0.45,0.01,1.3725,1.0,0.5,2.0,0.3258013667469426,0.6741986332530574,0.32686314636413377,0.5717194647413483,0.05959236773969508,0.1331338731266982,0.3370993166265287,0.3370993166265287,8.391854166756689e-17,True,True,True,saddle,-1.0204910512788998,0.0,0.05959236773945242,0.0,1.0800834190384785,0.0,solution
eta,1.3725,False,nonlinear,True,1,1.0,upper,0.45,0.01,1.3725,1.0,0.5,2.0,0.6055812314479946,0.3944187685520054,0.23529085020671778,0.48506788206056045,0.07017522496874212,0.16154422810400565,0.47770520713184994,0.47770520713185,3.5265418116722123e-16,True,True,True,saddle,-1.5514678972009064,0.0,0.0701752249687499,0.0,1.6216431221594536,0.0,solution
eta,1.38,False,linear,True,1,1.0,-,0.45,0.01,1.38,1.0,0.5,2.0,0.32795755313314,0.67204244686686,0.32776040101313697,0.5725036253275056,0.06021875367318588,0.1321546149294366,0.33602122343343,0.33602122343343,2.7291535782386936e-17,True,True,True,saddle,-1.0185158394242806,0.0,0.06021875367353078,0.0,1.0787345931310237,0.0,solution
eta,1.38,False,nonlinear,True,1,1.0,upper,0.45,0.01,1.38,1.0,0.5,2.0,0.6065520640232359,0.3934479359767641,0.23549992300094344,0.4852833430079209,0.07102648430843878,0.16059601133799684,0.4772933153047764,0.4772933153047765,5.551115123125783e-17,True,True,True,saddle,-1.5534343802508999,0.0,0.0710264843082792,0.0,1.6244608645517955,0.0,solution
eta,1.3875,False,linear,True,1,1.0,-,0.45,0.01,1.3875,1.0,0.5,2.0,0.3300682030130362,0.6699317969869638,0.32864228961400865,0.5732733114440343,0.060836372120321815,0.13119063772986275,0.3349658984934819,0.3349658984934819,1.1402069899843792e-17,True,True,True,saddle,-1.0166087511798885,0.0,0.06083637212032395,0.0,1.07744512333718,0.0,solution
eta,1.3875,False,nonlinear,True,1,1.0,upper,0.45,0.01,1.3875,1.0,0.5,2.0,0.6075059491844893,0.3924940508155107,0.23570748515971263,0.48549715257631804,0.07186770019423751,0.15965858114641937,0.47688494177988394,0.476884941779884,1.5374162779672314e-16,True,True,True,saddle,-1.5553731156994932,0.0,0.07186770019430748,0.0,1.627240815869839,0.0,solution
eta,1.395,False,linear,True,1,1.0,-,0.45,0.01,1.395,1.0,0.5,2.0,0.33213479592055517,0.6678652040794448,0.32950922310767733,0.5740289392597531,0.06144541652084509,0.13024156081226604,0.3339326020397224,0.3339326020397224,1.188943360541596e-16,True,True,True,saddle,-1.0147664178747298,0.0,0.061445416521451884,0.0,1.076211834412489,0.0,solution
eta,1.395,False,nonlinear,True,1,1.0,upper,0.45,0.01,1.395,1.0,0.5,2.0,0.6084433261665886,0.3915566738334114,0.2359135283136354,0.4857093043309294,0.07269904742306617,0.15873176562801558,0.4764800900198538,0.47648009001985375,5.551115123125783e-17,True,True,True,saddle,-1.5572846545583032,0.0,0.07269904742342015,0.0,1.629983701944437,0.0,solution
eta,1.4024999999999999,False,linear,True,1,1.0,-,0.45,0.01,1.4024999999999999,1.0,0.5,2.0,0.3341587461325961,0.6658412538674039,0.3303615972196325,0.5747709084666973,0.06204607429873043,0.1293070168912558,0.33292062693370195,0.33292062693370195,3.8969849241550173e-17,True,True,True,saddle,-1.0129856876063965,0.0,0.06204607429929938,0.0,1.0750317619348349,0.0,solution
eta,1.4024999999999999,False,nonlinear,True,1,1.0,upper,0.45,0.01,1.4024999999999999,1.0,0.5,2.0,0.6093646192760122,0.39063538072398785,0.23611804584822838,0.4859197936370038,0.07352069688235129,0.15781539598099698,0.47607876010122574,0.4760787601012258,8.191990344693797e-17,True,True,True,saddle,-1.5591695349727905,0.0,0.0735206968825921,0.0,1.6326902318366214,0.0,solution
eta,1.41,False,linear,True,1,1.0,-,0.45,0.01,1.41,1.0,0.5,2.0,0.3361414063100434,0.6638585936899566,0.33119979318806025,0.5754996031172048,0.06263852710984093,0.1283866514874169,0.3319292968449783,0.3319292968449783,2.2981602259279662e-17,True,True,True,saddle,-1.0112636082792157,0.0,0.06263852710966072,0.0,1.0739021354242753,0.0,solution
eta,1.41,False,nonlinear,True,1,1.0,upper,0.45,0.01,1.41,1.0,0.5,2.0,0.6102702385106946,0.3897297614893054,0.23632103277106664,0.4861286175191362,0.07433281565086479,0.15690930646552392,0.4756809489975891,0.47568094899758906,5.551115123125783e-17,True,True,True,saddle,-1.561028282674735,0.0,0.07433281565108636,0.0,1.635361098321974,0.0,solution
eta,1.4175,False,linear,True,1,1.0,-,0.45,0.01,1.4175,1.0,0.5,2.0,0.33808407089323445,0.6619159291067656,0.3320241784489673,0.5762153924089214,0.06322295107666588,0.1274801223393195,0.3309579645533828,0.3309579645533828,4.60776109557869e-18,True,True,True,saddle,-1.0095974118262048,0.0,0.06322295107666487,0.0,1.0728203629338455,0.0,solution
eta,1.4175,False,nonlinear,True,1,1.0,upper,0.45,0.01,1.4175,1.0,0.5,2.0,0.6111605801498716,0.3888394198501284,0.23652248558846797,0.4863357745307947,0.07513556709702078,0.15601333436412163,0.4752866508414879,0.4752866508414879,3.6106497534509723e-17,True,True,True,saddle,-1.5628614110687091,0.0,0.07513556709707267,0.0,1.6379969781536456,0.0,solution
eta,1.4249999999999998,False,linear,True,1,1.0,-,0.45,0.01,1.4249999999999998,1.0,0.5,2.0,0.33998797927127267,0.6600120207287273,0.33283510728132604,0.5769186314215602,0.06379951701096602,0.1265870988493319,0.33000601036436367,0.33000601036436367,5.080916493225543e-17,True,True,True,saddle,-1.007984500334744,0.0,0.06379951701355371,0.0,1.0717840173119977,0.0,solution
eta,1.4249999999999998,False,nonlinear,True,1,1.0,upper,0.45,0.01,1.4249999999999998,1.0,0.5,2.0,0.6120360273155855,0.3879639726844145,0.2367224021909942,0.486541264633324,0.07592911097465035,0.15512731994035384,0.47489585716668264,0.47489585716668276,1.1102230246251565e-16,True,True,True,saddle,-1.564669421357398,0.0,0.07592911097481969,0.0,1.640598532298867,0.0,solution
eta,1.4325,False,linear,True,1,1.0,-,0.45,0.01,1.4325,1.0,0.5,2.0,0.341854318742822,0.658145681257178,0.33363292141502393,0.5776096618089278,0.06436839062508722,0.12570726156089526,0.329072840628589,0.329072840628589,1.342725197838692e-16,True,True,True,saddle,-1.006422432837648,0.0,0.06436839062353875,0.0,1.0707908234702272,0.0,solution
eta,1.4325,False,nonlinear,True,1,1.0,upper,0.45,0.01,1.4325,1.0,0.5,2.0,0.6128969505073804,0.38710304949261964,0.23692078174711084,0.4867450890837121,0.07671360351628799,0.15425110639604153,0.4745085571322682,0.4745085571322682,4.931904504521887e-17,True,True,True,saddle,-1.56645280322585,0.0,0.07671360351677135,0.0,1.6431664067306453,0.0,solution
eta,1.44,False,linear,True,1,1.0,-,0.45,0.01,1.44,1.0,0.5,2.0,0.34368422728444636,0.6563157727155536,0.33441795060417606,0.5782888124494335,0.06492973273264734,0.12484030166510758,0.3281578863577768,0.3281578863577768,1.4387042208587687e-16,True,True,True,saddle,-1.0049089141588292,0.0,0.0649297327332887,0.0,1.0698386468581849,0.0,solution
eta,1.44,False,nonlinear,True,1,1.0,upper,0.45,0.01,1.44,1.0,0.5,2.0,0.6137437081116269,0.38625629188837307,0.2371176246043982,0.4869472503304626,0.07748919752400582,0.15338453982728598,0.47412473773003405,0.47412473773003405,1.9744008478517055e-17,True,True,True,saddle,-1.5682120347812953,0.0,0.07748919752390035,0.0,1.6457012322859372,0.0,solution
eta,1.4475,False,linear,True,1,1.0,-,0.45,0.01,1.4475,1.0,0.5,2.0,0.3454787961411443,0.6545212038588557,0.33519051316815507,0.5789564000580312,0.06548369943924971,0.12398592053463625,0.32726060192942785,0.32726060192942785,4.186532535246084e-17,True,True,True,saddle,-1.0034417836139158,0.0,0.06548369944097095,0.0,1.0689254830742612,0.0,solution
eta,1.4475,False,nonlinear,True,1,1.0,upper,0.45,0.01,1.4475,1.0,0.5,2.0,0.6145766468868309,0.3854233531131691,0.2373129321977569,0.48714775191696913,0.07825604245783788,0.152527469179526,0.473744383976341,0.47374438397634094,3.227510946748915e-16,True,True,True,saddle,-1.5699475828775218,0.0,0.07825604245835172,0.0,1.6482036253125756,0.0,solution
eta,1.455,False,linear,True,1,1.0,-,0.45,0.01,1.455,1.0,0.5,2.0,0.347239072252449,0.652760927747551,0.33595091650250536,0.5796127297623003,0.06603044232382752,0.12314382928313736,0.3263804638737755,0.3263804638737755,9.324511066125123e-18,True,True,True,saddle,-1.0020190059344016,0.0,0.06603044232529706,0.0,1.0680494482913387,0.0,solution
eta,1.455,False,nonlinear,True,1,1.0,upper,0.45,0.01,1.455,1.0,0.5,2.0,0.6153961024262062,0.38460389757379376,0.2375067069640926,0.4873465983918351,0.07901428452183626,0.15167974620183797,0.47336747908968113,0.473367479089681,1.1102230246251565e-16,True,True,True,saddle,-1.5716599034812324,0.0,0.07901428452181931,0.0,1.65067418798521,0.0,solution
eta,1.4625,False,linear,True,1,1.0,-,0.45,0.01,1.4625,1.0,0.5,2.0,0.3489660605263165,0.6510339394736835,0.33669945756174025,0.5802580956451536,0.06657010861118112,0.12231374834849974,0.32551696973684174,0.32551696973684174,5.607172352457671e-17,True,True,True,saddle,-1.0006386618188354,0.0,0.06657010861217774,0.0,1.0672087704366269,0.0,solution
eta,1.4625,False,nonlinear,True,1,1.0,upper,0.45,0.01,1.4625,1.0,0.5,2.0,0.6162023995987078,0.3837976004012922,0.23769895226300716,0.487543795225626,0.07976406674780621,0.15084122540066208,0.4729940046550046,0.47299400465500446,1.1102230246251565e-16,True,True,True,saddle,-1.5733494417749356,0.0,0.07976406674776437,0.0,1.6531135084876103,0.0,solution
eta,1.47,False,linear,True,1,1.0,-,0.45,0.01,1.47,1.0,0.5,2.0,0.3506607259719864,0.6493392740280136,0.3374364233158674,0.5808927812564616,0.06710284133623018,0.12149540709836208,0.3246696370140068,0.3246696370140068,5.619445297686555e-17,True,True,True,saddle,-0.9992989401084432,0.0,0.06710284133517266,0.0,1.0664017813962294,0.0,solution
eta,1.47,False,nonlinear,True,1,1.0,upper,0.45,0.01,1.47,1.0,0.5,2.0,0.616995852969666,0.38300414703033403,0.23788967230305882,0.4877393487335821,0.08050552907676693,0.1500117639931211,0.4726239407758006,0.4726239407758006,1.749732668762954e-16,True,True,True,saddle,-1.5750166325454815,0.0,0.08050552907755074,0.0,1.6555221615921911,0.0,solution
eta,1.4775,False,linear,True,1,1.0,-,0.45,0.01,1.4775,1.0,0.5,2.0,0.3523239957020545,0.6476760042979455,0.3381620911823451,0.5815170600956993,0.06762877950046471,0.12068854345647062,0.32383800214897274,0.32383800214897274,1.4078825238226168e-17,True,True,True,saddle,-0.9979981299450722,0.0,0.06762877950097727,0.0,1.065626909463513,0.0,solution
eta,1.4775,False,nonlinear,True,1,1.0,upper,0.45,0.01,1.4775,1.0,0.5,2.0,0.6177767672020831,0.3822232327979169,0.2380788720731889,0.48793326600385517,0.0812388084381872,0.14919122186007797,0.4722572662148527,0.47225726621485264,2.643206454524415e-16,True,True,True,saddle,-1.5766619004350204,0.0,0.08123880843799068,0.0,1.6579007088542075,0.0,solution
eta,1.4849999999999999,False,linear,True,1,1.0,-,0.45,0.01,1.4849999999999999,1.0,0.5,2.0,0.3539567608131533,0.6460432391868467,0.3388767294350451,0.5821311960675575,0.06814805822104752,0.11989290354855162,0.32302161959342335,0.32302161959342335,7.524574950569132e-17,True,True,True,saddle,-0.9967346145762944,0.0,0.06814805822154353,0.0,1.0648826728213336,0.0,solution
eta,1.4849999999999999,False,nonlinear,True,1,1.0,upper,0.45,0.01,1.4849999999999999,1.0,0.5,2.0,0.6185454374396013,0.38145456256039867,0.23826655727894244,0.4881255548308677,0.08196403882704585,0.14837946149906367,0.4718939585245071,0.4718939585245071,2.3146289065309427e-17,True,True,True,saddle,-1.5782856601310429,0.0,0.08196403882759151,0.0,1.6602496989393276,0.0,solution
eta,1.4925,False,linear,True,1,1.0,-,0.45,0.01,1.4925,1.0,0.5,2.0,0.3555598781538549,0.6444401218461451,0.3395805975916804,0.5827354439123129,0.06866080887298737,0.11910824136647181,0.32222006092307254,0.32222006092307254,1.885050990811268e-17,True,True,True,saddle,-0.9955068643009873,0.0,0.0686608088728219,0.0,1.064167673198846,0.0,solution
eta,1.4925,False,nonlinear,True,1,1.0,upper,0.45,0.01,1.4925,1.0,0.5,2.0,0.6193021496720897,0.38069785032791026,0.23845273428313932,0.4883162236534225,0.08268135137876734,0.14757634797719257,0.4715339941672365,0.47153399416723657,9.927589345723713e-17,True,True,True,saddle,-1.579888316657008,0.0,0.08268135137911496,0.0,1.6625696680088689,0.0,solution
eta,1.5,True,linear,True,1,1.0,-,0.45,0.01,1.5,1.0,0.5,2.0,0.3571341719877207,0.6428658280122793,0.3402739467810474,0.5833300496126077,0.06916715922477551,0.11833431844955102,0.32143291400613966,0.32143291400613966,5.66669955594591e-17,True,True,True,saddle,-0.9943134311490548,0.0,0.06916715922477172,0.0,1.0634805903403097,0.0,solution
eta,1.5,True,nonlinear,True,1,1.0,upper,0.45,0.01,1.5,1.0,0.5,2.0,0.620047181084747,0.379952818915253,0.2386374100506793,0.48850528149722117,0.0833908744420835,0.14678174888416698,0.47117734862721194,0.47117734862721194,2.318231537782815e-17,True,True,True,saddle,-1.581470265488004,0.0,0.08339087444221714,0.0,1.6648611399217321,0.0,solution
eta,1.5074999999999998,False,linear,True,1,1.0,-,0.45,0.01,1.5074999999999998,1.0,0.5,2.0,0.3586804355587775,0.6413195644412225,0.340957020091336,0.5839152507781724,0.06966723356785065,0.11757090358197177,0.32065978222061126,0.32065978222061126,3.785383341129833e-17,True,True,True,saddle,-0.9931529432281804,0.0,0.06966723356759645,0.0,1.0628201767732959,0.0,solution
eta,1.5074999999999998,False,nonlinear,True,1,1.0,upper,0.45,0.01,1.5074999999999998,1.0,0.5,2.0,0.6207808003915597,0.3792191996084403,0.23882059209718662,0.48869273792147416,0.08409273364987284,0.14599553428546377,0.4708239965135486,0.47082399651354845,2.8171562760721613e-16,True,True,True,saddle,-1.5830318930441731,0.0,0.08409273364986311,0.0,1.6671246266819157,0.0,solution
eta,1.5150000000000001,False,linear,True,1,1.0,-,0.45,0.01,1.5150000000000001,1.0,0.5,2.0,0.3601994325661255,0.6398005674338745,0.3416300529006683,0.584491277009904,0.07016115284023416,0.11681777250530903,0.31990028371693724,0.31990028371693724,3.792855506342322e-17,True,True,True,saddle,-0.9920241000102203,0.0,0.07016115284086305,0.0,1.0621852528874327,0.0,solution
eta,1.5150000000000001,False,nonlinear,True,1,1.0,upper,0.45,0.01,1.5150000000000001,1.0,0.5,2.0,0.6215032681539177,0.37849673184608235,0.23900228844122387,0.48887860296930963,0.08478705198802808,0.14521757667578258,0.47047391165583424,0.47047391165583435,1.1102230246251565e-16,True,True,True,saddle,-1.5845735766784192,0.0,0.08478705198742247,0.0,1.6693606286668061,0.0,solution
eta,1.5225,False,linear,True,1,1.0,-,0.45,0.01,1.5225,1.0,0.5,2.0,0.3616918985538561,0.6383081014461439,0.34229327319094544,0.5850583502446106,0.07064903474465414,0.11607470764527109,0.31915405072307196,0.31915405072307196,4.7502734133862055e-17,True,True,True,saddle,-0.990925667925844,0.0,0.07064903474586591,0.0,1.0615747026451148,0.0,solution
eta,1.5225,False,nonlinear,True,1,1.0,upper,0.45,0.01,1.5225,1.0,0.5,2.0,0.6222148370851313,0.37778516291486874,0.239182507559822,0.48906288712170953,0.08547394986240266,0.14444775093282805,0.47012706719250974,0.47012706719250963,1.1102230246251565e-16,True,True,True,saddle,-1.5860956850327164,0.0,0.0854739498630959,0.0,1.6715696348660807,0.0,solution
eta,1.53,False,linear,True,1,1.0,-,0.45,0.01,1.53,1.0,0.5,2.0,0.36315854222197186,0.6368414577780281,0.3429469018460057,0.5856166850816374,0.07113099386145717,0.11534149785180597,0.31842072888901407,0.31842072888901407,7.139016499749359e-17,True,True,True,saddle,-0.9898564754936131,0.0,0.07113099386252703,0.0,1.0609874693902066,0.0,solution
eta,1.53,False,nonlinear,True,1,1.0,upper,0.45,0.01,1.53,1.0,0.5,2.0,0.6229157523415669,0.37708424765843307,0.23936125834709807,0.4892456012547257,0.08615354516388754,0.1436859342714859,0.4697834356526131,0.46978343565261316,8.636692357156458e-17,True,True,True,saddle,-1.5875985781616622,0.0,0.08615354516375182,0.0,1.6737521233137904,0.0,solution
eta,1.5375,False,linear,True,1,1.0,-,0.45,0.01,1.5375,1.0,0.5,2.0,0.3646000466635734,0.6353999533364266,0.3435911529350268,0.586166489092499,0.07160714175658654,0.11461793815178889,0.3176999766682133,0.3176999766682133,3.337799579152239e-17,True,True,True,saddle,-0.9888154103141045,0.0,0.07160714175661881,0.0,1.0604225520476362,0.0,solution
eta,1.5375,False,nonlinear,True,1,1.0,upper,0.45,0.01,1.5375,1.0,0.5,2.0,0.6236062518010655,0.37639374819893445,0.23953855007574099,0.48942675659973983,0.08682595333166696,0.1429320061984501,0.4694429890313831,0.46944298903138315,5.983677305536808e-17,True,True,True,saddle,-1.5890826078958358,0.0,0.08682595333197289,0.0,1.675908561217461,0.0,solution
eta,1.545,False,linear,True,1,1.0,-,0.45,0.01,1.545,1.0,0.5,2.0,0.3660170705331618,0.6339829294668382,0.34422623398204016,0.5867079631145636,0.07207758708488883,0.11390382951355751,0.3169914647334191,0.3169914647334191,2.3885493165429216e-17,True,True,True,saddle,-0.9878014145345266,0.0,0.07207758708584565,0.0,1.0598790016323139,0.0,solution
eta,1.545,False,nonlinear,True,1,1.0,upper,0.45,0.01,1.545,1.0,0.5,2.0,0.6242865663292787,0.3757134336707213,0.23971439236116981,0.4896063647065567,0.08749128741470355,0.14218584846734594,0.46910569886015563,0.46910569886015563,1.3972162981003473e-16,True,True,True,saddle,-1.5905481180020604,0.0,0.08749128741519603,0.0,1.6780394054125618,0.0,solution
eta,1.5525,False,linear,True,1,1.0,-,0.45,0.01,1.5525,1.0,0.5,2.0,0.36741024915055664,0.6325897508494434,0.34485234622236827,0.5872413015297615,0.0725424356889939,0.1131989786226134,0.3162948754247217,0.3162948754247217,2.871472611540595e-17,True,True,True,saddle,-0.9868134824391342,0.0,0.07254243568988503,0.0,1.059355918147938,0.0,solution
eta,1.5525,False,nonlinear,True,1,1.0,upper,0.45,0.01,1.5525,1.0,0.5,2.0,0.6249569200345196,0.37504307996548036,0.23988879512817712,0.48978443740912914,0.08814965813150098,0.1414473450343909,0.4687715362709735,0.46877153627097334,1.6653345369377348e-16,True,True,True,saddle,-1.5919954442682354,0.0,0.08814965813128864,0.0,1.6801451024065075,0.0,solution
eta,1.56,False,linear,True,1,1.0,-,0.45,0.01,1.56,1.0,0.5,2.0,0.3687801955445783,0.6312198044554217,0.345469684846737,0.5877666925292186,0.07300179069399802,0.11250319766785359,0.31560990222771085,0.31560990222771085,4.314919482301995e-17,True,True,True,saddle,-0.9858506566718653,0.0,0.07300179069490821,0.0,1.0588524473289616,0.0,solution
eta,1.56,False,nonlinear,True,1,1.0,upper,0.45,0.01,1.56,1.0,0.5,2.0,0.6256175305116942,0.3743824694883058,0.24006176857988823,0.4899609867937326,0.08880117392819195,0.14071638201462838,0.46844047205628697,0.46844047205628714,1.6653345369377348e-16,True,True,True,saddle,-1.5934249148617436,0.0,0.08880117392829656,0.0,1.6822260887755893,0.0,solution
eta,1.5675,False,linear,True,1,1.0,-,0.45,0.01,1.5675,1.0,0.5,2.0,0.3701275014403471,0.6298724985596529,0.346078439233769,0.5882843183646569,0.07345575259816634,0.11181630413773806,0.31493624927982644,0.31493624927982644,5.763363773455027e-17,True,True,True,saddle,-0.9849120254025449,0.0,0.07345575259850017,0.0,1.0583677780328005,0.0,solution
eta,1.5675,False,nonlinear,True,1,1.0,upper,0.45,0.01,1.5675,1.0,0.5,2.0,0.6262686090758464,0.37373139092415364,0.240233323168875,0.4901360251694166,0.08944594103499853,0.13999284763876396,0.46811247672410217,0.46811247672410217,1.3335628333215055e-17,True,True,True,saddle,-1.5948368503930994,0.0,0.08944594103498071,0.0,1.6842827914178717,0.0,solution
eta,1.575,False,linear,True,1,1.0,-,0.45,0.01,1.575,1.0,0.5,2.0,0.37145273819376545,0.6285472618062345,0.3466787931715149,0.5887943555873433,0.07390441935985709,0.11113812062583843,0.3142736309031173,0.3142736309031173,5.773361674924175e-17,True,True,True,saddle,-0.9839967201812964,0.0,0.07390441936202917,0.0,1.0579011395054732,0.0,solution
eta,1.575,False,nonlinear,True,1,1.0,upper,0.45,0.01,1.575,1.0,0.5,2.0,0.626910360985822,0.373089639014178,0.24040346957028066,0.4903095650405779,0.0900840635211114,0.13927663221062853,0.46778752054889683,0.4677875205488967,1.1102230246251565e-16,True,True,True,saddle,-1.5962315643095206,0.0,0.09008406352059994,0.0,1.6863156278291722,0.0,solution
eta,1.5825,False,linear,True,1,1.0,-,0.45,0.01,1.5825,1.0,0.5,2.0,0.37275645767649335,0.6272435423235067,0.3472709250686352,0.589296975275315,0.07434788648085816,0.11046847464525007,0.3136217711617533,0.3136217711617533,1.9277408839703814e-17,True,True,True,saddle,-0.9831039127535864,0.0,0.07434788648378374,0.0,1.0574517992272605,0.0,solution
eta,1.5825,False,nonlinear,True,1,1.0,upper,0.45,0.01,1.5825,1.0,0.5,2.0,0.6275429856585294,0.3724570143414706,0.24057221865681386,0.4904816190815043,0.09071564334803203,0.13856762806529105,0.46746557361861635,0.46746557361861635,6.009498365353929e-17,True,True,True,saddle,-1.597609362890974,0.0,0.09071564334736391,0.0,1.688325006230172,0.0,solution
eta,1.5899999999999999,False,linear,True,1,1.0,-,0.45,0.01,1.5899999999999999,1.0,0.5,2.0,0.3740391931144863,0.6259608068855137,0.3478550081558096,0.5897923432495624,0.0747862470863152,0.1098071984513817,0.31298040344275685,0.31298040344275685,7.723932785715029e-17,True,True,True,saddle,-0.982232813227956,0.0,0.0747862470881819,0.0,1.0570190602856864,0.0,solution
eta,1.5899999999999999,False,nonlinear,True,1,1.0,upper,0.45,0.01,1.5899999999999999,1.0,0.5,2.0,0.6281666768742492,0.3718333231257508,0.24073958147548905,0.4906522001127571,0.09134078042142328,0.13786572952783605,0.4671466058780236,0.4671466058780236,6.347772374451904e-17,True,True,True,saddle,-1.59897054544966,0.0,0.09134078042177796,0.0,1.6903113258317137,0.0,solution
eta,1.5975,False,linear,True,1,1.0,-,0.45,0.01,1.5975,1.0,0.5,2.0,0.37530145988295205,0.624698540117048,0.3484312106779081,0.5902806202798022,0.07521959200141982,0.10915412887266918,0.312349270058524,0.312349270058524,7.253181611111856e-17,True,True,True,saddle,-0.9813826675721535,0.0,0.07521959200167154,0.0,1.0566022595961682,0.0,solution
eta,1.5975,False,nonlinear,True,1,1.0,upper,0.45,0.01,1.5975,1.0,0.5,2.0,0.6287816229734187,0.37121837702658134,0.24090556922599268,0.4908213210792627,0.09195957264151064,0.13717083287282117,0.46683058716866443,0.4668305871686645,1.1367003662892882e-16,True,True,True,saddle,-1.6003154046527817,0.0,0.09195957264158278,0.0,1.692274977284079,0.0,solution
eta,1.605,False,linear,True,1,1.0,-,0.45,0.01,1.605,1.0,0.5,2.0,0.3765437562603756,0.6234562437396244,0.34899969607742926,0.5907619622804343,0.07564800982501667,0.10850910714878789,0.3117281218698122,0.3117281218698122,6.296346845300588e-17,True,True,True,saddle,-0.9805527560943347,0.0,0.07564800982595365,0.0,1.056200765911046,0.0,solution
eta,1.605,False,nonlinear,True,1,1.0,upper,0.45,0.01,1.605,1.0,0.5,2.0,0.6293880070452996,0.3706119929547004,0.24107019324056678,0.4909889950299974,0.09257211595207679,0.1364828362844244,0.4665174872656909,0.466517487265691,1.4051188152041934e-16,True,True,True,saddle,-1.601644226558886,0.0,0.09257211595224453,0.0,1.6942163424797678,0.0,solution
eta,1.6124999999999998,False,linear,True,1,1.0,-,0.45,0.01,1.6124999999999998,1.0,0.5,2.0,0.3777665641440848,0.6222334358559152,0.3495606231696756,0.5912365204972335,0.07607158700027906,0.10787197877596585,0.3111167179279576,0.3111167179279576,4.851128154316148e-18,True,True,True,saddle,-0.9797423907606951,0.0,0.0760715869985814,0.0,1.0558139777825248,0.0,solution
eta,1.6124999999999998,False,nonlinear,True,1,1.0,upper,0.45,0.01,1.6124999999999998,1.0,0.5,2.0,0.629986007108909,0.37001399289109105,0.24123346496530676,0.49115523509915554,0.09317850438809008,0.13580163981728996,0.4662072759117653,0.46620727591176536,1.004336051679711e-16,True,True,True,saddle,-1.6029572907721183,0.0,0.09317850438748075,0.0,1.6961357951345037,0.0,solution
eta,1.62,False,linear,True,1,1.0,-,0.45,0.01,1.62,1.0,0.5,2.0,0.3789703497296488,0.6210296502703512,0.3501141463101085,0.5917044416852966,0.076490407882594,0.10724259335902254,0.3105148251351756,0.3105148251351756,7.288214746508686e-17,True,True,True,saddle,-0.9789509143215028,0.0,0.0764904078818632,0.0,1.0554413222189671,0.0,solution
eta,1.62,False,nonlinear,True,1,1.0,upper,0.45,0.01,1.62,1.0,0.5,2.0,0.630575796286578,0.369424203713422,0.2413953959427798,0.4913200544887007,0.09377883012200776,0.13512714535807696,0.46589992284825205,0.46589992284825216,1.1102230246251565e-16,True,True,True,saddle,-1.6042548708584838,0.0,0.09377883012236836,0.0,1.6980337009499227,0.0,solution
eta,1.6275,False,linear,True,1,1.0,-,0.45,0.01,1.6275,1.0,0.5,2.0,0.38015556415625507,0.6198444358437449,0.35066041555429617,0.5921658682787249,0.0769045548047896,0.10662080446978421,0.30992221792187247,0.30992221792187247,1.4599172518987685e-17,True,True,True,saddle,-0.978177697966924,0.0,0.07690455480416863,0.0,1.055082252814365,0.0,solution
eta,1.6275,False,nonlinear,True,1,1.0,upper,0.45,0.01,1.6275,1.0,0.5,2.0,0.6311575429704841,0.3688424570295159,0.24155599779587417,0.4914834664522034,0.09437318350879205,0.1344592565877164,0.4655953978438913,0.46559539784389126,5.551115123125783e-17,True,True,True,saddle,-1.6055372340811935,0.0,0.09437318350925288,0.0,1.6999104175820239,0.0,solution
eta,1.635,False,linear,True,1,1.0,-,0.45,0.01,1.635,1.0,0.5,2.0,0.3813226441200558,0.6186773558799442,0.3511995768108447,0.5926209385524989,0.07731410813983085,0.10600646951154466,0.3093386779399721,0.3093386779399721,1.5109006936042924e-16,True,True,True,saddle,-0.9774221402199563,0.0,0.0773141081414705,0.0,1.0547362483370677,0.0,solution
eta,1.635,False,nonlinear,True,1,1.0,upper,0.45,0.01,1.635,1.0,0.5,2.0,0.6317314109824799,0.36826858901752013,0.24171528221279887,0.49164548427988114,0.09496165312967829,0.1337978789443752,0.4652936707211299,0.46529367072113,5.551115123125783e-17,True,True,True,saddle,-1.6068046420484083,0.0,0.09496165313007984,0.0,1.701766295158427,0.0,solution
eta,1.6425,False,linear,True,1,1.0,-,0.45,0.01,1.6425,1.0,0.5,2.0,0.3824720124573473,0.6175279875426527,0.35173177198767647,0.5930697867769664,0.07771914636110173,0.10539944958926338,0.30876399377132635,0.30876399377132635,9.274391904131947e-17,True,True,True,saddle,-0.976683665157519,0.0,0.07771914636146868,0.0,1.0544028115406332,0.0,solution
eta,1.6425,False,nonlinear,True,1,1.0,upper,0.45,0.01,1.6425,1.0,0.5,2.0,0.6322975597275307,0.36770244027246934,0.24187326093315528,0.49180612128475515,0.0955443258347307,0.1331429195871295,0.464994711380281,0.4649947113802809,5.551115123125783e-17,True,True,True,saddle,-1.6080573503350255,0.0,0.09554432583486679,0.0,1.7036016761740878,0.0,solution
eta,1.65,False,linear,True,1,1.0,-,0.45,0.01,1.65,1.0,0.5,2.0,0.3836040786993229,0.6163959213006771,0.35225713913200024,0.5935125433653448,0.07811974610038586,0.10479960938520902,0.30819796065033855,0.30819796065033855,7.821679729058678e-17,True,True,True,saddle,-0.9759617214315878,0.0,0.07811974610004162,0.0,1.0540814675591943,0.0,solution
eta,1.65,False,nonlinear,True,1,1.0,upper,0.45,0.01,1.65,1.0,0.5,2.0,0.6328561443410524,0.3671438556589476,0.24202994573501194,0.49196539078985213,0.09612128678422319,0.13249428736034335,0.4646984898216588,0.4646984898216589,1.1102230246251565e-16,True,True,True,saddle,-1.6092956091013728,0.0,0.09612128678434616,0.0,1.7054168958558988,0.0,solution
eta,1.6575,False,linear,True,1,1.0,-,0.45,0.01,1.6575,1.0,0.5,2.0,0.384719239600013,0.615280760399987,0.3527758125642936,0.5939493350146068,0.07851598220365201,0.10420681703977494,0.3076403801999935,0.3076403801999935,9.301920953943523e-17,True,True,True,saddle,-0.9752557806695085,0.0,0.07851598220267551,0.0,1.0537717629025132,0.0,solution
eta,1.6575,False,nonlinear,True,1,1.0,upper,0.45,0.01,1.6575,1.0,0.5,2.0,0.6334073158304286,0.36659268416957136,0.24218534842291292,0.4921233061163766,0.09669261948887907,0.13185189275875148,0.4644049761658406,0.46440497616584053,8.402492188936992e-17,True,True,True,saddle,-1.6105196629475838,0.0,0.09669261948872164,0.0,1.707212282428415,0.0,solution
eta,1.665,False,linear,True,1,1.0,-,0.45,0.01,1.665,1.0,0.5,2.0,0.3858178796389412,0.6141821203610588,0.3532879230066041,0.5943802848401047,0.07890792778474394,0.10362094403720892,0.3070910601805294,0.3070910601805294,2.4514274152745716e-17,True,True,True,saddle,-0.9745653365167846,0.0,0.07890792778462795,0.0,1.05347326426399,0.0,solution
eta,1.665,False,nonlinear,True,1,1.0,upper,0.45,0.01,1.665,1.0,0.5,2.0,0.6339512212109709,0.3660487787890291,0.24233948081676157,0.4922798805727912,0.09725840584900433,0.13121564789323958,0.46411414067217904,0.46411414067217904,6.726271784461878e-18,True,True,True,saddle,-1.6117297512205677,0.0,0.09725840584914774,0.0,1.708988157057267,0.0,solution
eta,1.6724999999999999,False,linear,True,1,1.0,-,0.45,0.01,1.6724999999999999,1.0,0.5,2.0,0.3869003714999063,0.6130996285000937,0.35379359770545254,0.5948055125042576,0.07929565427706968,0.10304186509601439,0.30654981425004685,0.30654981425004685,2.454936238359771e-17,True,True,True,saddle,-0.9738899032232882,0.0,0.0792956542784915,0.0,1.0531855574567912,0.0,solution
eta,1.6724999999999999,False,nonlinear,True,1,1.0,upper,0.45,0.01,1.6724999999999999,1.0,0.5,2.0,0.6344880036365721,0.3655119963634279,0.24249235474151884,0.49243512744474155,0.09781872619254715,0.13058546645731917,0.4638259537556987,0.46382595375569874,1.1105349565596226e-16,True,True,True,saddle,-1.6129261080186827,0.0,0.09781872619280617,0.0,1.7107448341836775,0.0,solution
eta,1.68,False,linear,True,1,1.0,-,0.45,0.01,1.68,1.0,0.5,2.0,0.3879670765272212,0.6120329234727788,0.35429296054960835,0.5952251343396113,0.07967923148338033,0.1024694580637946,0.3060164617363894,0.3060164617363894,6.88352353963378e-17,True,True,True,saddle,-0.9732290150068883,0.0,0.07967923148189113,0.0,1.052908246514681,0.0,solution
eta,1.68,False,nonlinear,True,1,1.0,upper,0.45,0.01,1.68,1.0,0.5,2.0,0.6350178025252927,0.3649821974747073,0.24264398201766438,0.49258905998576985,0.09837365931211574,0.12996126369428784,0.46354038600248215,0.4635403860024821,5.551115123125783e-17,True,True,True,saddle,-1.6141089624541796,0.0,0.09837365931171226,0.0,1.7124826217474602,0.0,solution
eta,1.6875,False,linear,True,1,1.0,-,0.45,0.01,1.6875,1.0,0.5,2.0,0.3890183451606508,0.6109816548393492,0.3547861321829908,0.5956392634665639,0.08005872762372254,0.10190360381632368,0.3054908274196746,0.3054908274196746,2.954187995754455e-17,True,True,True,saddle,-0.9725822247431676,0.0,0.08005872762447033,0.0,1.0526409523990092,0.0,solution
eta,1.6875,False,nonlinear,True,1,1.0,upper,0.45,0.01,1.6875,1.0,0.5,2.0,0.6355407536801031,0.3644592463198969,0.24279437445236934,0.4927416914087637,0.0989232825009859,0.12934295636507043,0.4632574081836592,0.46325740818365924,5.551115123125783e-17,True,True,True,saddle,-1.6152785385833845,0.0,0.09892328250072335,0.0,1.7142018210786032,0.0,solution
eta,1.6949999999999998,False,linear,True,1,1.0,-,0.45,0.01,1.6949999999999998,1.0,0.5,2.0,0.39005451735021357,0.6099454826497864,0.3552732301129348,0.5960480099060267,0.08043420938164611,0.10134418616064189,0.3049727413248932,0.3049727413248932,1.2819056903390782e-16,True,True,True,saddle,-0.9719491032567713,0.0,0.08043420938301299,0.0,1.0523833126042097,0.0,solution
eta,1.6949999999999998,False,nonlinear,True,1,1.0,upper,0.45,0.01,1.6949999999999998,1.0,0.5,2.0,0.636056989404999,0.363943010595001,0.24294354383133476,0.4928930348780907,0.09946767158812807,0.1287304627167311,0.4629769912680961,0.462976991268096,1.1102230246251565e-16,True,True,True,saddle,-1.6164350558310279,0.0,0.09946767158814382,0.0,1.7159027273868925,0.0,solution
eta,1.7025000000000001,False,linear,True,1,1.0,-,0.45,0.01,1.7025000000000001,1.0,0.5,2.0,0.3910759229519407,0.6089240770480593,0.3557543688140469,0.5964514806872784,0.08080574194874252,0.10079109174198221,0.30446203852402964,0.30446203852402964,1.974833456841723e-17,True,True,True,saddle,-0.9713292381019819,0.0,0.08080574194808536,0.0,1.0521349800585915,0.0,solution
eta,1.7025000000000001,False,nonlinear,True,1,1.0,upper,0.45,0.01,1.7025000000000001,1.0,0.5,2.0,0.6365666386166928,0.3634333613833072,0.24309150191125123,0.4930431035023725,0.10000690097228342,0.12812370245164895,0.4626991064338752,0.46269910643387524,5.551115123125783e-17,True,True,True,saddle,-1.6175787286990755,0.0,0.10000690097254117,0.0,1.7175856296373737,0.0,solution
eta,1.71,False,linear,True,1,1.0,-,0.45,0.01,1.71,1.0,0.5,2.0,0.3920828821056094,0.6079171178943906,0.35622965982786337,0.5968497799512565,0.08117338906758687,0.10024420995434768,0.3039585589471953,0.3039585589471953,7.909887407905622e-17,True,True,True,saddle,-0.9707222332554319,0.0,0.08117338906961842,0.0,1.05189562229381,0.0,solution
eta,1.71,False,nonlinear,True,1,1.0,upper,0.45,0.01,1.71,1.0,0.5,2.0,0.6370698269520754,0.36293017304792463,0.24323826041283894,0.493191910327855,0.10054104365511718,0.12752259669734808,0.4624237250786562,0.4624237250786562,5.4009743436020705e-17,True,True,True,saddle,-1.6187097674470936,0.0,0.10054104365453533,0.0,1.719250811110418,0.0,solution
eta,1.7174999999999998,False,linear,True,1,1.0,-,0.45,0.01,1.7174999999999998,1.0,0.5,2.0,0.39307570559542215,0.6069242944045778,0.35669921185851333,0.5972430090495102,0.08153721307315247,0.09970343285456792,0.3034621472022889,0.3034621472022889,2.475097986693551e-17,True,True,True,saddle,-0.9701277077369642,0.0,0.08153721307269352,0.0,1.0516649208668434,0.0,solution
eta,1.7174999999999998,False,nonlinear,True,1,1.0,upper,0.45,0.01,1.7174999999999998,1.0,0.5,2.0,0.6375666768716307,0.3624333231283693,0.24338383101443178,0.49333946833233583,0.10107017127347719,0.1269270679769717,0.46215081882899267,0.46215081882899267,5.741969576541135e-17,True,True,True,saddle,-1.6198283776790336,0.0,0.10107017127367704,0.0,1.7208985489218076,0.0,solution
eta,1.725,False,linear,True,1,1.0,-,0.45,0.01,1.725,1.0,0.5,2.0,0.3940546951945251,0.6059453048054749,0.35716313086457446,0.5976312666390325,0.08189727493276269,0.09916865507967267,0.30297265240273746,0.30297265240273746,4.9566341429132306e-17,True,True,True,saddle,-0.9695452955779793,0.0,0.08189727493466464,0.0,1.0514425704720807,0.0,solution
eta,1.725,False,nonlinear,True,1,1.0,upper,0.45,0.01,1.725,1.0,0.5,2.0,0.6380573077589824,0.3619426922410176,0.24352822534606713,0.4934857904196099,0.10159435413078394,0.1263370401803916,0.46188035954868334,0.46188035954868323,1.1102230246251565e-16,True,True,True,saddle,-1.6209347606714142,0.0,0.10159435413055615,0.0,1.722529114794583,0.0,solution
eta,1.7325,False,linear,True,1,1.0,-,0.45,0.01,1.7325,1.0,0.5,2.0,0.3950201439942148,0.6049798560057852,0.35762152014730136,0.5980146487731729,0.08225363428464237,0.09863977376742984,0.3024899280028926,0.3024899280028926,3.474096900478604e-17,True,True,True,saddle,-0.9689746443540824,0.0,0.08225363428686296,0.0,1.0512282786001863,0.0,solution
eta,1.7325,False,nonlinear,True,1,1.0,upper,0.45,0.01,1.7325,1.0,0.5,2.0,0.6385418360167345,0.36145816398326547,0.24367145498405077,0.49363088941439914,0.10211366122757791,0.1257524385359425,0.46161231934622443,0.4616123193462245,1.0483024315979214e-16,True,True,True,saddle,-1.6220291135646527,0.0,0.10211366122744073,0.0,1.7241427747926883,0.0,solution
eta,1.74,False,linear,True,1,1.0,-,0.45,0.01,1.74,1.0,0.5,2.0,0.3959723367186351,0.6040276632813649,0.35807448043539675,0.5983932489888207,0.082606349475128,0.09811668847990268,0.30201383164068246,0.30201383164068246,4.969281658875845e-18,True,True,True,saddle,-0.9684154152447378,0.0,0.08260634947639414,0.0,1.051021764673677,0.0,solution
eta,1.74,False,nonlinear,True,1,1.0,upper,0.45,0.01,1.74,1.0,0.5,2.0,0.639020375158769,0.36097962484123103,0.24381353144596388,0.4937747780577334,0.10262816029124987,0.1251731895827701,0.4613466705814302,0.46134667058143025,5.551115123125783e-17,True,True,True,saddle,-1.6231116293123238,0.0,0.10262816029173971,0.0,1.7257397895722886,0.0,solution
eta,1.7475,False,linear,True,1,1.0,-,0.45,0.01,1.7475,1.0,0.5,2.0,0.3969115500257069,0.6030884499742931,0.35852210996648537,0.5987671583900418,0.08295547759459211,0.09759930112988909,0.30154422498714656,0.30154422498714656,1.6419129429531854e-16,True,True,True,saddle,-0.9678672818791877,0.0,0.08295547759459203,0.0,1.0508227594337471,0.0,solution
eta,1.7475,False,nonlinear,True,1,1.0,upper,0.45,0.01,1.7475,1.0,0.5,2.0,0.6394930358991481,0.3605069641008519,0.24395446618608532,0.49391746900275285,0.10313791780497801,0.12459922114378325,0.4610833858712778,0.46108338587127795,1.6653345369377348e-16,True,True,True,saddle,-1.6241824968541292,0.0,0.10313791780524256,0.0,1.727320414620802,0.0,solution
eta,1.755,False,linear,True,1,1.0,-,0.45,0.01,1.755,1.0,0.5,2.0,0.39783805279499806,0.6021619472050019,0.3589645045654415,0.599136465728336,0.08330107451213552,0.09708751591011328,0.30108097360250097,0.30108097360250097,8.468776482323949e-17,True,True,True,saddle,-0.9673299300628222,0.0,0.08330107450977936,0.0,1.050631004597768,0.0,solution
eta,1.755,False,nonlinear,True,1,1.0,upper,0.45,0.01,1.755,1.0,0.5,2.0,0.6399599262377673,0.3600400737622327,0.244094270591199,0.4940589748109015,0.10364299903589527,0.12403046229919908,0.4608224380950374,0.4608224380950375,6.097479286262228e-17,True,True,True,saddle,-1.625241901192286,0.0,0.10364299903617225,0.0,1.7288849001976248,0.0,solution
eta,1.7625,False,linear,True,1,1.0,-,0.45,0.01,1.7625,1.0,0.5,2.0,0.39875210640320113,0.6012478935967989,0.3594017577197162,0.5995012574796789,0.083643194909098,0.09658123922504654,0.30062394679839943,0.30062394679839943,3.9901610651118105e-17,True,True,True,saddle,-0.9668030572412869,0.0,0.08364319490776286,0.0,1.0504462521933162,0.0,solution
eta,1.7625,False,nonlinear,True,1,1.0,upper,0.45,0.01,1.7625,1.0,0.5,2.0,0.6404211515428945,0.3595788484571055,0.2442329559767645,0.49419930794848804,0.10414346806251067,0.12346684336066971,0.46056380039873496,0.46056380039873496,1.6947065693604137e-17,True,True,True,saddle,-1.626290023630123,0.0,0.104143468061924,0.0,1.7304334916802842,0.0,solution
eta,1.77,False,linear,True,1,1.0,-,0.45,0.01,1.77,1.0,0.5,2.0,0.39965396498783345,0.6003460350121665,0.3598339606517968,0.5998616179184969,0.0839818923114355,0.0960803796252409,0.3001730175060833,0.3001730175060833,3.4955895463797647e-17,True,True,True,saddle,-0.9662863717895038,0.0,0.08398189231019519,0.0,1.0502682641253125,0.0,solution
eta,1.77,False,nonlinear,True,1,1.0,upper,0.45,0.01,1.77,1.0,0.5,2.0,0.640876814630727,0.359123185369273,0.24437053358342453,0.4943384807835867,0.10463938780140523,0.12290829584598079,0.46030744619899955,0.46030744619899955,5.0869836173297433e-17,True,True,True,saddle,-1.6273270415891545,0.0,0.1046393878014438,0.0,1.7319664293601549,0.0,solution
eta,1.7774999999999999,False,linear,True,1,1.0,-,0.45,0.01,1.7774999999999999,1.0,0.5,2.0,0.4005438756997618,0.5994561243002382,0.36026120238893133,0.600217629188723,0.08431721912101015,0.0955848477440645,0.2997280621501191,0.2997280621501191,1.999851408856675e-17,True,True,True,saddle,-0.9657795925319702,0.0,0.08431721912173465,0.0,1.050096811625051,0.0,solution
eta,1.7774999999999999,False,nonlinear,True,1,1.0,upper,0.45,0.01,1.7774999999999999,1.0,0.5,2.0,0.6413270158422782,0.35867298415772175,0.24450701457388535,0.4944765055833142,0.10513082003321404,0.12235475245429457,0.46005334918623286,0.46005334918623286,2.8635693076351996e-13,True,True,True,saddle,-1.6283531289530822,0.0,0.10513082003362301,0.0,1.7334839489776845,0.0,solution
eta,1.785,False,linear,True,1,1.0,-,0.45,0.01,1.785,1.0,0.5,2.0,0.4014220789450961,0.5985779210549039,0.3606835698302376,0.6005693713720652,0.08464922664583639,0.09509455623673425,0.29928896052745196,0.29928896052745196,7.508235071803597e-17,True,True,True,saddle,-0.9652824484448138,0.0,0.08464922664571158,0.0,1.049931675079705,0.0,solution
eta,1.785,False,nonlinear,True,1,1.0,upper,0.45,0.01,1.785,1.0,0.5,2.0,0.6417718531163924,0.3582281468836076,0.24464241002974882,0.4946133945110553,0.10561782542799424,0.12180614704203087,0.45980148332788817,0.4598014833278881,1.05247959110741e-16,True,True,True,saddle,-1.6293684560351673,0.0,0.10561782542795219,0.0,1.7349862814368098,0.0,solution
eta,1.7925,False,linear,True,1,1.0,-,0.45,0.01,1.7925,1.0,0.5,2.0,0.4022888086169797,0.5977111913830203,0.3611011478113131,0.6009169225536198,0.08497796512932516,0.09460941972154593,0.29885559569151016,0.29885559569151016,1.3530469787505846e-16,True,True,True,saddle,-0.964794678096881,0.0,0.08497796513041496,0.0,1.0497726431703838,0.0,solution
eta,1.7925,False,nonlinear,True,1,1.0,upper,0.45,0.01,1.7925,1.0,0.5,2.0,0.6422114220629622,0.3577885779370378,0.24477673094947927,0.4947491596248338,0.10610046356975937,0.12126241459906544,0.45955182286966006,0.45955182286966006,1.0190878597222089e-17,True,True,True,saddle,-1.6303731897743283,0.0,0.10610046356971281,0.0,1.7364736533232485,0.0,solution
eta,1.8,False,linear,True,1,1.0,-,0.45,0.01,1.8,1.0,0.5,2.0,0.4031442923177735,0.5968557076822265,0.36151401916645787,0.6012603588849491,0.08530348377856574,0.09412935472320716,0.29842785384111326,0.29842785384111326,5.518716332296498e-17,True,True,True,saddle,-0.9643160292259161,0.0,0.08530348377821165,0.0,1.0496195130260553,0.0,solution
eta,1.8,False,nonlinear,True,1,1.0,upper,0.45,0.01,1.8,1.0,0.5,2.0,0.6426458160298534,0.3573541839701466,0.24490998824548127,0.494883812874781,0.10657879298059936,0.12072349122574919,0.4593043423383545,0.45930434233835443,5.551115123125783e-17,True,True,True,saddle,-1.6313674935437323,0.0,0.10657879298053083,0.0,1.7379462865021111,0.0,solution
eta,1.8074999999999999,False,linear,True,1,1.0,-,0.45,0.01,1.8074999999999999,1.0,0.5,2.0,0.40398875157209246,0.5960112484279075,0.36192226478861106,0.6015997546447397,0.08562583079168339,0.09365427961818375,0.29800562421395377,0.29800562421395377,7.534020590489973e-17,True,True,True,saddle,-0.9638462585457771,0.0,0.0856258307946685,0.0,1.0494720893090743,0.0,solution
eta,1.8074999999999999,False,nonlinear,True,1,1.0,upper,0.45,0.01,1.8074999999999999,1.0,0.5,2.0,0.6430751261702428,0.35692487382975724,0.24504219274227756,0.4950173661017132,0.10705287114400551,0.12018931411022356,0.4590590165427382,0.45905901654273823,5.551115123125783e-17,True,True,True,saddle,-1.6323515276038607,0.0,0.10705287114414257,0.0,1.7394043987377017,0.0,solution
eta,1.815,False,linear,True,1,1.0,-,0.45,0.01,1.815,1.0,0.5,2.0,0.4048224020311427,0.5951775979688573,0.362325963687104,0.6019351822971507,0.08594505338430852,0.09318411458197366,0.29758879898442864,0.29758879898442864,1.4079191955672243e-16,True,True,True,saddle,-0.9633851308972268,0.0,0.08594505338588365,0.0,1.0493301842783196,0.0,solution
eta,1.815,False,nonlinear,True,1,1.0,upper,0.45,0.01,1.815,1.0,0.5,2.0,0.6434994415065048,0.35650055849349516,0.24517335517456762,0.49514983103558424,0.10752275452765812,0.11965982150632899,0.45881582057464243,0.4588158205746424,5.551115123125783e-17,True,True,True,saddle,-1.6333254490152336,0.0,0.10752275452835508,0.0,1.7408482035065553,0.0,solution
eta,1.8225,False,linear,True,1,1.0,-,0.45,0.01,1.8225,1.0,0.5,2.0,0.4056454536687717,0.5943545463312283,0.3627251930433214,0.6022667125479553,0.08626119781519237,0.09271878153822778,0.29717727316561415,0.29717727316561415,4.027058609283001e-17,True,True,True,saddle,-0.9629324193783276,0.0,0.08626119781540324,0.0,1.0491936172093514,0.0,solution
eta,1.8225,False,nonlinear,True,1,1.0,upper,0.45,0.01,1.8225,1.0,0.5,2.0,0.6439188489921811,0.3560811510078189,0.24530348618558967,0.4952812192942406,0.10798849860560726,0.11913495271198449,0.45857472980953146,0.45857472980953157,1.8245183616867163e-13,True,True,True,saddle,-1.6342894114749293,0.0,0.10798849860533617,0.0,1.7422779100631938,0.0,solution
eta,1.83,False,linear,True,1,1.0,-,0.45,0.01,1.83,1.0,0.5,2.0,0.40645811096962514,0.5935418890303749,0.36312002826436135,0.6025944143985749,0.08657430941100126,0.09225820410964004,0.29677094451518743,0.29677094451518743,1.5117908103061184e-17,True,True,True,saddle,-0.96248790487156,0.0,0.08657430941369561,0.0,1.0490622142543458,0.0,solution
eta,1.83,False,nonlinear,True,1,1.0,upper,0.45,0.01,1.83,1.0,0.5,2.0,0.6443334335707618,0.3556665664292382,0.24543259632535136,0.49541154238203955,0.10845015787994987,0.11861464804813235,0.458335719907349,0.458335719907349,5.222071299106608e-13,True,True,True,saddle,-1.635243565899669,0.0,0.10845015788015197,0.0,1.743693723747745,0.0,solution
eta,1.8375,False,linear,True,1,1.0,-,0.45,0.01,1.8375,1.0,0.5,2.0,0.40726057310978214,0.5927394268902179,0.36351054303477853,0.6029183551980969,0.08688443259032232,0.09180230757053409,0.29636971344510893,0.29636971344510893,8.576027709638105e-17,True,True,True,saddle,-0.9620513754763468,0.0,0.08688443259122045,0.0,1.0489358080331233,0.0,solution
eta,1.8375,False,nonlinear,True,1,1.0,upper,0.45,0.01,1.8375,1.0,0.5,2.0,0.6447432782362301,0.3552567217637699,0.2455606960502303,0.4955408116898449,0.10890778590170869,0.11809884883786112,0.45809876681085854,0.45809876681085854,2.726271386979454e-17,True,True,True,saddle,-1.6361880600796392,0.0,0.108907785901632,0.0,1.7450958459758061,0.0,solution
eta,1.845,False,linear,True,1,1.0,-,0.45,0.01,1.845,1.0,0.5,2.0,0.40805303413022176,0.5919469658697782,0.3638968093664918,0.6032386006933673,0.087191610886909,0.09135101880107571,0.2959734829348891,0.2959734829348891,7.070115786060435e-17,True,True,True,saddle,-0.9616226264283402,0.0,0.08719161088645662,0.0,1.0488142373551843,0.0,solution
eta,1.845,False,nonlinear,True,1,1.0,upper,0.45,0.01,1.845,1.0,0.5,2.0,0.6451484640841803,0.35485153591581975,0.2456877957204213,0.4956690384928448,0.10936143529165082,0.11758749738656901,0.4578638467480069,0.4578638467480069,4.0915237151732056e-17,True,True,True,saddle,-1.63712303901146,0.0,0.10936143529170493,0.0,1.7464844742978674,0.0,solution
eta,1.8525,False,linear,True,1,1.0,-,0.45,0.01,1.8525,1.0,0.5,2.0,0.4088356831034552,0.5911643168965448,0.36427889764693366,0.6035552150772402,0.08749588697219636,0.09090426624304557,0.2955821584482724,0.2955821584482724,7.58307786661306e-17,True,True,True,saddle,-0.9612014599856258,0.0,0.08749588697061046,0.0,1.0486973469977474,0.0,solution
eta,1.8525,False,nonlinear,True,1,1.0,upper,0.45,0.01,1.8525,1.0,0.5,2.0,0.6455490703696012,0.3544509296303988,0.24581390560021005,0.49579623395121714,0.10981115776003475,0.11708053696191756,0.4576309362290897,0.4576309362290898,1.1102230246251565e-16,True,True,True,saddle,-1.638048644616054,0.0,0.10981115776032363,0.0,1.7478598023665797,0.0,solution
eta,1.8599999999999999,False,linear,True,1,1.0,-,0.45,0.01,1.8599999999999999,1.0,0.5,2.0,0.40960870429363394,0.5903912957063661,0.36465687668551294,0.6038682610350646,0.08779730267711289,0.09046197985710802,0.29519564785318303,0.29519564785318303,6.072756908762294e-17,True,True,True,saddle,-0.9607876846656053,0.0,0.08779730267893134,0.0,1.0485849873117454,0.0,solution
eta,1.8599999999999999,False,nonlinear,True,1,1.0,upper,0.45,0.01,1.8599999999999999,1.0,0.5,2.0,0.6459451745570473,0.35405482544295275,0.24593903585658722,0.4959224091091138,0.11025700412622202,0.11657791177467677,0.4574000120470261,0.457400012047026,1.1102230246251565e-16,True,True,True,saddle,-1.6389650162782086,0.0,0.11025700412589613,0.0,1.7492220204141713,0.0,solution
eta,1.8675,False,linear,True,1,1.0,-,0.45,0.01,1.8675,1.0,0.5,2.0,0.4103722773104387,0.5896277226895613,0.3650308137584628,0.6041777997894848,0.08809589901321545,0.09002409108151638,0.29481386134478066,0.29481386134478066,1.5704042547626733e-16,True,True,True,saddle,-0.9603811153125773,0.0,0.08809589901342714,0.0,1.0484770142985984,0.0,solution
eta,1.8675,False,nonlinear,True,1,1.0,upper,0.45,0.01,1.8675,1.0,0.5,2.0,0.6463368523712152,0.3536631476287848,0.2460631965586726,0.49604757489445767,0.11069902433765788,0.11607956695983616,0.45717105127617036,0.45717105127617036,8.195550789969117e-17,True,True,True,saddle,-1.6398722905499337,0.0,0.11069902433738046,0.0,1.7505713148854987,0.0,solution
eta,1.875,False,linear,True,1,1.0,-,0.45,0.01,1.875,1.0,0.5,2.0,0.4111265772570276,0.5888734227429724,0.3654007746521385,0.6044838911436256,0.08839171619317197,0.08959053279219654,0.2944367113714862,0.2944367113714862,4.563858973890065e-17,True,True,True,saddle,-0.959981572865184,0.0,0.08839171619076101,0.0,1.0483732890941195,0.0,solution
eta,1.875,False,nonlinear,True,1,1.0,upper,0.45,0.01,1.875,1.0,0.5,2.0,0.6467241778455013,0.3532758221544987,0.2461863976771604,0.4961717421187551,0.11113726748839478,0.11558544855816547,0.45694403127112343,0.45694403127112343,6.149740658640945e-17,True,True,True,saddle,-1.6407706013890049,0.0,0.1111372674886921,0.0,1.7519078688729692,0.0,solution
eta,1.8825,False,linear,True,1,1.0,-,0.45,0.01,1.8825,1.0,0.5,2.0,0.4118717748723163,0.5881282251276837,0.3657668237048294,0.6047865935227312,0.0886847936506164,0.08916123926415455,0.29406411256384185,0.29406411256384185,3.04562061990834e-17,True,True,True,saddle,-0.959588884025833,0.0,0.08868479365111924,0.0,1.0482736776563895,0.0,solution
eta,1.8825,False,nonlinear,True,1,1.0,upper,0.45,0.01,1.8825,1.0,0.5,2.0,0.647107223368947,0.352892776631053,0.2463086490838856,0.4962949214770242,0.11157178183715102,0.11509550349818809,0.45671892966535754,0.4567189296653575,5.551115123125783e-17,True,True,True,saddle,-1.6416600801964323,0.0,0.11157178183741419,0.0,1.75323186199132,0.0,solution
eta,1.89,False,linear,True,1,1.0,-,0.45,0.01,1.89,1.0,0.5,2.0,0.41260803666783696,0.587391963332163,0.3661290238471439,0.6050859640143241,0.08897517005939852,0.08873614613415563,0.2936959816660815,0.2936959816660815,2.5405304516164512e-17,True,True,True,saddle,-0.959202880900048,0.0,0.08897517006037582,0.0,1.0481780509200596,0.0,solution
eta,1.89,False,nonlinear,True,1,1.0,upper,0.45,0.01,1.89,1.0,0.5,2.0,0.6474860597316305,0.35251394026836946,0.24642996055150038,0.49641712354782885,0.11200261482491775,0.11460967957855928,0.45649572436967584,0.45649572436967584,4.1038832424261715e-17,True,True,True,saddle,-1.6425408557790078,0.0,0.11200261482490383,0.0,1.754543470574263,0.0,solution
eta,1.8975,False,linear,True,1,1.0,-,0.45,0.01,1.8975,1.0,0.5,2.0,0.41333552505942805,0.586664474940572,0.3664874366410269,0.6053820584069426,0.0892628833522509,0.08831519036462494,0.293332237470286,0.293332237470286,1.0680673247861434e-16,True,True,True,saddle,-0.9588234010682191,0.0,0.08926288335411477,0.0,1.0480862844040642,0.0,solution
eta,1.8975,False,nonlinear,True,1,1.0,upper,0.45,0.01,1.8975,1.0,0.5,2.0,0.6478607561685666,0.35213924383143336,0.24655034175325471,0.49653835879341157,0.11242981309212696,0.11412792545083783,0.4562743935705193,0.45627439357051935,5.551115123125783e-17,True,True,True,saddle,-1.643413054442687,0.0,0.11242981309263672,0.0,1.7558428675022868,0.0,solution
eta,1.905,False,linear,True,1,1.0,-,0.45,0.01,1.905,1.0,0.5,2.0,0.41405439849397385,0.5859456015060261,0.36684212231746255,0.6056749312275213,0.08954797073889342,0.087898310208722,0.2929728007530131,0.2929728007530131,1.2218297117976148e-16,True,True,True,saddle,-0.9584502871996429,0.0,0.08954797074025328,0.0,1.0479982579062392,0.0,solution
eta,1.905,False,nonlinear,True,1,1.0,upper,0.45,0.01,1.905,1.0,0.5,2.0,0.648231380402171,0.351768619597829,0.24666980226287263,0.4966586375599166,0.11285342249539317,0.11365019060264435,0.45605491572813384,0.4560549157281338,5.551115123125783e-17,True,True,True,saddle,-1.6442768002091965,0.0,0.11285342249540592,0.0,1.7571302226898056,0.0,solution
eta,1.9124999999999999,False,linear,True,1,1.0,-,0.45,0.01,1.9124999999999999,1.0,0.5,2.0,0.41476481157141676,0.5852351884285832,0.36719313981291496,0.6059646357774643,0.08983046872359672,0.08748544517654434,0.2926175942142916,0.2926175942142916,5.605411326689658e-17,True,True,True,saddle,-0.9580833868338433,0.0,0.08983046872428223,0.0,1.0479138555137681,0.0,solution
eta,1.9124999999999999,False,nonlinear,True,1,1.0,upper,0.45,0.01,1.9124999999999999,1.0,0.5,2.0,0.6485979986833414,0.35140200131665855,0.24678835155451828,0.4967779700776981,0.11327348812384064,0.11317642534119524,0.4558372695746113,0.4558372695746113,5.479802202102275e-17,True,True,True,saddle,-1.6451322147454353,0.0,0.11327348812393939,0.0,1.7584057028280649,0.0,solution
eta,1.92,False,linear,True,1,1.0,-,0.45,0.01,1.92,1.0,0.5,2.0,0.41546691516224865,0.5845330848377513,0.36754054680455817,0.6062512241674718,0.09011041312222223,0.08707653600241547,0.2922665424188757,0.2922665424188757,4.080519775457405e-17,True,True,True,saddle,-0.9577225522651328,0.0,0.0901104131236501,0.0,1.0478329653525316,0.0,solution
eta,1.92,False,nonlinear,True,1,1.0,upper,0.45,0.01,1.92,1.0,0.5,2.0,0.6489606758312116,0.35103932416878836,0.24690599900284457,0.49689636646170454,0.1136900543150283,0.11270658077720466,0.4556214341118174,0.4556214341118174,2.0559054375827548e-17,True,True,True,saddle,-1.6459794173218785,0.0,0.11369005431494629,0.0,1.7596694716217165,0.0,solution
eta,1.9275,False,linear,True,1,1.0,-,0.45,0.01,1.9275,1.0,0.5,2.0,0.41616085652067525,0.5838391434793248,0.36788439974434045,0.6065347473511641,0.09038783907875896,0.0866715246132172,0.2919195717396624,0.2919195717396624,1.5316264912371444e-17,True,True,True,saddle,-0.9573676403256632,0.0,0.09038783907956423,0.0,1.0477554793554578,0.0,solution
eta,1.9275,False,nonlinear,True,1,1.0,upper,0.45,0.01,1.9275,1.0,0.5,2.0,0.6493194752716229,0.3506805247283771,0.24702275388311848,0.4970138367119355,0.11410316467048297,0.11224060880914608,0.4554073886092145,0.45540738860921437,1.1102230246251565e-16,True,True,True,saddle,-1.6468185250269105,0.0,0.11410316467102996,0.0,1.7609216896820494,0.0,solution
eta,1.935,False,linear,True,1,1.0,-,0.45,0.01,1.935,1.0,0.5,2.0,0.41684677939364023,0.5831532206063598,0.3682247538919305,0.6068152551575565,0.09066278108137368,0.08627035409772586,0.2915766103031799,0.2915766103031799,3.066087000058147e-17,True,True,True,saddle,-0.9570185122985467,0.0,0.09066278108181987,0.0,1.0476812933281938,0.0,solution
eta,1.935,False,nonlinear,True,1,1.0,upper,0.45,0.01,1.935,1.0,0.5,2.0,0.6496744590743654,0.3503255409256346,0.2471386253714183,0.4971303907139638,0.1145128620708526,0.1117784621078637,0.4551951126015921,0.45519511260159223,1.1102230246251565e-16,True,True,True,saddle,-1.6476496527850617,0.0,0.11451286206981437,0.0,1.7621625148145723,0.0,solution
eta,1.9425,False,linear,True,1,1.0,-,0.45,0.01,1.9425,1.0,0.5,2.0,0.4175248241258891,0.5824751758741109,0.3685616633465873,0.6070927963224299,0.09093527297799199,0.08587296867691459,0.29123758793705545,0.29123758793705545,1.6878907841462983e-16,True,True,True,saddle,-0.956675033505483,0.0,0.09093527297618154,0.0,1.0476103065141267,0.0,solution
eta,1.9425,False,nonlinear,True,1,1.0,upper,0.45,0.01,1.9425,1.0,0.5,2.0,0.6500256879892319,0.3499743120107681,0.24725362254489616,0.49724603823951796,0.11491918869068954,0.11132009410152738,0.4549845858867154,0.4549845858867153,1.1102230246251565e-16,True,True,True,saddle,-1.6484729132260247,0.0,0.11491918869090716,0.0,1.7633921018924381,0.0,solution
eta,1.95,False,linear,True,1,1.0,-,0.45,0.01,1.95,1.0,0.5,2.0,0.418195127761237,0.581804872238763,0.3688951810779963,0.6073674185186396,0.09120534799142645,0.08547931367518573,0.2909024361193815,0.2909024361193815,3.583614332428006e-17,True,True,True,saddle,-0.9563370736063039,0.0,0.09120534798882673,0.0,1.047542421613856,0.0,solution
eta,1.95,False,nonlinear,True,1,1.0,upper,0.45,0.01,1.95,1.0,0.5,2.0,0.6503732214809296,0.3496267785190704,0.24736775438210223,0.4973607889471206,0.11532218601287485,0.1108654589609209,0.4547757885228947,0.4547757885228946,1.1102230246251565e-16,True,True,True,saddle,-1.6492884171525106,0.0,0.11532218601382427,0.0,1.7646106031388786,0.0,solution
eta,1.9575,False,linear,True,1,1.0,-,0.45,0.01,1.9575,1.0,0.5,2.0,0.418857824140206,0.581142175859794,0.3692253589561111,0.6076391683854088,0.09147303873406744,0.08508933549249863,0.290571087929897,0.290571087929897,4.6116280663713314e-17,True,True,True,saddle,-0.9560045059339802,0.0,0.09147303873488187,0.0,1.04747754463914,0.0,solution
eta,1.9575,False,nonlinear,True,1,1.0,upper,0.45,0.01,1.9575,1.0,0.5,2.0,0.6507171177628901,0.3492828822371099,0.24748102976336436,0.49747465238277655,0.11572189484269281,0.11041451158505776,0.4545687008264942,0.45456870082649425,5.551115123125783e-17,True,True,True,saddle,-1.6500962731077697,0.0,0.11572189484289726,0.0,1.7658181679230864,0.0,solution
eta,1.9649999999999999,False,linear,True,1,1.0,-,0.45,0.01,1.9649999999999999,1.0,0.5,2.0,0.4195130439941773,0.5804869560058227,0.36955224778003715,0.6079080915566408,0.09173837722215203,0.08470298157735962,0.29024347800291134,0.29024347800291134,9.231421821466008e-17,True,True,True,saddle,-0.955677207617928,0.0,0.09173837722395846,0.0,1.0474155848069457,0.0,solution
eta,1.9649999999999999,False,nonlinear,True,1,1.0,upper,0.45,0.01,1.9649999999999999,1.0,0.5,2.0,0.65105743383002,0.34894256616998,0.24759345747122077,0.49758763798070865,0.11611835532156604,0.10996720758711506,0.45436330336937825,0.45436330336937825,1.202617312886057e-16,True,True,True,saddle,-1.6508965877104116,0.0,0.11611835532118885,0.0,1.7670149430352433,0.0,solution
eta,1.9725,False,linear,True,1,1.0,-,0.45,0.01,1.9725,1.0,0.5,2.0,0.4201609150362129,0.5798390849637871,0.3698758973059965,0.6081742326882951,0.09200139488962478,0.08432020040064245,0.28991954248189356,0.28991954248189356,8.212894748860145e-17,True,True,True,saddle,-0.955355059447367,0.0,0.09200139488655465,0.0,1.0473564543781406,0.0,solution
eta,1.9725,False,nonlinear,True,1,1.0,upper,0.45,0.01,1.9725,1.0,0.5,2.0,0.6513942254904278,0.3486057745095722,0.24770504619090009,0.4976997550641351,0.11651160694046027,0.10952350328067893,0.454159576976307,0.454159576976307,8.593995174905475e-17,True,True,True,saddle,-1.6516894656700354,0.0,0.11651160694014326,0.0,1.7682010725878283,0.0,solution
eta,1.98,False,linear,True,1,1.0,-,0.45,0.01,1.98,1.0,0.5,2.0,0.42080156204867425,0.5791984379513258,0.3701963562744049,0.608437635484858,0.09226212260160488,0.08394094143020905,0.2895992189756629,0.2895992189756629,6.165007775522728e-17,True,True,True,saddle,-0.955037945769767,0.0,0.09226212260040674,0.0,1.0473000684023053,0.0,solution
eta,1.98,False,nonlinear,True,1,1.0,upper,0.45,0.01,1.98,1.0,0.5,2.0,0.6517275473961673,0.34827245260383266,0.24781580451084542,0.4978110128460854,0.11690168855296786,0.10908335566629372,0.4539575027222876,0.4539575027222876,6.534356785806249e-17,True,True,True,saddle,-1.6524750096305143,0.0,0.11690168855342105,0.0,1.7693766981597912,0.0,solution
eta,1.9875,False,linear,True,1,1.0,-,0.45,0.01,1.9875,1.0,0.5,2.0,0.4214351069677811,0.5785648930322189,0.37051367243609684,0.6086983427249468,0.09252059066747259,0.08356515510630134,0.28928244651610946,0.28928244651610946,6.170292151154669e-17,True,True,True,saddle,-0.9547257542404426,0.0,0.09252059066653608,0.0,1.0472463449260612,0.0,solution
eta,1.9875,False,nonlinear,True,1,1.0,upper,0.45,0.01,1.9875,1.0,0.5,2.0,0.6520574530730303,0.3479425469269697,0.24792574092327951,0.4979214204302517,0.11728863838807893,0.10864672241830776,0.45375706192988624,0.45375706192988635,1.1102230246251565e-16,True,True,True,saddle,-1.653253320584321,0.0,0.11728863838819614,0.0,1.770541958932436,0.0,solution
eta,1.9949999999999999,False,linear,True,1,1.0,-,0.45,0.01,1.9949999999999999,1.0,0.5,2.0,0.422061668965225,0.577938331034775,0.3708278925777292,0.6089563962860799,0.09277682885358784,0.08319279281767622,0.2889691655173875,0.2889691655173875,8.234033290260383e-17,True,True,True,saddle,-0.9544183757309546,0.0,0.09277682885474109,0.0,1.0471952046246091,0.0,solution
eta,1.9949999999999999,False,nonlinear,True,1,1.0,upper,0.45,0.01,1.9949999999999999,1.0,0.5,2.0,0.652383994949423,0.347616005050577,0.24803486382480627,0.49803098681187125,0.11767249406264894,0.10821356187200898,0.4535582361665085,0.4535582361665084,5.551115123125783e-17,True,True,True,saddle,-1.6540244975290643,0.0,0.11767249406263072,0.0,1.7716969915469827,0.0,solution
eta,2.0025,False,linear,True,1,1.0,-,0.45,0.01,2.0025,1.0,0.5,2.0,0.42268136452696625,0.5773186354730337,0.3711390625463934,0.6092118371686431,0.09303086639565337,0.08282380687845722,0.2886593177365169,0.2886593177365169,5.150589157210025e-18,True,True,True,saddle,-0.9541157043097276,0.0,0.09303086639536744,0.0,1.0471465707105292,0.0,solution
eta,2.0025,False,nonlinear,True,1,1.0,upper,0.45,0.01,2.0025,1.0,0.5,2.0,0.6527072243843606,0.3472927756156394,0.24814318151704698,0.4981397208786376,0.11805329259357036,0.10778383301104275,0.4533610072416491,0.4533610072416491,6.198621154289216e-17,True,True,True,saddle,-1.6547886377463152,0.0,0.118053292593604,0.0,1.7728419303319487,0.0,solution
eta,2.01,False,linear,True,1,1.0,-,0.45,0.01,2.01,1.0,0.5,2.0,0.4232943075293216,0.5767056924706784,0.3714472272734663,0.609464705519086,0.09328273201073402,0.08245815050567726,0.2883528462353392,0.2883528462353392,5.154865801902196e-18,True,True,True,saddle,-0.9538176370240372,0.0,0.09328273200942928,0.0,1.0471003690418277,0.0,solution
eta,2.01,False,nonlinear,True,1,1.0,upper,0.45,0.01,2.01,1.0,0.5,2.0,0.6530271916946085,0.34697280830539146,0.24825070220730716,0.4982476314116377,0.11843107040965703,0.10735749545510598,0.45316535720412304,0.45316535720412304,3.4451705683739445e-17,True,True,True,saddle,-1.6555458367946818,0.0,0.11843107040990099,0.0,1.7739769071709166,0.0,solution
eta,2.0175,False,linear,True,1,1.0,-,0.45,0.01,2.0175,1.0,0.5,2.0,0.4239006093124563,0.5760993906875437,0.37175243079772596,0.6097150406523739,0.0935324539089439,0.08209577779748785,0.28804969534377184,0.28804969534377184,5.675011486815076e-17,True,True,True,saddle,-0.9535240738554887,0.0,0.09353245391013047,0.0,1.047056527736216,0.0,solution
eta,2.0175,False,nonlinear,True,1,1.0,upper,0.45,0.01,2.0175,1.0,0.5,2.0,0.6533439461810037,0.34665605381899633,0.24835743400927207,0.49835472708631157,0.11880586336324911,0.10693450944791068,0.4529712683392751,0.4529712683392749,1.6653345369377348e-16,True,True,True,saddle,-1.656296188435698,0.0,0.11880586336334338,0.0,1.775102051776735,0.0,solution
eta,2.025,False,linear,True,1,1.0,-,0.45,0.01,2.025,1.0,0.5,2.0,0.4245003787513806,0.5754996212486194,0.37205471628776093,0.6099628810737264,0.0937800598048117,0.0817366437120114,0.2877498106243097,0.2877498106243097,1.5489889216614466e-17,True,True,True,saddle,-0.9532349175310307,0.0,0.09378005980439613,0.0,1.0470149773627244,0.0,solution
eta,2.025,False,nonlinear,True,1,1.0,upper,0.45,0.01,2.025,1.0,0.5,2.0,0.6536575361539798,0.3463424638460202,0.24846338494372755,0.4984610164734325,0.11917770674154532,0.10651483584541008,0.4527787231661768,0.4527787231661768,1.5171737390745637e-16,True,True,True,saddle,-1.6570397848752958,0.0,0.11917770674190613,0.0,1.7762174916289006,0.0,solution
eta,2.0324999999999998,False,linear,True,1,1.0,-,0.45,0.01,2.0324999999999998,1.0,0.5,2.0,0.42509372232455245,0.5749062776754476,0.3723541260636965,0.6102082644996678,0.09402557692833546,0.08138070404681402,0.2874531388377238,0.2874531388377238,4.1339612407009396e-17,True,True,True,saddle,-0.9529500737064757,0.0,0.09402557693053824,0.0,1.0469756506004964,0.0,solution
eta,2.0324999999999998,False,nonlinear,True,1,1.0,upper,0.45,0.01,2.0324999999999998,1.0,0.5,2.0,0.6539680089583306,0.3460319910416694,0.24856856293930407,0.498566508040105,0.11954663527767095,0.10609843610428182,0.45258770443481483,0.45258770443481483,1.103866167092811e-16,True,True,True,saddle,-1.6577767166040045,0.0,0.11954663527867603,0.0,1.7773233518888207,0.0,solution
eta,2.04,False,linear,True,1,1.0,-,0.45,0.01,2.04,1.0,0.5,2.0,0.4256807441801793,0.5743192558198207,0.3726507016182641,0.6104512278784147,0.09426903203573625,0.08102791541897716,0.28715962790991034,0.28715962790991034,1.0343134726982897e-17,True,True,True,saddle,-0.9526694503719405,0.0,0.09426903203418605,0.0,1.0469384824368362,0.0,solution
eta,2.04,False,nonlinear,True,1,1.0,upper,0.45,0.01,2.04,1.0,0.5,2.0,0.6542754109972321,0.3457245890027679,0.24867297583324244,0.49867121015077903,0.11991268316148795,0.10568527227066148,0.4523981951232703,0.45239819512327023,5.551115123125783e-17,True,True,True,saddle,-1.6585070725797872,0.0,0.11991268316207954,0.0,1.7784197557263965,0.0,solution
eta,2.0475,False,linear,True,1,1.0,-,0.45,0.01,2.0475,1.0,0.5,2.0,0.4262615462003104,0.5737384537996896,0.37294448363723576,0.610691807409626,0.09451045141992065,0.08067823524574763,0.2868692268998448,0.2868692268998448,4.140515526409991e-17,True,True,True,saddle,-0.9523929583406997,0.0,0.09451045142099758,0.0,1.0469034097315306,0.0,solution
eta,2.0475,False,nonlinear,True,1,1.0,upper,0.45,0.01,2.0475,1.0,0.5,2.0,0.6545797877555523,0.34542021224444774,0.24877663137217776,0.49877513106827787,0.12027588405015412,0.10527530696912087,0.45221017843489675,0.45221017843489686,1.1102230246251565e-16,True,True,True,saddle,-1.6592309400848266,0.0,0.12027588405073557,0.0,1.7795068241219674,0.0,solution
eta,2.0549999999999997,False,linear,True,1,1.0,-,0.45,0.01,2.0549999999999997,1.0,0.5,2.0,0.42683622806280475,0.5731637719371953,0.3732355120192479,0.6109300385635396,0.09474986092066161,0.08033162172574561,0.2865818859685976,0.2865818859685976,3.625778266700873e-17,True,True,True,saddle,-0.9521205106303138,0.0,0.09474986092276957,0.0,1.0468703715204362,0.0,solution
eta,2.0549999999999997,False,nonlinear,True,1,1.0,upper,0.45,0.01,2.0549999999999997,1.0,0.5,2.0,0.6548811838224722,0.3451188161775278,0.24887953721294032,0.49887827895483716,0.12063627107843848,0.10486850339188482,0.4520236377954991,0.45202363779549914,5.551115123125783e-17,True,True,True,saddle,-1.6599484049774296,0.0,0.12063627107898925,0.0,1.780584676018945,0.0,solution
eta,2.0625,False,linear,True,1,1.0,-,0.45,0.01,2.0625,1.0,0.5,2.0,0.42740488730125625,0.5725951126987437,0.3735238258950337,0.6111659560995145,0.09498728593450649,0.07998803382071197,0.2862975563493719,0.2862975563493719,1.5032684751109495e-16,True,True,True,saddle,-0.9518520227758145,0.0,0.09498728593554585,0.0,1.046839308672027,0.0,solution
eta,2.0625,False,nonlinear,True,1,1.0,upper,0.45,0.01,2.0625,1.0,0.5,2.0,0.6551796429134421,0.3448203570865579,0.24898170092337188,0.49898066187315504,0.12099387686879894,0.10446482528828133,0.45183855685051316,0.4518385568505132,2.245954888738129e-16,True,True,True,saddle,-1.6606595516320246,0.0,0.12099387686846345,0.0,1.7816534284764916,0.0,solution
eta,2.07,False,linear,True,1,1.0,-,0.45,0.01,2.07,1.0,0.5,2.0,0.42796761936295935,0.5720323806370406,0.3738094636460876,0.6113995940840062,0.09522275142442077,0.07964743123777643,0.2860161903185203,0.2860161903185203,2.0750593668133343e-17,True,True,True,saddle,-0.95158741246965,0.0,0.09522275142361766,0.0,1.0468101639296492,0.0,solution
eta,2.07,False,nonlinear,True,1,1.0,upper,0.45,0.01,2.07,1.0,0.5,2.0,0.6554752078914943,0.34452479210850573,0.24908312998315468,0.4990822877874496,0.12134873354122852,0.10406423695441916,0.4516549194621932,0.45165491946219327,1.0370168473237463e-16,True,True,True,saddle,-1.6613644628334865,0.0,0.12134873354215761,0.0,1.7827131963601894,0.0,solution
eta,2.0774999999999997,False,linear,True,1,1.0,-,0.45,0.01,2.0774999999999997,1.0,0.5,2.0,0.42852451766498245,0.5714754823350175,0.37409246292277826,0.6116309859079887,0.0954562819291764,0.0793097744122287,0.2857377411675088,0.2857377411675088,9.344836477701025e-17,True,True,True,saddle,-0.9513265999018585,0.0,0.09545628192911271,0.0,1.0467828818147542,0.0,solution
eta,2.0774999999999997,False,nonlinear,True,1,1.0,upper,0.45,0.01,2.0774999999999997,1.0,0.5,2.0,0.655767920787937,0.344232079212063,0.24918383178465275,0.4991831645645241,0.12170087272287669,0.10366670322308744,0.451472709706806,0.451472709706806,1.1757609164994845e-16,True,True,True,saddle,-1.6620632200927838,0.0,0.12170087272298326,0.0,1.783764092801484,0.0,solution
eta,2.085,False,linear,True,1,1.0,-,0.45,0.01,2.085,1.0,0.5,2.0,0.42907567364843013,0.5709243263515699,0.37437286066193315,0.611860164303849,0.09568790157249195,0.078975024490776,0.28546216317578493,0.28546216317578493,7.793200681906195e-17,True,True,True,saddle,-0.9510695069998206,0.0,0.09568790157392296,0.0,1.0467574085520248,0.0,solution
eta,2.085,False,nonlinear,True,1,1.0,upper,0.45,0.01,2.085,1.0,0.5,2.0,0.6560578228224466,0.3439421771775534,0.249283813633763,0.49928329997483695,0.12205032555745127,0.10327218945387213,0.4512919118718357,0.4512919118718357,1.7989440921567063e-16,True,True,True,saddle,-1.6627559034056916,0.0,0.12205032555761039,0.0,1.7848062289514388,0.0,solution
eta,2.0925000000000002,False,linear,True,1,1.0,-,0.45,0.01,2.0925000000000002,1.0,0.5,2.0,0.4296211768309546,0.5703788231690454,0.3746506931039087,0.6120871613617693,0.09591763407193318,0.07864314331527061,0.2851894115845227,0.2851894115845227,3.119593692567996e-17,True,True,True,saddle,-0.9508160580314045,0.0,0.095917634073548,0.0,1.046733692123884,0.0,solution
eta,2.0925000000000002,False,nonlinear,True,1,1.0,upper,0.45,0.01,2.0925000000000002,1.0,0.5,2.0,0.6563449544225817,0.3436550455774183,0.24938308275077442,0.4993827016935753,0.12239712271440673,0.1028806615234844,0.45111251045320183,0.4511125104532017,1.1102230246251565e-16,True,True,True,saddle,-1.6634425914282904,0.0,0.12239712271355338,0.0,1.7858397141088915,0.0,solution
eta,2.0999999999999996,False,linear,True,1,1.0,-,0.45,0.01,2.0999999999999996,1.0,0.5,2.0,0.4301611148575887,0.5698388851424113,0.3749259958091675,0.6123120085456168,0.09614550274758078,0.07831409340689165,0.28491944257120566,0.28491944257120566,5.723457754820475e-17,True,True,True,saddle,-0.9505661793036754,0.0,0.09614550274931802,0.0,1.046711682024133,0.0,solution
eta,2.0999999999999996,False,nonlinear,True,1,1.0,upper,0.45,0.01,2.0999999999999996,1.0,0.5,2.0,0.6566293552427366,0.3433706447572634,0.24948164627123626,0.4994813773017331,0.1227412943979248,0.10249208581629532,0.45093449015248915,0.45093449015248926,1.1102230246251565e-16,True,True,True,saddle,-1.664123361466323,0.0,0.12274129439848364,0.0,1.7868646558348404,0.0,solution
eta,2.1075,False,linear,True,1,1.0,-,0.45,0.01,2.1075,1.0,0.5,2.0,0.43069557354995947,0.5693044264500405,0.3751988036743771,0.6125347367083577,0.09637153053047319,0.07798783795076586,0.28465221322502027,0.28465221322502027,1.30173234578471e-16,True,True,True,saddle,-0.9503197988017701,0.0,0.09637153053258876,0.0,1.046691329312374,0.0,solution
eta,2.1075,False,nonlinear,True,1,1.0,upper,0.45,0.01,2.1075,1.0,0.5,2.0,0.6569110641825532,0.3430889358174468,0.24957951124683025,0.4995793342871883,0.12308287035569276,0.10210642921507247,0.45075783587419743,0.4507578358741974,1.662533519165545e-16,True,True,True,saddle,-1.664798289500481,0.0,0.12308287035567324,0.0,1.787881159822143,0.0,solution
eta,2.115,False,linear,True,1,1.0,-,0.45,0.01,2.115,1.0,0.5,2.0,0.43122463695394386,0.5687753630460561,0.37546915094804634,0.6127553761070125,0.09659573997083051,0.07766434078101389,0.28438768152302807,0.28438768152302807,1.0421362410474487e-17,True,True,True,saddle,-0.9500768465340332,0.0,0.09659573997158544,0.0,1.0466725865377913,0.0,solution
eta,2.115,False,nonlinear,True,1,1.0,upper,0.45,0.01,2.115,1.0,0.5,2.0,0.6571901194048094,0.3428098805951906,0.24967668464624998,0.4996765800457832,0.12342187988748388,0.10172365909191373,0.4505825327230035,0.4505825327230035,5.543936080126821e-17,True,True,True,saddle,-1.665467450300117,0.0,0.12342187988685799,0.0,1.7888893301868902,0.0,solution
eta,2.1225,False,linear,True,1,1.0,-,0.45,0.01,2.1225,1.0,0.5,2.0,0.43174838738582333,0.5682516126141767,0.375737071245717,0.6129739564171687,0.09681815324606724,0.07734356636620687,0.28412580630708834,0.28412580630708834,1.3436217866933836e-18,True,True,True,saddle,-0.9498372544758008,0.0,0.09681815324966911,0.0,1.0466554076861614,0.0,solution
eta,2.1225,False,nonlinear,True,1,1.0,upper,0.45,0.01,2.1225,1.0,0.5,2.0,0.657466558352801,0.342533441647199,0.24977317335608165,0.4997731218824014,0.12375835185354625,0.10134374329937308,0.4504085660010479,0.45040856600104784,1.1785416939728532e-16,True,True,True,saddle,-1.6661309172712973,0.0,0.12375835185319742,0.0,1.7898892691283663,0.0,solution
eta,2.13,False,linear,True,1,1.0,-,0.45,0.01,2.13,1.0,0.5,2.0,0.4322669054769962,0.5677330945230038,0.3760025975647236,0.613190506747066,0.09703879216859951,0.07702547979522081,0.2838665472615019,0.2838665472615019,6.261701117028344e-17,True,True,True,saddle,-0.9496009560885061,0.0,0.09703879216914031,0.0,1.046639748255865,0.0,solution
eta,2.13,False,nonlinear,True,1,1.0,upper,0.45,0.01,2.13,1.0,0.5,2.0,0.6577404177672344,0.34225958223276565,0.24986898418169068,0.49986896701204675,0.12409231468280481,0.10096665016177417,0.45023592120523687,0.45023592120523676,1.1102230246251565e-16,True,True,True,saddle,-1.6667887626244087,0.0,0.12409231468309043,0.0,1.7908810773042474,0.0,solution
eta,2.1375,False,linear,True,1,1.0,-,0.45,0.01,2.1375,1.0,0.5,2.0,0.43278027021729515,0.5672197297827049,0.37626576229853653,0.6134050556512691,0.09725767819345339,0.0767100467634755,0.2836098648913524,0.2836098648913524,1.5665209225573928e-17,True,True,True,saddle,-0.9493678866414023,0.0,0.0972576781941972,0.0,1.0466255648472726,0.0,solution
eta,2.1375,False,nonlinear,True,1,1.0,upper,0.45,0.01,2.1375,1.0,0.5,2.0,0.6580117337026452,0.3419882662973548,0.2499641238481074,0.49996412256091677,0.1244237963808799,0.10059234846670756,0.4500645840245687,0.45006458402456867,5.551115123125783e-17,True,True,True,saddle,-1.6674410573817264,0.0,0.1244237963812304,0.0,1.7918648537674084,0.0,solution
eta,2.145,False,linear,True,1,1.0,-,0.45,0.01,2.145,1.0,0.5,2.0,0.4332885589969645,0.5667114410030355,0.3765265972507026,0.6136176311439417,0.0974748324256802,0.07639723355954602,0.28335572050151775,0.28335572050151775,3.135213732386199e-17,True,True,True,saddle,-0.9491379831867335,0.0,0.09747483242655246,0.0,1.046612815597515,0.0,solution
eta,2.145,False,nonlinear,True,1,1.0,upper,0.45,0.01,2.145,1.0,0.5,2.0,0.658280541543359,0.341719458456641,0.25005859900091576,0.5000585955674752,0.12475282453792928,0.10022080745670683,0.44989454033748216,0.449894540337482,1.6653345369377348e-16,True,True,True,saddle,-1.6680878713772807,0.0,0.1247528245376182,0.0,1.7928406958677061,0.0,solution
eta,2.1525,False,linear,True,1,1.0,-,0.45,0.01,2.1525,1.0,0.5,2.0,0.4337918476473438,0.5662081523526562,0.37678513364839583,0.6138282607117367,0.09769027562758448,0.07608700705213403,0.2831040761763281,0.2831040761763281,1.3557249160465256e-18,True,True,True,saddle,-0.948911184126265,0.0,0.097690275626423,0.0,1.0466014597202309,0.0,solution
eta,2.1525,False,nonlinear,True,1,1.0,upper,0.45,0.01,2.1525,1.0,0.5,2.0,0.6585468760190076,0.34145312398099237,0.25015241620714174,0.5001523929835203,0.12507942633631677,0.09985199682109912,0.4497257762092267,0.4497257762092268,1.4580561037286156e-16,True,True,True,saddle,-1.668729273222609,0.0,0.12507942633596864,0.0,1.793808699522994,0.0,solution
eta,2.16,False,linear,True,1,1.0,-,0.45,0.01,2.16,1.0,0.5,2.0,0.43429021048030747,0.5657097895196925,0.3770414021555916,0.6140369713263132,0.09790402822577063,0.07577933467738845,0.28285489475984626,0.28285489475984626,1.0465001147752274e-17,True,True,True,saddle,-0.9486874295272563,0.0,0.09790402822411622,0.0,1.0465914577854174,0.0,solution
eta,2.16,False,nonlinear,True,1,1.0,upper,0.45,0.01,2.16,1.0,0.5,2.0,0.658810771219618,0.34118922878038205,0.25024558195614016,0.5002455216752472,0.12540362855811157,0.0994858866880272,0.4495582778892604,0.44955827788926034,7.640281189706782e-17,True,True,True,saddle,-1.6693653305176825,0.0,0.12540362855856446,0.0,1.7947689590175149,0.0,solution
eta,2.1675,False,linear,True,1,1.0,-,0.45,0.01,2.1675,1.0,0.5,2.0,0.43478372032650003,0.5652162796735,0.3772954328858764,0.6142437894564962,0.09811611031801308,0.07547418442656366,0.28260813983675,0.28260813983675,1.4137270087808773e-16,True,True,True,saddle,-0.9484666611256631,0.0,0.09811611031973101,0.0,1.0465827714029352,0.0,solution
eta,2.1675,False,nonlinear,True,1,1.0,upper,0.45,0.01,2.1675,1.0,0.5,2.0,0.6590722606102838,0.3409277393897162,0.25033810266048284,0.5003379884243079,0.12572545759242412,0.09912244761663734,0.4493920318086678,0.44939203180866794,1.5981039717092042e-16,True,True,True,saddle,-1.6699961095559375,0.0,0.1257254575924855,0.0,1.795721567098297,0.0,solution
eta,2.175,False,linear,True,1,1.0,-,0.45,0.01,2.175,1.0,0.5,2.0,0.43527244857241376,0.5647275514275862,0.37754725541490486,0.6144487410800878,0.09832654167995566,0.07517152483400481,0.2823637757137931,0.2823637757137931,5.239520698070777e-17,True,True,True,saddle,-0.9482488217429942,0.0,0.09832654167753463,0.0,1.0465753634435777,0.0,solution
eta,2.175,False,nonlinear,True,1,1.0,upper,0.45,0.01,2.175,1.0,0.5,2.0,0.6593313770454365,0.34066862295456346,0.2504299846568417,0.5004297999288628,0.12604493944258102,0.09876165058943068,0.44922702457761,0.4492270245776099,1.1102230246251565e-16,True,True,True,saddle,-1.6706216757645325,0.0,0.12604493944206446,0.0,1.7966666151763675,0.0,solution
eta,2.1825,False,linear,True,1,1.0,-,0.45,0.01,2.1825,1.0,0.5,2.0,0.4357564651963506,0.5642435348036494,0.377796898792516,0.6146518516953446,0.09853534177164479,0.07487132496545013,0.2821217674018247,0.2821217674018247,3.6700896371250235e-17,True,True,True,saddle,-0.9480338559256539,0.0,0.09853534176931358,0.0,1.0465691977238256,0.0,solution
eta,2.1825,False,nonlinear,True,1,1.0,upper,0.45,0.01,2.1825,1.0,0.5,2.0,0.6595881527827264,0.3404118472172736,0.25052123420687245,0.5005209628046287,0.12636209973314413,0.09840346700477301,0.4490632429827944,0.4490632429827943,1.460205822463401e-16,True,True,True,saddle,-1.6712420933403382,0.0,0.12636209973322346,0.0,1.7976041930509745,0.0,solution
eta,2.19,False,linear,True,1,1.0,-,0.45,0.01,2.19,1.0,0.5,2.0,0.4362358388033013,0.5637641611966987,0.3780443915545186,0.6148531463321291,0.09874252974390178,0.07457355440664014,0.28188208059834935,0.28188208059834935,1.1017481680648659e-16,True,True,True,saddle,-0.9478217095144459,0.0,0.09874252974431995,0.0,1.0465642392137455,0.0,solution
eta,2.19,False,nonlinear,True,1,1.0,upper,0.45,0.01,2.19,1.0,0.5,2.0,0.6598426194965266,0.34015738050347344,0.2506118574980927,0.5006114835859169,0.12667696371677695,0.09804786866956045,0.4489006739849771,0.44890067398497724,1.1102230246251565e-16,True,True,True,saddle,-1.6718574255261256,0.0,0.126676963716474,0.0,1.7985343892206809,0.0,solution
eta,2.1975,False,linear,True,1,1.0,-,0.45,0.01,2.1975,1.0,0.5,2.0,0.4367106366587893,0.5632893633412107,0.3782897617341579,0.6150526495627492,0.09894812444453857,0.0742781832522243,0.28164468167060536,0.28164468167060536,7.349755060501465e-17,True,True,True,saddle,-0.9476123295062991,0.0,0.09894812444784501,0.0,1.0465604539190922,0.0,solution
eta,2.1975,False,nonlinear,True,1,1.0,upper,0.45,0.01,2.1975,1.0,0.5,2.0,0.6600948082910716,0.3399051917089284,0.25070186064475813,0.5007013687266674,0.1269895562809634,0.09769482779203627,0.4487393047164902,0.4487393047164901,1.4612586345219337e-16,True,True,True,saddle,-1.6724677344899181,0.0,0.12698955628103525,0.0,1.7994572907168684,0.0,solution
eta,2.205,False,linear,True,1,1.0,-,0.45,0.01,2.205,1.0,0.5,2.0,0.43718092472170567,0.5628190752782943,0.37853303687327206,0.6152503855124937,0.09915214442442191,0.07398518209495594,0.28140953763914717,0.28140953763914717,3.151920698384925e-17,True,True,True,saddle,-0.9474056643843597,0.0,0.09915214442470684,0.0,1.0465578087720884,0.0,solution
eta,2.205,False,nonlinear,True,1,1.0,upper,0.45,0.01,2.205,1.0,0.5,2.0,0.6603447497132439,0.33965525028675614,0.2507912496887346,0.5007906246014742,0.12729990195458077,0.09734431697475585,0.4485791224787944,0.4485791224787944,1.1833454340605367e-16,True,True,True,saddle,-1.6730730813938006,0.0,0.12729990195474078,0.0,1.8003729832938422,0.0,solution
eta,2.2125,False,linear,True,1,1.0,-,0.45,0.01,2.2125,1.0,0.5,2.0,0.4376467676761794,0.5623532323238206,0.37877424403314963,0.6154463778698755,0.09935460794338946,0.07369452201516656,0.2811766161619103,0.2811766161619103,4.2052388686059054e-17,True,True,True,saddle,-0.947201663801747,0.0,0.09935460794503789,0.0,1.0465562717090715,0.0,solution
eta,2.2125,False,nonlinear,True,1,1.0,upper,0.45,0.01,2.2125,1.0,0.5,2.0,0.6605924737650151,0.33940752623498494,0.25088003060036446,0.5008792575066016,0.12760802491433246,0.09699630920769685,0.448420114740066,0.4484201147400659,1.1102230246251565e-16,True,True,True,saddle,-1.6736735264040736,0.0,0.12760802491398582,0.0,1.8012815512872047,0.0,solution
eta,2.2199999999999998,False,linear,True,1,1.0,-,0.45,0.01,2.2199999999999998,1.0,0.5,2.0,0.4381082289625067,0.5618917710374933,0.3790134098050963,0.6156406498965905,0.09955553297602335,0.07340617457051095,0.28094588551874666,0.28094588551874666,5.25986767759135e-17,True,True,True,saddle,-0.9470002785801419,0.0,0.09955553297434343,0.0,1.0465558115809437,0.0,solution
eta,2.2199999999999998,False,nonlinear,True,1,1.0,upper,0.45,0.01,2.2199999999999998,1.0,0.5,2.0,0.6608380099155584,0.3391619900844416,0.2509682092793297,0.5009672736609945,0.12791394899104236,0.09665077786151013,0.4482622691328055,0.4482622691328055,1.114522737563427e-16,True,True,True,saddle,-1.6742691287966012,0.0,0.12791394899103314,0.0,1.8021830777361505,0.0,solution
eta,2.2275,False,linear,True,1,1.0,-,0.45,0.01,2.2275,1.0,0.5,2.0,0.43856537080718194,0.5614346291928181,0.3792505603207214,0.6158332244372021,0.09975493721728418,0.07312011178597488,0.28071731459640903,0.28071731459640903,1.0526317604251418e-16,True,True,True,saddle,-0.9468014608170975,0.0,0.09975493721823084,0.0,1.046556398063803,0.0,solution
eta,2.2275,False,nonlinear,True,1,1.0,upper,0.45,0.01,2.2275,1.0,0.5,2.0,0.6610813871130368,0.33891861288696323,0.25105579155550856,0.5010546792072783,0.1282176976758158,0.09630769668090898,0.44810557345148,0.44810557345148,3.066007122754615e-16,True,True,True,saddle,-1.6748599467989844,0.0,0.1282176976753797,0.0,1.8030776444299128,0.0,solution
eta,2.235,False,linear,True,1,1.0,-,0.45,0.01,2.235,1.0,0.5,2.0,0.43901825425205154,0.5609817457479485,0.37948572126195146,0.6160241239285613,0.09995283808800987,0.07283630614413755,0.28049087287397423,0.28049087287397423,6.319706778922543e-17,True,True,True,saddle,-0.9466051636693892,0.0,0.09995283808764449,0.0,1.0465580017743086,0.0,solution
eta,2.235,False,nonlinear,True,1,1.0,upper,0.45,0.01,2.235,1.0,0.5,2.0,0.66132263379608,0.33867736620391997,0.2511427831898271,0.501141480212751,0.12851929412606874,0.09596703977819332,0.4479500156501917,0.4479500156501917,6.970612509144743e-18,True,True,True,saddle,-1.6754460377946911,0.0,0.12851929412577015,0.0,1.80396533188887,0.0,solution
eta,2.2424999999999997,False,linear,True,1,1.0,-,0.45,0.01,2.2424999999999997,1.0,0.5,2.0,0.4394669391826267,0.5605330608173733,0.3797189178707802,0.6162133704089682,0.10014925274028345,0.07255473057568086,0.28026653040868665,0.28026653040868665,6.850556139470697e-17,True,True,True,saddle,-0.9464113414470323,0.0,0.10014925273975113,0.0,1.0465605942115759,0.0,solution
eta,2.2424999999999997,False,nonlinear,True,1,1.0,upper,0.45,0.01,2.2424999999999997,1.0,0.5,2.0,0.6615617779049618,0.33843822209503815,0.25122918987510545,0.5012276826703663,0.12881876117142987,0.09562878162690532,0.4477955838403755,0.44779558384037554,2.510283879515406e-16,True,True,True,saddle,-1.6760274581908863,0.0,0.1288187611712428,0.0,1.804846219339565,0.0,solution
eta,2.25,False,linear,True,1,1.0,-,0.45,0.01,2.25,1.0,0.5,2.0,0.4399114843555815,0.5600885156444185,0.37995017495876315,0.6164009855270862,0.10034419806267289,0.07227535845013831,0.28004425782220926,0.28004425782220926,7.38201506786757e-17,True,True,True,saddle,-0.9462199495098541,0.0,0.10034419806441823,0.0,1.0465641475246148,0.0,solution
eta,2.25,False,nonlinear,True,1,1.0,upper,0.45,0.01,2.25,1.0,0.5,2.0,0.6617988468924795,0.3382011531075205,0.25131501723689603,0.5013132924997062,0.1291161213195179,0.0952928970556143,0.4476422662885279,0.447642266288528,1.1102230246251565e-16,True,True,True,saddle,-1.6766042635813074,0.0,0.1291161213197017,0.0,1.8057203848530199,0.0,solution
